[2025-11-28 13:31:51,668 INFO main.setup_logging] Logging to console and file: experiments/t7_005_beta_cane_ec/training_ec_T7_noica_20251128_133151.log
[2025-11-28 13:31:51,668 INFO main.train] Starting EEG Classification Training
[2025-11-28 13:31:51,668 INFO main.train] Hyperparameters:
[2025-11-28 13:31:51,668 INFO main.train]   Dataset: cane
[2025-11-28 13:31:51,668 INFO main.train]   Condition: ec
[2025-11-28 13:31:51,668 INFO main.train]   Channel: T7
[2025-11-28 13:31:51,668 INFO main.train]   N-Fold CV: 6
[2025-11-28 13:31:51,669 INFO main.train]   Batch Size: 32
[2025-11-28 13:31:51,669 INFO main.train]   Learning Rate: 0.0001
[2025-11-28 13:31:51,669 INFO main.train]   Dropout: 0.5
[2025-11-28 13:31:51,669 INFO main.train]   Weight decay (L2 penalty): 0.0001
[2025-11-28 13:31:51,669 INFO main.train]   Max Epochs: 100
[2025-11-28 13:31:51,669 INFO main.train]   Validation Every: 1 epochs
[2025-11-28 13:31:51,669 INFO main.train]   Save Checkpoint Every: 10 epochs
[2025-11-28 13:31:51,669 INFO main.train]   Early Stopping Patience: 20 epochs
[2025-11-28 13:31:51,669 INFO main.train]   Skip ICA: True
[2025-11-28 13:31:51,669 INFO main.train]   Device: cpu
[2025-11-28 13:31:51,669 INFO main.train]   Checkpoint Directory: experiments/t7_005_beta_cane_ec
[2025-11-28 13:31:51,669 INFO main.train]   Log File: experiments/t7_005_beta_cane_ec/training_ec_T7_noica_20251128_133151.log
[2025-11-28 13:31:51,669 INFO main.train_cross_validation] ================================================================================
[2025-11-28 13:31:51,669 INFO main.train_cross_validation] Starting 6-Fold Cross-Validation Training
[2025-11-28 13:31:51,669 INFO main.train_cross_validation] Dataset: cane, Condition(s): ['EC']
[2025-11-28 13:31:51,669 INFO main.train_cross_validation] Batch Size: 32, LR: 0.0001
[2025-11-28 13:31:51,669 INFO main.train_cross_validation] Device: cpu
[2025-11-28 13:31:51,669 INFO main.train_cross_validation] Skip ICA: True
[2025-11-28 13:31:51,669 INFO main.train_cross_validation] ================================================================================
[2025-11-28 13:31:51,671 INFO dataset._discover_files] Discovered 37 CANE files
[2025-11-28 13:31:51,671 INFO dataset.__init__] Building chunk index for FlattenedSpectrogramDataset...
[2025-11-28 13:31:51,967 INFO dataset.verify_sampling_rate] Detected sampling rate: 498.97 Hz
[2025-11-28 13:31:52,049 INFO dataset.load_and_preprocess_cane_raw_file] Applied Common Average Reference
[2025-11-28 13:31:52,050 INFO dataset.load_and_preprocess_cane_raw_file] Picking T7 channel
[2025-11-28 13:31:52,075 INFO dataset.load_and_preprocess_cane_raw_file] Found 9 artifacts (0.01%)
[2025-11-28 13:31:52,085 INFO dataset.load_and_preprocess_cane_raw_file] Using sampling rate: 500 Hz
[2025-11-28 13:31:52,085 INFO dataset.load_and_preprocess_cane_raw_file] Chunk size: 5000 samples (10s)
[2025-11-28 13:31:52,122 INFO dataset.load_and_preprocess_cane_raw_file] Created 32 chunks of shape torch.Size([32, 1, 5000])
[2025-11-28 13:31:52,140 INFO dataset.convert_to_spectrograms] Created 32 spectrograms
[2025-11-28 13:31:52,417 INFO dataset.verify_sampling_rate] Detected sampling rate: 499.07 Hz
[2025-11-28 13:31:52,482 INFO dataset.load_and_preprocess_cane_raw_file] Applied Common Average Reference
[2025-11-28 13:31:52,483 INFO dataset.load_and_preprocess_cane_raw_file] Picking T7 channel
[2025-11-28 13:31:52,501 INFO dataset.load_and_preprocess_cane_raw_file] Using sampling rate: 500 Hz
[2025-11-28 13:31:52,501 INFO dataset.load_and_preprocess_cane_raw_file] Chunk size: 5000 samples (10s)
[2025-11-28 13:31:52,525 INFO dataset.load_and_preprocess_cane_raw_file] Created 31 chunks of shape torch.Size([31, 1, 5000])
[2025-11-28 13:31:52,543 INFO dataset.convert_to_spectrograms] Created 31 spectrograms
[2025-11-28 13:31:52,854 INFO dataset.verify_sampling_rate] Detected sampling rate: 498.67 Hz
[2025-11-28 13:31:52,902 INFO dataset.load_and_preprocess_cane_raw_file] Applied Common Average Reference
[2025-11-28 13:31:52,903 INFO dataset.load_and_preprocess_cane_raw_file] Picking T7 channel
[2025-11-28 13:31:52,916 INFO dataset.load_and_preprocess_cane_raw_file] Found 469 artifacts (0.30%)
[2025-11-28 13:31:53,091 INFO dataset.load_and_preprocess_cane_raw_file] Using sampling rate: 500 Hz
[2025-11-28 13:31:53,092 INFO dataset.load_and_preprocess_cane_raw_file] Chunk size: 5000 samples (10s)
[2025-11-28 13:31:53,115 INFO dataset.load_and_preprocess_cane_raw_file] Created 31 chunks of shape torch.Size([31, 1, 5000])
[2025-11-28 13:31:53,134 INFO dataset.convert_to_spectrograms] Created 31 spectrograms
[2025-11-28 13:31:53,441 INFO dataset.verify_sampling_rate] Detected sampling rate: 499.65 Hz
[2025-11-28 13:31:53,492 INFO dataset.load_and_preprocess_cane_raw_file] Applied Common Average Reference
[2025-11-28 13:31:53,492 INFO dataset.load_and_preprocess_cane_raw_file] Picking T7 channel
[2025-11-28 13:31:53,512 INFO dataset.load_and_preprocess_cane_raw_file] Using sampling rate: 500 Hz
[2025-11-28 13:31:53,512 INFO dataset.load_and_preprocess_cane_raw_file] Chunk size: 5000 samples (10s)
[2025-11-28 13:31:53,535 INFO dataset.load_and_preprocess_cane_raw_file] Created 30 chunks of shape torch.Size([30, 1, 5000])
[2025-11-28 13:31:53,551 INFO dataset.convert_to_spectrograms] Created 30 spectrograms
[2025-11-28 13:31:53,766 INFO dataset.verify_sampling_rate] Detected sampling rate: 499.17 Hz
[2025-11-28 13:31:53,806 INFO dataset.load_and_preprocess_cane_raw_file] Applied Common Average Reference
[2025-11-28 13:31:53,807 INFO dataset.load_and_preprocess_cane_raw_file] Picking T7 channel
[2025-11-28 13:31:53,814 INFO dataset.load_and_preprocess_cane_raw_file] Found 3402 artifacts (2.65%)
[2025-11-28 13:31:54,964 INFO dataset.load_and_preprocess_cane_raw_file] Using sampling rate: 500 Hz
[2025-11-28 13:31:54,964 INFO dataset.load_and_preprocess_cane_raw_file] Chunk size: 5000 samples (10s)
[2025-11-28 13:31:54,982 INFO dataset.load_and_preprocess_cane_raw_file] Created 25 chunks of shape torch.Size([25, 1, 5000])
[2025-11-28 13:31:54,992 INFO dataset.convert_to_spectrograms] Created 25 spectrograms
[2025-11-28 13:31:55,205 INFO dataset.verify_sampling_rate] Detected sampling rate: 499.41 Hz
[2025-11-28 13:31:55,242 INFO dataset.load_and_preprocess_cane_raw_file] Applied Common Average Reference
[2025-11-28 13:31:55,243 INFO dataset.load_and_preprocess_cane_raw_file] Picking T7 channel
[2025-11-28 13:31:55,250 INFO dataset.load_and_preprocess_cane_raw_file] Found 6 artifacts (0.00%)
[2025-11-28 13:31:55,258 INFO dataset.load_and_preprocess_cane_raw_file] Using sampling rate: 500 Hz
[2025-11-28 13:31:55,259 INFO dataset.load_and_preprocess_cane_raw_file] Chunk size: 5000 samples (10s)
[2025-11-28 13:31:55,277 INFO dataset.load_and_preprocess_cane_raw_file] Created 25 chunks of shape torch.Size([25, 1, 5000])
[2025-11-28 13:31:55,288 INFO dataset.convert_to_spectrograms] Created 25 spectrograms
[2025-11-28 13:31:55,510 INFO dataset.verify_sampling_rate] Detected sampling rate: 498.44 Hz
[2025-11-28 13:31:55,552 INFO dataset.load_and_preprocess_cane_raw_file] Applied Common Average Reference
[2025-11-28 13:31:55,552 INFO dataset.load_and_preprocess_cane_raw_file] Picking T7 channel
[2025-11-28 13:31:55,563 INFO dataset.load_and_preprocess_cane_raw_file] Found 345 artifacts (0.25%)
[2025-11-28 13:31:55,687 INFO dataset.load_and_preprocess_cane_raw_file] Using sampling rate: 500 Hz
[2025-11-28 13:31:55,687 INFO dataset.load_and_preprocess_cane_raw_file] Chunk size: 5000 samples (10s)
[2025-11-28 13:31:55,709 INFO dataset.load_and_preprocess_cane_raw_file] Created 27 chunks of shape torch.Size([27, 1, 5000])
[2025-11-28 13:31:55,723 INFO dataset.convert_to_spectrograms] Created 27 spectrograms
[2025-11-28 13:31:55,937 INFO dataset.verify_sampling_rate] Detected sampling rate: 499.12 Hz
[2025-11-28 13:31:55,980 INFO dataset.load_and_preprocess_cane_raw_file] Applied Common Average Reference
[2025-11-28 13:31:55,980 INFO dataset.load_and_preprocess_cane_raw_file] Picking T7 channel
[2025-11-28 13:31:55,994 INFO dataset.load_and_preprocess_cane_raw_file] Using sampling rate: 500 Hz
[2025-11-28 13:31:55,994 INFO dataset.load_and_preprocess_cane_raw_file] Chunk size: 5000 samples (10s)
[2025-11-28 13:31:56,013 INFO dataset.load_and_preprocess_cane_raw_file] Created 25 chunks of shape torch.Size([25, 1, 5000])
[2025-11-28 13:31:56,026 INFO dataset.convert_to_spectrograms] Created 25 spectrograms
[2025-11-28 13:31:56,298 INFO dataset.verify_sampling_rate] Detected sampling rate: 499.10 Hz
[2025-11-28 13:31:56,338 INFO dataset.load_and_preprocess_cane_raw_file] Applied Common Average Reference
[2025-11-28 13:31:56,339 INFO dataset.load_and_preprocess_cane_raw_file] Picking T7 channel
[2025-11-28 13:31:56,346 INFO dataset.load_and_preprocess_cane_raw_file] Found 59 artifacts (0.05%)
[2025-11-28 13:31:56,375 INFO dataset.load_and_preprocess_cane_raw_file] Using sampling rate: 500 Hz
[2025-11-28 13:31:56,375 INFO dataset.load_and_preprocess_cane_raw_file] Chunk size: 5000 samples (10s)
[2025-11-28 13:31:56,394 INFO dataset.load_and_preprocess_cane_raw_file] Created 25 chunks of shape torch.Size([25, 1, 5000])
[2025-11-28 13:31:56,408 INFO dataset.convert_to_spectrograms] Created 25 spectrograms
[2025-11-28 13:31:56,747 INFO dataset.verify_sampling_rate] Detected sampling rate: 499.21 Hz
[2025-11-28 13:31:56,804 INFO dataset.load_and_preprocess_cane_raw_file] Applied Common Average Reference
[2025-11-28 13:31:56,804 INFO dataset.load_and_preprocess_cane_raw_file] Picking T7 channel
[2025-11-28 13:31:56,818 INFO dataset.load_and_preprocess_cane_raw_file] Found 1609 artifacts (1.05%)
[2025-11-28 13:31:57,492 INFO dataset.load_and_preprocess_cane_raw_file] Using sampling rate: 500 Hz
[2025-11-28 13:31:57,492 INFO dataset.load_and_preprocess_cane_raw_file] Chunk size: 5000 samples (10s)
[2025-11-28 13:31:57,530 INFO dataset.load_and_preprocess_cane_raw_file] Created 30 chunks of shape torch.Size([30, 1, 5000])
[2025-11-28 13:31:57,562 INFO dataset.convert_to_spectrograms] Created 30 spectrograms
[2025-11-28 13:31:57,983 INFO dataset.verify_sampling_rate] Detected sampling rate: 495.81 Hz
[2025-11-28 13:31:58,105 INFO dataset.load_and_preprocess_cane_raw_file] Applied Common Average Reference
[2025-11-28 13:31:58,106 INFO dataset.load_and_preprocess_cane_raw_file] Picking T7 channel
[2025-11-28 13:31:58,152 INFO dataset.load_and_preprocess_cane_raw_file] Using sampling rate: 500 Hz
[2025-11-28 13:31:58,152 INFO dataset.load_and_preprocess_cane_raw_file] Chunk size: 5000 samples (10s)
[2025-11-28 13:31:58,261 INFO dataset.load_and_preprocess_cane_raw_file] Created 30 chunks of shape torch.Size([30, 1, 5000])
[2025-11-28 13:31:58,326 INFO dataset.convert_to_spectrograms] Created 30 spectrograms
[2025-11-28 13:31:59,689 INFO dataset.verify_sampling_rate] Detected sampling rate: 498.50 Hz
[2025-11-28 13:31:59,975 INFO dataset.load_and_preprocess_cane_raw_file] Applied Common Average Reference
[2025-11-28 13:31:59,976 INFO dataset.load_and_preprocess_cane_raw_file] Picking T7 channel
[2025-11-28 13:32:00,004 INFO dataset.load_and_preprocess_cane_raw_file] Found 2156 artifacts (1.15%)
[2025-11-28 13:32:01,396 INFO dataset.load_and_preprocess_cane_raw_file] Using sampling rate: 500 Hz
[2025-11-28 13:32:01,396 INFO dataset.load_and_preprocess_cane_raw_file] Chunk size: 5000 samples (10s)
[2025-11-28 13:32:01,430 INFO dataset.load_and_preprocess_cane_raw_file] Created 37 chunks of shape torch.Size([37, 1, 5000])
[2025-11-28 13:32:01,460 INFO dataset.convert_to_spectrograms] Created 37 spectrograms
[2025-11-28 13:32:01,775 INFO dataset.verify_sampling_rate] Detected sampling rate: 499.26 Hz
[2025-11-28 13:32:01,830 INFO dataset.load_and_preprocess_cane_raw_file] Applied Common Average Reference
[2025-11-28 13:32:01,830 INFO dataset.load_and_preprocess_cane_raw_file] Picking T7 channel
[2025-11-28 13:32:01,842 INFO dataset.load_and_preprocess_cane_raw_file] Found 915 artifacts (0.60%)
[2025-11-28 13:32:02,206 INFO dataset.load_and_preprocess_cane_raw_file] Using sampling rate: 500 Hz
[2025-11-28 13:32:02,206 INFO dataset.load_and_preprocess_cane_raw_file] Chunk size: 5000 samples (10s)
[2025-11-28 13:32:02,232 INFO dataset.load_and_preprocess_cane_raw_file] Created 30 chunks of shape torch.Size([30, 1, 5000])
[2025-11-28 13:32:02,250 INFO dataset.convert_to_spectrograms] Created 30 spectrograms
[2025-11-28 13:32:02,550 INFO dataset.verify_sampling_rate] Detected sampling rate: 499.51 Hz
[2025-11-28 13:32:02,597 INFO dataset.load_and_preprocess_cane_raw_file] Applied Common Average Reference
[2025-11-28 13:32:02,598 INFO dataset.load_and_preprocess_cane_raw_file] Picking T7 channel
[2025-11-28 13:32:02,618 INFO dataset.load_and_preprocess_cane_raw_file] Using sampling rate: 500 Hz
[2025-11-28 13:32:02,618 INFO dataset.load_and_preprocess_cane_raw_file] Chunk size: 5000 samples (10s)
[2025-11-28 13:32:02,642 INFO dataset.load_and_preprocess_cane_raw_file] Created 30 chunks of shape torch.Size([30, 1, 5000])
[2025-11-28 13:32:02,659 INFO dataset.convert_to_spectrograms] Created 30 spectrograms
[2025-11-28 13:32:02,958 INFO dataset.verify_sampling_rate] Detected sampling rate: 499.61 Hz
[2025-11-28 13:32:03,022 INFO dataset.load_and_preprocess_cane_raw_file] Applied Common Average Reference
[2025-11-28 13:32:03,022 INFO dataset.load_and_preprocess_cane_raw_file] Picking T7 channel
[2025-11-28 13:32:03,034 INFO dataset.load_and_preprocess_cane_raw_file] Found 2323 artifacts (1.48%)
[2025-11-28 13:32:03,935 INFO dataset.load_and_preprocess_cane_raw_file] Using sampling rate: 500 Hz
[2025-11-28 13:32:03,935 INFO dataset.load_and_preprocess_cane_raw_file] Chunk size: 5000 samples (10s)
[2025-11-28 13:32:03,968 INFO dataset.load_and_preprocess_cane_raw_file] Created 31 chunks of shape torch.Size([31, 1, 5000])
[2025-11-28 13:32:03,988 INFO dataset.convert_to_spectrograms] Created 31 spectrograms
[2025-11-28 13:32:04,297 INFO dataset.verify_sampling_rate] Detected sampling rate: 499.42 Hz
[2025-11-28 13:32:04,367 INFO dataset.load_and_preprocess_cane_raw_file] Applied Common Average Reference
[2025-11-28 13:32:04,367 INFO dataset.load_and_preprocess_cane_raw_file] Picking T7 channel
[2025-11-28 13:32:04,390 INFO dataset.load_and_preprocess_cane_raw_file] Using sampling rate: 500 Hz
[2025-11-28 13:32:04,390 INFO dataset.load_and_preprocess_cane_raw_file] Chunk size: 5000 samples (10s)
[2025-11-28 13:32:04,417 INFO dataset.load_and_preprocess_cane_raw_file] Created 30 chunks of shape torch.Size([30, 1, 5000])
[2025-11-28 13:32:04,433 INFO dataset.convert_to_spectrograms] Created 30 spectrograms
[2025-11-28 13:32:04,703 INFO dataset.verify_sampling_rate] Detected sampling rate: 499.74 Hz
[2025-11-28 13:32:04,760 INFO dataset.load_and_preprocess_cane_raw_file] Applied Common Average Reference
[2025-11-28 13:32:04,760 INFO dataset.load_and_preprocess_cane_raw_file] Picking T7 channel
[2025-11-28 13:32:04,771 INFO dataset.load_and_preprocess_cane_raw_file] Found 103 artifacts (0.07%)
[2025-11-28 13:32:04,820 INFO dataset.load_and_preprocess_cane_raw_file] Using sampling rate: 500 Hz
[2025-11-28 13:32:04,820 INFO dataset.load_and_preprocess_cane_raw_file] Chunk size: 5000 samples (10s)
[2025-11-28 13:32:04,845 INFO dataset.load_and_preprocess_cane_raw_file] Created 30 chunks of shape torch.Size([30, 1, 5000])
[2025-11-28 13:32:04,865 INFO dataset.convert_to_spectrograms] Created 30 spectrograms
[2025-11-28 13:32:05,141 INFO dataset.verify_sampling_rate] Detected sampling rate: 499.45 Hz
[2025-11-28 13:32:05,200 INFO dataset.load_and_preprocess_cane_raw_file] Applied Common Average Reference
[2025-11-28 13:32:05,200 INFO dataset.load_and_preprocess_cane_raw_file] Picking T7 channel
[2025-11-28 13:32:05,227 INFO dataset.load_and_preprocess_cane_raw_file] Using sampling rate: 500 Hz
[2025-11-28 13:32:05,227 INFO dataset.load_and_preprocess_cane_raw_file] Chunk size: 5000 samples (10s)
[2025-11-28 13:32:05,255 INFO dataset.load_and_preprocess_cane_raw_file] Created 30 chunks of shape torch.Size([30, 1, 5000])
[2025-11-28 13:32:05,277 INFO dataset.convert_to_spectrograms] Created 30 spectrograms
[2025-11-28 13:32:05,560 INFO dataset.verify_sampling_rate] Detected sampling rate: 499.60 Hz
[2025-11-28 13:32:05,610 INFO dataset.load_and_preprocess_cane_raw_file] Applied Common Average Reference
[2025-11-28 13:32:05,611 INFO dataset.load_and_preprocess_cane_raw_file] Picking T7 channel
[2025-11-28 13:32:05,633 INFO dataset.load_and_preprocess_cane_raw_file] Using sampling rate: 500 Hz
[2025-11-28 13:32:05,633 INFO dataset.load_and_preprocess_cane_raw_file] Chunk size: 5000 samples (10s)
[2025-11-28 13:32:05,660 INFO dataset.load_and_preprocess_cane_raw_file] Created 30 chunks of shape torch.Size([30, 1, 5000])
[2025-11-28 13:32:05,681 INFO dataset.convert_to_spectrograms] Created 30 spectrograms
[2025-11-28 13:32:05,968 INFO dataset.verify_sampling_rate] Detected sampling rate: 499.28 Hz
[2025-11-28 13:32:06,022 INFO dataset.load_and_preprocess_cane_raw_file] Applied Common Average Reference
[2025-11-28 13:32:06,022 INFO dataset.load_and_preprocess_cane_raw_file] Picking T7 channel
[2025-11-28 13:32:06,033 INFO dataset.load_and_preprocess_cane_raw_file] Found 531 artifacts (0.35%)
[2025-11-28 13:32:06,249 INFO dataset.load_and_preprocess_cane_raw_file] Using sampling rate: 500 Hz
[2025-11-28 13:32:06,249 INFO dataset.load_and_preprocess_cane_raw_file] Chunk size: 5000 samples (10s)
[2025-11-28 13:32:06,271 INFO dataset.load_and_preprocess_cane_raw_file] Created 30 chunks of shape torch.Size([30, 1, 5000])
[2025-11-28 13:32:06,290 INFO dataset.convert_to_spectrograms] Created 30 spectrograms
[2025-11-28 13:32:06,635 INFO dataset.verify_sampling_rate] Detected sampling rate: 497.83 Hz
[2025-11-28 13:32:06,718 INFO dataset.load_and_preprocess_cane_raw_file] Applied Common Average Reference
[2025-11-28 13:32:06,719 INFO dataset.load_and_preprocess_cane_raw_file] Picking T7 channel
[2025-11-28 13:32:06,737 INFO dataset.load_and_preprocess_cane_raw_file] Found 11 artifacts (0.01%)
[2025-11-28 13:32:06,752 INFO dataset.load_and_preprocess_cane_raw_file] Using sampling rate: 500 Hz
[2025-11-28 13:32:06,752 INFO dataset.load_and_preprocess_cane_raw_file] Chunk size: 5000 samples (10s)
[2025-11-28 13:32:06,780 INFO dataset.load_and_preprocess_cane_raw_file] Created 31 chunks of shape torch.Size([31, 1, 5000])
[2025-11-28 13:32:06,808 INFO dataset.convert_to_spectrograms] Created 31 spectrograms
[2025-11-28 13:32:07,100 INFO dataset.verify_sampling_rate] Detected sampling rate: 499.53 Hz
[2025-11-28 13:32:07,152 INFO dataset.load_and_preprocess_cane_raw_file] Applied Common Average Reference
[2025-11-28 13:32:07,153 INFO dataset.load_and_preprocess_cane_raw_file] Picking T7 channel
[2025-11-28 13:32:07,164 INFO dataset.load_and_preprocess_cane_raw_file] Found 195 artifacts (0.13%)
[2025-11-28 13:32:07,289 INFO dataset.load_and_preprocess_cane_raw_file] Using sampling rate: 500 Hz
[2025-11-28 13:32:07,289 INFO dataset.load_and_preprocess_cane_raw_file] Chunk size: 5000 samples (10s)
[2025-11-28 13:32:07,316 INFO dataset.load_and_preprocess_cane_raw_file] Created 30 chunks of shape torch.Size([30, 1, 5000])
[2025-11-28 13:32:07,337 INFO dataset.convert_to_spectrograms] Created 30 spectrograms
[2025-11-28 13:32:07,660 INFO dataset.verify_sampling_rate] Detected sampling rate: 499.58 Hz
[2025-11-28 13:32:07,741 INFO dataset.load_and_preprocess_cane_raw_file] Applied Common Average Reference
[2025-11-28 13:32:07,741 INFO dataset.load_and_preprocess_cane_raw_file] Picking T7 channel
[2025-11-28 13:32:07,754 INFO dataset.load_and_preprocess_cane_raw_file] Found 666 artifacts (0.43%)
[2025-11-28 13:32:08,004 INFO dataset.load_and_preprocess_cane_raw_file] Using sampling rate: 500 Hz
[2025-11-28 13:32:08,005 INFO dataset.load_and_preprocess_cane_raw_file] Chunk size: 5000 samples (10s)
[2025-11-28 13:32:08,029 INFO dataset.load_and_preprocess_cane_raw_file] Created 30 chunks of shape torch.Size([30, 1, 5000])
[2025-11-28 13:32:08,044 INFO dataset.convert_to_spectrograms] Created 30 spectrograms
[2025-11-28 13:32:08,329 INFO dataset.verify_sampling_rate] Detected sampling rate: 498.58 Hz
[2025-11-28 13:32:08,382 INFO dataset.load_and_preprocess_cane_raw_file] Applied Common Average Reference
[2025-11-28 13:32:08,382 INFO dataset.load_and_preprocess_cane_raw_file] Picking T7 channel
[2025-11-28 13:32:08,395 INFO dataset.load_and_preprocess_cane_raw_file] Found 53 artifacts (0.03%)
[2025-11-28 13:32:08,425 INFO dataset.load_and_preprocess_cane_raw_file] Using sampling rate: 500 Hz
[2025-11-28 13:32:08,425 INFO dataset.load_and_preprocess_cane_raw_file] Chunk size: 5000 samples (10s)
[2025-11-28 13:32:08,454 INFO dataset.load_and_preprocess_cane_raw_file] Created 33 chunks of shape torch.Size([33, 1, 5000])
[2025-11-28 13:32:08,479 INFO dataset.convert_to_spectrograms] Created 33 spectrograms
[2025-11-28 13:32:08,783 INFO dataset.verify_sampling_rate] Detected sampling rate: 499.56 Hz
[2025-11-28 13:32:08,846 INFO dataset.load_and_preprocess_cane_raw_file] Applied Common Average Reference
[2025-11-28 13:32:08,847 INFO dataset.load_and_preprocess_cane_raw_file] Picking T7 channel
[2025-11-28 13:32:08,861 INFO dataset.load_and_preprocess_cane_raw_file] Found 768 artifacts (0.50%)
[2025-11-28 13:32:09,178 INFO dataset.load_and_preprocess_cane_raw_file] Using sampling rate: 500 Hz
[2025-11-28 13:32:09,178 INFO dataset.load_and_preprocess_cane_raw_file] Chunk size: 5000 samples (10s)
[2025-11-28 13:32:09,207 INFO dataset.load_and_preprocess_cane_raw_file] Created 30 chunks of shape torch.Size([30, 1, 5000])
[2025-11-28 13:32:09,229 INFO dataset.convert_to_spectrograms] Created 30 spectrograms
[2025-11-28 13:32:09,492 INFO dataset.verify_sampling_rate] Detected sampling rate: 498.57 Hz
[2025-11-28 13:32:09,535 INFO dataset.load_and_preprocess_cane_raw_file] Applied Common Average Reference
[2025-11-28 13:32:09,535 INFO dataset.load_and_preprocess_cane_raw_file] Picking T7 channel
[2025-11-28 13:32:09,551 INFO dataset.load_and_preprocess_cane_raw_file] Using sampling rate: 500 Hz
[2025-11-28 13:32:09,551 INFO dataset.load_and_preprocess_cane_raw_file] Chunk size: 5000 samples (10s)
[2025-11-28 13:32:09,572 INFO dataset.load_and_preprocess_cane_raw_file] Created 26 chunks of shape torch.Size([26, 1, 5000])
[2025-11-28 13:32:09,588 INFO dataset.convert_to_spectrograms] Created 26 spectrograms
[2025-11-28 13:32:09,905 INFO dataset.verify_sampling_rate] Detected sampling rate: 499.57 Hz
[2025-11-28 13:32:09,961 INFO dataset.load_and_preprocess_cane_raw_file] Applied Common Average Reference
[2025-11-28 13:32:09,962 INFO dataset.load_and_preprocess_cane_raw_file] Picking T7 channel
[2025-11-28 13:32:09,987 INFO dataset.load_and_preprocess_cane_raw_file] Using sampling rate: 500 Hz
[2025-11-28 13:32:09,987 INFO dataset.load_and_preprocess_cane_raw_file] Chunk size: 5000 samples (10s)
[2025-11-28 13:32:10,013 INFO dataset.load_and_preprocess_cane_raw_file] Created 31 chunks of shape torch.Size([31, 1, 5000])
[2025-11-28 13:32:10,032 INFO dataset.convert_to_spectrograms] Created 31 spectrograms
[2025-11-28 13:32:10,346 INFO dataset.verify_sampling_rate] Detected sampling rate: 499.57 Hz
[2025-11-28 13:32:10,401 INFO dataset.load_and_preprocess_cane_raw_file] Applied Common Average Reference
[2025-11-28 13:32:10,402 INFO dataset.load_and_preprocess_cane_raw_file] Picking T7 channel
[2025-11-28 13:32:10,422 INFO dataset.load_and_preprocess_cane_raw_file] Using sampling rate: 500 Hz
[2025-11-28 13:32:10,422 INFO dataset.load_and_preprocess_cane_raw_file] Chunk size: 5000 samples (10s)
[2025-11-28 13:32:10,447 INFO dataset.load_and_preprocess_cane_raw_file] Created 30 chunks of shape torch.Size([30, 1, 5000])
[2025-11-28 13:32:10,467 INFO dataset.convert_to_spectrograms] Created 30 spectrograms
[2025-11-28 13:32:10,778 INFO dataset.verify_sampling_rate] Detected sampling rate: 498.36 Hz
[2025-11-28 13:32:10,843 INFO dataset.load_and_preprocess_cane_raw_file] Applied Common Average Reference
[2025-11-28 13:32:10,844 INFO dataset.load_and_preprocess_cane_raw_file] Picking T7 channel
[2025-11-28 13:32:10,854 INFO dataset.load_and_preprocess_cane_raw_file] Found 512 artifacts (0.40%)
[2025-11-28 13:32:11,108 INFO dataset.load_and_preprocess_cane_raw_file] Using sampling rate: 500 Hz
[2025-11-28 13:32:11,109 INFO dataset.load_and_preprocess_cane_raw_file] Chunk size: 5000 samples (10s)
[2025-11-28 13:32:11,150 INFO dataset.load_and_preprocess_cane_raw_file] Created 25 chunks of shape torch.Size([25, 1, 5000])
[2025-11-28 13:32:11,179 INFO dataset.convert_to_spectrograms] Created 25 spectrograms
[2025-11-28 13:32:11,851 INFO dataset.verify_sampling_rate] Detected sampling rate: 496.97 Hz
[2025-11-28 13:32:12,035 INFO dataset.load_and_preprocess_cane_raw_file] Applied Common Average Reference
[2025-11-28 13:32:12,036 INFO dataset.load_and_preprocess_cane_raw_file] Picking T7 channel
[2025-11-28 13:32:12,061 INFO dataset.load_and_preprocess_cane_raw_file] Found 757 artifacts (0.40%)
[2025-11-28 13:32:12,538 INFO dataset.load_and_preprocess_cane_raw_file] Using sampling rate: 500 Hz
[2025-11-28 13:32:12,538 INFO dataset.load_and_preprocess_cane_raw_file] Chunk size: 5000 samples (10s)
[2025-11-28 13:32:12,587 INFO dataset.load_and_preprocess_cane_raw_file] Created 37 chunks of shape torch.Size([37, 1, 5000])
[2025-11-28 13:32:12,620 INFO dataset.convert_to_spectrograms] Created 37 spectrograms
[2025-11-28 13:32:13,323 INFO dataset.verify_sampling_rate] Detected sampling rate: 499.05 Hz
[2025-11-28 13:32:13,449 INFO dataset.load_and_preprocess_cane_raw_file] Applied Common Average Reference
[2025-11-28 13:32:13,449 INFO dataset.load_and_preprocess_cane_raw_file] Picking T7 channel
[2025-11-28 13:32:13,467 INFO dataset.load_and_preprocess_cane_raw_file] Found 426 artifacts (0.19%)
[2025-11-28 13:32:13,699 INFO dataset.load_and_preprocess_cane_raw_file] Using sampling rate: 500 Hz
[2025-11-28 13:32:13,699 INFO dataset.load_and_preprocess_cane_raw_file] Chunk size: 5000 samples (10s)
[2025-11-28 13:32:13,749 INFO dataset.load_and_preprocess_cane_raw_file] Created 45 chunks of shape torch.Size([45, 1, 5000])
[2025-11-28 13:32:13,784 INFO dataset.convert_to_spectrograms] Created 45 spectrograms
[2025-11-28 13:32:14,260 INFO dataset.verify_sampling_rate] Detected sampling rate: 499.08 Hz
[2025-11-28 13:32:14,333 INFO dataset.load_and_preprocess_cane_raw_file] Applied Common Average Reference
[2025-11-28 13:32:14,334 INFO dataset.load_and_preprocess_cane_raw_file] Picking T7 channel
[2025-11-28 13:32:14,362 INFO dataset.load_and_preprocess_cane_raw_file] Using sampling rate: 500 Hz
[2025-11-28 13:32:14,362 INFO dataset.load_and_preprocess_cane_raw_file] Chunk size: 5000 samples (10s)
[2025-11-28 13:32:14,400 INFO dataset.load_and_preprocess_cane_raw_file] Created 41 chunks of shape torch.Size([41, 1, 5000])
[2025-11-28 13:32:14,430 INFO dataset.convert_to_spectrograms] Created 41 spectrograms
[2025-11-28 13:32:14,771 INFO dataset.verify_sampling_rate] Detected sampling rate: 499.56 Hz
[2025-11-28 13:32:14,830 INFO dataset.load_and_preprocess_cane_raw_file] Applied Common Average Reference
[2025-11-28 13:32:14,830 INFO dataset.load_and_preprocess_cane_raw_file] Picking T7 channel
[2025-11-28 13:32:14,841 INFO dataset.load_and_preprocess_cane_raw_file] Found 941 artifacts (0.59%)
[2025-11-28 13:32:15,218 INFO dataset.load_and_preprocess_cane_raw_file] Using sampling rate: 500 Hz
[2025-11-28 13:32:15,219 INFO dataset.load_and_preprocess_cane_raw_file] Chunk size: 5000 samples (10s)
[2025-11-28 13:32:15,249 INFO dataset.load_and_preprocess_cane_raw_file] Created 31 chunks of shape torch.Size([31, 1, 5000])
[2025-11-28 13:32:15,270 INFO dataset.convert_to_spectrograms] Created 31 spectrograms
[2025-11-28 13:32:15,562 INFO dataset.verify_sampling_rate] Detected sampling rate: 499.16 Hz
[2025-11-28 13:32:15,621 INFO dataset.load_and_preprocess_cane_raw_file] Applied Common Average Reference
[2025-11-28 13:32:15,621 INFO dataset.load_and_preprocess_cane_raw_file] Picking T7 channel
[2025-11-28 13:32:15,645 INFO dataset.load_and_preprocess_cane_raw_file] Using sampling rate: 500 Hz
[2025-11-28 13:32:15,645 INFO dataset.load_and_preprocess_cane_raw_file] Chunk size: 5000 samples (10s)
[2025-11-28 13:32:15,674 INFO dataset.load_and_preprocess_cane_raw_file] Created 30 chunks of shape torch.Size([30, 1, 5000])
[2025-11-28 13:32:15,700 INFO dataset.convert_to_spectrograms] Created 30 spectrograms
[2025-11-28 13:32:16,049 INFO dataset.verify_sampling_rate] Detected sampling rate: 499.21 Hz
[2025-11-28 13:32:16,107 INFO dataset.load_and_preprocess_cane_raw_file] Applied Common Average Reference
[2025-11-28 13:32:16,108 INFO dataset.load_and_preprocess_cane_raw_file] Picking T7 channel
[2025-11-28 13:32:16,128 INFO dataset.load_and_preprocess_cane_raw_file] Using sampling rate: 500 Hz
[2025-11-28 13:32:16,128 INFO dataset.load_and_preprocess_cane_raw_file] Chunk size: 5000 samples (10s)
[2025-11-28 13:32:16,158 INFO dataset.load_and_preprocess_cane_raw_file] Created 30 chunks of shape torch.Size([30, 1, 5000])
[2025-11-28 13:32:16,178 INFO dataset.convert_to_spectrograms] Created 30 spectrograms
[2025-11-28 13:32:16,650 INFO dataset.verify_sampling_rate] Detected sampling rate: 498.62 Hz
[2025-11-28 13:32:16,732 INFO dataset.load_and_preprocess_cane_raw_file] Applied Common Average Reference
[2025-11-28 13:32:16,734 INFO dataset.load_and_preprocess_cane_raw_file] Picking T7 channel
[2025-11-28 13:32:16,764 INFO dataset.load_and_preprocess_cane_raw_file] Found 8 artifacts (0.01%)
[2025-11-28 13:32:16,786 INFO dataset.load_and_preprocess_cane_raw_file] Using sampling rate: 500 Hz
[2025-11-28 13:32:16,786 INFO dataset.load_and_preprocess_cane_raw_file] Chunk size: 5000 samples (10s)
[2025-11-28 13:32:16,846 INFO dataset.load_and_preprocess_cane_raw_file] Created 30 chunks of shape torch.Size([30, 1, 5000])
[2025-11-28 13:32:16,895 INFO dataset.convert_to_spectrograms] Created 30 spectrograms
[2025-11-28 13:32:17,469 INFO dataset.verify_sampling_rate] Detected sampling rate: 498.62 Hz
[2025-11-28 13:32:17,611 INFO dataset.load_and_preprocess_cane_raw_file] Applied Common Average Reference
[2025-11-28 13:32:17,612 INFO dataset.load_and_preprocess_cane_raw_file] Picking T7 channel
[2025-11-28 13:32:17,640 INFO dataset.load_and_preprocess_cane_raw_file] Found 1442 artifacts (0.93%)
[2025-11-28 13:32:18,930 INFO dataset.load_and_preprocess_cane_raw_file] Using sampling rate: 500 Hz
[2025-11-28 13:32:18,930 INFO dataset.load_and_preprocess_cane_raw_file] Chunk size: 5000 samples (10s)
[2025-11-28 13:32:18,988 INFO dataset.load_and_preprocess_cane_raw_file] Created 31 chunks of shape torch.Size([31, 1, 5000])
[2025-11-28 13:32:19,021 INFO dataset.convert_to_spectrograms] Created 31 spectrograms
[2025-11-28 13:32:19,022 INFO dataset.__init__] Built index with 1130 total chunks
[2025-11-28 13:32:19,022 INFO main.train_cross_validation] CANE dataset: 19 normal, 18 anxious subjects
[2025-11-28 13:32:19,022 INFO main.train_cross_validation] ================================================================================
[2025-11-28 13:32:19,022 INFO main.train_cross_validation] FOLD 1/6
[2025-11-28 13:32:19,022 INFO main.train_cross_validation] ================================================================================
[2025-11-28 13:32:19,022 INFO main.get_datasets_for_fold] Train subjects (30): ['cane:H S1010 EC', 'cane:H S1095 EC', 'cane:H S0079 EC', 'cane:AX S1023 EC', 'cane:AX S1051 EC', 'cane:AX S1006 EC', 'cane:H S1060 EC', 'cane:H S1091 EC', 'cane:H S1096 EC', 'cane:AX S1005 EC', 'cane:AX S0072 EC', 'cane:AX S0057 EC', 'cane:H S0078 EC', 'cane:H S1022 EC', 'cane:H S1101 EC', 'cane:AX S1084 EC', 'cane:AX S1007 EC', 'cane:AX S1065 EC', 'cane:H S1001 EC', 'cane:H S1054 EC', 'cane:H S1008 EC', 'cane:AX S1027 EC', 'cane:AX S0074 EC', 'cane:AX S1009 EC', 'cane:H S1028 EC', 'cane:H S1085 EC', 'cane:H S1003 EC', 'cane:AX S1024 EC', 'cane:AX S0041 EC', 'cane:AX S0056 EC']...
[2025-11-28 13:32:19,023 INFO main.get_datasets_for_fold] Val subjects (7): ['cane:H S0012 EC', 'cane:H S1002 EC', 'cane:H S1033 EC', 'cane:H S0015 EC', 'cane:AX S1087 EC', 'cane:AX S1050 EC', 'cane:AX S0073 EC']
[2025-11-28 13:32:19,023 INFO main.get_datasets_for_fold] Training chunks: 910
[2025-11-28 13:32:19,023 INFO main.get_datasets_for_fold] Validation chunks: 220
[2025-11-28 13:32:19,098 INFO model.__init__] Initialized LSTM with input_size=1728, hidden_size=100, batch_first=True
[2025-11-28 13:32:21,369 INFO main.train_one_fold] Starting training for fold 1
[2025-11-28 13:32:28,754 INFO main.train_one_fold] TRAIN CHUNK | Fold 1 | Epoch 001/100 | Loss: 0.6963 | Acc: 0.4769 | Prec: 0.0000 | Recall: 0.0000 | Spec: 1.0000
[2025-11-28 13:32:29,329 INFO main.train_one_fold] EVAL CHUNK | Fold 1 | Epoch 001/100 | Loss: 0.6889 | Acc: 0.5682 | Prec: 0.0000 | Recall: 0.0000 | Spec: 1.0000
[2025-11-28 13:32:29,330 INFO main.train_one_fold]   Confusion: TP=0, TN=125, FP=0, FN=95
[2025-11-28 13:32:29,330 INFO main.train_one_fold] EVAL SUBJECT | Fold 1 | Epoch 001/100 | Loss: 0.6889 | Acc: 0.5714 | Prec: 0.0000 | Recall: 0.0000 | Spec: 1.0000
[2025-11-28 13:32:29,330 INFO main.train_one_fold]   Confusion: TP=0, TN=4, FP=0, FN=3
[2025-11-28 13:32:29,330 INFO main.train_one_fold] EVAL EC | Fold 1 | Epoch 001/100 | Acc: 0.5714 | Prec: 0.0000 | Recall: 0.0000 | Spec: 1.0000
[2025-11-28 13:32:29,330 INFO main.train_one_fold]   Confusion: TP=0, TN=4, FP=0, FN=3
[2025-11-28 13:32:29,371 INFO main.train_one_fold] ✓ Saved best model: experiments/t7_005_beta_cane_ec/fold_1_best.pth (combined=0.3247, chunk=0.5682, subject=0.5714)
[2025-11-28 13:32:29,371 INFO early_stopping.__call__] Early stopping initialized: best score 0.3247 at epoch 1
[2025-11-28 13:32:33,985 INFO main.train_one_fold] TRAIN CHUNK | Fold 1 | Epoch 002/100 | Loss: 0.6948 | Acc: 0.4736 | Prec: 0.4286 | Recall: 0.0189 | Spec: 0.9724
[2025-11-28 13:32:34,371 INFO main.train_one_fold] EVAL CHUNK | Fold 1 | Epoch 002/100 | Loss: 0.6912 | Acc: 0.5682 | Prec: 0.0000 | Recall: 0.0000 | Spec: 1.0000
[2025-11-28 13:32:34,371 INFO main.train_one_fold]   Confusion: TP=0, TN=125, FP=0, FN=95
[2025-11-28 13:32:34,371 INFO main.train_one_fold] EVAL SUBJECT | Fold 1 | Epoch 002/100 | Loss: 0.6912 | Acc: 0.5714 | Prec: 0.0000 | Recall: 0.0000 | Spec: 1.0000
[2025-11-28 13:32:34,371 INFO main.train_one_fold]   Confusion: TP=0, TN=4, FP=0, FN=3
[2025-11-28 13:32:34,371 INFO main.train_one_fold] EVAL EC | Fold 1 | Epoch 002/100 | Acc: 0.5714 | Prec: 0.0000 | Recall: 0.0000 | Spec: 1.0000
[2025-11-28 13:32:34,371 INFO main.train_one_fold]   Confusion: TP=0, TN=4, FP=0, FN=3
[2025-11-28 13:32:39,086 INFO main.train_one_fold] TRAIN CHUNK | Fold 1 | Epoch 003/100 | Loss: 0.6939 | Acc: 0.4758 | Prec: 0.4982 | Recall: 0.2962 | Spec: 0.6728
[2025-11-28 13:32:39,502 INFO main.train_one_fold] EVAL CHUNK | Fold 1 | Epoch 003/100 | Loss: 0.6935 | Acc: 0.4364 | Prec: 0.4338 | Recall: 1.0000 | Spec: 0.0080
[2025-11-28 13:32:39,502 INFO main.train_one_fold]   Confusion: TP=95, TN=1, FP=124, FN=0
[2025-11-28 13:32:39,502 INFO main.train_one_fold] EVAL SUBJECT | Fold 1 | Epoch 003/100 | Loss: 0.6935 | Acc: 0.4286 | Prec: 0.4286 | Recall: 1.0000 | Spec: 0.0000
[2025-11-28 13:32:39,502 INFO main.train_one_fold]   Confusion: TP=3, TN=0, FP=4, FN=0
[2025-11-28 13:32:39,502 INFO main.train_one_fold] EVAL EC | Fold 1 | Epoch 003/100 | Acc: 0.4286 | Prec: 0.4286 | Recall: 1.0000 | Spec: 0.0000
[2025-11-28 13:32:39,502 INFO main.train_one_fold]   Confusion: TP=3, TN=0, FP=4, FN=0
[2025-11-28 13:32:43,791 INFO main.train_one_fold] TRAIN CHUNK | Fold 1 | Epoch 004/100 | Loss: 0.6923 | Acc: 0.5187 | Prec: 0.5331 | Recall: 0.6429 | Spec: 0.3825
[2025-11-28 13:32:44,168 INFO main.train_one_fold] EVAL CHUNK | Fold 1 | Epoch 004/100 | Loss: 0.6971 | Acc: 0.4318 | Prec: 0.4318 | Recall: 1.0000 | Spec: 0.0000
[2025-11-28 13:32:44,168 INFO main.train_one_fold]   Confusion: TP=95, TN=0, FP=125, FN=0
[2025-11-28 13:32:44,169 INFO main.train_one_fold] EVAL SUBJECT | Fold 1 | Epoch 004/100 | Loss: 0.6971 | Acc: 0.4286 | Prec: 0.4286 | Recall: 1.0000 | Spec: 0.0000
[2025-11-28 13:32:44,169 INFO main.train_one_fold]   Confusion: TP=3, TN=0, FP=4, FN=0
[2025-11-28 13:32:44,169 INFO main.train_one_fold] EVAL EC | Fold 1 | Epoch 004/100 | Acc: 0.4286 | Prec: 0.4286 | Recall: 1.0000 | Spec: 0.0000
[2025-11-28 13:32:44,169 INFO main.train_one_fold]   Confusion: TP=3, TN=0, FP=4, FN=0
[2025-11-28 13:32:48,451 INFO main.train_one_fold] TRAIN CHUNK | Fold 1 | Epoch 005/100 | Loss: 0.6911 | Acc: 0.5319 | Prec: 0.5328 | Recall: 0.8529 | Spec: 0.1797
[2025-11-28 13:32:48,869 INFO main.train_one_fold] EVAL CHUNK | Fold 1 | Epoch 005/100 | Loss: 0.6995 | Acc: 0.4318 | Prec: 0.4318 | Recall: 1.0000 | Spec: 0.0000
[2025-11-28 13:32:48,869 INFO main.train_one_fold]   Confusion: TP=95, TN=0, FP=125, FN=0
[2025-11-28 13:32:48,869 INFO main.train_one_fold] EVAL SUBJECT | Fold 1 | Epoch 005/100 | Loss: 0.6995 | Acc: 0.4286 | Prec: 0.4286 | Recall: 1.0000 | Spec: 0.0000
[2025-11-28 13:32:48,870 INFO main.train_one_fold]   Confusion: TP=3, TN=0, FP=4, FN=0
[2025-11-28 13:32:48,870 INFO main.train_one_fold] EVAL EC | Fold 1 | Epoch 005/100 | Acc: 0.4286 | Prec: 0.4286 | Recall: 1.0000 | Spec: 0.0000
[2025-11-28 13:32:48,870 INFO main.train_one_fold]   Confusion: TP=3, TN=0, FP=4, FN=0
[2025-11-28 13:32:53,112 INFO main.train_one_fold] TRAIN CHUNK | Fold 1 | Epoch 006/100 | Loss: 0.6930 | Acc: 0.5385 | Prec: 0.5354 | Recall: 0.8887 | Spec: 0.1544
[2025-11-28 13:32:53,544 INFO main.train_one_fold] EVAL CHUNK | Fold 1 | Epoch 006/100 | Loss: 0.7016 | Acc: 0.4318 | Prec: 0.4318 | Recall: 1.0000 | Spec: 0.0000
[2025-11-28 13:32:53,544 INFO main.train_one_fold]   Confusion: TP=95, TN=0, FP=125, FN=0
[2025-11-28 13:32:53,545 INFO main.train_one_fold] EVAL SUBJECT | Fold 1 | Epoch 006/100 | Loss: 0.7016 | Acc: 0.4286 | Prec: 0.4286 | Recall: 1.0000 | Spec: 0.0000
[2025-11-28 13:32:53,545 INFO main.train_one_fold]   Confusion: TP=3, TN=0, FP=4, FN=0
[2025-11-28 13:32:53,545 INFO main.train_one_fold] EVAL EC | Fold 1 | Epoch 006/100 | Acc: 0.4286 | Prec: 0.4286 | Recall: 1.0000 | Spec: 0.0000
[2025-11-28 13:32:53,545 INFO main.train_one_fold]   Confusion: TP=3, TN=0, FP=4, FN=0
[2025-11-28 13:32:57,706 INFO main.train_one_fold] TRAIN CHUNK | Fold 1 | Epoch 007/100 | Loss: 0.6926 | Acc: 0.5220 | Prec: 0.5246 | Recall: 0.9202 | Spec: 0.0853
[2025-11-28 13:32:58,120 INFO main.train_one_fold] EVAL CHUNK | Fold 1 | Epoch 007/100 | Loss: 0.7030 | Acc: 0.4318 | Prec: 0.4318 | Recall: 1.0000 | Spec: 0.0000
[2025-11-28 13:32:58,120 INFO main.train_one_fold]   Confusion: TP=95, TN=0, FP=125, FN=0
[2025-11-28 13:32:58,120 INFO main.train_one_fold] EVAL SUBJECT | Fold 1 | Epoch 007/100 | Loss: 0.7030 | Acc: 0.4286 | Prec: 0.4286 | Recall: 1.0000 | Spec: 0.0000
[2025-11-28 13:32:58,121 INFO main.train_one_fold]   Confusion: TP=3, TN=0, FP=4, FN=0
[2025-11-28 13:32:58,121 INFO main.train_one_fold] EVAL EC | Fold 1 | Epoch 007/100 | Acc: 0.4286 | Prec: 0.4286 | Recall: 1.0000 | Spec: 0.0000
[2025-11-28 13:32:58,121 INFO main.train_one_fold]   Confusion: TP=3, TN=0, FP=4, FN=0
[2025-11-28 13:33:02,532 INFO main.train_one_fold] TRAIN CHUNK | Fold 1 | Epoch 008/100 | Loss: 0.6893 | Acc: 0.5308 | Prec: 0.5290 | Recall: 0.9391 | Spec: 0.0829
[2025-11-28 13:33:02,922 INFO main.train_one_fold] EVAL CHUNK | Fold 1 | Epoch 008/100 | Loss: 0.7089 | Acc: 0.4318 | Prec: 0.4318 | Recall: 1.0000 | Spec: 0.0000
[2025-11-28 13:33:02,923 INFO main.train_one_fold]   Confusion: TP=95, TN=0, FP=125, FN=0
[2025-11-28 13:33:02,923 INFO main.train_one_fold] EVAL SUBJECT | Fold 1 | Epoch 008/100 | Loss: 0.7089 | Acc: 0.4286 | Prec: 0.4286 | Recall: 1.0000 | Spec: 0.0000
[2025-11-28 13:33:02,923 INFO main.train_one_fold]   Confusion: TP=3, TN=0, FP=4, FN=0
[2025-11-28 13:33:02,923 INFO main.train_one_fold] EVAL EC | Fold 1 | Epoch 008/100 | Acc: 0.4286 | Prec: 0.4286 | Recall: 1.0000 | Spec: 0.0000
[2025-11-28 13:33:02,923 INFO main.train_one_fold]   Confusion: TP=3, TN=0, FP=4, FN=0
[2025-11-28 13:33:07,271 INFO main.train_one_fold] TRAIN CHUNK | Fold 1 | Epoch 009/100 | Loss: 0.6896 | Acc: 0.5571 | Prec: 0.5533 | Recall: 0.7962 | Spec: 0.2949
[2025-11-28 13:33:07,652 INFO main.train_one_fold] EVAL CHUNK | Fold 1 | Epoch 009/100 | Loss: 0.7128 | Acc: 0.4273 | Prec: 0.4292 | Recall: 0.9895 | Spec: 0.0000
[2025-11-28 13:33:07,652 INFO main.train_one_fold]   Confusion: TP=94, TN=0, FP=125, FN=1
[2025-11-28 13:33:07,652 INFO main.train_one_fold] EVAL SUBJECT | Fold 1 | Epoch 009/100 | Loss: 0.7128 | Acc: 0.4286 | Prec: 0.4286 | Recall: 1.0000 | Spec: 0.0000
[2025-11-28 13:33:07,653 INFO main.train_one_fold]   Confusion: TP=3, TN=0, FP=4, FN=0
[2025-11-28 13:33:07,653 INFO main.train_one_fold] EVAL EC | Fold 1 | Epoch 009/100 | Acc: 0.4286 | Prec: 0.4286 | Recall: 1.0000 | Spec: 0.0000
[2025-11-28 13:33:07,653 INFO main.train_one_fold]   Confusion: TP=3, TN=0, FP=4, FN=0
[2025-11-28 13:33:11,935 INFO main.train_one_fold] TRAIN CHUNK | Fold 1 | Epoch 010/100 | Loss: 0.6875 | Acc: 0.5418 | Prec: 0.5391 | Recall: 0.8550 | Spec: 0.1982
[2025-11-28 13:33:12,340 INFO main.train_one_fold] EVAL CHUNK | Fold 1 | Epoch 010/100 | Loss: 0.7223 | Acc: 0.4182 | Prec: 0.4240 | Recall: 0.9684 | Spec: 0.0000
[2025-11-28 13:33:12,340 INFO main.train_one_fold]   Confusion: TP=92, TN=0, FP=125, FN=3
[2025-11-28 13:33:12,341 INFO main.train_one_fold] EVAL SUBJECT | Fold 1 | Epoch 010/100 | Loss: 0.7223 | Acc: 0.4286 | Prec: 0.4286 | Recall: 1.0000 | Spec: 0.0000
[2025-11-28 13:33:12,341 INFO main.train_one_fold]   Confusion: TP=3, TN=0, FP=4, FN=0
[2025-11-28 13:33:12,341 INFO main.train_one_fold] EVAL EC | Fold 1 | Epoch 010/100 | Acc: 0.4286 | Prec: 0.4286 | Recall: 1.0000 | Spec: 0.0000
[2025-11-28 13:33:12,341 INFO main.train_one_fold]   Confusion: TP=3, TN=0, FP=4, FN=0
[2025-11-28 13:33:12,363 INFO main.train_one_fold] Saved checkpoint: experiments/t7_005_beta_cane_ec/fold_1_epoch_010.pth
[2025-11-28 13:33:16,586 INFO main.train_one_fold] TRAIN CHUNK | Fold 1 | Epoch 011/100 | Loss: 0.6868 | Acc: 0.5560 | Prec: 0.5484 | Recall: 0.8571 | Spec: 0.2258
[2025-11-28 13:33:17,100 INFO main.train_one_fold] EVAL CHUNK | Fold 1 | Epoch 011/100 | Loss: 0.7329 | Acc: 0.4000 | Prec: 0.4131 | Recall: 0.9263 | Spec: 0.0000
[2025-11-28 13:33:17,100 INFO main.train_one_fold]   Confusion: TP=88, TN=0, FP=125, FN=7
[2025-11-28 13:33:17,100 INFO main.train_one_fold] EVAL SUBJECT | Fold 1 | Epoch 011/100 | Loss: 0.7329 | Acc: 0.4286 | Prec: 0.4286 | Recall: 1.0000 | Spec: 0.0000
[2025-11-28 13:33:17,100 INFO main.train_one_fold]   Confusion: TP=3, TN=0, FP=4, FN=0
[2025-11-28 13:33:17,100 INFO main.train_one_fold] EVAL EC | Fold 1 | Epoch 011/100 | Acc: 0.4286 | Prec: 0.4286 | Recall: 1.0000 | Spec: 0.0000
[2025-11-28 13:33:17,100 INFO main.train_one_fold]   Confusion: TP=3, TN=0, FP=4, FN=0
[2025-11-28 13:33:21,945 INFO main.train_one_fold] TRAIN CHUNK | Fold 1 | Epoch 012/100 | Loss: 0.6818 | Acc: 0.5560 | Prec: 0.5517 | Recall: 0.8067 | Spec: 0.2811
[2025-11-28 13:33:22,482 INFO main.train_one_fold] EVAL CHUNK | Fold 1 | Epoch 012/100 | Loss: 0.7542 | Acc: 0.2955 | Prec: 0.3421 | Recall: 0.6842 | Spec: 0.0000
[2025-11-28 13:33:22,485 INFO main.train_one_fold]   Confusion: TP=65, TN=0, FP=125, FN=30
[2025-11-28 13:33:22,485 INFO main.train_one_fold] EVAL SUBJECT | Fold 1 | Epoch 012/100 | Loss: 0.7542 | Acc: 0.2857 | Prec: 0.3333 | Recall: 0.6667 | Spec: 0.0000
[2025-11-28 13:33:22,486 INFO main.train_one_fold]   Confusion: TP=2, TN=0, FP=4, FN=1
[2025-11-28 13:33:22,489 INFO main.train_one_fold] EVAL EC | Fold 1 | Epoch 012/100 | Acc: 0.2857 | Prec: 0.3333 | Recall: 0.6667 | Spec: 0.0000
[2025-11-28 13:33:22,489 INFO main.train_one_fold]   Confusion: TP=2, TN=0, FP=4, FN=1
[2025-11-28 13:33:27,347 INFO main.train_one_fold] TRAIN CHUNK | Fold 1 | Epoch 013/100 | Loss: 0.6765 | Acc: 0.5659 | Prec: 0.5661 | Recall: 0.7290 | Spec: 0.3871
[2025-11-28 13:33:27,761 INFO main.train_one_fold] EVAL CHUNK | Fold 1 | Epoch 013/100 | Loss: 0.7982 | Acc: 0.3136 | Prec: 0.3427 | Recall: 0.6421 | Spec: 0.0640
[2025-11-28 13:33:27,761 INFO main.train_one_fold]   Confusion: TP=61, TN=8, FP=117, FN=34
[2025-11-28 13:33:27,761 INFO main.train_one_fold] EVAL SUBJECT | Fold 1 | Epoch 013/100 | Loss: 0.7982 | Acc: 0.2857 | Prec: 0.3333 | Recall: 0.6667 | Spec: 0.0000
[2025-11-28 13:33:27,762 INFO main.train_one_fold]   Confusion: TP=2, TN=0, FP=4, FN=1
[2025-11-28 13:33:27,762 INFO main.train_one_fold] EVAL EC | Fold 1 | Epoch 013/100 | Acc: 0.2857 | Prec: 0.3333 | Recall: 0.6667 | Spec: 0.0000
[2025-11-28 13:33:27,762 INFO main.train_one_fold]   Confusion: TP=2, TN=0, FP=4, FN=1
[2025-11-28 13:33:33,354 INFO main.train_one_fold] TRAIN CHUNK | Fold 1 | Epoch 014/100 | Loss: 0.6739 | Acc: 0.5813 | Prec: 0.5844 | Recall: 0.6912 | Spec: 0.4608
[2025-11-28 13:33:33,902 INFO main.train_one_fold] EVAL CHUNK | Fold 1 | Epoch 014/100 | Loss: 0.8339 | Acc: 0.2409 | Prec: 0.2313 | Recall: 0.3263 | Spec: 0.1760
[2025-11-28 13:33:33,903 INFO main.train_one_fold]   Confusion: TP=31, TN=22, FP=103, FN=64
[2025-11-28 13:33:33,903 INFO main.train_one_fold] EVAL SUBJECT | Fold 1 | Epoch 014/100 | Loss: 0.8339 | Acc: 0.2857 | Prec: 0.2500 | Recall: 0.3333 | Spec: 0.2500
[2025-11-28 13:33:33,903 INFO main.train_one_fold]   Confusion: TP=1, TN=1, FP=3, FN=2
[2025-11-28 13:33:33,903 INFO main.train_one_fold] EVAL EC | Fold 1 | Epoch 014/100 | Acc: 0.2857 | Prec: 0.2500 | Recall: 0.3333 | Spec: 0.2500
[2025-11-28 13:33:33,904 INFO main.train_one_fold]   Confusion: TP=1, TN=1, FP=3, FN=2
[2025-11-28 13:33:39,010 INFO main.train_one_fold] TRAIN CHUNK | Fold 1 | Epoch 015/100 | Loss: 0.6711 | Acc: 0.5769 | Prec: 0.5954 | Recall: 0.5966 | Spec: 0.5553
[2025-11-28 13:33:39,472 INFO main.train_one_fold] EVAL CHUNK | Fold 1 | Epoch 015/100 | Loss: 0.8757 | Acc: 0.2455 | Prec: 0.2517 | Recall: 0.3789 | Spec: 0.1440
[2025-11-28 13:33:39,472 INFO main.train_one_fold]   Confusion: TP=36, TN=18, FP=107, FN=59
[2025-11-28 13:33:39,472 INFO main.train_one_fold] EVAL SUBJECT | Fold 1 | Epoch 015/100 | Loss: 0.8757 | Acc: 0.2857 | Prec: 0.2500 | Recall: 0.3333 | Spec: 0.2500
[2025-11-28 13:33:39,472 INFO main.train_one_fold]   Confusion: TP=1, TN=1, FP=3, FN=2
[2025-11-28 13:33:39,472 INFO main.train_one_fold] EVAL EC | Fold 1 | Epoch 015/100 | Acc: 0.2857 | Prec: 0.2500 | Recall: 0.3333 | Spec: 0.2500
[2025-11-28 13:33:39,472 INFO main.train_one_fold]   Confusion: TP=1, TN=1, FP=3, FN=2
[2025-11-28 13:33:44,615 INFO main.train_one_fold] TRAIN CHUNK | Fold 1 | Epoch 016/100 | Loss: 0.6670 | Acc: 0.5648 | Prec: 0.5840 | Recall: 0.5840 | Spec: 0.5438
[2025-11-28 13:33:45,133 INFO main.train_one_fold] EVAL CHUNK | Fold 1 | Epoch 016/100 | Loss: 0.9132 | Acc: 0.2455 | Prec: 0.2331 | Recall: 0.3263 | Spec: 0.1840
[2025-11-28 13:33:45,133 INFO main.train_one_fold]   Confusion: TP=31, TN=23, FP=102, FN=64
[2025-11-28 13:33:45,133 INFO main.train_one_fold] EVAL SUBJECT | Fold 1 | Epoch 016/100 | Loss: 0.9132 | Acc: 0.2857 | Prec: 0.2500 | Recall: 0.3333 | Spec: 0.2500
[2025-11-28 13:33:45,133 INFO main.train_one_fold]   Confusion: TP=1, TN=1, FP=3, FN=2
[2025-11-28 13:33:45,133 INFO main.train_one_fold] EVAL EC | Fold 1 | Epoch 016/100 | Acc: 0.2857 | Prec: 0.2500 | Recall: 0.3333 | Spec: 0.2500
[2025-11-28 13:33:45,134 INFO main.train_one_fold]   Confusion: TP=1, TN=1, FP=3, FN=2
[2025-11-28 13:33:50,299 INFO main.train_one_fold] TRAIN CHUNK | Fold 1 | Epoch 017/100 | Loss: 0.6608 | Acc: 0.5835 | Prec: 0.6000 | Recall: 0.6113 | Spec: 0.5530
[2025-11-28 13:33:50,842 INFO main.train_one_fold] EVAL CHUNK | Fold 1 | Epoch 017/100 | Loss: 0.9493 | Acc: 0.2545 | Prec: 0.2406 | Recall: 0.3368 | Spec: 0.1920
[2025-11-28 13:33:50,842 INFO main.train_one_fold]   Confusion: TP=32, TN=24, FP=101, FN=63
[2025-11-28 13:33:50,842 INFO main.train_one_fold] EVAL SUBJECT | Fold 1 | Epoch 017/100 | Loss: 0.9493 | Acc: 0.2857 | Prec: 0.2500 | Recall: 0.3333 | Spec: 0.2500
[2025-11-28 13:33:50,842 INFO main.train_one_fold]   Confusion: TP=1, TN=1, FP=3, FN=2
[2025-11-28 13:33:50,843 INFO main.train_one_fold] EVAL EC | Fold 1 | Epoch 017/100 | Acc: 0.2857 | Prec: 0.2500 | Recall: 0.3333 | Spec: 0.2500
[2025-11-28 13:33:50,843 INFO main.train_one_fold]   Confusion: TP=1, TN=1, FP=3, FN=2
[2025-11-28 13:33:57,934 INFO main.train_one_fold] TRAIN CHUNK | Fold 1 | Epoch 018/100 | Loss: 0.6544 | Acc: 0.6066 | Prec: 0.6122 | Recall: 0.6765 | Spec: 0.5300
[2025-11-28 13:33:59,625 INFO main.train_one_fold] EVAL CHUNK | Fold 1 | Epoch 018/100 | Loss: 0.9707 | Acc: 0.2591 | Prec: 0.2344 | Recall: 0.3158 | Spec: 0.2160
[2025-11-28 13:33:59,637 INFO main.train_one_fold]   Confusion: TP=30, TN=27, FP=98, FN=65
[2025-11-28 13:33:59,640 INFO main.train_one_fold] EVAL SUBJECT | Fold 1 | Epoch 018/100 | Loss: 0.9707 | Acc: 0.2857 | Prec: 0.2500 | Recall: 0.3333 | Spec: 0.2500
[2025-11-28 13:33:59,640 INFO main.train_one_fold]   Confusion: TP=1, TN=1, FP=3, FN=2
[2025-11-28 13:33:59,640 INFO main.train_one_fold] EVAL EC | Fold 1 | Epoch 018/100 | Acc: 0.2857 | Prec: 0.2500 | Recall: 0.3333 | Spec: 0.2500
[2025-11-28 13:33:59,641 INFO main.train_one_fold]   Confusion: TP=1, TN=1, FP=3, FN=2
[2025-11-28 13:34:06,037 INFO main.train_one_fold] TRAIN CHUNK | Fold 1 | Epoch 019/100 | Loss: 0.6454 | Acc: 0.6132 | Prec: 0.6342 | Recall: 0.6155 | Spec: 0.6106
[2025-11-28 13:34:06,502 INFO main.train_one_fold] EVAL CHUNK | Fold 1 | Epoch 019/100 | Loss: 1.0542 | Acc: 0.2591 | Prec: 0.2344 | Recall: 0.3158 | Spec: 0.2160
[2025-11-28 13:34:06,502 INFO main.train_one_fold]   Confusion: TP=30, TN=27, FP=98, FN=65
[2025-11-28 13:34:06,502 INFO main.train_one_fold] EVAL SUBJECT | Fold 1 | Epoch 019/100 | Loss: 1.0542 | Acc: 0.2857 | Prec: 0.2500 | Recall: 0.3333 | Spec: 0.2500
[2025-11-28 13:34:06,502 INFO main.train_one_fold]   Confusion: TP=1, TN=1, FP=3, FN=2
[2025-11-28 13:34:06,503 INFO main.train_one_fold] EVAL EC | Fold 1 | Epoch 019/100 | Acc: 0.2857 | Prec: 0.2500 | Recall: 0.3333 | Spec: 0.2500
[2025-11-28 13:34:06,503 INFO main.train_one_fold]   Confusion: TP=1, TN=1, FP=3, FN=2
[2025-11-28 13:34:11,944 INFO main.train_one_fold] TRAIN CHUNK | Fold 1 | Epoch 020/100 | Loss: 0.6334 | Acc: 0.6330 | Prec: 0.6426 | Recall: 0.6723 | Spec: 0.5899
[2025-11-28 13:34:12,398 INFO main.train_one_fold] EVAL CHUNK | Fold 1 | Epoch 020/100 | Loss: 1.0618 | Acc: 0.2409 | Prec: 0.1949 | Recall: 0.2421 | Spec: 0.2400
[2025-11-28 13:34:12,399 INFO main.train_one_fold]   Confusion: TP=23, TN=30, FP=95, FN=72
[2025-11-28 13:34:12,399 INFO main.train_one_fold] EVAL SUBJECT | Fold 1 | Epoch 020/100 | Loss: 1.0618 | Acc: 0.2857 | Prec: 0.2500 | Recall: 0.3333 | Spec: 0.2500
[2025-11-28 13:34:12,399 INFO main.train_one_fold]   Confusion: TP=1, TN=1, FP=3, FN=2
[2025-11-28 13:34:12,399 INFO main.train_one_fold] EVAL EC | Fold 1 | Epoch 020/100 | Acc: 0.2857 | Prec: 0.2500 | Recall: 0.3333 | Spec: 0.2500
[2025-11-28 13:34:12,399 INFO main.train_one_fold]   Confusion: TP=1, TN=1, FP=3, FN=2
[2025-11-28 13:34:12,425 INFO main.train_one_fold] Saved checkpoint: experiments/t7_005_beta_cane_ec/fold_1_epoch_020.pth
[2025-11-28 13:34:17,785 INFO main.train_one_fold] TRAIN CHUNK | Fold 1 | Epoch 021/100 | Loss: 0.6419 | Acc: 0.6077 | Prec: 0.6420 | Recall: 0.5651 | Spec: 0.6544
[2025-11-28 13:34:18,310 INFO main.train_one_fold] EVAL CHUNK | Fold 1 | Epoch 021/100 | Loss: 1.0836 | Acc: 0.2591 | Prec: 0.2213 | Recall: 0.2842 | Spec: 0.2400
[2025-11-28 13:34:18,310 INFO main.train_one_fold]   Confusion: TP=27, TN=30, FP=95, FN=68
[2025-11-28 13:34:18,311 INFO main.train_one_fold] EVAL SUBJECT | Fold 1 | Epoch 021/100 | Loss: 1.0836 | Acc: 0.2857 | Prec: 0.2500 | Recall: 0.3333 | Spec: 0.2500
[2025-11-28 13:34:18,311 INFO main.train_one_fold]   Confusion: TP=1, TN=1, FP=3, FN=2
[2025-11-28 13:34:18,311 INFO main.train_one_fold] EVAL EC | Fold 1 | Epoch 021/100 | Acc: 0.2857 | Prec: 0.2500 | Recall: 0.3333 | Spec: 0.2500
[2025-11-28 13:34:18,311 INFO main.train_one_fold]   Confusion: TP=1, TN=1, FP=3, FN=2
[2025-11-28 13:34:18,311 INFO early_stopping.__call__] Early stopping triggered after 20 epochs without improvement. Best score: 0.3247 at epoch 1
[2025-11-28 13:34:18,311 INFO main.train_one_fold] Early stopping triggered at epoch 21
[2025-11-28 13:34:18,311 INFO main.train_one_fold] 
Fold 1 training completed. Best Combined Val Acc: 0.3247 at epoch 1
[2025-11-28 13:34:18,311 INFO main.train_cross_validation] ================================================================================
[2025-11-28 13:34:18,311 INFO main.train_cross_validation] FOLD 2/6
[2025-11-28 13:34:18,312 INFO main.train_cross_validation] ================================================================================
[2025-11-28 13:34:18,312 INFO main.get_datasets_for_fold] Train subjects (31): ['cane:H S0012 EC', 'cane:H S1002 EC', 'cane:H S1033 EC', 'cane:H S0015 EC', 'cane:AX S1087 EC', 'cane:AX S1050 EC', 'cane:AX S0073 EC', 'cane:H S1060 EC', 'cane:H S1091 EC', 'cane:H S1096 EC', 'cane:AX S1005 EC', 'cane:AX S0072 EC', 'cane:AX S0057 EC', 'cane:H S0078 EC', 'cane:H S1022 EC', 'cane:H S1101 EC', 'cane:AX S1084 EC', 'cane:AX S1007 EC', 'cane:AX S1065 EC', 'cane:H S1001 EC', 'cane:H S1054 EC', 'cane:H S1008 EC', 'cane:AX S1027 EC', 'cane:AX S0074 EC', 'cane:AX S1009 EC', 'cane:H S1028 EC', 'cane:H S1085 EC', 'cane:H S1003 EC', 'cane:AX S1024 EC', 'cane:AX S0041 EC', 'cane:AX S0056 EC']...
[2025-11-28 13:34:18,312 INFO main.get_datasets_for_fold] Val subjects (6): ['cane:H S1010 EC', 'cane:H S1095 EC', 'cane:H S0079 EC', 'cane:AX S1023 EC', 'cane:AX S1051 EC', 'cane:AX S1006 EC']
[2025-11-28 13:34:18,313 INFO main.get_datasets_for_fold] Training chunks: 947
[2025-11-28 13:34:18,313 INFO main.get_datasets_for_fold] Validation chunks: 183
[2025-11-28 13:34:18,338 INFO model.__init__] Initialized LSTM with input_size=1728, hidden_size=100, batch_first=True
[2025-11-28 13:34:18,341 INFO main.train_one_fold] Starting training for fold 2
[2025-11-28 13:34:24,498 INFO main.train_one_fold] TRAIN CHUNK | Fold 2 | Epoch 001/100 | Loss: 0.6936 | Acc: 0.4995 | Prec: 0.4995 | Recall: 1.0000 | Spec: 0.0000
[2025-11-28 13:34:24,900 INFO main.train_one_fold] EVAL CHUNK | Fold 2 | Epoch 001/100 | Loss: 0.6917 | Acc: 0.5355 | Prec: 0.5355 | Recall: 1.0000 | Spec: 0.0000
[2025-11-28 13:34:24,900 INFO main.train_one_fold]   Confusion: TP=98, TN=0, FP=85, FN=0
[2025-11-28 13:34:24,900 INFO main.train_one_fold] EVAL SUBJECT | Fold 2 | Epoch 001/100 | Loss: 0.6917 | Acc: 0.5000 | Prec: 0.5000 | Recall: 1.0000 | Spec: 0.0000
[2025-11-28 13:34:24,901 INFO main.train_one_fold]   Confusion: TP=3, TN=0, FP=3, FN=0
[2025-11-28 13:34:24,901 INFO main.train_one_fold] EVAL EC | Fold 2 | Epoch 001/100 | Acc: 0.5000 | Prec: 0.5000 | Recall: 1.0000 | Spec: 0.0000
[2025-11-28 13:34:24,901 INFO main.train_one_fold]   Confusion: TP=3, TN=0, FP=3, FN=0
[2025-11-28 13:34:24,936 INFO main.train_one_fold] ✓ Saved best model: experiments/t7_005_beta_cane_ec/fold_2_best.pth (combined=0.2678, chunk=0.5355, subject=0.5000)
[2025-11-28 13:34:24,937 INFO early_stopping.__call__] Early stopping initialized: best score 0.2678 at epoch 1
[2025-11-28 13:34:29,746 INFO main.train_one_fold] TRAIN CHUNK | Fold 2 | Epoch 002/100 | Loss: 0.6932 | Acc: 0.4984 | Prec: 0.4989 | Recall: 0.9979 | Spec: 0.0000
[2025-11-28 13:34:30,127 INFO main.train_one_fold] EVAL CHUNK | Fold 2 | Epoch 002/100 | Loss: 0.6919 | Acc: 0.5355 | Prec: 0.5355 | Recall: 1.0000 | Spec: 0.0000
[2025-11-28 13:34:30,127 INFO main.train_one_fold]   Confusion: TP=98, TN=0, FP=85, FN=0
[2025-11-28 13:34:30,127 INFO main.train_one_fold] EVAL SUBJECT | Fold 2 | Epoch 002/100 | Loss: 0.6919 | Acc: 0.5000 | Prec: 0.5000 | Recall: 1.0000 | Spec: 0.0000
[2025-11-28 13:34:30,128 INFO main.train_one_fold]   Confusion: TP=3, TN=0, FP=3, FN=0
[2025-11-28 13:34:30,128 INFO main.train_one_fold] EVAL EC | Fold 2 | Epoch 002/100 | Acc: 0.5000 | Prec: 0.5000 | Recall: 1.0000 | Spec: 0.0000
[2025-11-28 13:34:30,128 INFO main.train_one_fold]   Confusion: TP=3, TN=0, FP=3, FN=0
[2025-11-28 13:34:37,350 INFO main.train_one_fold] TRAIN CHUNK | Fold 2 | Epoch 003/100 | Loss: 0.6934 | Acc: 0.4974 | Prec: 0.4984 | Recall: 0.9915 | Spec: 0.0042
[2025-11-28 13:34:37,720 INFO main.train_one_fold] EVAL CHUNK | Fold 2 | Epoch 003/100 | Loss: 0.6919 | Acc: 0.5355 | Prec: 0.5355 | Recall: 1.0000 | Spec: 0.0000
[2025-11-28 13:34:37,721 INFO main.train_one_fold]   Confusion: TP=98, TN=0, FP=85, FN=0
[2025-11-28 13:34:37,721 INFO main.train_one_fold] EVAL SUBJECT | Fold 2 | Epoch 003/100 | Loss: 0.6919 | Acc: 0.5000 | Prec: 0.5000 | Recall: 1.0000 | Spec: 0.0000
[2025-11-28 13:34:37,721 INFO main.train_one_fold]   Confusion: TP=3, TN=0, FP=3, FN=0
[2025-11-28 13:34:37,721 INFO main.train_one_fold] EVAL EC | Fold 2 | Epoch 003/100 | Acc: 0.5000 | Prec: 0.5000 | Recall: 1.0000 | Spec: 0.0000
[2025-11-28 13:34:37,721 INFO main.train_one_fold]   Confusion: TP=3, TN=0, FP=3, FN=0
[2025-11-28 13:34:44,209 INFO main.train_one_fold] TRAIN CHUNK | Fold 2 | Epoch 004/100 | Loss: 0.6933 | Acc: 0.4995 | Prec: 0.4995 | Recall: 0.9958 | Spec: 0.0042
[2025-11-28 13:34:45,009 INFO main.train_one_fold] EVAL CHUNK | Fold 2 | Epoch 004/100 | Loss: 0.6921 | Acc: 0.5355 | Prec: 0.5355 | Recall: 1.0000 | Spec: 0.0000
[2025-11-28 13:34:45,010 INFO main.train_one_fold]   Confusion: TP=98, TN=0, FP=85, FN=0
[2025-11-28 13:34:45,010 INFO main.train_one_fold] EVAL SUBJECT | Fold 2 | Epoch 004/100 | Loss: 0.6921 | Acc: 0.5000 | Prec: 0.5000 | Recall: 1.0000 | Spec: 0.0000
[2025-11-28 13:34:45,010 INFO main.train_one_fold]   Confusion: TP=3, TN=0, FP=3, FN=0
[2025-11-28 13:34:45,010 INFO main.train_one_fold] EVAL EC | Fold 2 | Epoch 004/100 | Acc: 0.5000 | Prec: 0.5000 | Recall: 1.0000 | Spec: 0.0000
[2025-11-28 13:34:45,011 INFO main.train_one_fold]   Confusion: TP=3, TN=0, FP=3, FN=0
[2025-11-28 13:34:50,919 INFO main.train_one_fold] TRAIN CHUNK | Fold 2 | Epoch 005/100 | Loss: 0.6931 | Acc: 0.5048 | Prec: 0.5022 | Recall: 0.9852 | Spec: 0.0253
[2025-11-28 13:34:51,278 INFO main.train_one_fold] EVAL CHUNK | Fold 2 | Epoch 005/100 | Loss: 0.6923 | Acc: 0.5355 | Prec: 0.5355 | Recall: 1.0000 | Spec: 0.0000
[2025-11-28 13:34:51,278 INFO main.train_one_fold]   Confusion: TP=98, TN=0, FP=85, FN=0
[2025-11-28 13:34:51,278 INFO main.train_one_fold] EVAL SUBJECT | Fold 2 | Epoch 005/100 | Loss: 0.6923 | Acc: 0.5000 | Prec: 0.5000 | Recall: 1.0000 | Spec: 0.0000
[2025-11-28 13:34:51,278 INFO main.train_one_fold]   Confusion: TP=3, TN=0, FP=3, FN=0
[2025-11-28 13:34:51,278 INFO main.train_one_fold] EVAL EC | Fold 2 | Epoch 005/100 | Acc: 0.5000 | Prec: 0.5000 | Recall: 1.0000 | Spec: 0.0000
[2025-11-28 13:34:51,278 INFO main.train_one_fold]   Confusion: TP=3, TN=0, FP=3, FN=0
[2025-11-28 13:34:56,141 INFO main.train_one_fold] TRAIN CHUNK | Fold 2 | Epoch 006/100 | Loss: 0.6934 | Acc: 0.5026 | Prec: 0.5011 | Recall: 0.9471 | Spec: 0.0591
[2025-11-28 13:34:56,519 INFO main.train_one_fold] EVAL CHUNK | Fold 2 | Epoch 006/100 | Loss: 0.6923 | Acc: 0.5355 | Prec: 0.5355 | Recall: 1.0000 | Spec: 0.0000
[2025-11-28 13:34:56,519 INFO main.train_one_fold]   Confusion: TP=98, TN=0, FP=85, FN=0
[2025-11-28 13:34:56,520 INFO main.train_one_fold] EVAL SUBJECT | Fold 2 | Epoch 006/100 | Loss: 0.6923 | Acc: 0.5000 | Prec: 0.5000 | Recall: 1.0000 | Spec: 0.0000
[2025-11-28 13:34:56,520 INFO main.train_one_fold]   Confusion: TP=3, TN=0, FP=3, FN=0
[2025-11-28 13:34:56,520 INFO main.train_one_fold] EVAL EC | Fold 2 | Epoch 006/100 | Acc: 0.5000 | Prec: 0.5000 | Recall: 1.0000 | Spec: 0.0000
[2025-11-28 13:34:56,520 INFO main.train_one_fold]   Confusion: TP=3, TN=0, FP=3, FN=0
[2025-11-28 13:35:01,955 INFO main.train_one_fold] TRAIN CHUNK | Fold 2 | Epoch 007/100 | Loss: 0.6930 | Acc: 0.5100 | Prec: 0.5049 | Recall: 0.9810 | Spec: 0.0401
[2025-11-28 13:35:02,352 INFO main.train_one_fold] EVAL CHUNK | Fold 2 | Epoch 007/100 | Loss: 0.6923 | Acc: 0.5355 | Prec: 0.5355 | Recall: 1.0000 | Spec: 0.0000
[2025-11-28 13:35:02,352 INFO main.train_one_fold]   Confusion: TP=98, TN=0, FP=85, FN=0
[2025-11-28 13:35:02,352 INFO main.train_one_fold] EVAL SUBJECT | Fold 2 | Epoch 007/100 | Loss: 0.6923 | Acc: 0.5000 | Prec: 0.5000 | Recall: 1.0000 | Spec: 0.0000
[2025-11-28 13:35:02,352 INFO main.train_one_fold]   Confusion: TP=3, TN=0, FP=3, FN=0
[2025-11-28 13:35:02,352 INFO main.train_one_fold] EVAL EC | Fold 2 | Epoch 007/100 | Acc: 0.5000 | Prec: 0.5000 | Recall: 1.0000 | Spec: 0.0000
[2025-11-28 13:35:02,352 INFO main.train_one_fold]   Confusion: TP=3, TN=0, FP=3, FN=0
[2025-11-28 13:35:07,409 INFO main.train_one_fold] TRAIN CHUNK | Fold 2 | Epoch 008/100 | Loss: 0.6930 | Acc: 0.5185 | Prec: 0.5099 | Recall: 0.9239 | Spec: 0.1139
[2025-11-28 13:35:07,771 INFO main.train_one_fold] EVAL CHUNK | Fold 2 | Epoch 008/100 | Loss: 0.6926 | Acc: 0.5355 | Prec: 0.5355 | Recall: 1.0000 | Spec: 0.0000
[2025-11-28 13:35:07,771 INFO main.train_one_fold]   Confusion: TP=98, TN=0, FP=85, FN=0
[2025-11-28 13:35:07,771 INFO main.train_one_fold] EVAL SUBJECT | Fold 2 | Epoch 008/100 | Loss: 0.6926 | Acc: 0.5000 | Prec: 0.5000 | Recall: 1.0000 | Spec: 0.0000
[2025-11-28 13:35:07,771 INFO main.train_one_fold]   Confusion: TP=3, TN=0, FP=3, FN=0
[2025-11-28 13:35:07,771 INFO main.train_one_fold] EVAL EC | Fold 2 | Epoch 008/100 | Acc: 0.5000 | Prec: 0.5000 | Recall: 1.0000 | Spec: 0.0000
[2025-11-28 13:35:07,772 INFO main.train_one_fold]   Confusion: TP=3, TN=0, FP=3, FN=0
[2025-11-28 13:35:12,642 INFO main.train_one_fold] TRAIN CHUNK | Fold 2 | Epoch 009/100 | Loss: 0.6930 | Acc: 0.5058 | Prec: 0.5029 | Recall: 0.9027 | Spec: 0.1097
[2025-11-28 13:35:13,034 INFO main.train_one_fold] EVAL CHUNK | Fold 2 | Epoch 009/100 | Loss: 0.6926 | Acc: 0.5410 | Prec: 0.5385 | Recall: 1.0000 | Spec: 0.0118
[2025-11-28 13:35:13,035 INFO main.train_one_fold]   Confusion: TP=98, TN=1, FP=84, FN=0
[2025-11-28 13:35:13,035 INFO main.train_one_fold] EVAL SUBJECT | Fold 2 | Epoch 009/100 | Loss: 0.6926 | Acc: 0.5000 | Prec: 0.5000 | Recall: 1.0000 | Spec: 0.0000
[2025-11-28 13:35:13,035 INFO main.train_one_fold]   Confusion: TP=3, TN=0, FP=3, FN=0
[2025-11-28 13:35:13,035 INFO main.train_one_fold] EVAL EC | Fold 2 | Epoch 009/100 | Acc: 0.5000 | Prec: 0.5000 | Recall: 1.0000 | Spec: 0.0000
[2025-11-28 13:35:13,035 INFO main.train_one_fold]   Confusion: TP=3, TN=0, FP=3, FN=0
[2025-11-28 13:35:13,068 INFO main.train_one_fold] ✓ Saved best model: experiments/t7_005_beta_cane_ec/fold_2_best.pth (combined=0.2705, chunk=0.5410, subject=0.5000)
[2025-11-28 13:35:13,068 INFO early_stopping.__call__] Validation improved from 0.2678 to 0.2705 (+0.0027) at epoch 9
[2025-11-28 13:35:18,871 INFO main.train_one_fold] TRAIN CHUNK | Fold 2 | Epoch 010/100 | Loss: 0.6928 | Acc: 0.5407 | Prec: 0.5409 | Recall: 0.5307 | Spec: 0.5506
[2025-11-28 13:35:19,225 INFO main.train_one_fold] EVAL CHUNK | Fold 2 | Epoch 010/100 | Loss: 0.6932 | Acc: 0.4699 | Prec: 1.0000 | Recall: 0.0102 | Spec: 1.0000
[2025-11-28 13:35:19,225 INFO main.train_one_fold]   Confusion: TP=1, TN=85, FP=0, FN=97
[2025-11-28 13:35:19,225 INFO main.train_one_fold] EVAL SUBJECT | Fold 2 | Epoch 010/100 | Loss: 0.6932 | Acc: 0.5000 | Prec: 0.0000 | Recall: 0.0000 | Spec: 1.0000
[2025-11-28 13:35:19,225 INFO main.train_one_fold]   Confusion: TP=0, TN=3, FP=0, FN=3
[2025-11-28 13:35:19,225 INFO main.train_one_fold] EVAL EC | Fold 2 | Epoch 010/100 | Acc: 0.5000 | Prec: 0.0000 | Recall: 0.0000 | Spec: 1.0000
[2025-11-28 13:35:19,226 INFO main.train_one_fold]   Confusion: TP=0, TN=3, FP=0, FN=3
[2025-11-28 13:35:19,264 INFO main.train_one_fold] Saved checkpoint: experiments/t7_005_beta_cane_ec/fold_2_epoch_010.pth
[2025-11-28 13:35:24,162 INFO main.train_one_fold] TRAIN CHUNK | Fold 2 | Epoch 011/100 | Loss: 0.6921 | Acc: 0.5512 | Prec: 0.5446 | Recall: 0.6195 | Spec: 0.4831
[2025-11-28 13:35:24,563 INFO main.train_one_fold] EVAL CHUNK | Fold 2 | Epoch 011/100 | Loss: 0.6931 | Acc: 0.6284 | Prec: 0.5926 | Recall: 0.9796 | Spec: 0.2235
[2025-11-28 13:35:24,563 INFO main.train_one_fold]   Confusion: TP=96, TN=19, FP=66, FN=2
[2025-11-28 13:35:24,563 INFO main.train_one_fold] EVAL SUBJECT | Fold 2 | Epoch 011/100 | Loss: 0.6931 | Acc: 0.6667 | Prec: 0.6000 | Recall: 1.0000 | Spec: 0.3333
[2025-11-28 13:35:24,563 INFO main.train_one_fold]   Confusion: TP=3, TN=1, FP=2, FN=0
[2025-11-28 13:35:24,564 INFO main.train_one_fold] EVAL EC | Fold 2 | Epoch 011/100 | Acc: 0.6667 | Prec: 0.6000 | Recall: 1.0000 | Spec: 0.3333
[2025-11-28 13:35:24,564 INFO main.train_one_fold]   Confusion: TP=3, TN=1, FP=2, FN=0
[2025-11-28 13:35:24,592 INFO main.train_one_fold] ✓ Saved best model: experiments/t7_005_beta_cane_ec/fold_2_best.pth (combined=0.4189, chunk=0.6284, subject=0.6667)
[2025-11-28 13:35:24,593 INFO early_stopping.__call__] Validation improved from 0.2705 to 0.4189 (+0.1485) at epoch 11
[2025-11-28 13:35:29,500 INFO main.train_one_fold] TRAIN CHUNK | Fold 2 | Epoch 012/100 | Loss: 0.6921 | Acc: 0.5227 | Prec: 0.5153 | Recall: 0.7463 | Spec: 0.2996
[2025-11-28 13:35:29,881 INFO main.train_one_fold] EVAL CHUNK | Fold 2 | Epoch 012/100 | Loss: 0.6927 | Acc: 0.6721 | Prec: 0.6234 | Recall: 0.9796 | Spec: 0.3176
[2025-11-28 13:35:29,881 INFO main.train_one_fold]   Confusion: TP=96, TN=27, FP=58, FN=2
[2025-11-28 13:35:29,881 INFO main.train_one_fold] EVAL SUBJECT | Fold 2 | Epoch 012/100 | Loss: 0.6927 | Acc: 0.6667 | Prec: 0.6000 | Recall: 1.0000 | Spec: 0.3333
[2025-11-28 13:35:29,881 INFO main.train_one_fold]   Confusion: TP=3, TN=1, FP=2, FN=0
[2025-11-28 13:35:29,881 INFO main.train_one_fold] EVAL EC | Fold 2 | Epoch 012/100 | Acc: 0.6667 | Prec: 0.6000 | Recall: 1.0000 | Spec: 0.3333
[2025-11-28 13:35:29,881 INFO main.train_one_fold]   Confusion: TP=3, TN=1, FP=2, FN=0
[2025-11-28 13:35:29,912 INFO main.train_one_fold] ✓ Saved best model: experiments/t7_005_beta_cane_ec/fold_2_best.pth (combined=0.4481, chunk=0.6721, subject=0.6667)
[2025-11-28 13:35:29,912 INFO early_stopping.__call__] Validation improved from 0.4189 to 0.4481 (+0.0291) at epoch 12
[2025-11-28 13:35:36,386 INFO main.train_one_fold] TRAIN CHUNK | Fold 2 | Epoch 013/100 | Loss: 0.6923 | Acc: 0.5100 | Prec: 0.5070 | Recall: 0.6850 | Spec: 0.3354
[2025-11-28 13:35:36,933 INFO main.train_one_fold] EVAL CHUNK | Fold 2 | Epoch 013/100 | Loss: 0.6922 | Acc: 0.6721 | Prec: 0.6250 | Recall: 0.9694 | Spec: 0.3294
[2025-11-28 13:35:36,933 INFO main.train_one_fold]   Confusion: TP=95, TN=28, FP=57, FN=3
[2025-11-28 13:35:36,934 INFO main.train_one_fold] EVAL SUBJECT | Fold 2 | Epoch 013/100 | Loss: 0.6922 | Acc: 0.6667 | Prec: 0.6000 | Recall: 1.0000 | Spec: 0.3333
[2025-11-28 13:35:36,934 INFO main.train_one_fold]   Confusion: TP=3, TN=1, FP=2, FN=0
[2025-11-28 13:35:36,934 INFO main.train_one_fold] EVAL EC | Fold 2 | Epoch 013/100 | Acc: 0.6667 | Prec: 0.6000 | Recall: 1.0000 | Spec: 0.3333
[2025-11-28 13:35:36,934 INFO main.train_one_fold]   Confusion: TP=3, TN=1, FP=2, FN=0
[2025-11-28 13:35:42,043 INFO main.train_one_fold] TRAIN CHUNK | Fold 2 | Epoch 014/100 | Loss: 0.6920 | Acc: 0.5164 | Prec: 0.5105 | Recall: 0.7738 | Spec: 0.2595
[2025-11-28 13:35:42,388 INFO main.train_one_fold] EVAL CHUNK | Fold 2 | Epoch 014/100 | Loss: 0.6913 | Acc: 0.5628 | Prec: 0.5506 | Recall: 1.0000 | Spec: 0.0588
[2025-11-28 13:35:42,388 INFO main.train_one_fold]   Confusion: TP=98, TN=5, FP=80, FN=0
[2025-11-28 13:35:42,388 INFO main.train_one_fold] EVAL SUBJECT | Fold 2 | Epoch 014/100 | Loss: 0.6913 | Acc: 0.5000 | Prec: 0.5000 | Recall: 1.0000 | Spec: 0.0000
[2025-11-28 13:35:42,389 INFO main.train_one_fold]   Confusion: TP=3, TN=0, FP=3, FN=0
[2025-11-28 13:35:42,389 INFO main.train_one_fold] EVAL EC | Fold 2 | Epoch 014/100 | Acc: 0.5000 | Prec: 0.5000 | Recall: 1.0000 | Spec: 0.0000
[2025-11-28 13:35:42,389 INFO main.train_one_fold]   Confusion: TP=3, TN=0, FP=3, FN=0
[2025-11-28 13:35:47,940 INFO main.train_one_fold] TRAIN CHUNK | Fold 2 | Epoch 015/100 | Loss: 0.6893 | Acc: 0.5544 | Prec: 0.5415 | Recall: 0.7040 | Spec: 0.4051
[2025-11-28 13:35:48,473 INFO main.train_one_fold] EVAL CHUNK | Fold 2 | Epoch 015/100 | Loss: 0.6910 | Acc: 0.6667 | Prec: 0.6194 | Recall: 0.9796 | Spec: 0.3059
[2025-11-28 13:35:48,473 INFO main.train_one_fold]   Confusion: TP=96, TN=26, FP=59, FN=2
[2025-11-28 13:35:48,473 INFO main.train_one_fold] EVAL SUBJECT | Fold 2 | Epoch 015/100 | Loss: 0.6910 | Acc: 0.6667 | Prec: 0.6000 | Recall: 1.0000 | Spec: 0.3333
[2025-11-28 13:35:48,473 INFO main.train_one_fold]   Confusion: TP=3, TN=1, FP=2, FN=0
[2025-11-28 13:35:48,473 INFO main.train_one_fold] EVAL EC | Fold 2 | Epoch 015/100 | Acc: 0.6667 | Prec: 0.6000 | Recall: 1.0000 | Spec: 0.3333
[2025-11-28 13:35:48,473 INFO main.train_one_fold]   Confusion: TP=3, TN=1, FP=2, FN=0
[2025-11-28 13:35:55,686 INFO main.train_one_fold] TRAIN CHUNK | Fold 2 | Epoch 016/100 | Loss: 0.6902 | Acc: 0.5280 | Prec: 0.5197 | Recall: 0.7252 | Spec: 0.3312
[2025-11-28 13:35:56,073 INFO main.train_one_fold] EVAL CHUNK | Fold 2 | Epoch 016/100 | Loss: 0.6882 | Acc: 0.6721 | Prec: 0.6234 | Recall: 0.9796 | Spec: 0.3176
[2025-11-28 13:35:56,073 INFO main.train_one_fold]   Confusion: TP=96, TN=27, FP=58, FN=2
[2025-11-28 13:35:56,073 INFO main.train_one_fold] EVAL SUBJECT | Fold 2 | Epoch 016/100 | Loss: 0.6882 | Acc: 0.6667 | Prec: 0.6000 | Recall: 1.0000 | Spec: 0.3333
[2025-11-28 13:35:56,074 INFO main.train_one_fold]   Confusion: TP=3, TN=1, FP=2, FN=0
[2025-11-28 13:35:56,074 INFO main.train_one_fold] EVAL EC | Fold 2 | Epoch 016/100 | Acc: 0.6667 | Prec: 0.6000 | Recall: 1.0000 | Spec: 0.3333
[2025-11-28 13:35:56,074 INFO main.train_one_fold]   Confusion: TP=3, TN=1, FP=2, FN=0
[2025-11-28 13:36:00,672 INFO main.train_one_fold] TRAIN CHUNK | Fold 2 | Epoch 017/100 | Loss: 0.6921 | Acc: 0.5079 | Prec: 0.5058 | Recall: 0.6469 | Spec: 0.3692
[2025-11-28 13:36:01,201 INFO main.train_one_fold] EVAL CHUNK | Fold 2 | Epoch 017/100 | Loss: 0.6879 | Acc: 0.4918 | Prec: 0.5234 | Recall: 0.5714 | Spec: 0.4000
[2025-11-28 13:36:01,201 INFO main.train_one_fold]   Confusion: TP=56, TN=34, FP=51, FN=42
[2025-11-28 13:36:01,205 INFO main.train_one_fold] EVAL SUBJECT | Fold 2 | Epoch 017/100 | Loss: 0.6879 | Acc: 0.5000 | Prec: 0.5000 | Recall: 0.6667 | Spec: 0.3333
[2025-11-28 13:36:01,205 INFO main.train_one_fold]   Confusion: TP=2, TN=1, FP=2, FN=1
[2025-11-28 13:36:01,209 INFO main.train_one_fold] EVAL EC | Fold 2 | Epoch 017/100 | Acc: 0.5000 | Prec: 0.5000 | Recall: 0.6667 | Spec: 0.3333
[2025-11-28 13:36:01,209 INFO main.train_one_fold]   Confusion: TP=2, TN=1, FP=2, FN=1
[2025-11-28 13:36:06,330 INFO main.train_one_fold] TRAIN CHUNK | Fold 2 | Epoch 018/100 | Loss: 0.6899 | Acc: 0.5238 | Prec: 0.5219 | Recall: 0.5539 | Spec: 0.4937
[2025-11-28 13:36:06,761 INFO main.train_one_fold] EVAL CHUNK | Fold 2 | Epoch 018/100 | Loss: 0.6864 | Acc: 0.5137 | Prec: 0.5405 | Recall: 0.6122 | Spec: 0.4000
[2025-11-28 13:36:06,761 INFO main.train_one_fold]   Confusion: TP=60, TN=34, FP=51, FN=38
[2025-11-28 13:36:06,761 INFO main.train_one_fold] EVAL SUBJECT | Fold 2 | Epoch 018/100 | Loss: 0.6864 | Acc: 0.5000 | Prec: 0.5000 | Recall: 0.6667 | Spec: 0.3333
[2025-11-28 13:36:06,761 INFO main.train_one_fold]   Confusion: TP=2, TN=1, FP=2, FN=1
[2025-11-28 13:36:06,761 INFO main.train_one_fold] EVAL EC | Fold 2 | Epoch 018/100 | Acc: 0.5000 | Prec: 0.5000 | Recall: 0.6667 | Spec: 0.3333
[2025-11-28 13:36:06,761 INFO main.train_one_fold]   Confusion: TP=2, TN=1, FP=2, FN=1
[2025-11-28 13:36:11,987 INFO main.train_one_fold] TRAIN CHUNK | Fold 2 | Epoch 019/100 | Loss: 0.6857 | Acc: 0.5660 | Prec: 0.5876 | Recall: 0.4397 | Spec: 0.6920
[2025-11-28 13:36:12,352 INFO main.train_one_fold] EVAL CHUNK | Fold 2 | Epoch 019/100 | Loss: 0.6835 | Acc: 0.5191 | Prec: 0.5439 | Recall: 0.6327 | Spec: 0.3882
[2025-11-28 13:36:12,352 INFO main.train_one_fold]   Confusion: TP=62, TN=33, FP=52, FN=36
[2025-11-28 13:36:12,352 INFO main.train_one_fold] EVAL SUBJECT | Fold 2 | Epoch 019/100 | Loss: 0.6835 | Acc: 0.5000 | Prec: 0.5000 | Recall: 0.6667 | Spec: 0.3333
[2025-11-28 13:36:12,352 INFO main.train_one_fold]   Confusion: TP=2, TN=1, FP=2, FN=1
[2025-11-28 13:36:12,352 INFO main.train_one_fold] EVAL EC | Fold 2 | Epoch 019/100 | Acc: 0.5000 | Prec: 0.5000 | Recall: 0.6667 | Spec: 0.3333
[2025-11-28 13:36:12,352 INFO main.train_one_fold]   Confusion: TP=2, TN=1, FP=2, FN=1
[2025-11-28 13:36:18,086 INFO main.train_one_fold] TRAIN CHUNK | Fold 2 | Epoch 020/100 | Loss: 0.6851 | Acc: 0.5470 | Prec: 0.5512 | Recall: 0.5011 | Spec: 0.5928
[2025-11-28 13:36:18,622 INFO main.train_one_fold] EVAL CHUNK | Fold 2 | Epoch 020/100 | Loss: 0.6829 | Acc: 0.5355 | Prec: 0.5537 | Recall: 0.6837 | Spec: 0.3647
[2025-11-28 13:36:18,623 INFO main.train_one_fold]   Confusion: TP=67, TN=31, FP=54, FN=31
[2025-11-28 13:36:18,623 INFO main.train_one_fold] EVAL SUBJECT | Fold 2 | Epoch 020/100 | Loss: 0.6829 | Acc: 0.5000 | Prec: 0.5000 | Recall: 0.6667 | Spec: 0.3333
[2025-11-28 13:36:18,623 INFO main.train_one_fold]   Confusion: TP=2, TN=1, FP=2, FN=1
[2025-11-28 13:36:18,623 INFO main.train_one_fold] EVAL EC | Fold 2 | Epoch 020/100 | Acc: 0.5000 | Prec: 0.5000 | Recall: 0.6667 | Spec: 0.3333
[2025-11-28 13:36:18,623 INFO main.train_one_fold]   Confusion: TP=2, TN=1, FP=2, FN=1
[2025-11-28 13:36:18,656 INFO main.train_one_fold] Saved checkpoint: experiments/t7_005_beta_cane_ec/fold_2_epoch_020.pth
[2025-11-28 13:36:24,022 INFO main.train_one_fold] TRAIN CHUNK | Fold 2 | Epoch 021/100 | Loss: 0.6824 | Acc: 0.5512 | Prec: 0.5543 | Recall: 0.5180 | Spec: 0.5844
[2025-11-28 13:36:24,587 INFO main.train_one_fold] EVAL CHUNK | Fold 2 | Epoch 021/100 | Loss: 0.6869 | Acc: 0.5191 | Prec: 0.5431 | Recall: 0.6429 | Spec: 0.3765
[2025-11-28 13:36:24,587 INFO main.train_one_fold]   Confusion: TP=63, TN=32, FP=53, FN=35
[2025-11-28 13:36:24,588 INFO main.train_one_fold] EVAL SUBJECT | Fold 2 | Epoch 021/100 | Loss: 0.6869 | Acc: 0.5000 | Prec: 0.5000 | Recall: 0.6667 | Spec: 0.3333
[2025-11-28 13:36:24,588 INFO main.train_one_fold]   Confusion: TP=2, TN=1, FP=2, FN=1
[2025-11-28 13:36:24,588 INFO main.train_one_fold] EVAL EC | Fold 2 | Epoch 021/100 | Acc: 0.5000 | Prec: 0.5000 | Recall: 0.6667 | Spec: 0.3333
[2025-11-28 13:36:24,588 INFO main.train_one_fold]   Confusion: TP=2, TN=1, FP=2, FN=1
[2025-11-28 13:36:29,769 INFO main.train_one_fold] TRAIN CHUNK | Fold 2 | Epoch 022/100 | Loss: 0.6789 | Acc: 0.5723 | Prec: 0.5752 | Recall: 0.5497 | Spec: 0.5949
[2025-11-28 13:36:30,186 INFO main.train_one_fold] EVAL CHUNK | Fold 2 | Epoch 022/100 | Loss: 0.6792 | Acc: 0.5355 | Prec: 0.5537 | Recall: 0.6837 | Spec: 0.3647
[2025-11-28 13:36:30,187 INFO main.train_one_fold]   Confusion: TP=67, TN=31, FP=54, FN=31
[2025-11-28 13:36:30,187 INFO main.train_one_fold] EVAL SUBJECT | Fold 2 | Epoch 022/100 | Loss: 0.6792 | Acc: 0.5000 | Prec: 0.5000 | Recall: 0.6667 | Spec: 0.3333
[2025-11-28 13:36:30,187 INFO main.train_one_fold]   Confusion: TP=2, TN=1, FP=2, FN=1
[2025-11-28 13:36:30,187 INFO main.train_one_fold] EVAL EC | Fold 2 | Epoch 022/100 | Acc: 0.5000 | Prec: 0.5000 | Recall: 0.6667 | Spec: 0.3333
[2025-11-28 13:36:30,187 INFO main.train_one_fold]   Confusion: TP=2, TN=1, FP=2, FN=1
[2025-11-28 13:36:38,396 INFO main.train_one_fold] TRAIN CHUNK | Fold 2 | Epoch 023/100 | Loss: 0.6846 | Acc: 0.5269 | Prec: 0.5205 | Recall: 0.6702 | Spec: 0.3840
[2025-11-28 13:36:38,851 INFO main.train_one_fold] EVAL CHUNK | Fold 2 | Epoch 023/100 | Loss: 0.6711 | Acc: 0.4044 | Prec: 0.4382 | Recall: 0.3980 | Spec: 0.4118
[2025-11-28 13:36:38,852 INFO main.train_one_fold]   Confusion: TP=39, TN=35, FP=50, FN=59
[2025-11-28 13:36:38,852 INFO main.train_one_fold] EVAL SUBJECT | Fold 2 | Epoch 023/100 | Loss: 0.6711 | Acc: 0.3333 | Prec: 0.3333 | Recall: 0.3333 | Spec: 0.3333
[2025-11-28 13:36:38,852 INFO main.train_one_fold]   Confusion: TP=1, TN=1, FP=2, FN=2
[2025-11-28 13:36:38,852 INFO main.train_one_fold] EVAL EC | Fold 2 | Epoch 023/100 | Acc: 0.3333 | Prec: 0.3333 | Recall: 0.3333 | Spec: 0.3333
[2025-11-28 13:36:38,853 INFO main.train_one_fold]   Confusion: TP=1, TN=1, FP=2, FN=2
[2025-11-28 13:36:45,728 INFO main.train_one_fold] TRAIN CHUNK | Fold 2 | Epoch 024/100 | Loss: 0.6799 | Acc: 0.5533 | Prec: 0.5651 | Recall: 0.4588 | Spec: 0.6477
[2025-11-28 13:36:46,311 INFO main.train_one_fold] EVAL CHUNK | Fold 2 | Epoch 024/100 | Loss: 0.6692 | Acc: 0.5082 | Prec: 0.5345 | Recall: 0.6327 | Spec: 0.3647
[2025-11-28 13:36:46,311 INFO main.train_one_fold]   Confusion: TP=62, TN=31, FP=54, FN=36
[2025-11-28 13:36:46,311 INFO main.train_one_fold] EVAL SUBJECT | Fold 2 | Epoch 024/100 | Loss: 0.6692 | Acc: 0.5000 | Prec: 0.5000 | Recall: 0.6667 | Spec: 0.3333
[2025-11-28 13:36:46,312 INFO main.train_one_fold]   Confusion: TP=2, TN=1, FP=2, FN=1
[2025-11-28 13:36:46,312 INFO main.train_one_fold] EVAL EC | Fold 2 | Epoch 024/100 | Acc: 0.5000 | Prec: 0.5000 | Recall: 0.6667 | Spec: 0.3333
[2025-11-28 13:36:46,312 INFO main.train_one_fold]   Confusion: TP=2, TN=1, FP=2, FN=1
[2025-11-28 13:36:52,289 INFO main.train_one_fold] TRAIN CHUNK | Fold 2 | Epoch 025/100 | Loss: 0.6771 | Acc: 0.5502 | Prec: 0.5419 | Recall: 0.6427 | Spec: 0.4578
[2025-11-28 13:36:52,923 INFO main.train_one_fold] EVAL CHUNK | Fold 2 | Epoch 025/100 | Loss: 0.6670 | Acc: 0.5628 | Prec: 0.5703 | Recall: 0.7449 | Spec: 0.3529
[2025-11-28 13:36:52,923 INFO main.train_one_fold]   Confusion: TP=73, TN=30, FP=55, FN=25
[2025-11-28 13:36:52,923 INFO main.train_one_fold] EVAL SUBJECT | Fold 2 | Epoch 025/100 | Loss: 0.6670 | Acc: 0.5000 | Prec: 0.5000 | Recall: 0.6667 | Spec: 0.3333
[2025-11-28 13:36:52,924 INFO main.train_one_fold]   Confusion: TP=2, TN=1, FP=2, FN=1
[2025-11-28 13:36:52,924 INFO main.train_one_fold] EVAL EC | Fold 2 | Epoch 025/100 | Acc: 0.5000 | Prec: 0.5000 | Recall: 0.6667 | Spec: 0.3333
[2025-11-28 13:36:52,924 INFO main.train_one_fold]   Confusion: TP=2, TN=1, FP=2, FN=1
[2025-11-28 13:36:59,732 INFO main.train_one_fold] TRAIN CHUNK | Fold 2 | Epoch 026/100 | Loss: 0.6714 | Acc: 0.5607 | Prec: 0.5693 | Recall: 0.4947 | Spec: 0.6266
[2025-11-28 13:37:00,035 INFO main.train_one_fold] EVAL CHUNK | Fold 2 | Epoch 026/100 | Loss: 0.6695 | Acc: 0.4426 | Prec: 0.4796 | Recall: 0.4796 | Spec: 0.4000
[2025-11-28 13:37:00,035 INFO main.train_one_fold]   Confusion: TP=47, TN=34, FP=51, FN=51
[2025-11-28 13:37:00,035 INFO main.train_one_fold] EVAL SUBJECT | Fold 2 | Epoch 026/100 | Loss: 0.6695 | Acc: 0.3333 | Prec: 0.3333 | Recall: 0.3333 | Spec: 0.3333
[2025-11-28 13:37:00,036 INFO main.train_one_fold]   Confusion: TP=1, TN=1, FP=2, FN=2
[2025-11-28 13:37:00,036 INFO main.train_one_fold] EVAL EC | Fold 2 | Epoch 026/100 | Acc: 0.3333 | Prec: 0.3333 | Recall: 0.3333 | Spec: 0.3333
[2025-11-28 13:37:00,036 INFO main.train_one_fold]   Confusion: TP=1, TN=1, FP=2, FN=2
[2025-11-28 13:37:06,990 INFO main.train_one_fold] TRAIN CHUNK | Fold 2 | Epoch 027/100 | Loss: 0.6709 | Acc: 0.5586 | Prec: 0.5607 | Recall: 0.5370 | Spec: 0.5802
[2025-11-28 13:37:07,448 INFO main.train_one_fold] EVAL CHUNK | Fold 2 | Epoch 027/100 | Loss: 0.6689 | Acc: 0.5191 | Prec: 0.5424 | Recall: 0.6531 | Spec: 0.3647
[2025-11-28 13:37:07,449 INFO main.train_one_fold]   Confusion: TP=64, TN=31, FP=54, FN=34
[2025-11-28 13:37:07,449 INFO main.train_one_fold] EVAL SUBJECT | Fold 2 | Epoch 027/100 | Loss: 0.6689 | Acc: 0.5000 | Prec: 0.5000 | Recall: 0.6667 | Spec: 0.3333
[2025-11-28 13:37:07,449 INFO main.train_one_fold]   Confusion: TP=2, TN=1, FP=2, FN=1
[2025-11-28 13:37:07,449 INFO main.train_one_fold] EVAL EC | Fold 2 | Epoch 027/100 | Acc: 0.5000 | Prec: 0.5000 | Recall: 0.6667 | Spec: 0.3333
[2025-11-28 13:37:07,449 INFO main.train_one_fold]   Confusion: TP=2, TN=1, FP=2, FN=1
[2025-11-28 13:37:13,965 INFO main.train_one_fold] TRAIN CHUNK | Fold 2 | Epoch 028/100 | Loss: 0.6678 | Acc: 0.5660 | Prec: 0.5683 | Recall: 0.5455 | Spec: 0.5865
[2025-11-28 13:37:14,343 INFO main.train_one_fold] EVAL CHUNK | Fold 2 | Epoch 028/100 | Loss: 0.6619 | Acc: 0.6776 | Prec: 0.6291 | Recall: 0.9694 | Spec: 0.3412
[2025-11-28 13:37:14,343 INFO main.train_one_fold]   Confusion: TP=95, TN=29, FP=56, FN=3
[2025-11-28 13:37:14,343 INFO main.train_one_fold] EVAL SUBJECT | Fold 2 | Epoch 028/100 | Loss: 0.6619 | Acc: 0.6667 | Prec: 0.6000 | Recall: 1.0000 | Spec: 0.3333
[2025-11-28 13:37:14,343 INFO main.train_one_fold]   Confusion: TP=3, TN=1, FP=2, FN=0
[2025-11-28 13:37:14,343 INFO main.train_one_fold] EVAL EC | Fold 2 | Epoch 028/100 | Acc: 0.6667 | Prec: 0.6000 | Recall: 1.0000 | Spec: 0.3333
[2025-11-28 13:37:14,344 INFO main.train_one_fold]   Confusion: TP=3, TN=1, FP=2, FN=0
[2025-11-28 13:37:14,377 INFO main.train_one_fold] ✓ Saved best model: experiments/t7_005_beta_cane_ec/fold_2_best.pth (combined=0.4517, chunk=0.6776, subject=0.6667)
[2025-11-28 13:37:14,378 INFO early_stopping.__call__] Validation improved from 0.4481 to 0.4517 (+0.0036) at epoch 28
[2025-11-28 13:37:19,580 INFO main.train_one_fold] TRAIN CHUNK | Fold 2 | Epoch 029/100 | Loss: 0.6624 | Acc: 0.5713 | Prec: 0.5571 | Recall: 0.6913 | Spec: 0.4515
[2025-11-28 13:37:20,073 INFO main.train_one_fold] EVAL CHUNK | Fold 2 | Epoch 029/100 | Loss: 0.6547 | Acc: 0.6940 | Prec: 0.6364 | Recall: 1.0000 | Spec: 0.3412
[2025-11-28 13:37:20,075 INFO main.train_one_fold]   Confusion: TP=98, TN=29, FP=56, FN=0
[2025-11-28 13:37:20,076 INFO main.train_one_fold] EVAL SUBJECT | Fold 2 | Epoch 029/100 | Loss: 0.6547 | Acc: 0.6667 | Prec: 0.6000 | Recall: 1.0000 | Spec: 0.3333
[2025-11-28 13:37:20,080 INFO main.train_one_fold]   Confusion: TP=3, TN=1, FP=2, FN=0
[2025-11-28 13:37:20,082 INFO main.train_one_fold] EVAL EC | Fold 2 | Epoch 029/100 | Acc: 0.6667 | Prec: 0.6000 | Recall: 1.0000 | Spec: 0.3333
[2025-11-28 13:37:20,084 INFO main.train_one_fold]   Confusion: TP=3, TN=1, FP=2, FN=0
[2025-11-28 13:37:20,128 INFO main.train_one_fold] ✓ Saved best model: experiments/t7_005_beta_cane_ec/fold_2_best.pth (combined=0.4627, chunk=0.6940, subject=0.6667)
[2025-11-28 13:37:20,128 INFO early_stopping.__call__] Validation improved from 0.4517 to 0.4627 (+0.0109) at epoch 29
[2025-11-28 13:37:25,168 INFO main.train_one_fold] TRAIN CHUNK | Fold 2 | Epoch 030/100 | Loss: 0.6644 | Acc: 0.5861 | Prec: 0.5615 | Recall: 0.7822 | Spec: 0.3903
[2025-11-28 13:37:25,532 INFO main.train_one_fold] EVAL CHUNK | Fold 2 | Epoch 030/100 | Loss: 0.6697 | Acc: 0.4426 | Prec: 0.4808 | Recall: 0.5102 | Spec: 0.3647
[2025-11-28 13:37:25,532 INFO main.train_one_fold]   Confusion: TP=50, TN=31, FP=54, FN=48
[2025-11-28 13:37:25,532 INFO main.train_one_fold] EVAL SUBJECT | Fold 2 | Epoch 030/100 | Loss: 0.6697 | Acc: 0.5000 | Prec: 0.5000 | Recall: 0.6667 | Spec: 0.3333
[2025-11-28 13:37:25,533 INFO main.train_one_fold]   Confusion: TP=2, TN=1, FP=2, FN=1
[2025-11-28 13:37:25,533 INFO main.train_one_fold] EVAL EC | Fold 2 | Epoch 030/100 | Acc: 0.5000 | Prec: 0.5000 | Recall: 0.6667 | Spec: 0.3333
[2025-11-28 13:37:25,533 INFO main.train_one_fold]   Confusion: TP=2, TN=1, FP=2, FN=1
[2025-11-28 13:37:25,555 INFO main.train_one_fold] Saved checkpoint: experiments/t7_005_beta_cane_ec/fold_2_epoch_030.pth
[2025-11-28 13:37:30,593 INFO main.train_one_fold] TRAIN CHUNK | Fold 2 | Epoch 031/100 | Loss: 0.6602 | Acc: 0.5554 | Prec: 0.5468 | Recall: 0.6427 | Spec: 0.4684
[2025-11-28 13:37:31,023 INFO main.train_one_fold] EVAL CHUNK | Fold 2 | Epoch 031/100 | Loss: 0.6786 | Acc: 0.6120 | Prec: 0.5985 | Recall: 0.8367 | Spec: 0.3529
[2025-11-28 13:37:31,023 INFO main.train_one_fold]   Confusion: TP=82, TN=30, FP=55, FN=16
[2025-11-28 13:37:31,023 INFO main.train_one_fold] EVAL SUBJECT | Fold 2 | Epoch 031/100 | Loss: 0.6786 | Acc: 0.5000 | Prec: 0.5000 | Recall: 0.6667 | Spec: 0.3333
[2025-11-28 13:37:31,023 INFO main.train_one_fold]   Confusion: TP=2, TN=1, FP=2, FN=1
[2025-11-28 13:37:31,024 INFO main.train_one_fold] EVAL EC | Fold 2 | Epoch 031/100 | Acc: 0.5000 | Prec: 0.5000 | Recall: 0.6667 | Spec: 0.3333
[2025-11-28 13:37:31,024 INFO main.train_one_fold]   Confusion: TP=2, TN=1, FP=2, FN=1
[2025-11-28 13:37:36,802 INFO main.train_one_fold] TRAIN CHUNK | Fold 2 | Epoch 032/100 | Loss: 0.6585 | Acc: 0.5871 | Prec: 0.5659 | Recall: 0.7442 | Spec: 0.4304
[2025-11-28 13:37:39,963 INFO main.train_one_fold] EVAL CHUNK | Fold 2 | Epoch 032/100 | Loss: 0.7043 | Acc: 0.5683 | Prec: 0.5613 | Recall: 0.8878 | Spec: 0.2000
[2025-11-28 13:37:39,964 INFO main.train_one_fold]   Confusion: TP=87, TN=17, FP=68, FN=11
[2025-11-28 13:37:39,964 INFO main.train_one_fold] EVAL SUBJECT | Fold 2 | Epoch 032/100 | Loss: 0.7043 | Acc: 0.6667 | Prec: 0.6000 | Recall: 1.0000 | Spec: 0.3333
[2025-11-28 13:37:39,964 INFO main.train_one_fold]   Confusion: TP=3, TN=1, FP=2, FN=0
[2025-11-28 13:37:39,964 INFO main.train_one_fold] EVAL EC | Fold 2 | Epoch 032/100 | Acc: 0.6667 | Prec: 0.6000 | Recall: 1.0000 | Spec: 0.3333
[2025-11-28 13:37:39,964 INFO main.train_one_fold]   Confusion: TP=3, TN=1, FP=2, FN=0
[2025-11-28 13:37:47,284 INFO main.train_one_fold] TRAIN CHUNK | Fold 2 | Epoch 033/100 | Loss: 0.6497 | Acc: 0.5924 | Prec: 0.5687 | Recall: 0.7611 | Spec: 0.4241
[2025-11-28 13:37:47,963 INFO main.train_one_fold] EVAL CHUNK | Fold 2 | Epoch 033/100 | Loss: 0.7272 | Acc: 0.4809 | Prec: 0.5146 | Recall: 0.5408 | Spec: 0.4118
[2025-11-28 13:37:47,964 INFO main.train_one_fold]   Confusion: TP=53, TN=35, FP=50, FN=45
[2025-11-28 13:37:47,964 INFO main.train_one_fold] EVAL SUBJECT | Fold 2 | Epoch 033/100 | Loss: 0.7272 | Acc: 0.3333 | Prec: 0.3333 | Recall: 0.3333 | Spec: 0.3333
[2025-11-28 13:37:47,965 INFO main.train_one_fold]   Confusion: TP=1, TN=1, FP=2, FN=2
[2025-11-28 13:37:47,965 INFO main.train_one_fold] EVAL EC | Fold 2 | Epoch 033/100 | Acc: 0.3333 | Prec: 0.3333 | Recall: 0.3333 | Spec: 0.3333
[2025-11-28 13:37:47,965 INFO main.train_one_fold]   Confusion: TP=1, TN=1, FP=2, FN=2
[2025-11-28 13:37:56,533 INFO main.train_one_fold] TRAIN CHUNK | Fold 2 | Epoch 034/100 | Loss: 0.6454 | Acc: 0.6019 | Prec: 0.5734 | Recall: 0.7928 | Spec: 0.4114
[2025-11-28 13:37:56,884 INFO main.train_one_fold] EVAL CHUNK | Fold 2 | Epoch 034/100 | Loss: 0.7833 | Acc: 0.4153 | Prec: 0.4526 | Recall: 0.4388 | Spec: 0.3882
[2025-11-28 13:37:56,884 INFO main.train_one_fold]   Confusion: TP=43, TN=33, FP=52, FN=55
[2025-11-28 13:37:56,884 INFO main.train_one_fold] EVAL SUBJECT | Fold 2 | Epoch 034/100 | Loss: 0.7833 | Acc: 0.3333 | Prec: 0.3333 | Recall: 0.3333 | Spec: 0.3333
[2025-11-28 13:37:56,884 INFO main.train_one_fold]   Confusion: TP=1, TN=1, FP=2, FN=2
[2025-11-28 13:37:56,884 INFO main.train_one_fold] EVAL EC | Fold 2 | Epoch 034/100 | Acc: 0.3333 | Prec: 0.3333 | Recall: 0.3333 | Spec: 0.3333
[2025-11-28 13:37:56,884 INFO main.train_one_fold]   Confusion: TP=1, TN=1, FP=2, FN=2
[2025-11-28 13:38:01,389 INFO main.train_one_fold] TRAIN CHUNK | Fold 2 | Epoch 035/100 | Loss: 0.6371 | Acc: 0.6241 | Prec: 0.5924 | Recall: 0.7928 | Spec: 0.4557
[2025-11-28 13:38:01,724 INFO main.train_one_fold] EVAL CHUNK | Fold 2 | Epoch 035/100 | Loss: 0.8631 | Acc: 0.3552 | Prec: 0.3958 | Recall: 0.3878 | Spec: 0.3176
[2025-11-28 13:38:01,724 INFO main.train_one_fold]   Confusion: TP=38, TN=27, FP=58, FN=60
[2025-11-28 13:38:01,724 INFO main.train_one_fold] EVAL SUBJECT | Fold 2 | Epoch 035/100 | Loss: 0.8631 | Acc: 0.3333 | Prec: 0.3333 | Recall: 0.3333 | Spec: 0.3333
[2025-11-28 13:38:01,724 INFO main.train_one_fold]   Confusion: TP=1, TN=1, FP=2, FN=2
[2025-11-28 13:38:01,724 INFO main.train_one_fold] EVAL EC | Fold 2 | Epoch 035/100 | Acc: 0.3333 | Prec: 0.3333 | Recall: 0.3333 | Spec: 0.3333
[2025-11-28 13:38:01,724 INFO main.train_one_fold]   Confusion: TP=1, TN=1, FP=2, FN=2
[2025-11-28 13:38:05,394 INFO main.train_one_fold] TRAIN CHUNK | Fold 2 | Epoch 036/100 | Loss: 0.6317 | Acc: 0.6262 | Prec: 0.5983 | Recall: 0.7653 | Spec: 0.4873
[2025-11-28 13:38:05,646 INFO main.train_one_fold] EVAL CHUNK | Fold 2 | Epoch 036/100 | Loss: 0.9091 | Acc: 0.3497 | Prec: 0.3918 | Recall: 0.3878 | Spec: 0.3059
[2025-11-28 13:38:05,646 INFO main.train_one_fold]   Confusion: TP=38, TN=26, FP=59, FN=60
[2025-11-28 13:38:05,646 INFO main.train_one_fold] EVAL SUBJECT | Fold 2 | Epoch 036/100 | Loss: 0.9091 | Acc: 0.3333 | Prec: 0.3333 | Recall: 0.3333 | Spec: 0.3333
[2025-11-28 13:38:05,646 INFO main.train_one_fold]   Confusion: TP=1, TN=1, FP=2, FN=2
[2025-11-28 13:38:05,646 INFO main.train_one_fold] EVAL EC | Fold 2 | Epoch 036/100 | Acc: 0.3333 | Prec: 0.3333 | Recall: 0.3333 | Spec: 0.3333
[2025-11-28 13:38:05,646 INFO main.train_one_fold]   Confusion: TP=1, TN=1, FP=2, FN=2
[2025-11-28 13:38:09,136 INFO main.train_one_fold] TRAIN CHUNK | Fold 2 | Epoch 037/100 | Loss: 0.6259 | Acc: 0.6294 | Prec: 0.6048 | Recall: 0.7442 | Spec: 0.5148
[2025-11-28 13:38:09,457 INFO main.train_one_fold] EVAL CHUNK | Fold 2 | Epoch 037/100 | Loss: 0.8794 | Acc: 0.5410 | Prec: 0.5530 | Recall: 0.7449 | Spec: 0.3059
[2025-11-28 13:38:09,457 INFO main.train_one_fold]   Confusion: TP=73, TN=26, FP=59, FN=25
[2025-11-28 13:38:09,457 INFO main.train_one_fold] EVAL SUBJECT | Fold 2 | Epoch 037/100 | Loss: 0.8794 | Acc: 0.5000 | Prec: 0.5000 | Recall: 0.6667 | Spec: 0.3333
[2025-11-28 13:38:09,458 INFO main.train_one_fold]   Confusion: TP=2, TN=1, FP=2, FN=1
[2025-11-28 13:38:09,458 INFO main.train_one_fold] EVAL EC | Fold 2 | Epoch 037/100 | Acc: 0.5000 | Prec: 0.5000 | Recall: 0.6667 | Spec: 0.3333
[2025-11-28 13:38:09,458 INFO main.train_one_fold]   Confusion: TP=2, TN=1, FP=2, FN=1
[2025-11-28 13:38:13,517 INFO main.train_one_fold] TRAIN CHUNK | Fold 2 | Epoch 038/100 | Loss: 0.6267 | Acc: 0.6272 | Prec: 0.5882 | Recall: 0.8457 | Spec: 0.4093
[2025-11-28 13:38:13,760 INFO main.train_one_fold] EVAL CHUNK | Fold 2 | Epoch 038/100 | Loss: 0.9075 | Acc: 0.5191 | Prec: 0.5391 | Recall: 0.7041 | Spec: 0.3059
[2025-11-28 13:38:13,760 INFO main.train_one_fold]   Confusion: TP=69, TN=26, FP=59, FN=29
[2025-11-28 13:38:13,760 INFO main.train_one_fold] EVAL SUBJECT | Fold 2 | Epoch 038/100 | Loss: 0.9075 | Acc: 0.5000 | Prec: 0.5000 | Recall: 0.6667 | Spec: 0.3333
[2025-11-28 13:38:13,760 INFO main.train_one_fold]   Confusion: TP=2, TN=1, FP=2, FN=1
[2025-11-28 13:38:13,760 INFO main.train_one_fold] EVAL EC | Fold 2 | Epoch 038/100 | Acc: 0.5000 | Prec: 0.5000 | Recall: 0.6667 | Spec: 0.3333
[2025-11-28 13:38:13,760 INFO main.train_one_fold]   Confusion: TP=2, TN=1, FP=2, FN=1
[2025-11-28 13:38:17,029 INFO main.train_one_fold] TRAIN CHUNK | Fold 2 | Epoch 039/100 | Loss: 0.6143 | Acc: 0.6484 | Prec: 0.6097 | Recall: 0.8224 | Spec: 0.4747
[2025-11-28 13:38:17,282 INFO main.train_one_fold] EVAL CHUNK | Fold 2 | Epoch 039/100 | Loss: 0.9282 | Acc: 0.5082 | Prec: 0.5286 | Recall: 0.7551 | Spec: 0.2235
[2025-11-28 13:38:17,283 INFO main.train_one_fold]   Confusion: TP=74, TN=19, FP=66, FN=24
[2025-11-28 13:38:17,283 INFO main.train_one_fold] EVAL SUBJECT | Fold 2 | Epoch 039/100 | Loss: 0.9282 | Acc: 0.5000 | Prec: 0.5000 | Recall: 0.6667 | Spec: 0.3333
[2025-11-28 13:38:17,283 INFO main.train_one_fold]   Confusion: TP=2, TN=1, FP=2, FN=1
[2025-11-28 13:38:17,283 INFO main.train_one_fold] EVAL EC | Fold 2 | Epoch 039/100 | Acc: 0.5000 | Prec: 0.5000 | Recall: 0.6667 | Spec: 0.3333
[2025-11-28 13:38:17,283 INFO main.train_one_fold]   Confusion: TP=2, TN=1, FP=2, FN=1
[2025-11-28 13:38:23,242 INFO main.train_one_fold] TRAIN CHUNK | Fold 2 | Epoch 040/100 | Loss: 0.6201 | Acc: 0.6315 | Prec: 0.5912 | Recall: 0.8499 | Spec: 0.4135
[2025-11-28 13:38:23,665 INFO main.train_one_fold] EVAL CHUNK | Fold 2 | Epoch 040/100 | Loss: 0.9699 | Acc: 0.5301 | Prec: 0.5441 | Recall: 0.7551 | Spec: 0.2706
[2025-11-28 13:38:23,667 INFO main.train_one_fold]   Confusion: TP=74, TN=23, FP=62, FN=24
[2025-11-28 13:38:23,667 INFO main.train_one_fold] EVAL SUBJECT | Fold 2 | Epoch 040/100 | Loss: 0.9699 | Acc: 0.5000 | Prec: 0.5000 | Recall: 0.6667 | Spec: 0.3333
[2025-11-28 13:38:23,667 INFO main.train_one_fold]   Confusion: TP=2, TN=1, FP=2, FN=1
[2025-11-28 13:38:23,667 INFO main.train_one_fold] EVAL EC | Fold 2 | Epoch 040/100 | Acc: 0.5000 | Prec: 0.5000 | Recall: 0.6667 | Spec: 0.3333
[2025-11-28 13:38:23,667 INFO main.train_one_fold]   Confusion: TP=2, TN=1, FP=2, FN=1
[2025-11-28 13:38:23,698 INFO main.train_one_fold] Saved checkpoint: experiments/t7_005_beta_cane_ec/fold_2_epoch_040.pth
[2025-11-28 13:38:36,388 INFO main.train_one_fold] TRAIN CHUNK | Fold 2 | Epoch 041/100 | Loss: 0.6160 | Acc: 0.6325 | Prec: 0.5981 | Recall: 0.8055 | Spec: 0.4599
[2025-11-28 13:38:37,779 INFO main.train_one_fold] EVAL CHUNK | Fold 2 | Epoch 041/100 | Loss: 0.9831 | Acc: 0.5246 | Prec: 0.5407 | Recall: 0.7449 | Spec: 0.2706
[2025-11-28 13:38:37,780 INFO main.train_one_fold]   Confusion: TP=73, TN=23, FP=62, FN=25
[2025-11-28 13:38:37,780 INFO main.train_one_fold] EVAL SUBJECT | Fold 2 | Epoch 041/100 | Loss: 0.9831 | Acc: 0.5000 | Prec: 0.5000 | Recall: 0.6667 | Spec: 0.3333
[2025-11-28 13:38:37,780 INFO main.train_one_fold]   Confusion: TP=2, TN=1, FP=2, FN=1
[2025-11-28 13:38:37,780 INFO main.train_one_fold] EVAL EC | Fold 2 | Epoch 041/100 | Acc: 0.5000 | Prec: 0.5000 | Recall: 0.6667 | Spec: 0.3333
[2025-11-28 13:38:37,780 INFO main.train_one_fold]   Confusion: TP=2, TN=1, FP=2, FN=1
[2025-11-28 13:39:03,621 INFO main.train_one_fold] TRAIN CHUNK | Fold 2 | Epoch 042/100 | Loss: 0.6015 | Acc: 0.6663 | Prec: 0.6210 | Recall: 0.8520 | Spec: 0.4810
[2025-11-28 13:39:04,512 INFO main.train_one_fold] EVAL CHUNK | Fold 2 | Epoch 042/100 | Loss: 1.0661 | Acc: 0.4699 | Prec: 0.5041 | Recall: 0.6224 | Spec: 0.2941
[2025-11-28 13:39:04,512 INFO main.train_one_fold]   Confusion: TP=61, TN=25, FP=60, FN=37
[2025-11-28 13:39:04,512 INFO main.train_one_fold] EVAL SUBJECT | Fold 2 | Epoch 042/100 | Loss: 1.0661 | Acc: 0.5000 | Prec: 0.5000 | Recall: 0.6667 | Spec: 0.3333
[2025-11-28 13:39:04,512 INFO main.train_one_fold]   Confusion: TP=2, TN=1, FP=2, FN=1
[2025-11-28 13:39:04,513 INFO main.train_one_fold] EVAL EC | Fold 2 | Epoch 042/100 | Acc: 0.5000 | Prec: 0.5000 | Recall: 0.6667 | Spec: 0.3333
[2025-11-28 13:39:04,513 INFO main.train_one_fold]   Confusion: TP=2, TN=1, FP=2, FN=1
[2025-11-28 13:39:17,564 INFO main.train_one_fold] TRAIN CHUNK | Fold 2 | Epoch 043/100 | Loss: 0.5909 | Acc: 0.6463 | Prec: 0.6099 | Recall: 0.8097 | Spec: 0.4831
[2025-11-28 13:39:18,475 INFO main.train_one_fold] EVAL CHUNK | Fold 2 | Epoch 043/100 | Loss: 1.1883 | Acc: 0.3552 | Prec: 0.4000 | Recall: 0.4082 | Spec: 0.2941
[2025-11-28 13:39:18,475 INFO main.train_one_fold]   Confusion: TP=40, TN=25, FP=60, FN=58
[2025-11-28 13:39:18,476 INFO main.train_one_fold] EVAL SUBJECT | Fold 2 | Epoch 043/100 | Loss: 1.1883 | Acc: 0.3333 | Prec: 0.3333 | Recall: 0.3333 | Spec: 0.3333
[2025-11-28 13:39:18,476 INFO main.train_one_fold]   Confusion: TP=1, TN=1, FP=2, FN=2
[2025-11-28 13:39:18,476 INFO main.train_one_fold] EVAL EC | Fold 2 | Epoch 043/100 | Acc: 0.3333 | Prec: 0.3333 | Recall: 0.3333 | Spec: 0.3333
[2025-11-28 13:39:18,476 INFO main.train_one_fold]   Confusion: TP=1, TN=1, FP=2, FN=2
[2025-11-28 13:39:27,970 INFO main.train_one_fold] TRAIN CHUNK | Fold 2 | Epoch 044/100 | Loss: 0.5880 | Acc: 0.6610 | Prec: 0.6141 | Recall: 0.8647 | Spec: 0.4578
[2025-11-28 13:39:28,841 INFO main.train_one_fold] EVAL CHUNK | Fold 2 | Epoch 044/100 | Loss: 1.1081 | Acc: 0.5137 | Prec: 0.5349 | Recall: 0.7041 | Spec: 0.2941
[2025-11-28 13:39:28,842 INFO main.train_one_fold]   Confusion: TP=69, TN=25, FP=60, FN=29
[2025-11-28 13:39:28,842 INFO main.train_one_fold] EVAL SUBJECT | Fold 2 | Epoch 044/100 | Loss: 1.1081 | Acc: 0.5000 | Prec: 0.5000 | Recall: 0.6667 | Spec: 0.3333
[2025-11-28 13:39:28,842 INFO main.train_one_fold]   Confusion: TP=2, TN=1, FP=2, FN=1
[2025-11-28 13:39:28,842 INFO main.train_one_fold] EVAL EC | Fold 2 | Epoch 044/100 | Acc: 0.5000 | Prec: 0.5000 | Recall: 0.6667 | Spec: 0.3333
[2025-11-28 13:39:28,843 INFO main.train_one_fold]   Confusion: TP=2, TN=1, FP=2, FN=1
[2025-11-28 13:39:35,409 INFO main.train_one_fold] TRAIN CHUNK | Fold 2 | Epoch 045/100 | Loss: 0.5810 | Acc: 0.6705 | Prec: 0.6225 | Recall: 0.8647 | Spec: 0.4768
[2025-11-28 13:39:35,773 INFO main.train_one_fold] EVAL CHUNK | Fold 2 | Epoch 045/100 | Loss: 1.1553 | Acc: 0.5137 | Prec: 0.5349 | Recall: 0.7041 | Spec: 0.2941
[2025-11-28 13:39:35,773 INFO main.train_one_fold]   Confusion: TP=69, TN=25, FP=60, FN=29
[2025-11-28 13:39:35,773 INFO main.train_one_fold] EVAL SUBJECT | Fold 2 | Epoch 045/100 | Loss: 1.1553 | Acc: 0.5000 | Prec: 0.5000 | Recall: 0.6667 | Spec: 0.3333
[2025-11-28 13:39:35,773 INFO main.train_one_fold]   Confusion: TP=2, TN=1, FP=2, FN=1
[2025-11-28 13:39:35,774 INFO main.train_one_fold] EVAL EC | Fold 2 | Epoch 045/100 | Acc: 0.5000 | Prec: 0.5000 | Recall: 0.6667 | Spec: 0.3333
[2025-11-28 13:39:35,774 INFO main.train_one_fold]   Confusion: TP=2, TN=1, FP=2, FN=1
[2025-11-28 13:39:46,793 INFO main.train_one_fold] TRAIN CHUNK | Fold 2 | Epoch 046/100 | Loss: 0.5740 | Acc: 0.6716 | Prec: 0.6141 | Recall: 0.9218 | Spec: 0.4219
[2025-11-28 13:39:47,325 INFO main.train_one_fold] EVAL CHUNK | Fold 2 | Epoch 046/100 | Loss: 1.2406 | Acc: 0.4809 | Prec: 0.5122 | Recall: 0.6429 | Spec: 0.2941
[2025-11-28 13:39:47,326 INFO main.train_one_fold]   Confusion: TP=63, TN=25, FP=60, FN=35
[2025-11-28 13:39:47,326 INFO main.train_one_fold] EVAL SUBJECT | Fold 2 | Epoch 046/100 | Loss: 1.2406 | Acc: 0.5000 | Prec: 0.5000 | Recall: 0.6667 | Spec: 0.3333
[2025-11-28 13:39:47,326 INFO main.train_one_fold]   Confusion: TP=2, TN=1, FP=2, FN=1
[2025-11-28 13:39:47,326 INFO main.train_one_fold] EVAL EC | Fold 2 | Epoch 046/100 | Acc: 0.5000 | Prec: 0.5000 | Recall: 0.6667 | Spec: 0.3333
[2025-11-28 13:39:47,326 INFO main.train_one_fold]   Confusion: TP=2, TN=1, FP=2, FN=1
[2025-11-28 13:39:53,450 INFO main.train_one_fold] TRAIN CHUNK | Fold 2 | Epoch 047/100 | Loss: 0.5785 | Acc: 0.6716 | Prec: 0.6294 | Recall: 0.8330 | Spec: 0.5105
[2025-11-28 13:39:55,188 INFO main.train_one_fold] EVAL CHUNK | Fold 2 | Epoch 047/100 | Loss: 1.3024 | Acc: 0.3880 | Prec: 0.4340 | Recall: 0.4694 | Spec: 0.2941
[2025-11-28 13:39:55,194 INFO main.train_one_fold]   Confusion: TP=46, TN=25, FP=60, FN=52
[2025-11-28 13:39:55,194 INFO main.train_one_fold] EVAL SUBJECT | Fold 2 | Epoch 047/100 | Loss: 1.3024 | Acc: 0.3333 | Prec: 0.3333 | Recall: 0.3333 | Spec: 0.3333
[2025-11-28 13:39:55,197 INFO main.train_one_fold]   Confusion: TP=1, TN=1, FP=2, FN=2
[2025-11-28 13:39:55,197 INFO main.train_one_fold] EVAL EC | Fold 2 | Epoch 047/100 | Acc: 0.3333 | Prec: 0.3333 | Recall: 0.3333 | Spec: 0.3333
[2025-11-28 13:39:55,197 INFO main.train_one_fold]   Confusion: TP=1, TN=1, FP=2, FN=2
[2025-11-28 13:40:03,838 INFO main.train_one_fold] TRAIN CHUNK | Fold 2 | Epoch 048/100 | Loss: 0.5532 | Acc: 0.7033 | Prec: 0.6524 | Recall: 0.8689 | Spec: 0.5380
[2025-11-28 13:40:04,176 INFO main.train_one_fold] EVAL CHUNK | Fold 2 | Epoch 048/100 | Loss: 1.2762 | Acc: 0.4699 | Prec: 0.5041 | Recall: 0.6224 | Spec: 0.2941
[2025-11-28 13:40:04,176 INFO main.train_one_fold]   Confusion: TP=61, TN=25, FP=60, FN=37
[2025-11-28 13:40:04,176 INFO main.train_one_fold] EVAL SUBJECT | Fold 2 | Epoch 048/100 | Loss: 1.2762 | Acc: 0.5000 | Prec: 0.5000 | Recall: 0.6667 | Spec: 0.3333
[2025-11-28 13:40:04,176 INFO main.train_one_fold]   Confusion: TP=2, TN=1, FP=2, FN=1
[2025-11-28 13:40:04,176 INFO main.train_one_fold] EVAL EC | Fold 2 | Epoch 048/100 | Acc: 0.5000 | Prec: 0.5000 | Recall: 0.6667 | Spec: 0.3333
[2025-11-28 13:40:04,176 INFO main.train_one_fold]   Confusion: TP=2, TN=1, FP=2, FN=1
[2025-11-28 13:40:14,753 INFO main.train_one_fold] TRAIN CHUNK | Fold 2 | Epoch 049/100 | Loss: 0.5695 | Acc: 0.6653 | Prec: 0.6121 | Recall: 0.9006 | Spec: 0.4304
[2025-11-28 13:40:15,479 INFO main.train_one_fold] EVAL CHUNK | Fold 2 | Epoch 049/100 | Loss: 1.1786 | Acc: 0.5082 | Prec: 0.5294 | Recall: 0.7347 | Spec: 0.2471
[2025-11-28 13:40:15,479 INFO main.train_one_fold]   Confusion: TP=72, TN=21, FP=64, FN=26
[2025-11-28 13:40:15,479 INFO main.train_one_fold] EVAL SUBJECT | Fold 2 | Epoch 049/100 | Loss: 1.1786 | Acc: 0.5000 | Prec: 0.5000 | Recall: 0.6667 | Spec: 0.3333
[2025-11-28 13:40:15,479 INFO main.train_one_fold]   Confusion: TP=2, TN=1, FP=2, FN=1
[2025-11-28 13:40:15,480 INFO main.train_one_fold] EVAL EC | Fold 2 | Epoch 049/100 | Acc: 0.5000 | Prec: 0.5000 | Recall: 0.6667 | Spec: 0.3333
[2025-11-28 13:40:15,480 INFO main.train_one_fold]   Confusion: TP=2, TN=1, FP=2, FN=1
[2025-11-28 13:40:15,480 INFO early_stopping.__call__] Early stopping triggered after 20 epochs without improvement. Best score: 0.4627 at epoch 29
[2025-11-28 13:40:15,480 INFO main.train_one_fold] Early stopping triggered at epoch 49
[2025-11-28 13:40:15,480 INFO main.train_one_fold] 
Fold 2 training completed. Best Combined Val Acc: 0.4627 at epoch 29
[2025-11-28 13:40:15,481 INFO main.train_cross_validation] ================================================================================
[2025-11-28 13:40:15,481 INFO main.train_cross_validation] FOLD 3/6
[2025-11-28 13:40:15,481 INFO main.train_cross_validation] ================================================================================
[2025-11-28 13:40:15,481 INFO main.get_datasets_for_fold] Train subjects (31): ['cane:H S0012 EC', 'cane:H S1002 EC', 'cane:H S1033 EC', 'cane:H S0015 EC', 'cane:AX S1087 EC', 'cane:AX S1050 EC', 'cane:AX S0073 EC', 'cane:H S1010 EC', 'cane:H S1095 EC', 'cane:H S0079 EC', 'cane:AX S1023 EC', 'cane:AX S1051 EC', 'cane:AX S1006 EC', 'cane:H S0078 EC', 'cane:H S1022 EC', 'cane:H S1101 EC', 'cane:AX S1084 EC', 'cane:AX S1007 EC', 'cane:AX S1065 EC', 'cane:H S1001 EC', 'cane:H S1054 EC', 'cane:H S1008 EC', 'cane:AX S1027 EC', 'cane:AX S0074 EC', 'cane:AX S1009 EC', 'cane:H S1028 EC', 'cane:H S1085 EC', 'cane:H S1003 EC', 'cane:AX S1024 EC', 'cane:AX S0041 EC', 'cane:AX S0056 EC']...
[2025-11-28 13:40:15,482 INFO main.get_datasets_for_fold] Val subjects (6): ['cane:H S1060 EC', 'cane:H S1091 EC', 'cane:H S1096 EC', 'cane:AX S1005 EC', 'cane:AX S0072 EC', 'cane:AX S0057 EC']
[2025-11-28 13:40:15,483 INFO main.get_datasets_for_fold] Training chunks: 954
[2025-11-28 13:40:15,483 INFO main.get_datasets_for_fold] Validation chunks: 176
[2025-11-28 13:40:15,508 INFO model.__init__] Initialized LSTM with input_size=1728, hidden_size=100, batch_first=True
[2025-11-28 13:40:15,519 INFO main.train_one_fold] Starting training for fold 3
[2025-11-28 13:40:20,886 INFO main.train_one_fold] TRAIN CHUNK | Fold 3 | Epoch 001/100 | Loss: 0.6974 | Acc: 0.5084 | Prec: 0.5084 | Recall: 1.0000 | Spec: 0.0000
[2025-11-28 13:40:21,289 INFO main.train_one_fold] EVAL CHUNK | Fold 3 | Epoch 001/100 | Loss: 0.7011 | Acc: 0.4886 | Prec: 0.4886 | Recall: 1.0000 | Spec: 0.0000
[2025-11-28 13:40:21,289 INFO main.train_one_fold]   Confusion: TP=86, TN=0, FP=90, FN=0
[2025-11-28 13:40:21,289 INFO main.train_one_fold] EVAL SUBJECT | Fold 3 | Epoch 001/100 | Loss: 0.7011 | Acc: 0.5000 | Prec: 0.5000 | Recall: 1.0000 | Spec: 0.0000
[2025-11-28 13:40:21,289 INFO main.train_one_fold]   Confusion: TP=3, TN=0, FP=3, FN=0
[2025-11-28 13:40:21,290 INFO main.train_one_fold] EVAL EC | Fold 3 | Epoch 001/100 | Acc: 0.5000 | Prec: 0.5000 | Recall: 1.0000 | Spec: 0.0000
[2025-11-28 13:40:21,290 INFO main.train_one_fold]   Confusion: TP=3, TN=0, FP=3, FN=0
[2025-11-28 13:40:21,318 INFO main.train_one_fold] ✓ Saved best model: experiments/t7_005_beta_cane_ec/fold_3_best.pth (combined=0.2443, chunk=0.4886, subject=0.5000)
[2025-11-28 13:40:21,318 INFO early_stopping.__call__] Early stopping initialized: best score 0.2443 at epoch 1
[2025-11-28 13:40:33,831 INFO main.train_one_fold] TRAIN CHUNK | Fold 3 | Epoch 002/100 | Loss: 0.6965 | Acc: 0.5084 | Prec: 0.5084 | Recall: 1.0000 | Spec: 0.0000
[2025-11-28 13:40:35,085 INFO main.train_one_fold] EVAL CHUNK | Fold 3 | Epoch 002/100 | Loss: 0.6997 | Acc: 0.4886 | Prec: 0.4886 | Recall: 1.0000 | Spec: 0.0000
[2025-11-28 13:40:35,089 INFO main.train_one_fold]   Confusion: TP=86, TN=0, FP=90, FN=0
[2025-11-28 13:40:35,089 INFO main.train_one_fold] EVAL SUBJECT | Fold 3 | Epoch 002/100 | Loss: 0.6997 | Acc: 0.5000 | Prec: 0.5000 | Recall: 1.0000 | Spec: 0.0000
[2025-11-28 13:40:35,089 INFO main.train_one_fold]   Confusion: TP=3, TN=0, FP=3, FN=0
[2025-11-28 13:40:35,089 INFO main.train_one_fold] EVAL EC | Fold 3 | Epoch 002/100 | Acc: 0.5000 | Prec: 0.5000 | Recall: 1.0000 | Spec: 0.0000
[2025-11-28 13:40:35,090 INFO main.train_one_fold]   Confusion: TP=3, TN=0, FP=3, FN=0
[2025-11-28 13:40:56,925 INFO main.train_one_fold] TRAIN CHUNK | Fold 3 | Epoch 003/100 | Loss: 0.6957 | Acc: 0.5084 | Prec: 0.5084 | Recall: 1.0000 | Spec: 0.0000
[2025-11-28 13:40:57,544 INFO main.train_one_fold] EVAL CHUNK | Fold 3 | Epoch 003/100 | Loss: 0.6964 | Acc: 0.4886 | Prec: 0.4886 | Recall: 1.0000 | Spec: 0.0000
[2025-11-28 13:40:57,544 INFO main.train_one_fold]   Confusion: TP=86, TN=0, FP=90, FN=0
[2025-11-28 13:40:57,544 INFO main.train_one_fold] EVAL SUBJECT | Fold 3 | Epoch 003/100 | Loss: 0.6964 | Acc: 0.5000 | Prec: 0.5000 | Recall: 1.0000 | Spec: 0.0000
[2025-11-28 13:40:57,545 INFO main.train_one_fold]   Confusion: TP=3, TN=0, FP=3, FN=0
[2025-11-28 13:40:57,545 INFO main.train_one_fold] EVAL EC | Fold 3 | Epoch 003/100 | Acc: 0.5000 | Prec: 0.5000 | Recall: 1.0000 | Spec: 0.0000
[2025-11-28 13:40:57,545 INFO main.train_one_fold]   Confusion: TP=3, TN=0, FP=3, FN=0
[2025-11-28 13:41:05,781 INFO main.train_one_fold] TRAIN CHUNK | Fold 3 | Epoch 004/100 | Loss: 0.6942 | Acc: 0.5084 | Prec: 0.5084 | Recall: 0.9979 | Spec: 0.0021
[2025-11-28 13:41:06,484 INFO main.train_one_fold] EVAL CHUNK | Fold 3 | Epoch 004/100 | Loss: 0.6955 | Acc: 0.4886 | Prec: 0.4886 | Recall: 1.0000 | Spec: 0.0000
[2025-11-28 13:41:06,484 INFO main.train_one_fold]   Confusion: TP=86, TN=0, FP=90, FN=0
[2025-11-28 13:41:06,484 INFO main.train_one_fold] EVAL SUBJECT | Fold 3 | Epoch 004/100 | Loss: 0.6955 | Acc: 0.5000 | Prec: 0.5000 | Recall: 1.0000 | Spec: 0.0000
[2025-11-28 13:41:06,485 INFO main.train_one_fold]   Confusion: TP=3, TN=0, FP=3, FN=0
[2025-11-28 13:41:06,485 INFO main.train_one_fold] EVAL EC | Fold 3 | Epoch 004/100 | Acc: 0.5000 | Prec: 0.5000 | Recall: 1.0000 | Spec: 0.0000
[2025-11-28 13:41:06,485 INFO main.train_one_fold]   Confusion: TP=3, TN=0, FP=3, FN=0
[2025-11-28 13:41:20,561 INFO main.train_one_fold] TRAIN CHUNK | Fold 3 | Epoch 005/100 | Loss: 0.6948 | Acc: 0.5042 | Prec: 0.5067 | Recall: 0.9340 | Spec: 0.0597
[2025-11-28 13:41:20,923 INFO main.train_one_fold] EVAL CHUNK | Fold 3 | Epoch 005/100 | Loss: 0.6937 | Acc: 0.4886 | Prec: 0.4886 | Recall: 1.0000 | Spec: 0.0000
[2025-11-28 13:41:20,923 INFO main.train_one_fold]   Confusion: TP=86, TN=0, FP=90, FN=0
[2025-11-28 13:41:20,923 INFO main.train_one_fold] EVAL SUBJECT | Fold 3 | Epoch 005/100 | Loss: 0.6937 | Acc: 0.5000 | Prec: 0.5000 | Recall: 1.0000 | Spec: 0.0000
[2025-11-28 13:41:20,923 INFO main.train_one_fold]   Confusion: TP=3, TN=0, FP=3, FN=0
[2025-11-28 13:41:20,923 INFO main.train_one_fold] EVAL EC | Fold 3 | Epoch 005/100 | Acc: 0.5000 | Prec: 0.5000 | Recall: 1.0000 | Spec: 0.0000
[2025-11-28 13:41:20,924 INFO main.train_one_fold]   Confusion: TP=3, TN=0, FP=3, FN=0
[2025-11-28 13:41:30,800 INFO main.train_one_fold] TRAIN CHUNK | Fold 3 | Epoch 006/100 | Loss: 0.6932 | Acc: 0.5052 | Prec: 0.5076 | Recall: 0.8990 | Spec: 0.0981
[2025-11-28 13:41:31,153 INFO main.train_one_fold] EVAL CHUNK | Fold 3 | Epoch 006/100 | Loss: 0.6937 | Acc: 0.4886 | Prec: 0.4886 | Recall: 1.0000 | Spec: 0.0000
[2025-11-28 13:41:31,153 INFO main.train_one_fold]   Confusion: TP=86, TN=0, FP=90, FN=0
[2025-11-28 13:41:31,153 INFO main.train_one_fold] EVAL SUBJECT | Fold 3 | Epoch 006/100 | Loss: 0.6937 | Acc: 0.5000 | Prec: 0.5000 | Recall: 1.0000 | Spec: 0.0000
[2025-11-28 13:41:31,153 INFO main.train_one_fold]   Confusion: TP=3, TN=0, FP=3, FN=0
[2025-11-28 13:41:31,153 INFO main.train_one_fold] EVAL EC | Fold 3 | Epoch 006/100 | Acc: 0.5000 | Prec: 0.5000 | Recall: 1.0000 | Spec: 0.0000
[2025-11-28 13:41:31,153 INFO main.train_one_fold]   Confusion: TP=3, TN=0, FP=3, FN=0
[2025-11-28 13:41:36,137 INFO main.train_one_fold] TRAIN CHUNK | Fold 3 | Epoch 007/100 | Loss: 0.6944 | Acc: 0.4937 | Prec: 0.5011 | Recall: 0.9258 | Spec: 0.0469
[2025-11-28 13:41:36,527 INFO main.train_one_fold] EVAL CHUNK | Fold 3 | Epoch 007/100 | Loss: 0.6938 | Acc: 0.4886 | Prec: 0.4886 | Recall: 1.0000 | Spec: 0.0000
[2025-11-28 13:41:36,527 INFO main.train_one_fold]   Confusion: TP=86, TN=0, FP=90, FN=0
[2025-11-28 13:41:36,527 INFO main.train_one_fold] EVAL SUBJECT | Fold 3 | Epoch 007/100 | Loss: 0.6938 | Acc: 0.5000 | Prec: 0.5000 | Recall: 1.0000 | Spec: 0.0000
[2025-11-28 13:41:36,527 INFO main.train_one_fold]   Confusion: TP=3, TN=0, FP=3, FN=0
[2025-11-28 13:41:36,527 INFO main.train_one_fold] EVAL EC | Fold 3 | Epoch 007/100 | Acc: 0.5000 | Prec: 0.5000 | Recall: 1.0000 | Spec: 0.0000
[2025-11-28 13:41:36,527 INFO main.train_one_fold]   Confusion: TP=3, TN=0, FP=3, FN=0
[2025-11-28 13:41:49,625 INFO main.train_one_fold] TRAIN CHUNK | Fold 3 | Epoch 008/100 | Loss: 0.6928 | Acc: 0.5136 | Prec: 0.5125 | Recall: 0.8845 | Spec: 0.1301
[2025-11-28 13:41:50,028 INFO main.train_one_fold] EVAL CHUNK | Fold 3 | Epoch 008/100 | Loss: 0.6931 | Acc: 0.4886 | Prec: 0.4886 | Recall: 1.0000 | Spec: 0.0000
[2025-11-28 13:41:50,029 INFO main.train_one_fold]   Confusion: TP=86, TN=0, FP=90, FN=0
[2025-11-28 13:41:50,029 INFO main.train_one_fold] EVAL SUBJECT | Fold 3 | Epoch 008/100 | Loss: 0.6931 | Acc: 0.5000 | Prec: 0.5000 | Recall: 1.0000 | Spec: 0.0000
[2025-11-28 13:41:50,029 INFO main.train_one_fold]   Confusion: TP=3, TN=0, FP=3, FN=0
[2025-11-28 13:41:50,030 INFO main.train_one_fold] EVAL EC | Fold 3 | Epoch 008/100 | Acc: 0.5000 | Prec: 0.5000 | Recall: 1.0000 | Spec: 0.0000
[2025-11-28 13:41:50,030 INFO main.train_one_fold]   Confusion: TP=3, TN=0, FP=3, FN=0
[2025-11-28 13:42:01,153 INFO main.train_one_fold] TRAIN CHUNK | Fold 3 | Epoch 009/100 | Loss: 0.6933 | Acc: 0.5042 | Prec: 0.5085 | Recall: 0.7402 | Spec: 0.2601
[2025-11-28 13:42:01,583 INFO main.train_one_fold] EVAL CHUNK | Fold 3 | Epoch 009/100 | Loss: 0.6926 | Acc: 0.4886 | Prec: 0.4886 | Recall: 1.0000 | Spec: 0.0000
[2025-11-28 13:42:01,584 INFO main.train_one_fold]   Confusion: TP=86, TN=0, FP=90, FN=0
[2025-11-28 13:42:01,584 INFO main.train_one_fold] EVAL SUBJECT | Fold 3 | Epoch 009/100 | Loss: 0.6926 | Acc: 0.5000 | Prec: 0.5000 | Recall: 1.0000 | Spec: 0.0000
[2025-11-28 13:42:01,584 INFO main.train_one_fold]   Confusion: TP=3, TN=0, FP=3, FN=0
[2025-11-28 13:42:01,584 INFO main.train_one_fold] EVAL EC | Fold 3 | Epoch 009/100 | Acc: 0.5000 | Prec: 0.5000 | Recall: 1.0000 | Spec: 0.0000
[2025-11-28 13:42:01,584 INFO main.train_one_fold]   Confusion: TP=3, TN=0, FP=3, FN=0
[2025-11-28 13:42:16,506 INFO main.train_one_fold] TRAIN CHUNK | Fold 3 | Epoch 010/100 | Loss: 0.6936 | Acc: 0.5084 | Prec: 0.5106 | Recall: 0.7959 | Spec: 0.2111
[2025-11-28 13:42:17,506 INFO main.train_one_fold] EVAL CHUNK | Fold 3 | Epoch 010/100 | Loss: 0.6929 | Acc: 0.4886 | Prec: 0.4886 | Recall: 1.0000 | Spec: 0.0000
[2025-11-28 13:42:17,506 INFO main.train_one_fold]   Confusion: TP=86, TN=0, FP=90, FN=0
[2025-11-28 13:42:17,507 INFO main.train_one_fold] EVAL SUBJECT | Fold 3 | Epoch 010/100 | Loss: 0.6929 | Acc: 0.5000 | Prec: 0.5000 | Recall: 1.0000 | Spec: 0.0000
[2025-11-28 13:42:17,507 INFO main.train_one_fold]   Confusion: TP=3, TN=0, FP=3, FN=0
[2025-11-28 13:42:17,507 INFO main.train_one_fold] EVAL EC | Fold 3 | Epoch 010/100 | Acc: 0.5000 | Prec: 0.5000 | Recall: 1.0000 | Spec: 0.0000
[2025-11-28 13:42:17,507 INFO main.train_one_fold]   Confusion: TP=3, TN=0, FP=3, FN=0
[2025-11-28 13:42:17,546 INFO main.train_one_fold] Saved checkpoint: experiments/t7_005_beta_cane_ec/fold_3_epoch_010.pth
[2025-11-28 13:42:43,267 INFO main.train_one_fold] TRAIN CHUNK | Fold 3 | Epoch 011/100 | Loss: 0.6931 | Acc: 0.5000 | Prec: 0.5051 | Recall: 0.8124 | Spec: 0.1770
[2025-11-28 13:42:44,400 INFO main.train_one_fold] EVAL CHUNK | Fold 3 | Epoch 011/100 | Loss: 0.6927 | Acc: 0.4886 | Prec: 0.4886 | Recall: 1.0000 | Spec: 0.0000
[2025-11-28 13:42:44,403 INFO main.train_one_fold]   Confusion: TP=86, TN=0, FP=90, FN=0
[2025-11-28 13:42:44,403 INFO main.train_one_fold] EVAL SUBJECT | Fold 3 | Epoch 011/100 | Loss: 0.6927 | Acc: 0.5000 | Prec: 0.5000 | Recall: 1.0000 | Spec: 0.0000
[2025-11-28 13:42:44,403 INFO main.train_one_fold]   Confusion: TP=3, TN=0, FP=3, FN=0
[2025-11-28 13:42:44,403 INFO main.train_one_fold] EVAL EC | Fold 3 | Epoch 011/100 | Acc: 0.5000 | Prec: 0.5000 | Recall: 1.0000 | Spec: 0.0000
[2025-11-28 13:42:44,404 INFO main.train_one_fold]   Confusion: TP=3, TN=0, FP=3, FN=0
[2025-11-28 13:43:01,998 INFO main.train_one_fold] TRAIN CHUNK | Fold 3 | Epoch 012/100 | Loss: 0.6930 | Acc: 0.5105 | Prec: 0.5109 | Recall: 0.8701 | Spec: 0.1386
[2025-11-28 13:43:03,272 INFO main.train_one_fold] EVAL CHUNK | Fold 3 | Epoch 012/100 | Loss: 0.6926 | Acc: 0.4886 | Prec: 0.4886 | Recall: 1.0000 | Spec: 0.0000
[2025-11-28 13:43:03,272 INFO main.train_one_fold]   Confusion: TP=86, TN=0, FP=90, FN=0
[2025-11-28 13:43:03,273 INFO main.train_one_fold] EVAL SUBJECT | Fold 3 | Epoch 012/100 | Loss: 0.6926 | Acc: 0.5000 | Prec: 0.5000 | Recall: 1.0000 | Spec: 0.0000
[2025-11-28 13:43:03,273 INFO main.train_one_fold]   Confusion: TP=3, TN=0, FP=3, FN=0
[2025-11-28 13:43:03,273 INFO main.train_one_fold] EVAL EC | Fold 3 | Epoch 012/100 | Acc: 0.5000 | Prec: 0.5000 | Recall: 1.0000 | Spec: 0.0000
[2025-11-28 13:43:03,273 INFO main.train_one_fold]   Confusion: TP=3, TN=0, FP=3, FN=0
[2025-11-28 13:43:10,378 INFO main.train_one_fold] TRAIN CHUNK | Fold 3 | Epoch 013/100 | Loss: 0.6937 | Acc: 0.4948 | Prec: 0.5021 | Recall: 0.7567 | Spec: 0.2239
[2025-11-28 13:43:10,840 INFO main.train_one_fold] EVAL CHUNK | Fold 3 | Epoch 013/100 | Loss: 0.6922 | Acc: 0.4886 | Prec: 0.4886 | Recall: 1.0000 | Spec: 0.0000
[2025-11-28 13:43:10,840 INFO main.train_one_fold]   Confusion: TP=86, TN=0, FP=90, FN=0
[2025-11-28 13:43:10,841 INFO main.train_one_fold] EVAL SUBJECT | Fold 3 | Epoch 013/100 | Loss: 0.6922 | Acc: 0.5000 | Prec: 0.5000 | Recall: 1.0000 | Spec: 0.0000
[2025-11-28 13:43:10,841 INFO main.train_one_fold]   Confusion: TP=3, TN=0, FP=3, FN=0
[2025-11-28 13:43:10,841 INFO main.train_one_fold] EVAL EC | Fold 3 | Epoch 013/100 | Acc: 0.5000 | Prec: 0.5000 | Recall: 1.0000 | Spec: 0.0000
[2025-11-28 13:43:10,841 INFO main.train_one_fold]   Confusion: TP=3, TN=0, FP=3, FN=0
[2025-11-28 13:43:23,267 INFO main.train_one_fold] TRAIN CHUNK | Fold 3 | Epoch 014/100 | Loss: 0.6934 | Acc: 0.5094 | Prec: 0.5098 | Recall: 0.9134 | Spec: 0.0917
[2025-11-28 13:43:23,700 INFO main.train_one_fold] EVAL CHUNK | Fold 3 | Epoch 014/100 | Loss: 0.6928 | Acc: 0.4886 | Prec: 0.4886 | Recall: 1.0000 | Spec: 0.0000
[2025-11-28 13:43:23,700 INFO main.train_one_fold]   Confusion: TP=86, TN=0, FP=90, FN=0
[2025-11-28 13:43:23,700 INFO main.train_one_fold] EVAL SUBJECT | Fold 3 | Epoch 014/100 | Loss: 0.6928 | Acc: 0.5000 | Prec: 0.5000 | Recall: 1.0000 | Spec: 0.0000
[2025-11-28 13:43:23,700 INFO main.train_one_fold]   Confusion: TP=3, TN=0, FP=3, FN=0
[2025-11-28 13:43:23,701 INFO main.train_one_fold] EVAL EC | Fold 3 | Epoch 014/100 | Acc: 0.5000 | Prec: 0.5000 | Recall: 1.0000 | Spec: 0.0000
[2025-11-28 13:43:23,701 INFO main.train_one_fold]   Confusion: TP=3, TN=0, FP=3, FN=0
[2025-11-28 13:43:28,373 INFO main.train_one_fold] TRAIN CHUNK | Fold 3 | Epoch 015/100 | Loss: 0.6931 | Acc: 0.5105 | Prec: 0.5109 | Recall: 0.8680 | Spec: 0.1407
[2025-11-28 13:43:28,752 INFO main.train_one_fold] EVAL CHUNK | Fold 3 | Epoch 015/100 | Loss: 0.6924 | Acc: 0.4886 | Prec: 0.4886 | Recall: 1.0000 | Spec: 0.0000
[2025-11-28 13:43:28,752 INFO main.train_one_fold]   Confusion: TP=86, TN=0, FP=90, FN=0
[2025-11-28 13:43:28,752 INFO main.train_one_fold] EVAL SUBJECT | Fold 3 | Epoch 015/100 | Loss: 0.6924 | Acc: 0.5000 | Prec: 0.5000 | Recall: 1.0000 | Spec: 0.0000
[2025-11-28 13:43:28,753 INFO main.train_one_fold]   Confusion: TP=3, TN=0, FP=3, FN=0
[2025-11-28 13:43:28,753 INFO main.train_one_fold] EVAL EC | Fold 3 | Epoch 015/100 | Acc: 0.5000 | Prec: 0.5000 | Recall: 1.0000 | Spec: 0.0000
[2025-11-28 13:43:28,753 INFO main.train_one_fold]   Confusion: TP=3, TN=0, FP=3, FN=0
[2025-11-28 13:43:40,682 INFO main.train_one_fold] TRAIN CHUNK | Fold 3 | Epoch 016/100 | Loss: 0.6924 | Acc: 0.5042 | Prec: 0.5080 | Recall: 0.7835 | Spec: 0.2154
[2025-11-28 13:43:41,061 INFO main.train_one_fold] EVAL CHUNK | Fold 3 | Epoch 016/100 | Loss: 0.6920 | Acc: 0.4886 | Prec: 0.4886 | Recall: 1.0000 | Spec: 0.0000
[2025-11-28 13:43:41,061 INFO main.train_one_fold]   Confusion: TP=86, TN=0, FP=90, FN=0
[2025-11-28 13:43:41,061 INFO main.train_one_fold] EVAL SUBJECT | Fold 3 | Epoch 016/100 | Loss: 0.6920 | Acc: 0.5000 | Prec: 0.5000 | Recall: 1.0000 | Spec: 0.0000
[2025-11-28 13:43:41,061 INFO main.train_one_fold]   Confusion: TP=3, TN=0, FP=3, FN=0
[2025-11-28 13:43:41,061 INFO main.train_one_fold] EVAL EC | Fold 3 | Epoch 016/100 | Acc: 0.5000 | Prec: 0.5000 | Recall: 1.0000 | Spec: 0.0000
[2025-11-28 13:43:41,062 INFO main.train_one_fold]   Confusion: TP=3, TN=0, FP=3, FN=0
[2025-11-28 13:43:48,357 INFO main.train_one_fold] TRAIN CHUNK | Fold 3 | Epoch 017/100 | Loss: 0.6940 | Acc: 0.5063 | Prec: 0.5081 | Recall: 0.9010 | Spec: 0.0981
[2025-11-28 13:43:49,100 INFO main.train_one_fold] EVAL CHUNK | Fold 3 | Epoch 017/100 | Loss: 0.6927 | Acc: 0.4886 | Prec: 0.4886 | Recall: 1.0000 | Spec: 0.0000
[2025-11-28 13:43:49,100 INFO main.train_one_fold]   Confusion: TP=86, TN=0, FP=90, FN=0
[2025-11-28 13:43:49,101 INFO main.train_one_fold] EVAL SUBJECT | Fold 3 | Epoch 017/100 | Loss: 0.6927 | Acc: 0.5000 | Prec: 0.5000 | Recall: 1.0000 | Spec: 0.0000
[2025-11-28 13:43:49,101 INFO main.train_one_fold]   Confusion: TP=3, TN=0, FP=3, FN=0
[2025-11-28 13:43:49,101 INFO main.train_one_fold] EVAL EC | Fold 3 | Epoch 017/100 | Acc: 0.5000 | Prec: 0.5000 | Recall: 1.0000 | Spec: 0.0000
[2025-11-28 13:43:49,101 INFO main.train_one_fold]   Confusion: TP=3, TN=0, FP=3, FN=0
[2025-11-28 13:43:55,979 INFO main.train_one_fold] TRAIN CHUNK | Fold 3 | Epoch 018/100 | Loss: 0.6920 | Acc: 0.5252 | Prec: 0.5203 | Recall: 0.8454 | Spec: 0.1940
[2025-11-28 13:43:56,379 INFO main.train_one_fold] EVAL CHUNK | Fold 3 | Epoch 018/100 | Loss: 0.6915 | Acc: 0.4886 | Prec: 0.4886 | Recall: 1.0000 | Spec: 0.0000
[2025-11-28 13:43:56,379 INFO main.train_one_fold]   Confusion: TP=86, TN=0, FP=90, FN=0
[2025-11-28 13:43:56,379 INFO main.train_one_fold] EVAL SUBJECT | Fold 3 | Epoch 018/100 | Loss: 0.6915 | Acc: 0.5000 | Prec: 0.5000 | Recall: 1.0000 | Spec: 0.0000
[2025-11-28 13:43:56,379 INFO main.train_one_fold]   Confusion: TP=3, TN=0, FP=3, FN=0
[2025-11-28 13:43:56,380 INFO main.train_one_fold] EVAL EC | Fold 3 | Epoch 018/100 | Acc: 0.5000 | Prec: 0.5000 | Recall: 1.0000 | Spec: 0.0000
[2025-11-28 13:43:56,380 INFO main.train_one_fold]   Confusion: TP=3, TN=0, FP=3, FN=0
[2025-11-28 13:44:05,409 INFO main.train_one_fold] TRAIN CHUNK | Fold 3 | Epoch 019/100 | Loss: 0.6925 | Acc: 0.5178 | Prec: 0.5172 | Recall: 0.7732 | Spec: 0.2537
[2025-11-28 13:44:06,793 INFO main.train_one_fold] EVAL CHUNK | Fold 3 | Epoch 019/100 | Loss: 0.6917 | Acc: 0.4886 | Prec: 0.4886 | Recall: 1.0000 | Spec: 0.0000
[2025-11-28 13:44:06,794 INFO main.train_one_fold]   Confusion: TP=86, TN=0, FP=90, FN=0
[2025-11-28 13:44:06,794 INFO main.train_one_fold] EVAL SUBJECT | Fold 3 | Epoch 019/100 | Loss: 0.6917 | Acc: 0.5000 | Prec: 0.5000 | Recall: 1.0000 | Spec: 0.0000
[2025-11-28 13:44:06,794 INFO main.train_one_fold]   Confusion: TP=3, TN=0, FP=3, FN=0
[2025-11-28 13:44:06,794 INFO main.train_one_fold] EVAL EC | Fold 3 | Epoch 019/100 | Acc: 0.5000 | Prec: 0.5000 | Recall: 1.0000 | Spec: 0.0000
[2025-11-28 13:44:06,794 INFO main.train_one_fold]   Confusion: TP=3, TN=0, FP=3, FN=0
[2025-11-28 13:44:11,412 INFO main.train_one_fold] TRAIN CHUNK | Fold 3 | Epoch 020/100 | Loss: 0.6928 | Acc: 0.5157 | Prec: 0.5157 | Recall: 0.7794 | Spec: 0.2431
[2025-11-28 13:44:11,730 INFO main.train_one_fold] EVAL CHUNK | Fold 3 | Epoch 020/100 | Loss: 0.6912 | Acc: 0.4886 | Prec: 0.4886 | Recall: 1.0000 | Spec: 0.0000
[2025-11-28 13:44:11,731 INFO main.train_one_fold]   Confusion: TP=86, TN=0, FP=90, FN=0
[2025-11-28 13:44:11,731 INFO main.train_one_fold] EVAL SUBJECT | Fold 3 | Epoch 020/100 | Loss: 0.6912 | Acc: 0.5000 | Prec: 0.5000 | Recall: 1.0000 | Spec: 0.0000
[2025-11-28 13:44:11,731 INFO main.train_one_fold]   Confusion: TP=3, TN=0, FP=3, FN=0
[2025-11-28 13:44:11,731 INFO main.train_one_fold] EVAL EC | Fold 3 | Epoch 020/100 | Acc: 0.5000 | Prec: 0.5000 | Recall: 1.0000 | Spec: 0.0000
[2025-11-28 13:44:11,731 INFO main.train_one_fold]   Confusion: TP=3, TN=0, FP=3, FN=0
[2025-11-28 13:44:11,761 INFO main.train_one_fold] Saved checkpoint: experiments/t7_005_beta_cane_ec/fold_3_epoch_020.pth
[2025-11-28 13:44:18,834 INFO main.train_one_fold] TRAIN CHUNK | Fold 3 | Epoch 021/100 | Loss: 0.6926 | Acc: 0.5105 | Prec: 0.5114 | Recall: 0.8351 | Spec: 0.1748
[2025-11-28 13:44:20,181 INFO main.train_one_fold] EVAL CHUNK | Fold 3 | Epoch 021/100 | Loss: 0.6913 | Acc: 0.4886 | Prec: 0.4886 | Recall: 1.0000 | Spec: 0.0000
[2025-11-28 13:44:20,181 INFO main.train_one_fold]   Confusion: TP=86, TN=0, FP=90, FN=0
[2025-11-28 13:44:20,181 INFO main.train_one_fold] EVAL SUBJECT | Fold 3 | Epoch 021/100 | Loss: 0.6913 | Acc: 0.5000 | Prec: 0.5000 | Recall: 1.0000 | Spec: 0.0000
[2025-11-28 13:44:20,181 INFO main.train_one_fold]   Confusion: TP=3, TN=0, FP=3, FN=0
[2025-11-28 13:44:20,182 INFO main.train_one_fold] EVAL EC | Fold 3 | Epoch 021/100 | Acc: 0.5000 | Prec: 0.5000 | Recall: 1.0000 | Spec: 0.0000
[2025-11-28 13:44:20,182 INFO main.train_one_fold]   Confusion: TP=3, TN=0, FP=3, FN=0
[2025-11-28 13:44:20,182 INFO early_stopping.__call__] Early stopping triggered after 20 epochs without improvement. Best score: 0.2443 at epoch 1
[2025-11-28 13:44:20,182 INFO main.train_one_fold] Early stopping triggered at epoch 21
[2025-11-28 13:44:20,182 INFO main.train_one_fold] 
Fold 3 training completed. Best Combined Val Acc: 0.2443 at epoch 1
[2025-11-28 13:44:20,182 INFO main.train_cross_validation] ================================================================================
[2025-11-28 13:44:20,182 INFO main.train_cross_validation] FOLD 4/6
[2025-11-28 13:44:20,183 INFO main.train_cross_validation] ================================================================================
[2025-11-28 13:44:20,183 INFO main.get_datasets_for_fold] Train subjects (31): ['cane:H S0012 EC', 'cane:H S1002 EC', 'cane:H S1033 EC', 'cane:H S0015 EC', 'cane:AX S1087 EC', 'cane:AX S1050 EC', 'cane:AX S0073 EC', 'cane:H S1010 EC', 'cane:H S1095 EC', 'cane:H S0079 EC', 'cane:AX S1023 EC', 'cane:AX S1051 EC', 'cane:AX S1006 EC', 'cane:H S1060 EC', 'cane:H S1091 EC', 'cane:H S1096 EC', 'cane:AX S1005 EC', 'cane:AX S0072 EC', 'cane:AX S0057 EC', 'cane:H S1001 EC', 'cane:H S1054 EC', 'cane:H S1008 EC', 'cane:AX S1027 EC', 'cane:AX S0074 EC', 'cane:AX S1009 EC', 'cane:H S1028 EC', 'cane:H S1085 EC', 'cane:H S1003 EC', 'cane:AX S1024 EC', 'cane:AX S0041 EC', 'cane:AX S0056 EC']...
[2025-11-28 13:44:20,183 INFO main.get_datasets_for_fold] Val subjects (6): ['cane:H S0078 EC', 'cane:H S1022 EC', 'cane:H S1101 EC', 'cane:AX S1084 EC', 'cane:AX S1007 EC', 'cane:AX S1065 EC']
[2025-11-28 13:44:20,184 INFO main.get_datasets_for_fold] Training chunks: 949
[2025-11-28 13:44:20,184 INFO main.get_datasets_for_fold] Validation chunks: 181
[2025-11-28 13:44:20,227 INFO model.__init__] Initialized LSTM with input_size=1728, hidden_size=100, batch_first=True
[2025-11-28 13:44:20,234 INFO main.train_one_fold] Starting training for fold 4
[2025-11-28 13:44:29,790 INFO main.train_one_fold] TRAIN CHUNK | Fold 4 | Epoch 001/100 | Loss: 0.6933 | Acc: 0.5068 | Prec: 0.5068 | Recall: 1.0000 | Spec: 0.0000
[2025-11-28 13:44:30,509 INFO main.train_one_fold] EVAL CHUNK | Fold 4 | Epoch 001/100 | Loss: 0.6939 | Acc: 0.4972 | Prec: 0.4972 | Recall: 1.0000 | Spec: 0.0000
[2025-11-28 13:44:30,510 INFO main.train_one_fold]   Confusion: TP=90, TN=0, FP=91, FN=0
[2025-11-28 13:44:30,510 INFO main.train_one_fold] EVAL SUBJECT | Fold 4 | Epoch 001/100 | Loss: 0.6939 | Acc: 0.5000 | Prec: 0.5000 | Recall: 1.0000 | Spec: 0.0000
[2025-11-28 13:44:30,510 INFO main.train_one_fold]   Confusion: TP=3, TN=0, FP=3, FN=0
[2025-11-28 13:44:30,510 INFO main.train_one_fold] EVAL EC | Fold 4 | Epoch 001/100 | Acc: 0.5000 | Prec: 0.5000 | Recall: 1.0000 | Spec: 0.0000
[2025-11-28 13:44:30,510 INFO main.train_one_fold]   Confusion: TP=3, TN=0, FP=3, FN=0
[2025-11-28 13:44:30,549 INFO main.train_one_fold] ✓ Saved best model: experiments/t7_005_beta_cane_ec/fold_4_best.pth (combined=0.2486, chunk=0.4972, subject=0.5000)
[2025-11-28 13:44:30,550 INFO early_stopping.__call__] Early stopping initialized: best score 0.2486 at epoch 1
[2025-11-28 13:44:40,131 INFO main.train_one_fold] TRAIN CHUNK | Fold 4 | Epoch 002/100 | Loss: 0.6934 | Acc: 0.5068 | Prec: 0.5068 | Recall: 1.0000 | Spec: 0.0000
[2025-11-28 13:44:40,575 INFO main.train_one_fold] EVAL CHUNK | Fold 4 | Epoch 002/100 | Loss: 0.6939 | Acc: 0.4972 | Prec: 0.4972 | Recall: 1.0000 | Spec: 0.0000
[2025-11-28 13:44:40,575 INFO main.train_one_fold]   Confusion: TP=90, TN=0, FP=91, FN=0
[2025-11-28 13:44:40,575 INFO main.train_one_fold] EVAL SUBJECT | Fold 4 | Epoch 002/100 | Loss: 0.6939 | Acc: 0.5000 | Prec: 0.5000 | Recall: 1.0000 | Spec: 0.0000
[2025-11-28 13:44:40,575 INFO main.train_one_fold]   Confusion: TP=3, TN=0, FP=3, FN=0
[2025-11-28 13:44:40,576 INFO main.train_one_fold] EVAL EC | Fold 4 | Epoch 002/100 | Acc: 0.5000 | Prec: 0.5000 | Recall: 1.0000 | Spec: 0.0000
[2025-11-28 13:44:40,576 INFO main.train_one_fold]   Confusion: TP=3, TN=0, FP=3, FN=0
[2025-11-28 13:44:47,065 INFO main.train_one_fold] TRAIN CHUNK | Fold 4 | Epoch 003/100 | Loss: 0.6932 | Acc: 0.5068 | Prec: 0.5068 | Recall: 1.0000 | Spec: 0.0000
[2025-11-28 13:44:48,582 INFO main.train_one_fold] EVAL CHUNK | Fold 4 | Epoch 003/100 | Loss: 0.6937 | Acc: 0.4972 | Prec: 0.4972 | Recall: 1.0000 | Spec: 0.0000
[2025-11-28 13:44:48,583 INFO main.train_one_fold]   Confusion: TP=90, TN=0, FP=91, FN=0
[2025-11-28 13:44:48,583 INFO main.train_one_fold] EVAL SUBJECT | Fold 4 | Epoch 003/100 | Loss: 0.6937 | Acc: 0.5000 | Prec: 0.5000 | Recall: 1.0000 | Spec: 0.0000
[2025-11-28 13:44:48,583 INFO main.train_one_fold]   Confusion: TP=3, TN=0, FP=3, FN=0
[2025-11-28 13:44:48,583 INFO main.train_one_fold] EVAL EC | Fold 4 | Epoch 003/100 | Acc: 0.5000 | Prec: 0.5000 | Recall: 1.0000 | Spec: 0.0000
[2025-11-28 13:44:48,583 INFO main.train_one_fold]   Confusion: TP=3, TN=0, FP=3, FN=0
[2025-11-28 13:44:59,316 INFO main.train_one_fold] TRAIN CHUNK | Fold 4 | Epoch 004/100 | Loss: 0.6923 | Acc: 0.5121 | Prec: 0.5097 | Recall: 0.9792 | Spec: 0.0321
[2025-11-28 13:44:59,643 INFO main.train_one_fold] EVAL CHUNK | Fold 4 | Epoch 004/100 | Loss: 0.6933 | Acc: 0.4972 | Prec: 0.4972 | Recall: 1.0000 | Spec: 0.0000
[2025-11-28 13:44:59,643 INFO main.train_one_fold]   Confusion: TP=90, TN=0, FP=91, FN=0
[2025-11-28 13:44:59,644 INFO main.train_one_fold] EVAL SUBJECT | Fold 4 | Epoch 004/100 | Loss: 0.6933 | Acc: 0.5000 | Prec: 0.5000 | Recall: 1.0000 | Spec: 0.0000
[2025-11-28 13:44:59,644 INFO main.train_one_fold]   Confusion: TP=3, TN=0, FP=3, FN=0
[2025-11-28 13:44:59,644 INFO main.train_one_fold] EVAL EC | Fold 4 | Epoch 004/100 | Acc: 0.5000 | Prec: 0.5000 | Recall: 1.0000 | Spec: 0.0000
[2025-11-28 13:44:59,644 INFO main.train_one_fold]   Confusion: TP=3, TN=0, FP=3, FN=0
[2025-11-28 13:45:09,384 INFO main.train_one_fold] TRAIN CHUNK | Fold 4 | Epoch 005/100 | Loss: 0.6930 | Acc: 0.5174 | Prec: 0.5152 | Recall: 0.8129 | Spec: 0.2137
[2025-11-28 13:45:09,685 INFO main.train_one_fold] EVAL CHUNK | Fold 4 | Epoch 005/100 | Loss: 0.6933 | Acc: 0.4972 | Prec: 0.4972 | Recall: 1.0000 | Spec: 0.0000
[2025-11-28 13:45:09,685 INFO main.train_one_fold]   Confusion: TP=90, TN=0, FP=91, FN=0
[2025-11-28 13:45:09,685 INFO main.train_one_fold] EVAL SUBJECT | Fold 4 | Epoch 005/100 | Loss: 0.6933 | Acc: 0.5000 | Prec: 0.5000 | Recall: 1.0000 | Spec: 0.0000
[2025-11-28 13:45:09,685 INFO main.train_one_fold]   Confusion: TP=3, TN=0, FP=3, FN=0
[2025-11-28 13:45:09,685 INFO main.train_one_fold] EVAL EC | Fold 4 | Epoch 005/100 | Acc: 0.5000 | Prec: 0.5000 | Recall: 1.0000 | Spec: 0.0000
[2025-11-28 13:45:09,685 INFO main.train_one_fold]   Confusion: TP=3, TN=0, FP=3, FN=0
[2025-11-28 13:45:14,923 INFO main.train_one_fold] TRAIN CHUNK | Fold 4 | Epoch 006/100 | Loss: 0.6922 | Acc: 0.5269 | Prec: 0.5192 | Recall: 0.8981 | Spec: 0.1453
[2025-11-28 13:45:15,735 INFO main.train_one_fold] EVAL CHUNK | Fold 4 | Epoch 006/100 | Loss: 0.6934 | Acc: 0.4972 | Prec: 0.4972 | Recall: 1.0000 | Spec: 0.0000
[2025-11-28 13:45:15,735 INFO main.train_one_fold]   Confusion: TP=90, TN=0, FP=91, FN=0
[2025-11-28 13:45:15,735 INFO main.train_one_fold] EVAL SUBJECT | Fold 4 | Epoch 006/100 | Loss: 0.6934 | Acc: 0.5000 | Prec: 0.5000 | Recall: 1.0000 | Spec: 0.0000
[2025-11-28 13:45:15,736 INFO main.train_one_fold]   Confusion: TP=3, TN=0, FP=3, FN=0
[2025-11-28 13:45:15,736 INFO main.train_one_fold] EVAL EC | Fold 4 | Epoch 006/100 | Acc: 0.5000 | Prec: 0.5000 | Recall: 1.0000 | Spec: 0.0000
[2025-11-28 13:45:15,736 INFO main.train_one_fold]   Confusion: TP=3, TN=0, FP=3, FN=0
[2025-11-28 13:45:30,353 INFO main.train_one_fold] TRAIN CHUNK | Fold 4 | Epoch 007/100 | Loss: 0.6927 | Acc: 0.5195 | Prec: 0.5153 | Recall: 0.8732 | Spec: 0.1560
[2025-11-28 13:45:30,902 INFO main.train_one_fold] EVAL CHUNK | Fold 4 | Epoch 007/100 | Loss: 0.6934 | Acc: 0.4972 | Prec: 0.4972 | Recall: 1.0000 | Spec: 0.0000
[2025-11-28 13:45:30,902 INFO main.train_one_fold]   Confusion: TP=90, TN=0, FP=91, FN=0
[2025-11-28 13:45:30,903 INFO main.train_one_fold] EVAL SUBJECT | Fold 4 | Epoch 007/100 | Loss: 0.6934 | Acc: 0.5000 | Prec: 0.5000 | Recall: 1.0000 | Spec: 0.0000
[2025-11-28 13:45:30,903 INFO main.train_one_fold]   Confusion: TP=3, TN=0, FP=3, FN=0
[2025-11-28 13:45:30,903 INFO main.train_one_fold] EVAL EC | Fold 4 | Epoch 007/100 | Acc: 0.5000 | Prec: 0.5000 | Recall: 1.0000 | Spec: 0.0000
[2025-11-28 13:45:30,903 INFO main.train_one_fold]   Confusion: TP=3, TN=0, FP=3, FN=0
[2025-11-28 13:45:36,601 INFO main.train_one_fold] TRAIN CHUNK | Fold 4 | Epoch 008/100 | Loss: 0.6926 | Acc: 0.5184 | Prec: 0.5150 | Recall: 0.8545 | Spec: 0.1731
[2025-11-28 13:45:36,907 INFO main.train_one_fold] EVAL CHUNK | Fold 4 | Epoch 008/100 | Loss: 0.6935 | Acc: 0.4972 | Prec: 0.4972 | Recall: 1.0000 | Spec: 0.0000
[2025-11-28 13:45:36,907 INFO main.train_one_fold]   Confusion: TP=90, TN=0, FP=91, FN=0
[2025-11-28 13:45:36,907 INFO main.train_one_fold] EVAL SUBJECT | Fold 4 | Epoch 008/100 | Loss: 0.6935 | Acc: 0.5000 | Prec: 0.5000 | Recall: 1.0000 | Spec: 0.0000
[2025-11-28 13:45:36,908 INFO main.train_one_fold]   Confusion: TP=3, TN=0, FP=3, FN=0
[2025-11-28 13:45:36,908 INFO main.train_one_fold] EVAL EC | Fold 4 | Epoch 008/100 | Acc: 0.5000 | Prec: 0.5000 | Recall: 1.0000 | Spec: 0.0000
[2025-11-28 13:45:36,908 INFO main.train_one_fold]   Confusion: TP=3, TN=0, FP=3, FN=0
[2025-11-28 13:45:49,941 INFO main.train_one_fold] TRAIN CHUNK | Fold 4 | Epoch 009/100 | Loss: 0.6930 | Acc: 0.5132 | Prec: 0.5134 | Recall: 0.7568 | Spec: 0.2628
[2025-11-28 13:45:51,773 INFO main.train_one_fold] EVAL CHUNK | Fold 4 | Epoch 009/100 | Loss: 0.6939 | Acc: 0.4972 | Prec: 0.4972 | Recall: 1.0000 | Spec: 0.0000
[2025-11-28 13:45:51,773 INFO main.train_one_fold]   Confusion: TP=90, TN=0, FP=91, FN=0
[2025-11-28 13:45:51,773 INFO main.train_one_fold] EVAL SUBJECT | Fold 4 | Epoch 009/100 | Loss: 0.6939 | Acc: 0.5000 | Prec: 0.5000 | Recall: 1.0000 | Spec: 0.0000
[2025-11-28 13:45:51,773 INFO main.train_one_fold]   Confusion: TP=3, TN=0, FP=3, FN=0
[2025-11-28 13:45:51,773 INFO main.train_one_fold] EVAL EC | Fold 4 | Epoch 009/100 | Acc: 0.5000 | Prec: 0.5000 | Recall: 1.0000 | Spec: 0.0000
[2025-11-28 13:45:51,774 INFO main.train_one_fold]   Confusion: TP=3, TN=0, FP=3, FN=0
[2025-11-28 13:45:58,511 INFO main.train_one_fold] TRAIN CHUNK | Fold 4 | Epoch 010/100 | Loss: 0.6930 | Acc: 0.5047 | Prec: 0.5068 | Recall: 0.8545 | Spec: 0.1453
[2025-11-28 13:45:58,824 INFO main.train_one_fold] EVAL CHUNK | Fold 4 | Epoch 010/100 | Loss: 0.6940 | Acc: 0.4972 | Prec: 0.4972 | Recall: 1.0000 | Spec: 0.0000
[2025-11-28 13:45:58,824 INFO main.train_one_fold]   Confusion: TP=90, TN=0, FP=91, FN=0
[2025-11-28 13:45:58,824 INFO main.train_one_fold] EVAL SUBJECT | Fold 4 | Epoch 010/100 | Loss: 0.6940 | Acc: 0.5000 | Prec: 0.5000 | Recall: 1.0000 | Spec: 0.0000
[2025-11-28 13:45:58,825 INFO main.train_one_fold]   Confusion: TP=3, TN=0, FP=3, FN=0
[2025-11-28 13:45:58,825 INFO main.train_one_fold] EVAL EC | Fold 4 | Epoch 010/100 | Acc: 0.5000 | Prec: 0.5000 | Recall: 1.0000 | Spec: 0.0000
[2025-11-28 13:45:58,825 INFO main.train_one_fold]   Confusion: TP=3, TN=0, FP=3, FN=0
[2025-11-28 13:45:58,846 INFO main.train_one_fold] Saved checkpoint: experiments/t7_005_beta_cane_ec/fold_4_epoch_010.pth
[2025-11-28 13:46:04,714 INFO main.train_one_fold] TRAIN CHUNK | Fold 4 | Epoch 011/100 | Loss: 0.6918 | Acc: 0.5227 | Prec: 0.5167 | Recall: 0.8981 | Spec: 0.1368
[2025-11-28 13:46:05,559 INFO main.train_one_fold] EVAL CHUNK | Fold 4 | Epoch 011/100 | Loss: 0.6946 | Acc: 0.4972 | Prec: 0.4972 | Recall: 1.0000 | Spec: 0.0000
[2025-11-28 13:46:05,559 INFO main.train_one_fold]   Confusion: TP=90, TN=0, FP=91, FN=0
[2025-11-28 13:46:05,559 INFO main.train_one_fold] EVAL SUBJECT | Fold 4 | Epoch 011/100 | Loss: 0.6946 | Acc: 0.5000 | Prec: 0.5000 | Recall: 1.0000 | Spec: 0.0000
[2025-11-28 13:46:05,559 INFO main.train_one_fold]   Confusion: TP=3, TN=0, FP=3, FN=0
[2025-11-28 13:46:05,559 INFO main.train_one_fold] EVAL EC | Fold 4 | Epoch 011/100 | Acc: 0.5000 | Prec: 0.5000 | Recall: 1.0000 | Spec: 0.0000
[2025-11-28 13:46:05,560 INFO main.train_one_fold]   Confusion: TP=3, TN=0, FP=3, FN=0
[2025-11-28 13:46:16,614 INFO main.train_one_fold] TRAIN CHUNK | Fold 4 | Epoch 012/100 | Loss: 0.6914 | Acc: 0.5300 | Prec: 0.5217 | Recall: 0.8732 | Spec: 0.1774
[2025-11-28 13:46:17,031 INFO main.train_one_fold] EVAL CHUNK | Fold 4 | Epoch 012/100 | Loss: 0.6949 | Acc: 0.4972 | Prec: 0.4972 | Recall: 1.0000 | Spec: 0.0000
[2025-11-28 13:46:17,031 INFO main.train_one_fold]   Confusion: TP=90, TN=0, FP=91, FN=0
[2025-11-28 13:46:17,031 INFO main.train_one_fold] EVAL SUBJECT | Fold 4 | Epoch 012/100 | Loss: 0.6949 | Acc: 0.5000 | Prec: 0.5000 | Recall: 1.0000 | Spec: 0.0000
[2025-11-28 13:46:17,031 INFO main.train_one_fold]   Confusion: TP=3, TN=0, FP=3, FN=0
[2025-11-28 13:46:17,031 INFO main.train_one_fold] EVAL EC | Fold 4 | Epoch 012/100 | Acc: 0.5000 | Prec: 0.5000 | Recall: 1.0000 | Spec: 0.0000
[2025-11-28 13:46:17,032 INFO main.train_one_fold]   Confusion: TP=3, TN=0, FP=3, FN=0
[2025-11-28 13:46:25,261 INFO main.train_one_fold] TRAIN CHUNK | Fold 4 | Epoch 013/100 | Loss: 0.6910 | Acc: 0.5342 | Prec: 0.5230 | Recall: 0.9210 | Spec: 0.1368
[2025-11-28 13:46:25,719 INFO main.train_one_fold] EVAL CHUNK | Fold 4 | Epoch 013/100 | Loss: 0.6957 | Acc: 0.4972 | Prec: 0.4972 | Recall: 1.0000 | Spec: 0.0000
[2025-11-28 13:46:25,719 INFO main.train_one_fold]   Confusion: TP=90, TN=0, FP=91, FN=0
[2025-11-28 13:46:25,719 INFO main.train_one_fold] EVAL SUBJECT | Fold 4 | Epoch 013/100 | Loss: 0.6957 | Acc: 0.5000 | Prec: 0.5000 | Recall: 1.0000 | Spec: 0.0000
[2025-11-28 13:46:25,719 INFO main.train_one_fold]   Confusion: TP=3, TN=0, FP=3, FN=0
[2025-11-28 13:46:25,720 INFO main.train_one_fold] EVAL EC | Fold 4 | Epoch 013/100 | Acc: 0.5000 | Prec: 0.5000 | Recall: 1.0000 | Spec: 0.0000
[2025-11-28 13:46:25,720 INFO main.train_one_fold]   Confusion: TP=3, TN=0, FP=3, FN=0
[2025-11-28 13:46:30,333 INFO main.train_one_fold] TRAIN CHUNK | Fold 4 | Epoch 014/100 | Loss: 0.6904 | Acc: 0.5321 | Prec: 0.5210 | Recall: 0.9522 | Spec: 0.1004
[2025-11-28 13:46:30,715 INFO main.train_one_fold] EVAL CHUNK | Fold 4 | Epoch 014/100 | Loss: 0.6982 | Acc: 0.4972 | Prec: 0.4972 | Recall: 1.0000 | Spec: 0.0000
[2025-11-28 13:46:30,715 INFO main.train_one_fold]   Confusion: TP=90, TN=0, FP=91, FN=0
[2025-11-28 13:46:30,716 INFO main.train_one_fold] EVAL SUBJECT | Fold 4 | Epoch 014/100 | Loss: 0.6982 | Acc: 0.5000 | Prec: 0.5000 | Recall: 1.0000 | Spec: 0.0000
[2025-11-28 13:46:30,716 INFO main.train_one_fold]   Confusion: TP=3, TN=0, FP=3, FN=0
[2025-11-28 13:46:30,716 INFO main.train_one_fold] EVAL EC | Fold 4 | Epoch 014/100 | Acc: 0.5000 | Prec: 0.5000 | Recall: 1.0000 | Spec: 0.0000
[2025-11-28 13:46:30,716 INFO main.train_one_fold]   Confusion: TP=3, TN=0, FP=3, FN=0
[2025-11-28 13:46:42,378 INFO main.train_one_fold] TRAIN CHUNK | Fold 4 | Epoch 015/100 | Loss: 0.6867 | Acc: 0.5479 | Prec: 0.5340 | Recall: 0.8482 | Spec: 0.2393
[2025-11-28 13:46:42,692 INFO main.train_one_fold] EVAL CHUNK | Fold 4 | Epoch 015/100 | Loss: 0.6981 | Acc: 0.5083 | Prec: 0.5043 | Recall: 0.6444 | Spec: 0.3736
[2025-11-28 13:46:42,692 INFO main.train_one_fold]   Confusion: TP=58, TN=34, FP=57, FN=32
[2025-11-28 13:46:42,692 INFO main.train_one_fold] EVAL SUBJECT | Fold 4 | Epoch 015/100 | Loss: 0.6981 | Acc: 0.5000 | Prec: 0.5000 | Recall: 0.6667 | Spec: 0.3333
[2025-11-28 13:46:42,693 INFO main.train_one_fold]   Confusion: TP=2, TN=1, FP=2, FN=1
[2025-11-28 13:46:42,693 INFO main.train_one_fold] EVAL EC | Fold 4 | Epoch 015/100 | Acc: 0.5000 | Prec: 0.5000 | Recall: 0.6667 | Spec: 0.3333
[2025-11-28 13:46:42,693 INFO main.train_one_fold]   Confusion: TP=2, TN=1, FP=2, FN=1
[2025-11-28 13:46:42,723 INFO main.train_one_fold] ✓ Saved best model: experiments/t7_005_beta_cane_ec/fold_4_best.pth (combined=0.2541, chunk=0.5083, subject=0.5000)
[2025-11-28 13:46:42,723 INFO early_stopping.__call__] Validation improved from 0.2486 to 0.2541 (+0.0055) at epoch 15
[2025-11-28 13:46:48,234 INFO main.train_one_fold] TRAIN CHUNK | Fold 4 | Epoch 016/100 | Loss: 0.6832 | Acc: 0.5585 | Prec: 0.5419 | Recall: 0.8337 | Spec: 0.2756
[2025-11-28 13:46:48,531 INFO main.train_one_fold] EVAL CHUNK | Fold 4 | Epoch 016/100 | Loss: 0.7012 | Acc: 0.5801 | Prec: 0.5422 | Recall: 1.0000 | Spec: 0.1648
[2025-11-28 13:46:48,532 INFO main.train_one_fold]   Confusion: TP=90, TN=15, FP=76, FN=0
[2025-11-28 13:46:48,532 INFO main.train_one_fold] EVAL SUBJECT | Fold 4 | Epoch 016/100 | Loss: 0.7012 | Acc: 0.6667 | Prec: 0.6000 | Recall: 1.0000 | Spec: 0.3333
[2025-11-28 13:46:48,532 INFO main.train_one_fold]   Confusion: TP=3, TN=1, FP=2, FN=0
[2025-11-28 13:46:48,532 INFO main.train_one_fold] EVAL EC | Fold 4 | Epoch 016/100 | Acc: 0.6667 | Prec: 0.6000 | Recall: 1.0000 | Spec: 0.3333
[2025-11-28 13:46:48,532 INFO main.train_one_fold]   Confusion: TP=3, TN=1, FP=2, FN=0
[2025-11-28 13:46:48,563 INFO main.train_one_fold] ✓ Saved best model: experiments/t7_005_beta_cane_ec/fold_4_best.pth (combined=0.3867, chunk=0.5801, subject=0.6667)
[2025-11-28 13:46:48,563 INFO early_stopping.__call__] Validation improved from 0.2541 to 0.3867 (+0.1326) at epoch 16
[2025-11-28 13:46:53,856 INFO main.train_one_fold] TRAIN CHUNK | Fold 4 | Epoch 017/100 | Loss: 0.6831 | Acc: 0.5564 | Prec: 0.5369 | Recall: 0.9064 | Spec: 0.1966
[2025-11-28 13:46:54,175 INFO main.train_one_fold] EVAL CHUNK | Fold 4 | Epoch 017/100 | Loss: 0.7013 | Acc: 0.5193 | Prec: 0.5085 | Recall: 1.0000 | Spec: 0.0440
[2025-11-28 13:46:54,175 INFO main.train_one_fold]   Confusion: TP=90, TN=4, FP=87, FN=0
[2025-11-28 13:46:54,175 INFO main.train_one_fold] EVAL SUBJECT | Fold 4 | Epoch 017/100 | Loss: 0.7013 | Acc: 0.5000 | Prec: 0.5000 | Recall: 1.0000 | Spec: 0.0000
[2025-11-28 13:46:54,176 INFO main.train_one_fold]   Confusion: TP=3, TN=0, FP=3, FN=0
[2025-11-28 13:46:54,176 INFO main.train_one_fold] EVAL EC | Fold 4 | Epoch 017/100 | Acc: 0.5000 | Prec: 0.5000 | Recall: 1.0000 | Spec: 0.0000
[2025-11-28 13:46:54,176 INFO main.train_one_fold]   Confusion: TP=3, TN=0, FP=3, FN=0
[2025-11-28 13:47:00,932 INFO main.train_one_fold] TRAIN CHUNK | Fold 4 | Epoch 018/100 | Loss: 0.6793 | Acc: 0.5564 | Prec: 0.5754 | Recall: 0.4761 | Spec: 0.6389
[2025-11-28 13:47:01,488 INFO main.train_one_fold] EVAL CHUNK | Fold 4 | Epoch 018/100 | Loss: 0.7036 | Acc: 0.5525 | Prec: 0.5263 | Recall: 1.0000 | Spec: 0.1099
[2025-11-28 13:47:01,488 INFO main.train_one_fold]   Confusion: TP=90, TN=10, FP=81, FN=0
[2025-11-28 13:47:01,489 INFO main.train_one_fold] EVAL SUBJECT | Fold 4 | Epoch 018/100 | Loss: 0.7036 | Acc: 0.5000 | Prec: 0.5000 | Recall: 1.0000 | Spec: 0.0000
[2025-11-28 13:47:01,489 INFO main.train_one_fold]   Confusion: TP=3, TN=0, FP=3, FN=0
[2025-11-28 13:47:01,489 INFO main.train_one_fold] EVAL EC | Fold 4 | Epoch 018/100 | Acc: 0.5000 | Prec: 0.5000 | Recall: 1.0000 | Spec: 0.0000
[2025-11-28 13:47:01,489 INFO main.train_one_fold]   Confusion: TP=3, TN=0, FP=3, FN=0
[2025-11-28 13:47:12,428 INFO main.train_one_fold] TRAIN CHUNK | Fold 4 | Epoch 019/100 | Loss: 0.6752 | Acc: 0.5732 | Prec: 0.5508 | Recall: 0.8565 | Spec: 0.2821
[2025-11-28 13:47:12,900 INFO main.train_one_fold] EVAL CHUNK | Fold 4 | Epoch 019/100 | Loss: 0.7055 | Acc: 0.5083 | Prec: 0.5028 | Recall: 1.0000 | Spec: 0.0220
[2025-11-28 13:47:12,901 INFO main.train_one_fold]   Confusion: TP=90, TN=2, FP=89, FN=0
[2025-11-28 13:47:12,901 INFO main.train_one_fold] EVAL SUBJECT | Fold 4 | Epoch 019/100 | Loss: 0.7055 | Acc: 0.5000 | Prec: 0.5000 | Recall: 1.0000 | Spec: 0.0000
[2025-11-28 13:47:12,901 INFO main.train_one_fold]   Confusion: TP=3, TN=0, FP=3, FN=0
[2025-11-28 13:47:12,901 INFO main.train_one_fold] EVAL EC | Fold 4 | Epoch 019/100 | Acc: 0.5000 | Prec: 0.5000 | Recall: 1.0000 | Spec: 0.0000
[2025-11-28 13:47:12,901 INFO main.train_one_fold]   Confusion: TP=3, TN=0, FP=3, FN=0
[2025-11-28 13:47:17,729 INFO main.train_one_fold] TRAIN CHUNK | Fold 4 | Epoch 020/100 | Loss: 0.6710 | Acc: 0.5743 | Prec: 0.5626 | Recall: 0.7193 | Spec: 0.4252
[2025-11-28 13:47:18,037 INFO main.train_one_fold] EVAL CHUNK | Fold 4 | Epoch 020/100 | Loss: 0.7063 | Acc: 0.6298 | Prec: 0.5804 | Recall: 0.9222 | Spec: 0.3407
[2025-11-28 13:47:18,037 INFO main.train_one_fold]   Confusion: TP=83, TN=31, FP=60, FN=7
[2025-11-28 13:47:18,037 INFO main.train_one_fold] EVAL SUBJECT | Fold 4 | Epoch 020/100 | Loss: 0.7063 | Acc: 0.6667 | Prec: 0.6000 | Recall: 1.0000 | Spec: 0.3333
[2025-11-28 13:47:18,037 INFO main.train_one_fold]   Confusion: TP=3, TN=1, FP=2, FN=0
[2025-11-28 13:47:18,038 INFO main.train_one_fold] EVAL EC | Fold 4 | Epoch 020/100 | Acc: 0.6667 | Prec: 0.6000 | Recall: 1.0000 | Spec: 0.3333
[2025-11-28 13:47:18,038 INFO main.train_one_fold]   Confusion: TP=3, TN=1, FP=2, FN=0
[2025-11-28 13:47:18,067 INFO main.train_one_fold] ✓ Saved best model: experiments/t7_005_beta_cane_ec/fold_4_best.pth (combined=0.4199, chunk=0.6298, subject=0.6667)
[2025-11-28 13:47:18,068 INFO early_stopping.__call__] Validation improved from 0.3867 to 0.4199 (+0.0331) at epoch 20
[2025-11-28 13:47:18,088 INFO main.train_one_fold] Saved checkpoint: experiments/t7_005_beta_cane_ec/fold_4_epoch_020.pth
[2025-11-28 13:47:22,140 INFO main.train_one_fold] TRAIN CHUNK | Fold 4 | Epoch 021/100 | Loss: 0.6700 | Acc: 0.5859 | Prec: 0.5677 | Recall: 0.7672 | Spec: 0.3996
[2025-11-28 13:47:22,459 INFO main.train_one_fold] EVAL CHUNK | Fold 4 | Epoch 021/100 | Loss: 0.7080 | Acc: 0.6022 | Prec: 0.5556 | Recall: 1.0000 | Spec: 0.2088
[2025-11-28 13:47:22,459 INFO main.train_one_fold]   Confusion: TP=90, TN=19, FP=72, FN=0
[2025-11-28 13:47:22,459 INFO main.train_one_fold] EVAL SUBJECT | Fold 4 | Epoch 021/100 | Loss: 0.7080 | Acc: 0.6667 | Prec: 0.6000 | Recall: 1.0000 | Spec: 0.3333
[2025-11-28 13:47:22,459 INFO main.train_one_fold]   Confusion: TP=3, TN=1, FP=2, FN=0
[2025-11-28 13:47:22,460 INFO main.train_one_fold] EVAL EC | Fold 4 | Epoch 021/100 | Acc: 0.6667 | Prec: 0.6000 | Recall: 1.0000 | Spec: 0.3333
[2025-11-28 13:47:22,460 INFO main.train_one_fold]   Confusion: TP=3, TN=1, FP=2, FN=0
[2025-11-28 13:47:26,619 INFO main.train_one_fold] TRAIN CHUNK | Fold 4 | Epoch 022/100 | Loss: 0.6689 | Acc: 0.5680 | Prec: 0.5547 | Recall: 0.7484 | Spec: 0.3825
[2025-11-28 13:47:27,025 INFO main.train_one_fold] EVAL CHUNK | Fold 4 | Epoch 022/100 | Loss: 0.7061 | Acc: 0.6464 | Prec: 0.5844 | Recall: 1.0000 | Spec: 0.2967
[2025-11-28 13:47:27,026 INFO main.train_one_fold]   Confusion: TP=90, TN=27, FP=64, FN=0
[2025-11-28 13:47:27,026 INFO main.train_one_fold] EVAL SUBJECT | Fold 4 | Epoch 022/100 | Loss: 0.7061 | Acc: 0.6667 | Prec: 0.6000 | Recall: 1.0000 | Spec: 0.3333
[2025-11-28 13:47:27,026 INFO main.train_one_fold]   Confusion: TP=3, TN=1, FP=2, FN=0
[2025-11-28 13:47:27,026 INFO main.train_one_fold] EVAL EC | Fold 4 | Epoch 022/100 | Acc: 0.6667 | Prec: 0.6000 | Recall: 1.0000 | Spec: 0.3333
[2025-11-28 13:47:27,026 INFO main.train_one_fold]   Confusion: TP=3, TN=1, FP=2, FN=0
[2025-11-28 13:47:27,055 INFO main.train_one_fold] ✓ Saved best model: experiments/t7_005_beta_cane_ec/fold_4_best.pth (combined=0.4309, chunk=0.6464, subject=0.6667)
[2025-11-28 13:47:27,055 INFO early_stopping.__call__] Validation improved from 0.4199 to 0.4309 (+0.0110) at epoch 22
[2025-11-28 13:47:32,230 INFO main.train_one_fold] TRAIN CHUNK | Fold 4 | Epoch 023/100 | Loss: 0.6638 | Acc: 0.5764 | Prec: 0.5727 | Recall: 0.6466 | Spec: 0.5043
[2025-11-28 13:47:32,680 INFO main.train_one_fold] EVAL CHUNK | Fold 4 | Epoch 023/100 | Loss: 0.7049 | Acc: 0.6740 | Prec: 0.6040 | Recall: 1.0000 | Spec: 0.3516
[2025-11-28 13:47:32,681 INFO main.train_one_fold]   Confusion: TP=90, TN=32, FP=59, FN=0
[2025-11-28 13:47:32,681 INFO main.train_one_fold] EVAL SUBJECT | Fold 4 | Epoch 023/100 | Loss: 0.7049 | Acc: 0.6667 | Prec: 0.6000 | Recall: 1.0000 | Spec: 0.3333
[2025-11-28 13:47:32,681 INFO main.train_one_fold]   Confusion: TP=3, TN=1, FP=2, FN=0
[2025-11-28 13:47:32,681 INFO main.train_one_fold] EVAL EC | Fold 4 | Epoch 023/100 | Acc: 0.6667 | Prec: 0.6000 | Recall: 1.0000 | Spec: 0.3333
[2025-11-28 13:47:32,681 INFO main.train_one_fold]   Confusion: TP=3, TN=1, FP=2, FN=0
[2025-11-28 13:47:32,723 INFO main.train_one_fold] ✓ Saved best model: experiments/t7_005_beta_cane_ec/fold_4_best.pth (combined=0.4494, chunk=0.6740, subject=0.6667)
[2025-11-28 13:47:32,724 INFO early_stopping.__call__] Validation improved from 0.4309 to 0.4494 (+0.0184) at epoch 23
[2025-11-28 13:47:38,836 INFO main.train_one_fold] TRAIN CHUNK | Fold 4 | Epoch 024/100 | Loss: 0.6654 | Acc: 0.5722 | Prec: 0.5532 | Recall: 0.8108 | Spec: 0.3269
[2025-11-28 13:47:39,478 INFO main.train_one_fold] EVAL CHUNK | Fold 4 | Epoch 024/100 | Loss: 0.7093 | Acc: 0.6022 | Prec: 0.5556 | Recall: 1.0000 | Spec: 0.2088
[2025-11-28 13:47:39,478 INFO main.train_one_fold]   Confusion: TP=90, TN=19, FP=72, FN=0
[2025-11-28 13:47:39,479 INFO main.train_one_fold] EVAL SUBJECT | Fold 4 | Epoch 024/100 | Loss: 0.7093 | Acc: 0.6667 | Prec: 0.6000 | Recall: 1.0000 | Spec: 0.3333
[2025-11-28 13:47:39,479 INFO main.train_one_fold]   Confusion: TP=3, TN=1, FP=2, FN=0
[2025-11-28 13:47:39,479 INFO main.train_one_fold] EVAL EC | Fold 4 | Epoch 024/100 | Acc: 0.6667 | Prec: 0.6000 | Recall: 1.0000 | Spec: 0.3333
[2025-11-28 13:47:39,479 INFO main.train_one_fold]   Confusion: TP=3, TN=1, FP=2, FN=0
[2025-11-28 13:47:45,483 INFO main.train_one_fold] TRAIN CHUNK | Fold 4 | Epoch 025/100 | Loss: 0.6653 | Acc: 0.5722 | Prec: 0.5596 | Recall: 0.7318 | Spec: 0.4081
[2025-11-28 13:47:46,924 INFO main.train_one_fold] EVAL CHUNK | Fold 4 | Epoch 025/100 | Loss: 0.7083 | Acc: 0.6133 | Prec: 0.5625 | Recall: 1.0000 | Spec: 0.2308
[2025-11-28 13:47:46,925 INFO main.train_one_fold]   Confusion: TP=90, TN=21, FP=70, FN=0
[2025-11-28 13:47:46,925 INFO main.train_one_fold] EVAL SUBJECT | Fold 4 | Epoch 025/100 | Loss: 0.7083 | Acc: 0.6667 | Prec: 0.6000 | Recall: 1.0000 | Spec: 0.3333
[2025-11-28 13:47:46,925 INFO main.train_one_fold]   Confusion: TP=3, TN=1, FP=2, FN=0
[2025-11-28 13:47:46,925 INFO main.train_one_fold] EVAL EC | Fold 4 | Epoch 025/100 | Acc: 0.6667 | Prec: 0.6000 | Recall: 1.0000 | Spec: 0.3333
[2025-11-28 13:47:46,926 INFO main.train_one_fold]   Confusion: TP=3, TN=1, FP=2, FN=0
[2025-11-28 13:47:59,596 INFO main.train_one_fold] TRAIN CHUNK | Fold 4 | Epoch 026/100 | Loss: 0.6632 | Acc: 0.5669 | Prec: 0.5556 | Recall: 0.7277 | Spec: 0.4017
[2025-11-28 13:47:59,908 INFO main.train_one_fold] EVAL CHUNK | Fold 4 | Epoch 026/100 | Loss: 0.7093 | Acc: 0.6298 | Prec: 0.5732 | Recall: 1.0000 | Spec: 0.2637
[2025-11-28 13:47:59,908 INFO main.train_one_fold]   Confusion: TP=90, TN=24, FP=67, FN=0
[2025-11-28 13:47:59,908 INFO main.train_one_fold] EVAL SUBJECT | Fold 4 | Epoch 026/100 | Loss: 0.7093 | Acc: 0.6667 | Prec: 0.6000 | Recall: 1.0000 | Spec: 0.3333
[2025-11-28 13:47:59,908 INFO main.train_one_fold]   Confusion: TP=3, TN=1, FP=2, FN=0
[2025-11-28 13:47:59,908 INFO main.train_one_fold] EVAL EC | Fold 4 | Epoch 026/100 | Acc: 0.6667 | Prec: 0.6000 | Recall: 1.0000 | Spec: 0.3333
[2025-11-28 13:47:59,908 INFO main.train_one_fold]   Confusion: TP=3, TN=1, FP=2, FN=0
[2025-11-28 13:48:05,718 INFO main.train_one_fold] TRAIN CHUNK | Fold 4 | Epoch 027/100 | Loss: 0.6631 | Acc: 0.5806 | Prec: 0.5611 | Recall: 0.7921 | Spec: 0.3632
[2025-11-28 13:48:06,153 INFO main.train_one_fold] EVAL CHUNK | Fold 4 | Epoch 027/100 | Loss: 0.7084 | Acc: 0.6243 | Prec: 0.5696 | Recall: 1.0000 | Spec: 0.2527
[2025-11-28 13:48:06,153 INFO main.train_one_fold]   Confusion: TP=90, TN=23, FP=68, FN=0
[2025-11-28 13:48:06,154 INFO main.train_one_fold] EVAL SUBJECT | Fold 4 | Epoch 027/100 | Loss: 0.7084 | Acc: 0.6667 | Prec: 0.6000 | Recall: 1.0000 | Spec: 0.3333
[2025-11-28 13:48:06,154 INFO main.train_one_fold]   Confusion: TP=3, TN=1, FP=2, FN=0
[2025-11-28 13:48:06,154 INFO main.train_one_fold] EVAL EC | Fold 4 | Epoch 027/100 | Acc: 0.6667 | Prec: 0.6000 | Recall: 1.0000 | Spec: 0.3333
[2025-11-28 13:48:06,154 INFO main.train_one_fold]   Confusion: TP=3, TN=1, FP=2, FN=0
[2025-11-28 13:48:10,957 INFO main.train_one_fold] TRAIN CHUNK | Fold 4 | Epoch 028/100 | Loss: 0.6584 | Acc: 0.5859 | Prec: 0.5627 | Recall: 0.8212 | Spec: 0.3440
[2025-11-28 13:48:11,265 INFO main.train_one_fold] EVAL CHUNK | Fold 4 | Epoch 028/100 | Loss: 0.7081 | Acc: 0.6133 | Prec: 0.5625 | Recall: 1.0000 | Spec: 0.2308
[2025-11-28 13:48:11,265 INFO main.train_one_fold]   Confusion: TP=90, TN=21, FP=70, FN=0
[2025-11-28 13:48:11,265 INFO main.train_one_fold] EVAL SUBJECT | Fold 4 | Epoch 028/100 | Loss: 0.7081 | Acc: 0.6667 | Prec: 0.6000 | Recall: 1.0000 | Spec: 0.3333
[2025-11-28 13:48:11,265 INFO main.train_one_fold]   Confusion: TP=3, TN=1, FP=2, FN=0
[2025-11-28 13:48:11,265 INFO main.train_one_fold] EVAL EC | Fold 4 | Epoch 028/100 | Acc: 0.6667 | Prec: 0.6000 | Recall: 1.0000 | Spec: 0.3333
[2025-11-28 13:48:11,266 INFO main.train_one_fold]   Confusion: TP=3, TN=1, FP=2, FN=0
[2025-11-28 13:48:16,250 INFO main.train_one_fold] TRAIN CHUNK | Fold 4 | Epoch 029/100 | Loss: 0.6585 | Acc: 0.5827 | Prec: 0.5593 | Recall: 0.8337 | Spec: 0.3248
[2025-11-28 13:48:16,657 INFO main.train_one_fold] EVAL CHUNK | Fold 4 | Epoch 029/100 | Loss: 0.7086 | Acc: 0.6354 | Prec: 0.5769 | Recall: 1.0000 | Spec: 0.2747
[2025-11-28 13:48:16,658 INFO main.train_one_fold]   Confusion: TP=90, TN=25, FP=66, FN=0
[2025-11-28 13:48:16,658 INFO main.train_one_fold] EVAL SUBJECT | Fold 4 | Epoch 029/100 | Loss: 0.7086 | Acc: 0.6667 | Prec: 0.6000 | Recall: 1.0000 | Spec: 0.3333
[2025-11-28 13:48:16,658 INFO main.train_one_fold]   Confusion: TP=3, TN=1, FP=2, FN=0
[2025-11-28 13:48:16,658 INFO main.train_one_fold] EVAL EC | Fold 4 | Epoch 029/100 | Acc: 0.6667 | Prec: 0.6000 | Recall: 1.0000 | Spec: 0.3333
[2025-11-28 13:48:16,658 INFO main.train_one_fold]   Confusion: TP=3, TN=1, FP=2, FN=0
[2025-11-28 13:48:22,279 INFO main.train_one_fold] TRAIN CHUNK | Fold 4 | Epoch 030/100 | Loss: 0.6555 | Acc: 0.5722 | Prec: 0.5546 | Recall: 0.7921 | Spec: 0.3462
[2025-11-28 13:48:22,749 INFO main.train_one_fold] EVAL CHUNK | Fold 4 | Epoch 030/100 | Loss: 0.7084 | Acc: 0.6188 | Prec: 0.5660 | Recall: 1.0000 | Spec: 0.2418
[2025-11-28 13:48:22,750 INFO main.train_one_fold]   Confusion: TP=90, TN=22, FP=69, FN=0
[2025-11-28 13:48:22,750 INFO main.train_one_fold] EVAL SUBJECT | Fold 4 | Epoch 030/100 | Loss: 0.7084 | Acc: 0.6667 | Prec: 0.6000 | Recall: 1.0000 | Spec: 0.3333
[2025-11-28 13:48:22,750 INFO main.train_one_fold]   Confusion: TP=3, TN=1, FP=2, FN=0
[2025-11-28 13:48:22,750 INFO main.train_one_fold] EVAL EC | Fold 4 | Epoch 030/100 | Acc: 0.6667 | Prec: 0.6000 | Recall: 1.0000 | Spec: 0.3333
[2025-11-28 13:48:22,750 INFO main.train_one_fold]   Confusion: TP=3, TN=1, FP=2, FN=0
[2025-11-28 13:48:22,770 INFO main.train_one_fold] Saved checkpoint: experiments/t7_005_beta_cane_ec/fold_4_epoch_030.pth
[2025-11-28 13:48:27,759 INFO main.train_one_fold] TRAIN CHUNK | Fold 4 | Epoch 031/100 | Loss: 0.6585 | Acc: 0.5880 | Prec: 0.5623 | Recall: 0.8441 | Spec: 0.3248
[2025-11-28 13:48:28,073 INFO main.train_one_fold] EVAL CHUNK | Fold 4 | Epoch 031/100 | Loss: 0.7109 | Acc: 0.5525 | Prec: 0.5263 | Recall: 1.0000 | Spec: 0.1099
[2025-11-28 13:48:28,074 INFO main.train_one_fold]   Confusion: TP=90, TN=10, FP=81, FN=0
[2025-11-28 13:48:28,074 INFO main.train_one_fold] EVAL SUBJECT | Fold 4 | Epoch 031/100 | Loss: 0.7109 | Acc: 0.5000 | Prec: 0.5000 | Recall: 1.0000 | Spec: 0.0000
[2025-11-28 13:48:28,074 INFO main.train_one_fold]   Confusion: TP=3, TN=0, FP=3, FN=0
[2025-11-28 13:48:28,074 INFO main.train_one_fold] EVAL EC | Fold 4 | Epoch 031/100 | Acc: 0.5000 | Prec: 0.5000 | Recall: 1.0000 | Spec: 0.0000
[2025-11-28 13:48:28,074 INFO main.train_one_fold]   Confusion: TP=3, TN=0, FP=3, FN=0
[2025-11-28 13:48:33,179 INFO main.train_one_fold] TRAIN CHUNK | Fold 4 | Epoch 032/100 | Loss: 0.6577 | Acc: 0.5890 | Prec: 0.5611 | Recall: 0.8690 | Spec: 0.3013
[2025-11-28 13:48:33,661 INFO main.train_one_fold] EVAL CHUNK | Fold 4 | Epoch 032/100 | Loss: 0.7061 | Acc: 0.5967 | Prec: 0.5521 | Recall: 1.0000 | Spec: 0.1978
[2025-11-28 13:48:33,661 INFO main.train_one_fold]   Confusion: TP=90, TN=18, FP=73, FN=0
[2025-11-28 13:48:33,661 INFO main.train_one_fold] EVAL SUBJECT | Fold 4 | Epoch 032/100 | Loss: 0.7061 | Acc: 0.6667 | Prec: 0.6000 | Recall: 1.0000 | Spec: 0.3333
[2025-11-28 13:48:33,661 INFO main.train_one_fold]   Confusion: TP=3, TN=1, FP=2, FN=0
[2025-11-28 13:48:33,661 INFO main.train_one_fold] EVAL EC | Fold 4 | Epoch 032/100 | Acc: 0.6667 | Prec: 0.6000 | Recall: 1.0000 | Spec: 0.3333
[2025-11-28 13:48:33,662 INFO main.train_one_fold]   Confusion: TP=3, TN=1, FP=2, FN=0
[2025-11-28 13:48:38,656 INFO main.train_one_fold] TRAIN CHUNK | Fold 4 | Epoch 033/100 | Loss: 0.6522 | Acc: 0.5996 | Prec: 0.5660 | Recall: 0.9002 | Spec: 0.2906
[2025-11-28 13:48:38,981 INFO main.train_one_fold] EVAL CHUNK | Fold 4 | Epoch 033/100 | Loss: 0.7060 | Acc: 0.5967 | Prec: 0.5521 | Recall: 1.0000 | Spec: 0.1978
[2025-11-28 13:48:38,982 INFO main.train_one_fold]   Confusion: TP=90, TN=18, FP=73, FN=0
[2025-11-28 13:48:38,982 INFO main.train_one_fold] EVAL SUBJECT | Fold 4 | Epoch 033/100 | Loss: 0.7060 | Acc: 0.6667 | Prec: 0.6000 | Recall: 1.0000 | Spec: 0.3333
[2025-11-28 13:48:38,982 INFO main.train_one_fold]   Confusion: TP=3, TN=1, FP=2, FN=0
[2025-11-28 13:48:38,982 INFO main.train_one_fold] EVAL EC | Fold 4 | Epoch 033/100 | Acc: 0.6667 | Prec: 0.6000 | Recall: 1.0000 | Spec: 0.3333
[2025-11-28 13:48:38,982 INFO main.train_one_fold]   Confusion: TP=3, TN=1, FP=2, FN=0
[2025-11-28 13:48:43,851 INFO main.train_one_fold] TRAIN CHUNK | Fold 4 | Epoch 034/100 | Loss: 0.6524 | Acc: 0.5901 | Prec: 0.5641 | Recall: 0.8420 | Spec: 0.3312
[2025-11-28 13:48:44,232 INFO main.train_one_fold] EVAL CHUNK | Fold 4 | Epoch 034/100 | Loss: 0.7074 | Acc: 0.5580 | Prec: 0.5294 | Recall: 1.0000 | Spec: 0.1209
[2025-11-28 13:48:44,232 INFO main.train_one_fold]   Confusion: TP=90, TN=11, FP=80, FN=0
[2025-11-28 13:48:44,232 INFO main.train_one_fold] EVAL SUBJECT | Fold 4 | Epoch 034/100 | Loss: 0.7074 | Acc: 0.5000 | Prec: 0.5000 | Recall: 1.0000 | Spec: 0.0000
[2025-11-28 13:48:44,232 INFO main.train_one_fold]   Confusion: TP=3, TN=0, FP=3, FN=0
[2025-11-28 13:48:44,233 INFO main.train_one_fold] EVAL EC | Fold 4 | Epoch 034/100 | Acc: 0.5000 | Prec: 0.5000 | Recall: 1.0000 | Spec: 0.0000
[2025-11-28 13:48:44,233 INFO main.train_one_fold]   Confusion: TP=3, TN=0, FP=3, FN=0
[2025-11-28 13:48:48,955 INFO main.train_one_fold] TRAIN CHUNK | Fold 4 | Epoch 035/100 | Loss: 0.6441 | Acc: 0.6080 | Prec: 0.5700 | Recall: 0.9231 | Spec: 0.2842
[2025-11-28 13:48:49,325 INFO main.train_one_fold] EVAL CHUNK | Fold 4 | Epoch 035/100 | Loss: 0.7044 | Acc: 0.5856 | Prec: 0.5455 | Recall: 1.0000 | Spec: 0.1758
[2025-11-28 13:48:49,325 INFO main.train_one_fold]   Confusion: TP=90, TN=16, FP=75, FN=0
[2025-11-28 13:48:49,325 INFO main.train_one_fold] EVAL SUBJECT | Fold 4 | Epoch 035/100 | Loss: 0.7044 | Acc: 0.5000 | Prec: 0.5000 | Recall: 1.0000 | Spec: 0.0000
[2025-11-28 13:48:49,325 INFO main.train_one_fold]   Confusion: TP=3, TN=0, FP=3, FN=0
[2025-11-28 13:48:49,325 INFO main.train_one_fold] EVAL EC | Fold 4 | Epoch 035/100 | Acc: 0.5000 | Prec: 0.5000 | Recall: 1.0000 | Spec: 0.0000
[2025-11-28 13:48:49,325 INFO main.train_one_fold]   Confusion: TP=3, TN=0, FP=3, FN=0
[2025-11-28 13:48:57,182 INFO main.train_one_fold] TRAIN CHUNK | Fold 4 | Epoch 036/100 | Loss: 0.6400 | Acc: 0.6027 | Prec: 0.5686 | Recall: 0.8960 | Spec: 0.3013
[2025-11-28 13:48:58,709 INFO main.train_one_fold] EVAL CHUNK | Fold 4 | Epoch 036/100 | Loss: 0.7123 | Acc: 0.5525 | Prec: 0.5263 | Recall: 1.0000 | Spec: 0.1099
[2025-11-28 13:48:58,710 INFO main.train_one_fold]   Confusion: TP=90, TN=10, FP=81, FN=0
[2025-11-28 13:48:58,710 INFO main.train_one_fold] EVAL SUBJECT | Fold 4 | Epoch 036/100 | Loss: 0.7123 | Acc: 0.5000 | Prec: 0.5000 | Recall: 1.0000 | Spec: 0.0000
[2025-11-28 13:48:58,710 INFO main.train_one_fold]   Confusion: TP=3, TN=0, FP=3, FN=0
[2025-11-28 13:48:58,711 INFO main.train_one_fold] EVAL EC | Fold 4 | Epoch 036/100 | Acc: 0.5000 | Prec: 0.5000 | Recall: 1.0000 | Spec: 0.0000
[2025-11-28 13:48:58,711 INFO main.train_one_fold]   Confusion: TP=3, TN=0, FP=3, FN=0
[2025-11-28 13:49:03,569 INFO main.train_one_fold] TRAIN CHUNK | Fold 4 | Epoch 037/100 | Loss: 0.6446 | Acc: 0.5996 | Prec: 0.5657 | Recall: 0.9044 | Spec: 0.2863
[2025-11-28 13:49:03,886 INFO main.train_one_fold] EVAL CHUNK | Fold 4 | Epoch 037/100 | Loss: 0.7079 | Acc: 0.5746 | Prec: 0.5389 | Recall: 1.0000 | Spec: 0.1538
[2025-11-28 13:49:03,886 INFO main.train_one_fold]   Confusion: TP=90, TN=14, FP=77, FN=0
[2025-11-28 13:49:03,886 INFO main.train_one_fold] EVAL SUBJECT | Fold 4 | Epoch 037/100 | Loss: 0.7079 | Acc: 0.5000 | Prec: 0.5000 | Recall: 1.0000 | Spec: 0.0000
[2025-11-28 13:49:03,886 INFO main.train_one_fold]   Confusion: TP=3, TN=0, FP=3, FN=0
[2025-11-28 13:49:03,886 INFO main.train_one_fold] EVAL EC | Fold 4 | Epoch 037/100 | Acc: 0.5000 | Prec: 0.5000 | Recall: 1.0000 | Spec: 0.0000
[2025-11-28 13:49:03,886 INFO main.train_one_fold]   Confusion: TP=3, TN=0, FP=3, FN=0
[2025-11-28 13:49:08,886 INFO main.train_one_fold] TRAIN CHUNK | Fold 4 | Epoch 038/100 | Loss: 0.6373 | Acc: 0.6101 | Prec: 0.5716 | Recall: 0.9210 | Spec: 0.2906
[2025-11-28 13:49:09,563 INFO main.train_one_fold] EVAL CHUNK | Fold 4 | Epoch 038/100 | Loss: 0.7182 | Acc: 0.5691 | Prec: 0.5357 | Recall: 1.0000 | Spec: 0.1429
[2025-11-28 13:49:09,563 INFO main.train_one_fold]   Confusion: TP=90, TN=13, FP=78, FN=0
[2025-11-28 13:49:09,564 INFO main.train_one_fold] EVAL SUBJECT | Fold 4 | Epoch 038/100 | Loss: 0.7182 | Acc: 0.5000 | Prec: 0.5000 | Recall: 1.0000 | Spec: 0.0000
[2025-11-28 13:49:09,564 INFO main.train_one_fold]   Confusion: TP=3, TN=0, FP=3, FN=0
[2025-11-28 13:49:09,564 INFO main.train_one_fold] EVAL EC | Fold 4 | Epoch 038/100 | Acc: 0.5000 | Prec: 0.5000 | Recall: 1.0000 | Spec: 0.0000
[2025-11-28 13:49:09,564 INFO main.train_one_fold]   Confusion: TP=3, TN=0, FP=3, FN=0
[2025-11-28 13:49:16,210 INFO main.train_one_fold] TRAIN CHUNK | Fold 4 | Epoch 039/100 | Loss: 0.6364 | Acc: 0.6112 | Prec: 0.5707 | Recall: 0.9397 | Spec: 0.2735
[2025-11-28 13:49:16,519 INFO main.train_one_fold] EVAL CHUNK | Fold 4 | Epoch 039/100 | Loss: 0.7169 | Acc: 0.5746 | Prec: 0.5389 | Recall: 1.0000 | Spec: 0.1538
[2025-11-28 13:49:16,520 INFO main.train_one_fold]   Confusion: TP=90, TN=14, FP=77, FN=0
[2025-11-28 13:49:16,520 INFO main.train_one_fold] EVAL SUBJECT | Fold 4 | Epoch 039/100 | Loss: 0.7169 | Acc: 0.5000 | Prec: 0.5000 | Recall: 1.0000 | Spec: 0.0000
[2025-11-28 13:49:16,520 INFO main.train_one_fold]   Confusion: TP=3, TN=0, FP=3, FN=0
[2025-11-28 13:49:16,520 INFO main.train_one_fold] EVAL EC | Fold 4 | Epoch 039/100 | Acc: 0.5000 | Prec: 0.5000 | Recall: 1.0000 | Spec: 0.0000
[2025-11-28 13:49:16,520 INFO main.train_one_fold]   Confusion: TP=3, TN=0, FP=3, FN=0
[2025-11-28 13:49:21,382 INFO main.train_one_fold] TRAIN CHUNK | Fold 4 | Epoch 040/100 | Loss: 0.6332 | Acc: 0.6143 | Prec: 0.5750 | Recall: 0.9168 | Spec: 0.3034
[2025-11-28 13:49:21,736 INFO main.train_one_fold] EVAL CHUNK | Fold 4 | Epoch 040/100 | Loss: 0.7327 | Acc: 0.5746 | Prec: 0.5389 | Recall: 1.0000 | Spec: 0.1538
[2025-11-28 13:49:21,736 INFO main.train_one_fold]   Confusion: TP=90, TN=14, FP=77, FN=0
[2025-11-28 13:49:21,736 INFO main.train_one_fold] EVAL SUBJECT | Fold 4 | Epoch 040/100 | Loss: 0.7327 | Acc: 0.5000 | Prec: 0.5000 | Recall: 1.0000 | Spec: 0.0000
[2025-11-28 13:49:21,736 INFO main.train_one_fold]   Confusion: TP=3, TN=0, FP=3, FN=0
[2025-11-28 13:49:21,737 INFO main.train_one_fold] EVAL EC | Fold 4 | Epoch 040/100 | Acc: 0.5000 | Prec: 0.5000 | Recall: 1.0000 | Spec: 0.0000
[2025-11-28 13:49:21,737 INFO main.train_one_fold]   Confusion: TP=3, TN=0, FP=3, FN=0
[2025-11-28 13:49:21,762 INFO main.train_one_fold] Saved checkpoint: experiments/t7_005_beta_cane_ec/fold_4_epoch_040.pth
[2025-11-28 13:49:35,027 INFO main.train_one_fold] TRAIN CHUNK | Fold 4 | Epoch 041/100 | Loss: 0.6289 | Acc: 0.6207 | Prec: 0.5771 | Recall: 0.9418 | Spec: 0.2906
[2025-11-28 13:49:35,768 INFO main.train_one_fold] EVAL CHUNK | Fold 4 | Epoch 041/100 | Loss: 0.7309 | Acc: 0.5691 | Prec: 0.5357 | Recall: 1.0000 | Spec: 0.1429
[2025-11-28 13:49:35,769 INFO main.train_one_fold]   Confusion: TP=90, TN=13, FP=78, FN=0
[2025-11-28 13:49:35,769 INFO main.train_one_fold] EVAL SUBJECT | Fold 4 | Epoch 041/100 | Loss: 0.7309 | Acc: 0.5000 | Prec: 0.5000 | Recall: 1.0000 | Spec: 0.0000
[2025-11-28 13:49:35,769 INFO main.train_one_fold]   Confusion: TP=3, TN=0, FP=3, FN=0
[2025-11-28 13:49:35,769 INFO main.train_one_fold] EVAL EC | Fold 4 | Epoch 041/100 | Acc: 0.5000 | Prec: 0.5000 | Recall: 1.0000 | Spec: 0.0000
[2025-11-28 13:49:35,770 INFO main.train_one_fold]   Confusion: TP=3, TN=0, FP=3, FN=0
[2025-11-28 13:49:47,936 INFO main.train_one_fold] TRAIN CHUNK | Fold 4 | Epoch 042/100 | Loss: 0.6259 | Acc: 0.6080 | Prec: 0.5709 | Recall: 0.9127 | Spec: 0.2949
[2025-11-28 13:49:48,595 INFO main.train_one_fold] EVAL CHUNK | Fold 4 | Epoch 042/100 | Loss: 0.7819 | Acc: 0.5470 | Prec: 0.5233 | Recall: 1.0000 | Spec: 0.0989
[2025-11-28 13:49:48,595 INFO main.train_one_fold]   Confusion: TP=90, TN=9, FP=82, FN=0
[2025-11-28 13:49:48,595 INFO main.train_one_fold] EVAL SUBJECT | Fold 4 | Epoch 042/100 | Loss: 0.7819 | Acc: 0.5000 | Prec: 0.5000 | Recall: 1.0000 | Spec: 0.0000
[2025-11-28 13:49:48,595 INFO main.train_one_fold]   Confusion: TP=3, TN=0, FP=3, FN=0
[2025-11-28 13:49:48,596 INFO main.train_one_fold] EVAL EC | Fold 4 | Epoch 042/100 | Acc: 0.5000 | Prec: 0.5000 | Recall: 1.0000 | Spec: 0.0000
[2025-11-28 13:49:48,596 INFO main.train_one_fold]   Confusion: TP=3, TN=0, FP=3, FN=0
[2025-11-28 13:49:53,901 INFO main.train_one_fold] TRAIN CHUNK | Fold 4 | Epoch 043/100 | Loss: 0.6171 | Acc: 0.6112 | Prec: 0.5716 | Recall: 0.9293 | Spec: 0.2842
[2025-11-28 13:49:55,546 INFO main.train_one_fold] EVAL CHUNK | Fold 4 | Epoch 043/100 | Loss: 0.7394 | Acc: 0.5691 | Prec: 0.5357 | Recall: 1.0000 | Spec: 0.1429
[2025-11-28 13:49:55,547 INFO main.train_one_fold]   Confusion: TP=90, TN=13, FP=78, FN=0
[2025-11-28 13:49:55,547 INFO main.train_one_fold] EVAL SUBJECT | Fold 4 | Epoch 043/100 | Loss: 0.7394 | Acc: 0.5000 | Prec: 0.5000 | Recall: 1.0000 | Spec: 0.0000
[2025-11-28 13:49:55,547 INFO main.train_one_fold]   Confusion: TP=3, TN=0, FP=3, FN=0
[2025-11-28 13:49:55,547 INFO main.train_one_fold] EVAL EC | Fold 4 | Epoch 043/100 | Acc: 0.5000 | Prec: 0.5000 | Recall: 1.0000 | Spec: 0.0000
[2025-11-28 13:49:55,547 INFO main.train_one_fold]   Confusion: TP=3, TN=0, FP=3, FN=0
[2025-11-28 13:49:55,547 INFO early_stopping.__call__] Early stopping triggered after 20 epochs without improvement. Best score: 0.4494 at epoch 23
[2025-11-28 13:49:55,547 INFO main.train_one_fold] Early stopping triggered at epoch 43
[2025-11-28 13:49:55,547 INFO main.train_one_fold] 
Fold 4 training completed. Best Combined Val Acc: 0.4494 at epoch 23
[2025-11-28 13:49:55,548 INFO main.train_cross_validation] ================================================================================
[2025-11-28 13:49:55,548 INFO main.train_cross_validation] FOLD 5/6
[2025-11-28 13:49:55,548 INFO main.train_cross_validation] ================================================================================
[2025-11-28 13:49:55,548 INFO main.get_datasets_for_fold] Train subjects (31): ['cane:H S0012 EC', 'cane:H S1002 EC', 'cane:H S1033 EC', 'cane:H S0015 EC', 'cane:AX S1087 EC', 'cane:AX S1050 EC', 'cane:AX S0073 EC', 'cane:H S1010 EC', 'cane:H S1095 EC', 'cane:H S0079 EC', 'cane:AX S1023 EC', 'cane:AX S1051 EC', 'cane:AX S1006 EC', 'cane:H S1060 EC', 'cane:H S1091 EC', 'cane:H S1096 EC', 'cane:AX S1005 EC', 'cane:AX S0072 EC', 'cane:AX S0057 EC', 'cane:H S0078 EC', 'cane:H S1022 EC', 'cane:H S1101 EC', 'cane:AX S1084 EC', 'cane:AX S1007 EC', 'cane:AX S1065 EC', 'cane:H S1028 EC', 'cane:H S1085 EC', 'cane:H S1003 EC', 'cane:AX S1024 EC', 'cane:AX S0041 EC', 'cane:AX S0056 EC']...
[2025-11-28 13:49:55,548 INFO main.get_datasets_for_fold] Val subjects (6): ['cane:H S1001 EC', 'cane:H S1054 EC', 'cane:H S1008 EC', 'cane:AX S1027 EC', 'cane:AX S0074 EC', 'cane:AX S1009 EC']
[2025-11-28 13:49:55,549 INFO main.get_datasets_for_fold] Training chunks: 954
[2025-11-28 13:49:55,549 INFO main.get_datasets_for_fold] Validation chunks: 176
[2025-11-28 13:49:55,634 INFO model.__init__] Initialized LSTM with input_size=1728, hidden_size=100, batch_first=True
[2025-11-28 13:49:55,637 INFO main.train_one_fold] Starting training for fold 5
[2025-11-28 13:50:04,376 INFO main.train_one_fold] TRAIN CHUNK | Fold 5 | Epoch 001/100 | Loss: 0.6929 | Acc: 0.5084 | Prec: 0.5047 | Recall: 0.6758 | Spec: 0.3424
[2025-11-28 13:50:04,748 INFO main.train_one_fold] EVAL CHUNK | Fold 5 | Epoch 001/100 | Loss: 0.6932 | Acc: 0.5455 | Prec: 0.5455 | Recall: 1.0000 | Spec: 0.0000
[2025-11-28 13:50:04,748 INFO main.train_one_fold]   Confusion: TP=96, TN=0, FP=80, FN=0
[2025-11-28 13:50:04,749 INFO main.train_one_fold] EVAL SUBJECT | Fold 5 | Epoch 001/100 | Loss: 0.6932 | Acc: 0.5000 | Prec: 0.5000 | Recall: 1.0000 | Spec: 0.0000
[2025-11-28 13:50:04,749 INFO main.train_one_fold]   Confusion: TP=3, TN=0, FP=3, FN=0
[2025-11-28 13:50:04,749 INFO main.train_one_fold] EVAL EC | Fold 5 | Epoch 001/100 | Acc: 0.5000 | Prec: 0.5000 | Recall: 1.0000 | Spec: 0.0000
[2025-11-28 13:50:04,749 INFO main.train_one_fold]   Confusion: TP=3, TN=0, FP=3, FN=0
[2025-11-28 13:50:04,773 INFO main.train_one_fold] ✓ Saved best model: experiments/t7_005_beta_cane_ec/fold_5_best.pth (combined=0.2727, chunk=0.5455, subject=0.5000)
[2025-11-28 13:50:04,773 INFO early_stopping.__call__] Early stopping initialized: best score 0.2727 at epoch 1
[2025-11-28 13:50:11,360 INFO main.train_one_fold] TRAIN CHUNK | Fold 5 | Epoch 002/100 | Loss: 0.6931 | Acc: 0.4990 | Prec: 0.4972 | Recall: 0.5705 | Spec: 0.4280
[2025-11-28 13:50:12,509 INFO main.train_one_fold] EVAL CHUNK | Fold 5 | Epoch 002/100 | Loss: 0.6936 | Acc: 0.5170 | Prec: 0.5322 | Recall: 0.9479 | Spec: 0.0000
[2025-11-28 13:50:12,510 INFO main.train_one_fold]   Confusion: TP=91, TN=0, FP=80, FN=5
[2025-11-28 13:50:12,513 INFO main.train_one_fold] EVAL SUBJECT | Fold 5 | Epoch 002/100 | Loss: 0.6936 | Acc: 0.5000 | Prec: 0.5000 | Recall: 1.0000 | Spec: 0.0000
[2025-11-28 13:50:12,513 INFO main.train_one_fold]   Confusion: TP=3, TN=0, FP=3, FN=0
[2025-11-28 13:50:12,513 INFO main.train_one_fold] EVAL EC | Fold 5 | Epoch 002/100 | Acc: 0.5000 | Prec: 0.5000 | Recall: 1.0000 | Spec: 0.0000
[2025-11-28 13:50:12,513 INFO main.train_one_fold]   Confusion: TP=3, TN=0, FP=3, FN=0
[2025-11-28 13:50:22,873 INFO main.train_one_fold] TRAIN CHUNK | Fold 5 | Epoch 003/100 | Loss: 0.6927 | Acc: 0.5105 | Prec: 0.5097 | Recall: 0.4421 | Spec: 0.5783
[2025-11-28 13:50:23,200 INFO main.train_one_fold] EVAL CHUNK | Fold 5 | Epoch 003/100 | Loss: 0.6945 | Acc: 0.2330 | Prec: 0.2400 | Recall: 0.1875 | Spec: 0.2875
[2025-11-28 13:50:23,200 INFO main.train_one_fold]   Confusion: TP=18, TN=23, FP=57, FN=78
[2025-11-28 13:50:23,201 INFO main.train_one_fold] EVAL SUBJECT | Fold 5 | Epoch 003/100 | Loss: 0.6945 | Acc: 0.1667 | Prec: 0.0000 | Recall: 0.0000 | Spec: 0.3333
[2025-11-28 13:50:23,201 INFO main.train_one_fold]   Confusion: TP=0, TN=1, FP=2, FN=3
[2025-11-28 13:50:23,201 INFO main.train_one_fold] EVAL EC | Fold 5 | Epoch 003/100 | Acc: 0.1667 | Prec: 0.0000 | Recall: 0.0000 | Spec: 0.3333
[2025-11-28 13:50:23,201 INFO main.train_one_fold]   Confusion: TP=0, TN=1, FP=2, FN=3
[2025-11-28 13:50:34,963 INFO main.train_one_fold] TRAIN CHUNK | Fold 5 | Epoch 004/100 | Loss: 0.6933 | Acc: 0.4853 | Prec: 0.4844 | Recall: 0.5242 | Spec: 0.4468
[2025-11-28 13:50:35,317 INFO main.train_one_fold] EVAL CHUNK | Fold 5 | Epoch 004/100 | Loss: 0.6951 | Acc: 0.1477 | Prec: 0.2300 | Recall: 0.2396 | Spec: 0.0375
[2025-11-28 13:50:35,317 INFO main.train_one_fold]   Confusion: TP=23, TN=3, FP=77, FN=73
[2025-11-28 13:50:35,318 INFO main.train_one_fold] EVAL SUBJECT | Fold 5 | Epoch 004/100 | Loss: 0.6951 | Acc: 0.1667 | Prec: 0.2500 | Recall: 0.3333 | Spec: 0.0000
[2025-11-28 13:50:35,318 INFO main.train_one_fold]   Confusion: TP=1, TN=0, FP=3, FN=2
[2025-11-28 13:50:35,318 INFO main.train_one_fold] EVAL EC | Fold 5 | Epoch 004/100 | Acc: 0.1667 | Prec: 0.2500 | Recall: 0.3333 | Spec: 0.0000
[2025-11-28 13:50:35,318 INFO main.train_one_fold]   Confusion: TP=1, TN=0, FP=3, FN=2
[2025-11-28 13:50:40,018 INFO main.train_one_fold] TRAIN CHUNK | Fold 5 | Epoch 005/100 | Loss: 0.6917 | Acc: 0.5493 | Prec: 0.5342 | Recall: 0.7389 | Spec: 0.3612
[2025-11-28 13:50:40,317 INFO main.train_one_fold] EVAL CHUNK | Fold 5 | Epoch 005/100 | Loss: 0.6959 | Acc: 0.5455 | Prec: 0.5455 | Recall: 1.0000 | Spec: 0.0000
[2025-11-28 13:50:40,317 INFO main.train_one_fold]   Confusion: TP=96, TN=0, FP=80, FN=0
[2025-11-28 13:50:40,317 INFO main.train_one_fold] EVAL SUBJECT | Fold 5 | Epoch 005/100 | Loss: 0.6959 | Acc: 0.5000 | Prec: 0.5000 | Recall: 1.0000 | Spec: 0.0000
[2025-11-28 13:50:40,317 INFO main.train_one_fold]   Confusion: TP=3, TN=0, FP=3, FN=0
[2025-11-28 13:50:40,318 INFO main.train_one_fold] EVAL EC | Fold 5 | Epoch 005/100 | Acc: 0.5000 | Prec: 0.5000 | Recall: 1.0000 | Spec: 0.0000
[2025-11-28 13:50:40,318 INFO main.train_one_fold]   Confusion: TP=3, TN=0, FP=3, FN=0
[2025-11-28 13:50:48,167 INFO main.train_one_fold] TRAIN CHUNK | Fold 5 | Epoch 006/100 | Loss: 0.6919 | Acc: 0.5283 | Prec: 0.5153 | Recall: 0.8842 | Spec: 0.1754
[2025-11-28 13:50:48,522 INFO main.train_one_fold] EVAL CHUNK | Fold 5 | Epoch 006/100 | Loss: 0.6972 | Acc: 0.5227 | Prec: 0.5349 | Recall: 0.9583 | Spec: 0.0000
[2025-11-28 13:50:48,523 INFO main.train_one_fold]   Confusion: TP=92, TN=0, FP=80, FN=4
[2025-11-28 13:50:48,523 INFO main.train_one_fold] EVAL SUBJECT | Fold 5 | Epoch 006/100 | Loss: 0.6972 | Acc: 0.5000 | Prec: 0.5000 | Recall: 1.0000 | Spec: 0.0000
[2025-11-28 13:50:48,523 INFO main.train_one_fold]   Confusion: TP=3, TN=0, FP=3, FN=0
[2025-11-28 13:50:48,523 INFO main.train_one_fold] EVAL EC | Fold 5 | Epoch 006/100 | Acc: 0.5000 | Prec: 0.5000 | Recall: 1.0000 | Spec: 0.0000
[2025-11-28 13:50:48,523 INFO main.train_one_fold]   Confusion: TP=3, TN=0, FP=3, FN=0
[2025-11-28 13:50:55,755 INFO main.train_one_fold] TRAIN CHUNK | Fold 5 | Epoch 007/100 | Loss: 0.6923 | Acc: 0.5105 | Prec: 0.5070 | Recall: 0.6084 | Spec: 0.4134
[2025-11-28 13:50:56,124 INFO main.train_one_fold] EVAL CHUNK | Fold 5 | Epoch 007/100 | Loss: 0.7002 | Acc: 0.1648 | Prec: 0.2000 | Recall: 0.1771 | Spec: 0.1500
[2025-11-28 13:50:56,125 INFO main.train_one_fold]   Confusion: TP=17, TN=12, FP=68, FN=79
[2025-11-28 13:50:56,125 INFO main.train_one_fold] EVAL SUBJECT | Fold 5 | Epoch 007/100 | Loss: 0.7002 | Acc: 0.0000 | Prec: 0.0000 | Recall: 0.0000 | Spec: 0.0000
[2025-11-28 13:50:56,125 INFO main.train_one_fold]   Confusion: TP=0, TN=0, FP=3, FN=3
[2025-11-28 13:50:56,125 INFO main.train_one_fold] EVAL EC | Fold 5 | Epoch 007/100 | Acc: 0.0000 | Prec: 0.0000 | Recall: 0.0000 | Spec: 0.0000
[2025-11-28 13:50:56,125 INFO main.train_one_fold]   Confusion: TP=0, TN=0, FP=3, FN=3
[2025-11-28 13:51:05,649 INFO main.train_one_fold] TRAIN CHUNK | Fold 5 | Epoch 008/100 | Loss: 0.6893 | Acc: 0.5839 | Prec: 0.5627 | Recall: 0.7368 | Spec: 0.4322
[2025-11-28 13:51:05,990 INFO main.train_one_fold] EVAL CHUNK | Fold 5 | Epoch 008/100 | Loss: 0.7059 | Acc: 0.3068 | Prec: 0.4030 | Recall: 0.5625 | Spec: 0.0000
[2025-11-28 13:51:05,991 INFO main.train_one_fold]   Confusion: TP=54, TN=0, FP=80, FN=42
[2025-11-28 13:51:05,991 INFO main.train_one_fold] EVAL SUBJECT | Fold 5 | Epoch 008/100 | Loss: 0.7059 | Acc: 0.3333 | Prec: 0.4000 | Recall: 0.6667 | Spec: 0.0000
[2025-11-28 13:51:05,991 INFO main.train_one_fold]   Confusion: TP=2, TN=0, FP=3, FN=1
[2025-11-28 13:51:05,991 INFO main.train_one_fold] EVAL EC | Fold 5 | Epoch 008/100 | Acc: 0.3333 | Prec: 0.4000 | Recall: 0.6667 | Spec: 0.0000
[2025-11-28 13:51:05,991 INFO main.train_one_fold]   Confusion: TP=2, TN=0, FP=3, FN=1
[2025-11-28 13:51:12,363 INFO main.train_one_fold] TRAIN CHUNK | Fold 5 | Epoch 009/100 | Loss: 0.6874 | Acc: 0.5702 | Prec: 0.5496 | Recall: 0.7579 | Spec: 0.3841
[2025-11-28 13:51:13,909 INFO main.train_one_fold] EVAL CHUNK | Fold 5 | Epoch 009/100 | Loss: 0.7182 | Acc: 0.3125 | Prec: 0.4074 | Recall: 0.5729 | Spec: 0.0000
[2025-11-28 13:51:13,910 INFO main.train_one_fold]   Confusion: TP=55, TN=0, FP=80, FN=41
[2025-11-28 13:51:13,910 INFO main.train_one_fold] EVAL SUBJECT | Fold 5 | Epoch 009/100 | Loss: 0.7182 | Acc: 0.3333 | Prec: 0.4000 | Recall: 0.6667 | Spec: 0.0000
[2025-11-28 13:51:13,910 INFO main.train_one_fold]   Confusion: TP=2, TN=0, FP=3, FN=1
[2025-11-28 13:51:13,910 INFO main.train_one_fold] EVAL EC | Fold 5 | Epoch 009/100 | Acc: 0.3333 | Prec: 0.4000 | Recall: 0.6667 | Spec: 0.0000
[2025-11-28 13:51:13,911 INFO main.train_one_fold]   Confusion: TP=2, TN=0, FP=3, FN=1
[2025-11-28 13:51:23,165 INFO main.train_one_fold] TRAIN CHUNK | Fold 5 | Epoch 010/100 | Loss: 0.6847 | Acc: 0.5734 | Prec: 0.5417 | Recall: 0.9305 | Spec: 0.2192
[2025-11-28 13:51:23,504 INFO main.train_one_fold] EVAL CHUNK | Fold 5 | Epoch 010/100 | Loss: 0.7378 | Acc: 0.2614 | Prec: 0.3629 | Recall: 0.4688 | Spec: 0.0125
[2025-11-28 13:51:23,504 INFO main.train_one_fold]   Confusion: TP=45, TN=1, FP=79, FN=51
[2025-11-28 13:51:23,504 INFO main.train_one_fold] EVAL SUBJECT | Fold 5 | Epoch 010/100 | Loss: 0.7378 | Acc: 0.3333 | Prec: 0.4000 | Recall: 0.6667 | Spec: 0.0000
[2025-11-28 13:51:23,505 INFO main.train_one_fold]   Confusion: TP=2, TN=0, FP=3, FN=1
[2025-11-28 13:51:23,505 INFO main.train_one_fold] EVAL EC | Fold 5 | Epoch 010/100 | Acc: 0.3333 | Prec: 0.4000 | Recall: 0.6667 | Spec: 0.0000
[2025-11-28 13:51:23,505 INFO main.train_one_fold]   Confusion: TP=2, TN=0, FP=3, FN=1
[2025-11-28 13:51:23,526 INFO main.train_one_fold] Saved checkpoint: experiments/t7_005_beta_cane_ec/fold_5_epoch_010.pth
[2025-11-28 13:51:28,706 INFO main.train_one_fold] TRAIN CHUNK | Fold 5 | Epoch 011/100 | Loss: 0.6752 | Acc: 0.6153 | Prec: 0.6023 | Recall: 0.6695 | Spec: 0.5616
[2025-11-28 13:51:29,126 INFO main.train_one_fold] EVAL CHUNK | Fold 5 | Epoch 011/100 | Loss: 0.7889 | Acc: 0.2216 | Prec: 0.3248 | Recall: 0.3958 | Spec: 0.0125
[2025-11-28 13:51:29,127 INFO main.train_one_fold]   Confusion: TP=38, TN=1, FP=79, FN=58
[2025-11-28 13:51:29,127 INFO main.train_one_fold] EVAL SUBJECT | Fold 5 | Epoch 011/100 | Loss: 0.7889 | Acc: 0.3333 | Prec: 0.4000 | Recall: 0.6667 | Spec: 0.0000
[2025-11-28 13:51:29,127 INFO main.train_one_fold]   Confusion: TP=2, TN=0, FP=3, FN=1
[2025-11-28 13:51:29,127 INFO main.train_one_fold] EVAL EC | Fold 5 | Epoch 011/100 | Acc: 0.3333 | Prec: 0.4000 | Recall: 0.6667 | Spec: 0.0000
[2025-11-28 13:51:29,127 INFO main.train_one_fold]   Confusion: TP=2, TN=0, FP=3, FN=1
[2025-11-28 13:51:40,633 INFO main.train_one_fold] TRAIN CHUNK | Fold 5 | Epoch 012/100 | Loss: 0.6626 | Acc: 0.6153 | Prec: 0.5877 | Recall: 0.7621 | Spec: 0.4697
[2025-11-28 13:51:42,295 INFO main.train_one_fold] EVAL CHUNK | Fold 5 | Epoch 012/100 | Loss: 0.8573 | Acc: 0.2727 | Prec: 0.3730 | Recall: 0.4896 | Spec: 0.0125
[2025-11-28 13:51:42,296 INFO main.train_one_fold]   Confusion: TP=47, TN=1, FP=79, FN=49
[2025-11-28 13:51:42,296 INFO main.train_one_fold] EVAL SUBJECT | Fold 5 | Epoch 012/100 | Loss: 0.8573 | Acc: 0.3333 | Prec: 0.4000 | Recall: 0.6667 | Spec: 0.0000
[2025-11-28 13:51:42,297 INFO main.train_one_fold]   Confusion: TP=2, TN=0, FP=3, FN=1
[2025-11-28 13:51:42,297 INFO main.train_one_fold] EVAL EC | Fold 5 | Epoch 012/100 | Acc: 0.3333 | Prec: 0.4000 | Recall: 0.6667 | Spec: 0.0000
[2025-11-28 13:51:42,297 INFO main.train_one_fold]   Confusion: TP=2, TN=0, FP=3, FN=1
[2025-11-28 13:51:52,911 INFO main.train_one_fold] TRAIN CHUNK | Fold 5 | Epoch 013/100 | Loss: 0.6518 | Acc: 0.6216 | Prec: 0.5888 | Recall: 0.7958 | Spec: 0.4489
[2025-11-28 13:51:53,500 INFO main.train_one_fold] EVAL CHUNK | Fold 5 | Epoch 013/100 | Loss: 0.9554 | Acc: 0.1875 | Prec: 0.2883 | Recall: 0.3333 | Spec: 0.0125
[2025-11-28 13:51:53,500 INFO main.train_one_fold]   Confusion: TP=32, TN=1, FP=79, FN=64
[2025-11-28 13:51:53,501 INFO main.train_one_fold] EVAL SUBJECT | Fold 5 | Epoch 013/100 | Loss: 0.9554 | Acc: 0.1667 | Prec: 0.2500 | Recall: 0.3333 | Spec: 0.0000
[2025-11-28 13:51:53,501 INFO main.train_one_fold]   Confusion: TP=1, TN=0, FP=3, FN=2
[2025-11-28 13:51:53,501 INFO main.train_one_fold] EVAL EC | Fold 5 | Epoch 013/100 | Acc: 0.1667 | Prec: 0.2500 | Recall: 0.3333 | Spec: 0.0000
[2025-11-28 13:51:53,501 INFO main.train_one_fold]   Confusion: TP=1, TN=0, FP=3, FN=2
[2025-11-28 13:51:59,981 INFO main.train_one_fold] TRAIN CHUNK | Fold 5 | Epoch 014/100 | Loss: 0.6313 | Acc: 0.6520 | Prec: 0.6231 | Recall: 0.7621 | Spec: 0.5428
[2025-11-28 13:52:00,320 INFO main.train_one_fold] EVAL CHUNK | Fold 5 | Epoch 014/100 | Loss: 1.0563 | Acc: 0.2102 | Prec: 0.3130 | Recall: 0.3750 | Spec: 0.0125
[2025-11-28 13:52:00,320 INFO main.train_one_fold]   Confusion: TP=36, TN=1, FP=79, FN=60
[2025-11-28 13:52:00,320 INFO main.train_one_fold] EVAL SUBJECT | Fold 5 | Epoch 014/100 | Loss: 1.0563 | Acc: 0.1667 | Prec: 0.2500 | Recall: 0.3333 | Spec: 0.0000
[2025-11-28 13:52:00,320 INFO main.train_one_fold]   Confusion: TP=1, TN=0, FP=3, FN=2
[2025-11-28 13:52:00,320 INFO main.train_one_fold] EVAL EC | Fold 5 | Epoch 014/100 | Acc: 0.1667 | Prec: 0.2500 | Recall: 0.3333 | Spec: 0.0000
[2025-11-28 13:52:00,320 INFO main.train_one_fold]   Confusion: TP=1, TN=0, FP=3, FN=2
[2025-11-28 13:52:08,437 INFO main.train_one_fold] TRAIN CHUNK | Fold 5 | Epoch 015/100 | Loss: 0.6398 | Acc: 0.6268 | Prec: 0.6068 | Recall: 0.7116 | Spec: 0.5428
[2025-11-28 13:52:08,730 INFO main.train_one_fold] EVAL CHUNK | Fold 5 | Epoch 015/100 | Loss: 1.0796 | Acc: 0.1875 | Prec: 0.2883 | Recall: 0.3333 | Spec: 0.0125
[2025-11-28 13:52:08,730 INFO main.train_one_fold]   Confusion: TP=32, TN=1, FP=79, FN=64
[2025-11-28 13:52:08,730 INFO main.train_one_fold] EVAL SUBJECT | Fold 5 | Epoch 015/100 | Loss: 1.0796 | Acc: 0.1667 | Prec: 0.2500 | Recall: 0.3333 | Spec: 0.0000
[2025-11-28 13:52:08,730 INFO main.train_one_fold]   Confusion: TP=1, TN=0, FP=3, FN=2
[2025-11-28 13:52:08,731 INFO main.train_one_fold] EVAL EC | Fold 5 | Epoch 015/100 | Acc: 0.1667 | Prec: 0.2500 | Recall: 0.3333 | Spec: 0.0000
[2025-11-28 13:52:08,731 INFO main.train_one_fold]   Confusion: TP=1, TN=0, FP=3, FN=2
[2025-11-28 13:52:13,651 INFO main.train_one_fold] TRAIN CHUNK | Fold 5 | Epoch 016/100 | Loss: 0.6313 | Acc: 0.6289 | Prec: 0.5883 | Recall: 0.8484 | Spec: 0.4113
[2025-11-28 13:52:13,926 INFO main.train_one_fold] EVAL CHUNK | Fold 5 | Epoch 016/100 | Loss: 1.1937 | Acc: 0.1193 | Prec: 0.1895 | Recall: 0.1875 | Spec: 0.0375
[2025-11-28 13:52:13,927 INFO main.train_one_fold]   Confusion: TP=18, TN=3, FP=77, FN=78
[2025-11-28 13:52:13,927 INFO main.train_one_fold] EVAL SUBJECT | Fold 5 | Epoch 016/100 | Loss: 1.1937 | Acc: 0.0000 | Prec: 0.0000 | Recall: 0.0000 | Spec: 0.0000
[2025-11-28 13:52:13,927 INFO main.train_one_fold]   Confusion: TP=0, TN=0, FP=3, FN=3
[2025-11-28 13:52:13,927 INFO main.train_one_fold] EVAL EC | Fold 5 | Epoch 016/100 | Acc: 0.0000 | Prec: 0.0000 | Recall: 0.0000 | Spec: 0.0000
[2025-11-28 13:52:13,927 INFO main.train_one_fold]   Confusion: TP=0, TN=0, FP=3, FN=3
[2025-11-28 13:52:22,922 INFO main.train_one_fold] TRAIN CHUNK | Fold 5 | Epoch 017/100 | Loss: 0.6215 | Acc: 0.6415 | Prec: 0.6110 | Recall: 0.7705 | Spec: 0.5136
[2025-11-28 13:52:23,381 INFO main.train_one_fold] EVAL CHUNK | Fold 5 | Epoch 017/100 | Loss: 1.1689 | Acc: 0.1761 | Prec: 0.2752 | Recall: 0.3125 | Spec: 0.0125
[2025-11-28 13:52:23,381 INFO main.train_one_fold]   Confusion: TP=30, TN=1, FP=79, FN=66
[2025-11-28 13:52:23,381 INFO main.train_one_fold] EVAL SUBJECT | Fold 5 | Epoch 017/100 | Loss: 1.1689 | Acc: 0.1667 | Prec: 0.2500 | Recall: 0.3333 | Spec: 0.0000
[2025-11-28 13:52:23,381 INFO main.train_one_fold]   Confusion: TP=1, TN=0, FP=3, FN=2
[2025-11-28 13:52:23,381 INFO main.train_one_fold] EVAL EC | Fold 5 | Epoch 017/100 | Acc: 0.1667 | Prec: 0.2500 | Recall: 0.3333 | Spec: 0.0000
[2025-11-28 13:52:23,381 INFO main.train_one_fold]   Confusion: TP=1, TN=0, FP=3, FN=2
[2025-11-28 13:52:27,607 INFO main.train_one_fold] TRAIN CHUNK | Fold 5 | Epoch 018/100 | Loss: 0.6068 | Acc: 0.6447 | Prec: 0.6090 | Recall: 0.8000 | Spec: 0.4906
[2025-11-28 13:52:27,890 INFO main.train_one_fold] EVAL CHUNK | Fold 5 | Epoch 018/100 | Loss: 1.2790 | Acc: 0.1818 | Prec: 0.2818 | Recall: 0.3229 | Spec: 0.0125
[2025-11-28 13:52:27,890 INFO main.train_one_fold]   Confusion: TP=31, TN=1, FP=79, FN=65
[2025-11-28 13:52:27,890 INFO main.train_one_fold] EVAL SUBJECT | Fold 5 | Epoch 018/100 | Loss: 1.2790 | Acc: 0.1667 | Prec: 0.2500 | Recall: 0.3333 | Spec: 0.0000
[2025-11-28 13:52:27,890 INFO main.train_one_fold]   Confusion: TP=1, TN=0, FP=3, FN=2
[2025-11-28 13:52:27,891 INFO main.train_one_fold] EVAL EC | Fold 5 | Epoch 018/100 | Acc: 0.1667 | Prec: 0.2500 | Recall: 0.3333 | Spec: 0.0000
[2025-11-28 13:52:27,891 INFO main.train_one_fold]   Confusion: TP=1, TN=0, FP=3, FN=2
[2025-11-28 13:52:31,967 INFO main.train_one_fold] TRAIN CHUNK | Fold 5 | Epoch 019/100 | Loss: 0.6000 | Acc: 0.6730 | Prec: 0.6248 | Recall: 0.8589 | Spec: 0.4885
[2025-11-28 13:52:32,272 INFO main.train_one_fold] EVAL CHUNK | Fold 5 | Epoch 019/100 | Loss: 1.2142 | Acc: 0.2500 | Prec: 0.3548 | Recall: 0.4583 | Spec: 0.0000
[2025-11-28 13:52:32,273 INFO main.train_one_fold]   Confusion: TP=44, TN=0, FP=80, FN=52
[2025-11-28 13:52:32,273 INFO main.train_one_fold] EVAL SUBJECT | Fold 5 | Epoch 019/100 | Loss: 1.2142 | Acc: 0.3333 | Prec: 0.4000 | Recall: 0.6667 | Spec: 0.0000
[2025-11-28 13:52:32,273 INFO main.train_one_fold]   Confusion: TP=2, TN=0, FP=3, FN=1
[2025-11-28 13:52:32,273 INFO main.train_one_fold] EVAL EC | Fold 5 | Epoch 019/100 | Acc: 0.3333 | Prec: 0.4000 | Recall: 0.6667 | Spec: 0.0000
[2025-11-28 13:52:32,273 INFO main.train_one_fold]   Confusion: TP=2, TN=0, FP=3, FN=1
[2025-11-28 13:52:37,926 INFO main.train_one_fold] TRAIN CHUNK | Fold 5 | Epoch 020/100 | Loss: 0.6081 | Acc: 0.6509 | Prec: 0.6063 | Recall: 0.8526 | Spec: 0.4509
[2025-11-28 13:52:38,383 INFO main.train_one_fold] EVAL CHUNK | Fold 5 | Epoch 020/100 | Loss: 1.4394 | Acc: 0.1364 | Prec: 0.2255 | Recall: 0.2396 | Spec: 0.0125
[2025-11-28 13:52:38,383 INFO main.train_one_fold]   Confusion: TP=23, TN=1, FP=79, FN=73
[2025-11-28 13:52:38,383 INFO main.train_one_fold] EVAL SUBJECT | Fold 5 | Epoch 020/100 | Loss: 1.4394 | Acc: 0.1667 | Prec: 0.2500 | Recall: 0.3333 | Spec: 0.0000
[2025-11-28 13:52:38,383 INFO main.train_one_fold]   Confusion: TP=1, TN=0, FP=3, FN=2
[2025-11-28 13:52:38,383 INFO main.train_one_fold] EVAL EC | Fold 5 | Epoch 020/100 | Acc: 0.1667 | Prec: 0.2500 | Recall: 0.3333 | Spec: 0.0000
[2025-11-28 13:52:38,384 INFO main.train_one_fold]   Confusion: TP=1, TN=0, FP=3, FN=2
[2025-11-28 13:52:38,404 INFO main.train_one_fold] Saved checkpoint: experiments/t7_005_beta_cane_ec/fold_5_epoch_020.pth
[2025-11-28 13:52:42,699 INFO main.train_one_fold] TRAIN CHUNK | Fold 5 | Epoch 021/100 | Loss: 0.5893 | Acc: 0.6803 | Prec: 0.6288 | Recall: 0.8737 | Spec: 0.4885
[2025-11-28 13:52:42,997 INFO main.train_one_fold] EVAL CHUNK | Fold 5 | Epoch 021/100 | Loss: 1.4255 | Acc: 0.1705 | Prec: 0.2685 | Recall: 0.3021 | Spec: 0.0125
[2025-11-28 13:52:42,997 INFO main.train_one_fold]   Confusion: TP=29, TN=1, FP=79, FN=67
[2025-11-28 13:52:42,997 INFO main.train_one_fold] EVAL SUBJECT | Fold 5 | Epoch 021/100 | Loss: 1.4255 | Acc: 0.1667 | Prec: 0.2500 | Recall: 0.3333 | Spec: 0.0000
[2025-11-28 13:52:42,997 INFO main.train_one_fold]   Confusion: TP=1, TN=0, FP=3, FN=2
[2025-11-28 13:52:42,998 INFO main.train_one_fold] EVAL EC | Fold 5 | Epoch 021/100 | Acc: 0.1667 | Prec: 0.2500 | Recall: 0.3333 | Spec: 0.0000
[2025-11-28 13:52:42,998 INFO main.train_one_fold]   Confusion: TP=1, TN=0, FP=3, FN=2
[2025-11-28 13:52:42,998 INFO early_stopping.__call__] Early stopping triggered after 20 epochs without improvement. Best score: 0.2727 at epoch 1
[2025-11-28 13:52:42,998 INFO main.train_one_fold] Early stopping triggered at epoch 21
[2025-11-28 13:52:42,998 INFO main.train_one_fold] 
Fold 5 training completed. Best Combined Val Acc: 0.2727 at epoch 1
[2025-11-28 13:52:42,998 INFO main.train_cross_validation] ================================================================================
[2025-11-28 13:52:42,998 INFO main.train_cross_validation] FOLD 6/6
[2025-11-28 13:52:42,998 INFO main.train_cross_validation] ================================================================================
[2025-11-28 13:52:42,998 INFO main.get_datasets_for_fold] Train subjects (31): ['cane:H S0012 EC', 'cane:H S1002 EC', 'cane:H S1033 EC', 'cane:H S0015 EC', 'cane:AX S1087 EC', 'cane:AX S1050 EC', 'cane:AX S0073 EC', 'cane:H S1010 EC', 'cane:H S1095 EC', 'cane:H S0079 EC', 'cane:AX S1023 EC', 'cane:AX S1051 EC', 'cane:AX S1006 EC', 'cane:H S1060 EC', 'cane:H S1091 EC', 'cane:H S1096 EC', 'cane:AX S1005 EC', 'cane:AX S0072 EC', 'cane:AX S0057 EC', 'cane:H S0078 EC', 'cane:H S1022 EC', 'cane:H S1101 EC', 'cane:AX S1084 EC', 'cane:AX S1007 EC', 'cane:AX S1065 EC', 'cane:H S1001 EC', 'cane:H S1054 EC', 'cane:H S1008 EC', 'cane:AX S1027 EC', 'cane:AX S0074 EC', 'cane:AX S1009 EC']...
[2025-11-28 13:52:42,999 INFO main.get_datasets_for_fold] Val subjects (6): ['cane:H S1028 EC', 'cane:H S1085 EC', 'cane:H S1003 EC', 'cane:AX S1024 EC', 'cane:AX S0041 EC', 'cane:AX S0056 EC']
[2025-11-28 13:52:42,999 INFO main.get_datasets_for_fold] Training chunks: 936
[2025-11-28 13:52:42,999 INFO main.get_datasets_for_fold] Validation chunks: 194
[2025-11-28 13:52:43,012 INFO model.__init__] Initialized LSTM with input_size=1728, hidden_size=100, batch_first=True
[2025-11-28 13:52:43,014 INFO main.train_one_fold] Starting training for fold 6
[2025-11-28 13:52:47,679 INFO main.train_one_fold] TRAIN CHUNK | Fold 6 | Epoch 001/100 | Loss: 0.6933 | Acc: 0.4989 | Prec: 0.4975 | Recall: 0.8516 | Spec: 0.1507
[2025-11-28 13:52:48,037 INFO main.train_one_fold] EVAL CHUNK | Fold 6 | Epoch 001/100 | Loss: 0.6924 | Acc: 0.5464 | Prec: 0.5464 | Recall: 1.0000 | Spec: 0.0000
[2025-11-28 13:52:48,037 INFO main.train_one_fold]   Confusion: TP=106, TN=0, FP=88, FN=0
[2025-11-28 13:52:48,037 INFO main.train_one_fold] EVAL SUBJECT | Fold 6 | Epoch 001/100 | Loss: 0.6924 | Acc: 0.5000 | Prec: 0.5000 | Recall: 1.0000 | Spec: 0.0000
[2025-11-28 13:52:48,037 INFO main.train_one_fold]   Confusion: TP=3, TN=0, FP=3, FN=0
[2025-11-28 13:52:48,037 INFO main.train_one_fold] EVAL EC | Fold 6 | Epoch 001/100 | Acc: 0.5000 | Prec: 0.5000 | Recall: 1.0000 | Spec: 0.0000
[2025-11-28 13:52:48,038 INFO main.train_one_fold]   Confusion: TP=3, TN=0, FP=3, FN=0
[2025-11-28 13:52:48,059 INFO main.train_one_fold] ✓ Saved best model: experiments/t7_005_beta_cane_ec/fold_6_best.pth (combined=0.2732, chunk=0.5464, subject=0.5000)
[2025-11-28 13:52:48,059 INFO early_stopping.__call__] Early stopping initialized: best score 0.2732 at epoch 1
[2025-11-28 13:52:53,499 INFO main.train_one_fold] TRAIN CHUNK | Fold 6 | Epoch 002/100 | Loss: 0.6935 | Acc: 0.4915 | Prec: 0.4928 | Recall: 0.8129 | Spec: 0.1741
[2025-11-28 13:52:53,809 INFO main.train_one_fold] EVAL CHUNK | Fold 6 | Epoch 002/100 | Loss: 0.6927 | Acc: 0.5464 | Prec: 0.5464 | Recall: 1.0000 | Spec: 0.0000
[2025-11-28 13:52:53,809 INFO main.train_one_fold]   Confusion: TP=106, TN=0, FP=88, FN=0
[2025-11-28 13:52:53,810 INFO main.train_one_fold] EVAL SUBJECT | Fold 6 | Epoch 002/100 | Loss: 0.6927 | Acc: 0.5000 | Prec: 0.5000 | Recall: 1.0000 | Spec: 0.0000
[2025-11-28 13:52:53,810 INFO main.train_one_fold]   Confusion: TP=3, TN=0, FP=3, FN=0
[2025-11-28 13:52:53,810 INFO main.train_one_fold] EVAL EC | Fold 6 | Epoch 002/100 | Acc: 0.5000 | Prec: 0.5000 | Recall: 1.0000 | Spec: 0.0000
[2025-11-28 13:52:53,810 INFO main.train_one_fold]   Confusion: TP=3, TN=0, FP=3, FN=0
[2025-11-28 13:52:58,243 INFO main.train_one_fold] TRAIN CHUNK | Fold 6 | Epoch 003/100 | Loss: 0.6931 | Acc: 0.4925 | Prec: 0.4889 | Recall: 0.4731 | Spec: 0.5117
[2025-11-28 13:52:58,583 INFO main.train_one_fold] EVAL CHUNK | Fold 6 | Epoch 003/100 | Loss: 0.6932 | Acc: 0.4948 | Prec: 0.9000 | Recall: 0.0849 | Spec: 0.9886
[2025-11-28 13:52:58,583 INFO main.train_one_fold]   Confusion: TP=9, TN=87, FP=1, FN=97
[2025-11-28 13:52:58,583 INFO main.train_one_fold] EVAL SUBJECT | Fold 6 | Epoch 003/100 | Loss: 0.6932 | Acc: 0.5000 | Prec: 0.0000 | Recall: 0.0000 | Spec: 1.0000
[2025-11-28 13:52:58,583 INFO main.train_one_fold]   Confusion: TP=0, TN=3, FP=0, FN=3
[2025-11-28 13:52:58,584 INFO main.train_one_fold] EVAL EC | Fold 6 | Epoch 003/100 | Acc: 0.5000 | Prec: 0.0000 | Recall: 0.0000 | Spec: 1.0000
[2025-11-28 13:52:58,584 INFO main.train_one_fold]   Confusion: TP=0, TN=3, FP=0, FN=3
[2025-11-28 13:53:07,771 INFO main.train_one_fold] TRAIN CHUNK | Fold 6 | Epoch 004/100 | Loss: 0.6927 | Acc: 0.5214 | Prec: 0.5521 | Recall: 0.1935 | Spec: 0.8450
[2025-11-28 13:53:09,133 INFO main.train_one_fold] EVAL CHUNK | Fold 6 | Epoch 004/100 | Loss: 0.6938 | Acc: 0.4536 | Prec: 0.0000 | Recall: 0.0000 | Spec: 1.0000
[2025-11-28 13:53:09,137 INFO main.train_one_fold]   Confusion: TP=0, TN=88, FP=0, FN=106
[2025-11-28 13:53:09,137 INFO main.train_one_fold] EVAL SUBJECT | Fold 6 | Epoch 004/100 | Loss: 0.6938 | Acc: 0.5000 | Prec: 0.0000 | Recall: 0.0000 | Spec: 1.0000
[2025-11-28 13:53:09,137 INFO main.train_one_fold]   Confusion: TP=0, TN=3, FP=0, FN=3
[2025-11-28 13:53:09,137 INFO main.train_one_fold] EVAL EC | Fold 6 | Epoch 004/100 | Acc: 0.5000 | Prec: 0.0000 | Recall: 0.0000 | Spec: 1.0000
[2025-11-28 13:53:09,138 INFO main.train_one_fold]   Confusion: TP=0, TN=3, FP=0, FN=3
[2025-11-28 13:53:20,591 INFO main.train_one_fold] TRAIN CHUNK | Fold 6 | Epoch 005/100 | Loss: 0.6929 | Acc: 0.5032 | Prec: 0.5000 | Recall: 0.3355 | Spec: 0.6688
[2025-11-28 13:53:21,616 INFO main.train_one_fold] EVAL CHUNK | Fold 6 | Epoch 005/100 | Loss: 0.6929 | Acc: 0.5464 | Prec: 0.5464 | Recall: 1.0000 | Spec: 0.0000
[2025-11-28 13:53:21,617 INFO main.train_one_fold]   Confusion: TP=106, TN=0, FP=88, FN=0
[2025-11-28 13:53:21,617 INFO main.train_one_fold] EVAL SUBJECT | Fold 6 | Epoch 005/100 | Loss: 0.6929 | Acc: 0.5000 | Prec: 0.5000 | Recall: 1.0000 | Spec: 0.0000
[2025-11-28 13:53:21,617 INFO main.train_one_fold]   Confusion: TP=3, TN=0, FP=3, FN=0
[2025-11-28 13:53:21,617 INFO main.train_one_fold] EVAL EC | Fold 6 | Epoch 005/100 | Acc: 0.5000 | Prec: 0.5000 | Recall: 1.0000 | Spec: 0.0000
[2025-11-28 13:53:21,618 INFO main.train_one_fold]   Confusion: TP=3, TN=0, FP=3, FN=0
[2025-11-28 13:53:26,356 INFO main.train_one_fold] TRAIN CHUNK | Fold 6 | Epoch 006/100 | Loss: 0.6933 | Acc: 0.4893 | Prec: 0.4905 | Recall: 0.7183 | Spec: 0.2633
[2025-11-28 13:53:26,692 INFO main.train_one_fold] EVAL CHUNK | Fold 6 | Epoch 006/100 | Loss: 0.6924 | Acc: 0.5464 | Prec: 0.5464 | Recall: 1.0000 | Spec: 0.0000
[2025-11-28 13:53:26,692 INFO main.train_one_fold]   Confusion: TP=106, TN=0, FP=88, FN=0
[2025-11-28 13:53:26,692 INFO main.train_one_fold] EVAL SUBJECT | Fold 6 | Epoch 006/100 | Loss: 0.6924 | Acc: 0.5000 | Prec: 0.5000 | Recall: 1.0000 | Spec: 0.0000
[2025-11-28 13:53:26,693 INFO main.train_one_fold]   Confusion: TP=3, TN=0, FP=3, FN=0
[2025-11-28 13:53:26,693 INFO main.train_one_fold] EVAL EC | Fold 6 | Epoch 006/100 | Acc: 0.5000 | Prec: 0.5000 | Recall: 1.0000 | Spec: 0.0000
[2025-11-28 13:53:26,693 INFO main.train_one_fold]   Confusion: TP=3, TN=0, FP=3, FN=0
[2025-11-28 13:53:31,034 INFO main.train_one_fold] TRAIN CHUNK | Fold 6 | Epoch 007/100 | Loss: 0.6927 | Acc: 0.5182 | Prec: 0.5129 | Recall: 0.5978 | Spec: 0.4395
[2025-11-28 13:53:31,543 INFO main.train_one_fold] EVAL CHUNK | Fold 6 | Epoch 007/100 | Loss: 0.6931 | Acc: 0.4948 | Prec: 0.8333 | Recall: 0.0943 | Spec: 0.9773
[2025-11-28 13:53:31,544 INFO main.train_one_fold]   Confusion: TP=10, TN=86, FP=2, FN=96
[2025-11-28 13:53:31,545 INFO main.train_one_fold] EVAL SUBJECT | Fold 6 | Epoch 007/100 | Loss: 0.6931 | Acc: 0.5000 | Prec: 0.0000 | Recall: 0.0000 | Spec: 1.0000
[2025-11-28 13:53:31,545 INFO main.train_one_fold]   Confusion: TP=0, TN=3, FP=0, FN=3
[2025-11-28 13:53:31,545 INFO main.train_one_fold] EVAL EC | Fold 6 | Epoch 007/100 | Acc: 0.5000 | Prec: 0.0000 | Recall: 0.0000 | Spec: 1.0000
[2025-11-28 13:53:31,545 INFO main.train_one_fold]   Confusion: TP=0, TN=3, FP=0, FN=3
[2025-11-28 13:53:40,538 INFO main.train_one_fold] TRAIN CHUNK | Fold 6 | Epoch 008/100 | Loss: 0.6921 | Acc: 0.5566 | Prec: 0.5616 | Recall: 0.4903 | Spec: 0.6221
[2025-11-28 13:53:40,847 INFO main.train_one_fold] EVAL CHUNK | Fold 6 | Epoch 008/100 | Loss: 0.6930 | Acc: 0.5567 | Prec: 0.9167 | Recall: 0.2075 | Spec: 0.9773
[2025-11-28 13:53:40,847 INFO main.train_one_fold]   Confusion: TP=22, TN=86, FP=2, FN=84
[2025-11-28 13:53:40,847 INFO main.train_one_fold] EVAL SUBJECT | Fold 6 | Epoch 008/100 | Loss: 0.6930 | Acc: 0.6667 | Prec: 1.0000 | Recall: 0.3333 | Spec: 1.0000
[2025-11-28 13:53:40,847 INFO main.train_one_fold]   Confusion: TP=1, TN=3, FP=0, FN=2
[2025-11-28 13:53:40,847 INFO main.train_one_fold] EVAL EC | Fold 6 | Epoch 008/100 | Acc: 0.6667 | Prec: 1.0000 | Recall: 0.3333 | Spec: 1.0000
[2025-11-28 13:53:40,847 INFO main.train_one_fold]   Confusion: TP=1, TN=3, FP=0, FN=2
[2025-11-28 13:53:40,876 INFO main.train_one_fold] ✓ Saved best model: experiments/t7_005_beta_cane_ec/fold_6_best.pth (combined=0.3711, chunk=0.5567, subject=0.6667)
[2025-11-28 13:53:40,877 INFO early_stopping.__call__] Validation improved from 0.2732 to 0.3711 (+0.0979) at epoch 8
[2025-11-28 13:53:45,129 INFO main.train_one_fold] TRAIN CHUNK | Fold 6 | Epoch 009/100 | Loss: 0.6917 | Acc: 0.5427 | Prec: 0.5380 | Recall: 0.5634 | Spec: 0.5223
[2025-11-28 13:53:45,558 INFO main.train_one_fold] EVAL CHUNK | Fold 6 | Epoch 009/100 | Loss: 0.6926 | Acc: 0.6289 | Prec: 0.5966 | Recall: 0.9906 | Spec: 0.1932
[2025-11-28 13:53:45,558 INFO main.train_one_fold]   Confusion: TP=105, TN=17, FP=71, FN=1
[2025-11-28 13:53:45,558 INFO main.train_one_fold] EVAL SUBJECT | Fold 6 | Epoch 009/100 | Loss: 0.6926 | Acc: 0.6667 | Prec: 0.6000 | Recall: 1.0000 | Spec: 0.3333
[2025-11-28 13:53:45,558 INFO main.train_one_fold]   Confusion: TP=3, TN=1, FP=2, FN=0
[2025-11-28 13:53:45,559 INFO main.train_one_fold] EVAL EC | Fold 6 | Epoch 009/100 | Acc: 0.6667 | Prec: 0.6000 | Recall: 1.0000 | Spec: 0.3333
[2025-11-28 13:53:45,559 INFO main.train_one_fold]   Confusion: TP=3, TN=1, FP=2, FN=0
[2025-11-28 13:53:45,592 INFO main.train_one_fold] ✓ Saved best model: experiments/t7_005_beta_cane_ec/fold_6_best.pth (combined=0.4192, chunk=0.6289, subject=0.6667)
[2025-11-28 13:53:45,593 INFO early_stopping.__call__] Validation improved from 0.3711 to 0.4192 (+0.0481) at epoch 9
[2025-11-28 13:53:54,449 INFO main.train_one_fold] TRAIN CHUNK | Fold 6 | Epoch 010/100 | Loss: 0.6924 | Acc: 0.5107 | Prec: 0.5063 | Recall: 0.6043 | Spec: 0.4183
[2025-11-28 13:53:54,794 INFO main.train_one_fold] EVAL CHUNK | Fold 6 | Epoch 010/100 | Loss: 0.6920 | Acc: 0.5464 | Prec: 0.5464 | Recall: 1.0000 | Spec: 0.0000
[2025-11-28 13:53:54,794 INFO main.train_one_fold]   Confusion: TP=106, TN=0, FP=88, FN=0
[2025-11-28 13:53:54,794 INFO main.train_one_fold] EVAL SUBJECT | Fold 6 | Epoch 010/100 | Loss: 0.6920 | Acc: 0.5000 | Prec: 0.5000 | Recall: 1.0000 | Spec: 0.0000
[2025-11-28 13:53:54,795 INFO main.train_one_fold]   Confusion: TP=3, TN=0, FP=3, FN=0
[2025-11-28 13:53:54,795 INFO main.train_one_fold] EVAL EC | Fold 6 | Epoch 010/100 | Acc: 0.5000 | Prec: 0.5000 | Recall: 1.0000 | Spec: 0.0000
[2025-11-28 13:53:54,795 INFO main.train_one_fold]   Confusion: TP=3, TN=0, FP=3, FN=0
[2025-11-28 13:53:54,816 INFO main.train_one_fold] Saved checkpoint: experiments/t7_005_beta_cane_ec/fold_6_epoch_010.pth
[2025-11-28 13:53:59,396 INFO main.train_one_fold] TRAIN CHUNK | Fold 6 | Epoch 011/100 | Loss: 0.6913 | Acc: 0.5150 | Prec: 0.5128 | Recall: 0.4753 | Spec: 0.5541
[2025-11-28 13:53:59,766 INFO main.train_one_fold] EVAL CHUNK | Fold 6 | Epoch 011/100 | Loss: 0.6923 | Acc: 0.6495 | Prec: 0.6173 | Recall: 0.9434 | Spec: 0.2955
[2025-11-28 13:53:59,766 INFO main.train_one_fold]   Confusion: TP=100, TN=26, FP=62, FN=6
[2025-11-28 13:53:59,766 INFO main.train_one_fold] EVAL SUBJECT | Fold 6 | Epoch 011/100 | Loss: 0.6923 | Acc: 0.6667 | Prec: 0.6000 | Recall: 1.0000 | Spec: 0.3333
[2025-11-28 13:53:59,766 INFO main.train_one_fold]   Confusion: TP=3, TN=1, FP=2, FN=0
[2025-11-28 13:53:59,766 INFO main.train_one_fold] EVAL EC | Fold 6 | Epoch 011/100 | Acc: 0.6667 | Prec: 0.6000 | Recall: 1.0000 | Spec: 0.3333
[2025-11-28 13:53:59,766 INFO main.train_one_fold]   Confusion: TP=3, TN=1, FP=2, FN=0
[2025-11-28 13:53:59,798 INFO main.train_one_fold] ✓ Saved best model: experiments/t7_005_beta_cane_ec/fold_6_best.pth (combined=0.4330, chunk=0.6495, subject=0.6667)
[2025-11-28 13:53:59,798 INFO early_stopping.__call__] Validation improved from 0.4192 to 0.4330 (+0.0137) at epoch 11
[2025-11-28 13:54:11,232 INFO main.train_one_fold] TRAIN CHUNK | Fold 6 | Epoch 012/100 | Loss: 0.6900 | Acc: 0.5299 | Prec: 0.5371 | Recall: 0.3892 | Spec: 0.6688
[2025-11-28 13:54:12,331 INFO main.train_one_fold] EVAL CHUNK | Fold 6 | Epoch 012/100 | Loss: 0.6918 | Acc: 0.5619 | Prec: 0.5734 | Recall: 0.7736 | Spec: 0.3068
[2025-11-28 13:54:12,331 INFO main.train_one_fold]   Confusion: TP=82, TN=27, FP=61, FN=24
[2025-11-28 13:54:12,331 INFO main.train_one_fold] EVAL SUBJECT | Fold 6 | Epoch 012/100 | Loss: 0.6918 | Acc: 0.5000 | Prec: 0.5000 | Recall: 0.6667 | Spec: 0.3333
[2025-11-28 13:54:12,332 INFO main.train_one_fold]   Confusion: TP=2, TN=1, FP=2, FN=1
[2025-11-28 13:54:12,332 INFO main.train_one_fold] EVAL EC | Fold 6 | Epoch 012/100 | Acc: 0.5000 | Prec: 0.5000 | Recall: 0.6667 | Spec: 0.3333
[2025-11-28 13:54:12,333 INFO main.train_one_fold]   Confusion: TP=2, TN=1, FP=2, FN=1
[2025-11-28 13:54:20,989 INFO main.train_one_fold] TRAIN CHUNK | Fold 6 | Epoch 013/100 | Loss: 0.6887 | Acc: 0.5160 | Prec: 0.5147 | Recall: 0.4516 | Spec: 0.5796
[2025-11-28 13:54:21,351 INFO main.train_one_fold] EVAL CHUNK | Fold 6 | Epoch 013/100 | Loss: 0.6912 | Acc: 0.5928 | Prec: 0.7368 | Recall: 0.3962 | Spec: 0.8295
[2025-11-28 13:54:21,352 INFO main.train_one_fold]   Confusion: TP=42, TN=73, FP=15, FN=64
[2025-11-28 13:54:21,352 INFO main.train_one_fold] EVAL SUBJECT | Fold 6 | Epoch 013/100 | Loss: 0.6912 | Acc: 0.5000 | Prec: 0.5000 | Recall: 0.3333 | Spec: 0.6667
[2025-11-28 13:54:21,352 INFO main.train_one_fold]   Confusion: TP=1, TN=2, FP=1, FN=2
[2025-11-28 13:54:21,352 INFO main.train_one_fold] EVAL EC | Fold 6 | Epoch 013/100 | Acc: 0.5000 | Prec: 0.5000 | Recall: 0.3333 | Spec: 0.6667
[2025-11-28 13:54:21,352 INFO main.train_one_fold]   Confusion: TP=1, TN=2, FP=1, FN=2
[2025-11-28 13:54:25,766 INFO main.train_one_fold] TRAIN CHUNK | Fold 6 | Epoch 014/100 | Loss: 0.6865 | Acc: 0.5321 | Prec: 0.5211 | Recall: 0.7161 | Spec: 0.3503
[2025-11-28 13:54:26,133 INFO main.train_one_fold] EVAL CHUNK | Fold 6 | Epoch 014/100 | Loss: 0.6864 | Acc: 0.5773 | Prec: 0.5652 | Recall: 0.9811 | Spec: 0.0909
[2025-11-28 13:54:26,133 INFO main.train_one_fold]   Confusion: TP=104, TN=8, FP=80, FN=2
[2025-11-28 13:54:26,133 INFO main.train_one_fold] EVAL SUBJECT | Fold 6 | Epoch 014/100 | Loss: 0.6864 | Acc: 0.5000 | Prec: 0.5000 | Recall: 1.0000 | Spec: 0.0000
[2025-11-28 13:54:26,133 INFO main.train_one_fold]   Confusion: TP=3, TN=0, FP=3, FN=0
[2025-11-28 13:54:26,133 INFO main.train_one_fold] EVAL EC | Fold 6 | Epoch 014/100 | Acc: 0.5000 | Prec: 0.5000 | Recall: 1.0000 | Spec: 0.0000
[2025-11-28 13:54:26,133 INFO main.train_one_fold]   Confusion: TP=3, TN=0, FP=3, FN=0
[2025-11-28 13:54:30,921 INFO main.train_one_fold] TRAIN CHUNK | Fold 6 | Epoch 015/100 | Loss: 0.6821 | Acc: 0.5267 | Prec: 0.5180 | Recall: 0.6817 | Spec: 0.3737
[2025-11-28 13:54:31,274 INFO main.train_one_fold] EVAL CHUNK | Fold 6 | Epoch 015/100 | Loss: 0.6861 | Acc: 0.6598 | Prec: 0.6250 | Recall: 0.9434 | Spec: 0.3182
[2025-11-28 13:54:31,274 INFO main.train_one_fold]   Confusion: TP=100, TN=28, FP=60, FN=6
[2025-11-28 13:54:31,274 INFO main.train_one_fold] EVAL SUBJECT | Fold 6 | Epoch 015/100 | Loss: 0.6861 | Acc: 0.6667 | Prec: 0.6000 | Recall: 1.0000 | Spec: 0.3333
[2025-11-28 13:54:31,274 INFO main.train_one_fold]   Confusion: TP=3, TN=1, FP=2, FN=0
[2025-11-28 13:54:31,274 INFO main.train_one_fold] EVAL EC | Fold 6 | Epoch 015/100 | Acc: 0.6667 | Prec: 0.6000 | Recall: 1.0000 | Spec: 0.3333
[2025-11-28 13:54:31,274 INFO main.train_one_fold]   Confusion: TP=3, TN=1, FP=2, FN=0
[2025-11-28 13:54:31,304 INFO main.train_one_fold] ✓ Saved best model: experiments/t7_005_beta_cane_ec/fold_6_best.pth (combined=0.4399, chunk=0.6598, subject=0.6667)
[2025-11-28 13:54:31,305 INFO early_stopping.__call__] Validation improved from 0.4330 to 0.4399 (+0.0069) at epoch 15
[2025-11-28 13:54:36,486 INFO main.train_one_fold] TRAIN CHUNK | Fold 6 | Epoch 016/100 | Loss: 0.6794 | Acc: 0.5588 | Prec: 0.5453 | Recall: 0.6731 | Spec: 0.4459
[2025-11-28 13:54:36,852 INFO main.train_one_fold] EVAL CHUNK | Fold 6 | Epoch 016/100 | Loss: 0.6807 | Acc: 0.5876 | Prec: 0.5714 | Recall: 0.9811 | Spec: 0.1136
[2025-11-28 13:54:36,853 INFO main.train_one_fold]   Confusion: TP=104, TN=10, FP=78, FN=2
[2025-11-28 13:54:36,853 INFO main.train_one_fold] EVAL SUBJECT | Fold 6 | Epoch 016/100 | Loss: 0.6807 | Acc: 0.5000 | Prec: 0.5000 | Recall: 1.0000 | Spec: 0.0000
[2025-11-28 13:54:36,853 INFO main.train_one_fold]   Confusion: TP=3, TN=0, FP=3, FN=0
[2025-11-28 13:54:36,853 INFO main.train_one_fold] EVAL EC | Fold 6 | Epoch 016/100 | Acc: 0.5000 | Prec: 0.5000 | Recall: 1.0000 | Spec: 0.0000
[2025-11-28 13:54:36,853 INFO main.train_one_fold]   Confusion: TP=3, TN=0, FP=3, FN=0
[2025-11-28 13:54:41,096 INFO main.train_one_fold] TRAIN CHUNK | Fold 6 | Epoch 017/100 | Loss: 0.6769 | Acc: 0.5524 | Prec: 0.5298 | Recall: 0.8796 | Spec: 0.2293
[2025-11-28 13:54:41,503 INFO main.train_one_fold] EVAL CHUNK | Fold 6 | Epoch 017/100 | Loss: 0.6795 | Acc: 0.5567 | Prec: 0.5526 | Recall: 0.9906 | Spec: 0.0341
[2025-11-28 13:54:41,503 INFO main.train_one_fold]   Confusion: TP=105, TN=3, FP=85, FN=1
[2025-11-28 13:54:41,503 INFO main.train_one_fold] EVAL SUBJECT | Fold 6 | Epoch 017/100 | Loss: 0.6795 | Acc: 0.5000 | Prec: 0.5000 | Recall: 1.0000 | Spec: 0.0000
[2025-11-28 13:54:41,504 INFO main.train_one_fold]   Confusion: TP=3, TN=0, FP=3, FN=0
[2025-11-28 13:54:41,504 INFO main.train_one_fold] EVAL EC | Fold 6 | Epoch 017/100 | Acc: 0.5000 | Prec: 0.5000 | Recall: 1.0000 | Spec: 0.0000
[2025-11-28 13:54:41,504 INFO main.train_one_fold]   Confusion: TP=3, TN=0, FP=3, FN=0
[2025-11-28 13:54:50,363 INFO main.train_one_fold] TRAIN CHUNK | Fold 6 | Epoch 018/100 | Loss: 0.6720 | Acc: 0.5620 | Prec: 0.5452 | Recall: 0.7140 | Spec: 0.4119
[2025-11-28 13:54:50,767 INFO main.train_one_fold] EVAL CHUNK | Fold 6 | Epoch 018/100 | Loss: 0.6748 | Acc: 0.6649 | Prec: 0.6242 | Recall: 0.9717 | Spec: 0.2955
[2025-11-28 13:54:50,767 INFO main.train_one_fold]   Confusion: TP=103, TN=26, FP=62, FN=3
[2025-11-28 13:54:50,768 INFO main.train_one_fold] EVAL SUBJECT | Fold 6 | Epoch 018/100 | Loss: 0.6748 | Acc: 0.6667 | Prec: 0.6000 | Recall: 1.0000 | Spec: 0.3333
[2025-11-28 13:54:50,768 INFO main.train_one_fold]   Confusion: TP=3, TN=1, FP=2, FN=0
[2025-11-28 13:54:50,768 INFO main.train_one_fold] EVAL EC | Fold 6 | Epoch 018/100 | Acc: 0.6667 | Prec: 0.6000 | Recall: 1.0000 | Spec: 0.3333
[2025-11-28 13:54:50,768 INFO main.train_one_fold]   Confusion: TP=3, TN=1, FP=2, FN=0
[2025-11-28 13:54:50,796 INFO main.train_one_fold] ✓ Saved best model: experiments/t7_005_beta_cane_ec/fold_6_best.pth (combined=0.4433, chunk=0.6649, subject=0.6667)
[2025-11-28 13:54:50,796 INFO early_stopping.__call__] Validation improved from 0.4399 to 0.4433 (+0.0034) at epoch 18
[2025-11-28 13:54:55,130 INFO main.train_one_fold] TRAIN CHUNK | Fold 6 | Epoch 019/100 | Loss: 0.6763 | Acc: 0.5534 | Prec: 0.5382 | Recall: 0.7118 | Spec: 0.3970
[2025-11-28 13:54:55,452 INFO main.train_one_fold] EVAL CHUNK | Fold 6 | Epoch 019/100 | Loss: 0.6795 | Acc: 0.5670 | Prec: 0.5585 | Recall: 0.9906 | Spec: 0.0568
[2025-11-28 13:54:55,452 INFO main.train_one_fold]   Confusion: TP=105, TN=5, FP=83, FN=1
[2025-11-28 13:54:55,452 INFO main.train_one_fold] EVAL SUBJECT | Fold 6 | Epoch 019/100 | Loss: 0.6795 | Acc: 0.5000 | Prec: 0.5000 | Recall: 1.0000 | Spec: 0.0000
[2025-11-28 13:54:55,452 INFO main.train_one_fold]   Confusion: TP=3, TN=0, FP=3, FN=0
[2025-11-28 13:54:55,452 INFO main.train_one_fold] EVAL EC | Fold 6 | Epoch 019/100 | Acc: 0.5000 | Prec: 0.5000 | Recall: 1.0000 | Spec: 0.0000
[2025-11-28 13:54:55,452 INFO main.train_one_fold]   Confusion: TP=3, TN=0, FP=3, FN=0
[2025-11-28 13:55:03,860 INFO main.train_one_fold] TRAIN CHUNK | Fold 6 | Epoch 020/100 | Loss: 0.6739 | Acc: 0.5491 | Prec: 0.5300 | Recall: 0.8172 | Spec: 0.2845
[2025-11-28 13:55:04,418 INFO main.train_one_fold] EVAL CHUNK | Fold 6 | Epoch 020/100 | Loss: 0.6799 | Acc: 0.5412 | Prec: 0.5440 | Recall: 0.9906 | Spec: 0.0000
[2025-11-28 13:55:04,419 INFO main.train_one_fold]   Confusion: TP=105, TN=0, FP=88, FN=1
[2025-11-28 13:55:04,419 INFO main.train_one_fold] EVAL SUBJECT | Fold 6 | Epoch 020/100 | Loss: 0.6799 | Acc: 0.5000 | Prec: 0.5000 | Recall: 1.0000 | Spec: 0.0000
[2025-11-28 13:55:04,419 INFO main.train_one_fold]   Confusion: TP=3, TN=0, FP=3, FN=0
[2025-11-28 13:55:04,419 INFO main.train_one_fold] EVAL EC | Fold 6 | Epoch 020/100 | Acc: 0.5000 | Prec: 0.5000 | Recall: 1.0000 | Spec: 0.0000
[2025-11-28 13:55:04,419 INFO main.train_one_fold]   Confusion: TP=3, TN=0, FP=3, FN=0
[2025-11-28 13:55:04,441 INFO main.train_one_fold] Saved checkpoint: experiments/t7_005_beta_cane_ec/fold_6_epoch_020.pth
[2025-11-28 13:55:08,701 INFO main.train_one_fold] TRAIN CHUNK | Fold 6 | Epoch 021/100 | Loss: 0.6716 | Acc: 0.5534 | Prec: 0.5331 | Recall: 0.8129 | Spec: 0.2972
[2025-11-28 13:55:09,067 INFO main.train_one_fold] EVAL CHUNK | Fold 6 | Epoch 021/100 | Loss: 0.6805 | Acc: 0.5515 | Prec: 0.5497 | Recall: 0.9906 | Spec: 0.0227
[2025-11-28 13:55:09,067 INFO main.train_one_fold]   Confusion: TP=105, TN=2, FP=86, FN=1
[2025-11-28 13:55:09,068 INFO main.train_one_fold] EVAL SUBJECT | Fold 6 | Epoch 021/100 | Loss: 0.6805 | Acc: 0.5000 | Prec: 0.5000 | Recall: 1.0000 | Spec: 0.0000
[2025-11-28 13:55:09,068 INFO main.train_one_fold]   Confusion: TP=3, TN=0, FP=3, FN=0
[2025-11-28 13:55:09,068 INFO main.train_one_fold] EVAL EC | Fold 6 | Epoch 021/100 | Acc: 0.5000 | Prec: 0.5000 | Recall: 1.0000 | Spec: 0.0000
[2025-11-28 13:55:09,068 INFO main.train_one_fold]   Confusion: TP=3, TN=0, FP=3, FN=0
[2025-11-28 13:55:14,943 INFO main.train_one_fold] TRAIN CHUNK | Fold 6 | Epoch 022/100 | Loss: 0.6713 | Acc: 0.5363 | Prec: 0.5239 | Recall: 0.7312 | Spec: 0.3439
[2025-11-28 13:55:15,772 INFO main.train_one_fold] EVAL CHUNK | Fold 6 | Epoch 022/100 | Loss: 0.6793 | Acc: 0.5876 | Prec: 0.5707 | Recall: 0.9906 | Spec: 0.1023
[2025-11-28 13:55:15,772 INFO main.train_one_fold]   Confusion: TP=105, TN=9, FP=79, FN=1
[2025-11-28 13:55:15,772 INFO main.train_one_fold] EVAL SUBJECT | Fold 6 | Epoch 022/100 | Loss: 0.6793 | Acc: 0.5000 | Prec: 0.5000 | Recall: 1.0000 | Spec: 0.0000
[2025-11-28 13:55:15,773 INFO main.train_one_fold]   Confusion: TP=3, TN=0, FP=3, FN=0
[2025-11-28 13:55:15,773 INFO main.train_one_fold] EVAL EC | Fold 6 | Epoch 022/100 | Acc: 0.5000 | Prec: 0.5000 | Recall: 1.0000 | Spec: 0.0000
[2025-11-28 13:55:15,773 INFO main.train_one_fold]   Confusion: TP=3, TN=0, FP=3, FN=0
[2025-11-28 13:55:25,658 INFO main.train_one_fold] TRAIN CHUNK | Fold 6 | Epoch 023/100 | Loss: 0.6741 | Acc: 0.5342 | Prec: 0.5206 | Recall: 0.7871 | Spec: 0.2845
[2025-11-28 13:55:25,983 INFO main.train_one_fold] EVAL CHUNK | Fold 6 | Epoch 023/100 | Loss: 0.6803 | Acc: 0.5567 | Prec: 0.5526 | Recall: 0.9906 | Spec: 0.0341
[2025-11-28 13:55:25,983 INFO main.train_one_fold]   Confusion: TP=105, TN=3, FP=85, FN=1
[2025-11-28 13:55:25,983 INFO main.train_one_fold] EVAL SUBJECT | Fold 6 | Epoch 023/100 | Loss: 0.6803 | Acc: 0.5000 | Prec: 0.5000 | Recall: 1.0000 | Spec: 0.0000
[2025-11-28 13:55:25,983 INFO main.train_one_fold]   Confusion: TP=3, TN=0, FP=3, FN=0
[2025-11-28 13:55:25,983 INFO main.train_one_fold] EVAL EC | Fold 6 | Epoch 023/100 | Acc: 0.5000 | Prec: 0.5000 | Recall: 1.0000 | Spec: 0.0000
[2025-11-28 13:55:25,983 INFO main.train_one_fold]   Confusion: TP=3, TN=0, FP=3, FN=0
[2025-11-28 13:55:34,300 INFO main.train_one_fold] TRAIN CHUNK | Fold 6 | Epoch 024/100 | Loss: 0.6694 | Acc: 0.5534 | Prec: 0.5339 | Recall: 0.7957 | Spec: 0.3142
[2025-11-28 13:55:34,952 INFO main.train_one_fold] EVAL CHUNK | Fold 6 | Epoch 024/100 | Loss: 0.6781 | Acc: 0.5876 | Prec: 0.5707 | Recall: 0.9906 | Spec: 0.1023
[2025-11-28 13:55:34,952 INFO main.train_one_fold]   Confusion: TP=105, TN=9, FP=79, FN=1
[2025-11-28 13:55:34,952 INFO main.train_one_fold] EVAL SUBJECT | Fold 6 | Epoch 024/100 | Loss: 0.6781 | Acc: 0.5000 | Prec: 0.5000 | Recall: 1.0000 | Spec: 0.0000
[2025-11-28 13:55:34,952 INFO main.train_one_fold]   Confusion: TP=3, TN=0, FP=3, FN=0
[2025-11-28 13:55:34,952 INFO main.train_one_fold] EVAL EC | Fold 6 | Epoch 024/100 | Acc: 0.5000 | Prec: 0.5000 | Recall: 1.0000 | Spec: 0.0000
[2025-11-28 13:55:34,952 INFO main.train_one_fold]   Confusion: TP=3, TN=0, FP=3, FN=0
[2025-11-28 13:55:39,524 INFO main.train_one_fold] TRAIN CHUNK | Fold 6 | Epoch 025/100 | Loss: 0.6642 | Acc: 0.5630 | Prec: 0.5378 | Recall: 0.8559 | Spec: 0.2739
[2025-11-28 13:55:40,054 INFO main.train_one_fold] EVAL CHUNK | Fold 6 | Epoch 025/100 | Loss: 0.6785 | Acc: 0.5722 | Prec: 0.5622 | Recall: 0.9811 | Spec: 0.0795
[2025-11-28 13:55:40,055 INFO main.train_one_fold]   Confusion: TP=104, TN=7, FP=81, FN=2
[2025-11-28 13:55:40,055 INFO main.train_one_fold] EVAL SUBJECT | Fold 6 | Epoch 025/100 | Loss: 0.6785 | Acc: 0.5000 | Prec: 0.5000 | Recall: 1.0000 | Spec: 0.0000
[2025-11-28 13:55:40,055 INFO main.train_one_fold]   Confusion: TP=3, TN=0, FP=3, FN=0
[2025-11-28 13:55:40,055 INFO main.train_one_fold] EVAL EC | Fold 6 | Epoch 025/100 | Acc: 0.5000 | Prec: 0.5000 | Recall: 1.0000 | Spec: 0.0000
[2025-11-28 13:55:40,055 INFO main.train_one_fold]   Confusion: TP=3, TN=0, FP=3, FN=0
[2025-11-28 13:55:47,730 INFO main.train_one_fold] TRAIN CHUNK | Fold 6 | Epoch 026/100 | Loss: 0.6687 | Acc: 0.5459 | Prec: 0.5268 | Recall: 0.8452 | Spec: 0.2505
[2025-11-28 13:55:48,425 INFO main.train_one_fold] EVAL CHUNK | Fold 6 | Epoch 026/100 | Loss: 0.6786 | Acc: 0.5773 | Prec: 0.5652 | Recall: 0.9811 | Spec: 0.0909
[2025-11-28 13:55:48,425 INFO main.train_one_fold]   Confusion: TP=104, TN=8, FP=80, FN=2
[2025-11-28 13:55:48,426 INFO main.train_one_fold] EVAL SUBJECT | Fold 6 | Epoch 026/100 | Loss: 0.6786 | Acc: 0.5000 | Prec: 0.5000 | Recall: 1.0000 | Spec: 0.0000
[2025-11-28 13:55:48,426 INFO main.train_one_fold]   Confusion: TP=3, TN=0, FP=3, FN=0
[2025-11-28 13:55:48,426 INFO main.train_one_fold] EVAL EC | Fold 6 | Epoch 026/100 | Acc: 0.5000 | Prec: 0.5000 | Recall: 1.0000 | Spec: 0.0000
[2025-11-28 13:55:48,426 INFO main.train_one_fold]   Confusion: TP=3, TN=0, FP=3, FN=0
[2025-11-28 13:55:53,325 INFO main.train_one_fold] TRAIN CHUNK | Fold 6 | Epoch 027/100 | Loss: 0.6678 | Acc: 0.5662 | Prec: 0.5387 | Recall: 0.8839 | Spec: 0.2527
[2025-11-28 13:55:53,676 INFO main.train_one_fold] EVAL CHUNK | Fold 6 | Epoch 027/100 | Loss: 0.6785 | Acc: 0.5773 | Prec: 0.5652 | Recall: 0.9811 | Spec: 0.0909
[2025-11-28 13:55:53,677 INFO main.train_one_fold]   Confusion: TP=104, TN=8, FP=80, FN=2
[2025-11-28 13:55:53,677 INFO main.train_one_fold] EVAL SUBJECT | Fold 6 | Epoch 027/100 | Loss: 0.6785 | Acc: 0.5000 | Prec: 0.5000 | Recall: 1.0000 | Spec: 0.0000
[2025-11-28 13:55:53,677 INFO main.train_one_fold]   Confusion: TP=3, TN=0, FP=3, FN=0
[2025-11-28 13:55:53,677 INFO main.train_one_fold] EVAL EC | Fold 6 | Epoch 027/100 | Acc: 0.5000 | Prec: 0.5000 | Recall: 1.0000 | Spec: 0.0000
[2025-11-28 13:55:53,677 INFO main.train_one_fold]   Confusion: TP=3, TN=0, FP=3, FN=0
[2025-11-28 13:56:02,180 INFO main.train_one_fold] TRAIN CHUNK | Fold 6 | Epoch 028/100 | Loss: 0.6684 | Acc: 0.5491 | Prec: 0.5282 | Recall: 0.8667 | Spec: 0.2357
[2025-11-28 13:56:03,135 INFO main.train_one_fold] EVAL CHUNK | Fold 6 | Epoch 028/100 | Loss: 0.6794 | Acc: 0.5773 | Prec: 0.5652 | Recall: 0.9811 | Spec: 0.0909
[2025-11-28 13:56:03,135 INFO main.train_one_fold]   Confusion: TP=104, TN=8, FP=80, FN=2
[2025-11-28 13:56:03,136 INFO main.train_one_fold] EVAL SUBJECT | Fold 6 | Epoch 028/100 | Loss: 0.6794 | Acc: 0.5000 | Prec: 0.5000 | Recall: 1.0000 | Spec: 0.0000
[2025-11-28 13:56:03,136 INFO main.train_one_fold]   Confusion: TP=3, TN=0, FP=3, FN=0
[2025-11-28 13:56:03,136 INFO main.train_one_fold] EVAL EC | Fold 6 | Epoch 028/100 | Acc: 0.5000 | Prec: 0.5000 | Recall: 1.0000 | Spec: 0.0000
[2025-11-28 13:56:03,136 INFO main.train_one_fold]   Confusion: TP=3, TN=0, FP=3, FN=0
[2025-11-28 13:56:08,347 INFO main.train_one_fold] TRAIN CHUNK | Fold 6 | Epoch 029/100 | Loss: 0.6639 | Acc: 0.5566 | Prec: 0.5344 | Recall: 0.8344 | Spec: 0.2824
[2025-11-28 13:56:08,697 INFO main.train_one_fold] EVAL CHUNK | Fold 6 | Epoch 029/100 | Loss: 0.6754 | Acc: 0.5979 | Prec: 0.5787 | Recall: 0.9717 | Spec: 0.1477
[2025-11-28 13:56:08,698 INFO main.train_one_fold]   Confusion: TP=103, TN=13, FP=75, FN=3
[2025-11-28 13:56:08,698 INFO main.train_one_fold] EVAL SUBJECT | Fold 6 | Epoch 029/100 | Loss: 0.6754 | Acc: 0.5000 | Prec: 0.5000 | Recall: 1.0000 | Spec: 0.0000
[2025-11-28 13:56:08,698 INFO main.train_one_fold]   Confusion: TP=3, TN=0, FP=3, FN=0
[2025-11-28 13:56:08,698 INFO main.train_one_fold] EVAL EC | Fold 6 | Epoch 029/100 | Acc: 0.5000 | Prec: 0.5000 | Recall: 1.0000 | Spec: 0.0000
[2025-11-28 13:56:08,698 INFO main.train_one_fold]   Confusion: TP=3, TN=0, FP=3, FN=0
[2025-11-28 13:56:14,884 INFO main.train_one_fold] TRAIN CHUNK | Fold 6 | Epoch 030/100 | Loss: 0.6665 | Acc: 0.5566 | Prec: 0.5355 | Recall: 0.8108 | Spec: 0.3057
[2025-11-28 13:56:15,707 INFO main.train_one_fold] EVAL CHUNK | Fold 6 | Epoch 030/100 | Loss: 0.6755 | Acc: 0.6031 | Prec: 0.5829 | Recall: 0.9623 | Spec: 0.1705
[2025-11-28 13:56:15,707 INFO main.train_one_fold]   Confusion: TP=102, TN=15, FP=73, FN=4
[2025-11-28 13:56:15,707 INFO main.train_one_fold] EVAL SUBJECT | Fold 6 | Epoch 030/100 | Loss: 0.6755 | Acc: 0.6667 | Prec: 0.6000 | Recall: 1.0000 | Spec: 0.3333
[2025-11-28 13:56:15,707 INFO main.train_one_fold]   Confusion: TP=3, TN=1, FP=2, FN=0
[2025-11-28 13:56:15,708 INFO main.train_one_fold] EVAL EC | Fold 6 | Epoch 030/100 | Acc: 0.6667 | Prec: 0.6000 | Recall: 1.0000 | Spec: 0.3333
[2025-11-28 13:56:15,708 INFO main.train_one_fold]   Confusion: TP=3, TN=1, FP=2, FN=0
[2025-11-28 13:56:15,736 INFO main.train_one_fold] Saved checkpoint: experiments/t7_005_beta_cane_ec/fold_6_epoch_030.pth
[2025-11-28 13:56:21,668 INFO main.train_one_fold] TRAIN CHUNK | Fold 6 | Epoch 031/100 | Loss: 0.6683 | Acc: 0.5321 | Prec: 0.5201 | Recall: 0.7505 | Spec: 0.3163
[2025-11-28 13:56:22,023 INFO main.train_one_fold] EVAL CHUNK | Fold 6 | Epoch 031/100 | Loss: 0.6749 | Acc: 0.6134 | Prec: 0.5886 | Recall: 0.9717 | Spec: 0.1818
[2025-11-28 13:56:22,023 INFO main.train_one_fold]   Confusion: TP=103, TN=16, FP=72, FN=3
[2025-11-28 13:56:22,023 INFO main.train_one_fold] EVAL SUBJECT | Fold 6 | Epoch 031/100 | Loss: 0.6749 | Acc: 0.6667 | Prec: 0.6000 | Recall: 1.0000 | Spec: 0.3333
[2025-11-28 13:56:22,023 INFO main.train_one_fold]   Confusion: TP=3, TN=1, FP=2, FN=0
[2025-11-28 13:56:22,023 INFO main.train_one_fold] EVAL EC | Fold 6 | Epoch 031/100 | Acc: 0.6667 | Prec: 0.6000 | Recall: 1.0000 | Spec: 0.3333
[2025-11-28 13:56:22,023 INFO main.train_one_fold]   Confusion: TP=3, TN=1, FP=2, FN=0
[2025-11-28 13:56:26,644 INFO main.train_one_fold] TRAIN CHUNK | Fold 6 | Epoch 032/100 | Loss: 0.6624 | Acc: 0.5598 | Prec: 0.5372 | Recall: 0.8237 | Spec: 0.2994
[2025-11-28 13:56:26,968 INFO main.train_one_fold] EVAL CHUNK | Fold 6 | Epoch 032/100 | Loss: 0.6743 | Acc: 0.6392 | Prec: 0.6059 | Recall: 0.9717 | Spec: 0.2386
[2025-11-28 13:56:26,968 INFO main.train_one_fold]   Confusion: TP=103, TN=21, FP=67, FN=3
[2025-11-28 13:56:26,969 INFO main.train_one_fold] EVAL SUBJECT | Fold 6 | Epoch 032/100 | Loss: 0.6743 | Acc: 0.6667 | Prec: 0.6000 | Recall: 1.0000 | Spec: 0.3333
[2025-11-28 13:56:26,969 INFO main.train_one_fold]   Confusion: TP=3, TN=1, FP=2, FN=0
[2025-11-28 13:56:26,969 INFO main.train_one_fold] EVAL EC | Fold 6 | Epoch 032/100 | Acc: 0.6667 | Prec: 0.6000 | Recall: 1.0000 | Spec: 0.3333
[2025-11-28 13:56:26,969 INFO main.train_one_fold]   Confusion: TP=3, TN=1, FP=2, FN=0
[2025-11-28 13:56:39,411 INFO main.train_one_fold] TRAIN CHUNK | Fold 6 | Epoch 033/100 | Loss: 0.6648 | Acc: 0.5684 | Prec: 0.5425 | Recall: 0.8366 | Spec: 0.3036
[2025-11-28 13:56:40,002 INFO main.train_one_fold] EVAL CHUNK | Fold 6 | Epoch 033/100 | Loss: 0.6713 | Acc: 0.6443 | Prec: 0.6095 | Recall: 0.9717 | Spec: 0.2500
[2025-11-28 13:56:40,003 INFO main.train_one_fold]   Confusion: TP=103, TN=22, FP=66, FN=3
[2025-11-28 13:56:40,003 INFO main.train_one_fold] EVAL SUBJECT | Fold 6 | Epoch 033/100 | Loss: 0.6713 | Acc: 0.6667 | Prec: 0.6000 | Recall: 1.0000 | Spec: 0.3333
[2025-11-28 13:56:40,003 INFO main.train_one_fold]   Confusion: TP=3, TN=1, FP=2, FN=0
[2025-11-28 13:56:40,003 INFO main.train_one_fold] EVAL EC | Fold 6 | Epoch 033/100 | Acc: 0.6667 | Prec: 0.6000 | Recall: 1.0000 | Spec: 0.3333
[2025-11-28 13:56:40,004 INFO main.train_one_fold]   Confusion: TP=3, TN=1, FP=2, FN=0
[2025-11-28 13:56:48,594 INFO main.train_one_fold] TRAIN CHUNK | Fold 6 | Epoch 034/100 | Loss: 0.6572 | Acc: 0.5684 | Prec: 0.5443 | Recall: 0.8065 | Spec: 0.3333
[2025-11-28 13:56:49,169 INFO main.train_one_fold] EVAL CHUNK | Fold 6 | Epoch 034/100 | Loss: 0.6669 | Acc: 0.6701 | Prec: 0.6280 | Recall: 0.9717 | Spec: 0.3068
[2025-11-28 13:56:49,169 INFO main.train_one_fold]   Confusion: TP=103, TN=27, FP=61, FN=3
[2025-11-28 13:56:49,169 INFO main.train_one_fold] EVAL SUBJECT | Fold 6 | Epoch 034/100 | Loss: 0.6669 | Acc: 0.6667 | Prec: 0.6000 | Recall: 1.0000 | Spec: 0.3333
[2025-11-28 13:56:49,169 INFO main.train_one_fold]   Confusion: TP=3, TN=1, FP=2, FN=0
[2025-11-28 13:56:49,169 INFO main.train_one_fold] EVAL EC | Fold 6 | Epoch 034/100 | Acc: 0.6667 | Prec: 0.6000 | Recall: 1.0000 | Spec: 0.3333
[2025-11-28 13:56:49,169 INFO main.train_one_fold]   Confusion: TP=3, TN=1, FP=2, FN=0
[2025-11-28 13:56:49,204 INFO main.train_one_fold] ✓ Saved best model: experiments/t7_005_beta_cane_ec/fold_6_best.pth (combined=0.4467, chunk=0.6701, subject=0.6667)
[2025-11-28 13:56:49,205 INFO early_stopping.__call__] Validation improved from 0.4433 to 0.4467 (+0.0034) at epoch 34
[2025-11-28 13:56:54,352 INFO main.train_one_fold] TRAIN CHUNK | Fold 6 | Epoch 035/100 | Loss: 0.6597 | Acc: 0.5684 | Prec: 0.5420 | Recall: 0.8473 | Spec: 0.2930
[2025-11-28 13:56:54,694 INFO main.train_one_fold] EVAL CHUNK | Fold 6 | Epoch 035/100 | Loss: 0.6649 | Acc: 0.6495 | Prec: 0.6131 | Recall: 0.9717 | Spec: 0.2614
[2025-11-28 13:56:54,695 INFO main.train_one_fold]   Confusion: TP=103, TN=23, FP=65, FN=3
[2025-11-28 13:56:54,695 INFO main.train_one_fold] EVAL SUBJECT | Fold 6 | Epoch 035/100 | Loss: 0.6649 | Acc: 0.6667 | Prec: 0.6000 | Recall: 1.0000 | Spec: 0.3333
[2025-11-28 13:56:54,695 INFO main.train_one_fold]   Confusion: TP=3, TN=1, FP=2, FN=0
[2025-11-28 13:56:54,695 INFO main.train_one_fold] EVAL EC | Fold 6 | Epoch 035/100 | Acc: 0.6667 | Prec: 0.6000 | Recall: 1.0000 | Spec: 0.3333
[2025-11-28 13:56:54,695 INFO main.train_one_fold]   Confusion: TP=3, TN=1, FP=2, FN=0
[2025-11-28 13:57:00,963 INFO main.train_one_fold] TRAIN CHUNK | Fold 6 | Epoch 036/100 | Loss: 0.6613 | Acc: 0.5801 | Prec: 0.5486 | Recall: 0.8731 | Spec: 0.2909
[2025-11-28 13:57:01,670 INFO main.train_one_fold] EVAL CHUNK | Fold 6 | Epoch 036/100 | Loss: 0.6643 | Acc: 0.6649 | Prec: 0.6258 | Recall: 0.9623 | Spec: 0.3068
[2025-11-28 13:57:01,671 INFO main.train_one_fold]   Confusion: TP=102, TN=27, FP=61, FN=4
[2025-11-28 13:57:01,671 INFO main.train_one_fold] EVAL SUBJECT | Fold 6 | Epoch 036/100 | Loss: 0.6643 | Acc: 0.6667 | Prec: 0.6000 | Recall: 1.0000 | Spec: 0.3333
[2025-11-28 13:57:01,671 INFO main.train_one_fold]   Confusion: TP=3, TN=1, FP=2, FN=0
[2025-11-28 13:57:01,672 INFO main.train_one_fold] EVAL EC | Fold 6 | Epoch 036/100 | Acc: 0.6667 | Prec: 0.6000 | Recall: 1.0000 | Spec: 0.3333
[2025-11-28 13:57:01,672 INFO main.train_one_fold]   Confusion: TP=3, TN=1, FP=2, FN=0
[2025-11-28 13:57:07,380 INFO main.train_one_fold] TRAIN CHUNK | Fold 6 | Epoch 037/100 | Loss: 0.6614 | Acc: 0.5673 | Prec: 0.5417 | Recall: 0.8387 | Spec: 0.2994
[2025-11-28 13:57:07,738 INFO main.train_one_fold] EVAL CHUNK | Fold 6 | Epoch 037/100 | Loss: 0.6669 | Acc: 0.6598 | Prec: 0.6205 | Recall: 0.9717 | Spec: 0.2841
[2025-11-28 13:57:07,738 INFO main.train_one_fold]   Confusion: TP=103, TN=25, FP=63, FN=3
[2025-11-28 13:57:07,738 INFO main.train_one_fold] EVAL SUBJECT | Fold 6 | Epoch 037/100 | Loss: 0.6669 | Acc: 0.6667 | Prec: 0.6000 | Recall: 1.0000 | Spec: 0.3333
[2025-11-28 13:57:07,738 INFO main.train_one_fold]   Confusion: TP=3, TN=1, FP=2, FN=0
[2025-11-28 13:57:07,738 INFO main.train_one_fold] EVAL EC | Fold 6 | Epoch 037/100 | Acc: 0.6667 | Prec: 0.6000 | Recall: 1.0000 | Spec: 0.3333
[2025-11-28 13:57:07,739 INFO main.train_one_fold]   Confusion: TP=3, TN=1, FP=2, FN=0
[2025-11-28 13:57:12,394 INFO main.train_one_fold] TRAIN CHUNK | Fold 6 | Epoch 038/100 | Loss: 0.6558 | Acc: 0.5855 | Prec: 0.5531 | Recall: 0.8624 | Spec: 0.3121
[2025-11-28 13:57:12,853 INFO main.train_one_fold] EVAL CHUNK | Fold 6 | Epoch 038/100 | Loss: 0.6613 | Acc: 0.6649 | Prec: 0.6242 | Recall: 0.9717 | Spec: 0.2955
[2025-11-28 13:57:12,853 INFO main.train_one_fold]   Confusion: TP=103, TN=26, FP=62, FN=3
[2025-11-28 13:57:12,853 INFO main.train_one_fold] EVAL SUBJECT | Fold 6 | Epoch 038/100 | Loss: 0.6613 | Acc: 0.6667 | Prec: 0.6000 | Recall: 1.0000 | Spec: 0.3333
[2025-11-28 13:57:12,853 INFO main.train_one_fold]   Confusion: TP=3, TN=1, FP=2, FN=0
[2025-11-28 13:57:12,853 INFO main.train_one_fold] EVAL EC | Fold 6 | Epoch 038/100 | Acc: 0.6667 | Prec: 0.6000 | Recall: 1.0000 | Spec: 0.3333
[2025-11-28 13:57:12,854 INFO main.train_one_fold]   Confusion: TP=3, TN=1, FP=2, FN=0
[2025-11-28 13:57:21,631 INFO main.train_one_fold] TRAIN CHUNK | Fold 6 | Epoch 039/100 | Loss: 0.6598 | Acc: 0.5791 | Prec: 0.5473 | Recall: 0.8839 | Spec: 0.2781
[2025-11-28 13:57:21,974 INFO main.train_one_fold] EVAL CHUNK | Fold 6 | Epoch 039/100 | Loss: 0.6628 | Acc: 0.6340 | Prec: 0.6000 | Recall: 0.9906 | Spec: 0.2045
[2025-11-28 13:57:21,974 INFO main.train_one_fold]   Confusion: TP=105, TN=18, FP=70, FN=1
[2025-11-28 13:57:21,975 INFO main.train_one_fold] EVAL SUBJECT | Fold 6 | Epoch 039/100 | Loss: 0.6628 | Acc: 0.6667 | Prec: 0.6000 | Recall: 1.0000 | Spec: 0.3333
[2025-11-28 13:57:21,975 INFO main.train_one_fold]   Confusion: TP=3, TN=1, FP=2, FN=0
[2025-11-28 13:57:21,975 INFO main.train_one_fold] EVAL EC | Fold 6 | Epoch 039/100 | Acc: 0.6667 | Prec: 0.6000 | Recall: 1.0000 | Spec: 0.3333
[2025-11-28 13:57:21,975 INFO main.train_one_fold]   Confusion: TP=3, TN=1, FP=2, FN=0
[2025-11-28 13:57:26,518 INFO main.train_one_fold] TRAIN CHUNK | Fold 6 | Epoch 040/100 | Loss: 0.6562 | Acc: 0.5823 | Prec: 0.5491 | Recall: 0.8903 | Spec: 0.2781
[2025-11-28 13:57:26,949 INFO main.train_one_fold] EVAL CHUNK | Fold 6 | Epoch 040/100 | Loss: 0.6601 | Acc: 0.6701 | Prec: 0.6280 | Recall: 0.9717 | Spec: 0.3068
[2025-11-28 13:57:26,950 INFO main.train_one_fold]   Confusion: TP=103, TN=27, FP=61, FN=3
[2025-11-28 13:57:26,950 INFO main.train_one_fold] EVAL SUBJECT | Fold 6 | Epoch 040/100 | Loss: 0.6601 | Acc: 0.6667 | Prec: 0.6000 | Recall: 1.0000 | Spec: 0.3333
[2025-11-28 13:57:26,950 INFO main.train_one_fold]   Confusion: TP=3, TN=1, FP=2, FN=0
[2025-11-28 13:57:26,950 INFO main.train_one_fold] EVAL EC | Fold 6 | Epoch 040/100 | Acc: 0.6667 | Prec: 0.6000 | Recall: 1.0000 | Spec: 0.3333
[2025-11-28 13:57:26,950 INFO main.train_one_fold]   Confusion: TP=3, TN=1, FP=2, FN=0
[2025-11-28 13:57:26,974 INFO main.train_one_fold] Saved checkpoint: experiments/t7_005_beta_cane_ec/fold_6_epoch_040.pth
[2025-11-28 13:57:38,318 INFO main.train_one_fold] TRAIN CHUNK | Fold 6 | Epoch 041/100 | Loss: 0.6539 | Acc: 0.5876 | Prec: 0.5556 | Recall: 0.8495 | Spec: 0.3291
[2025-11-28 13:57:38,924 INFO main.train_one_fold] EVAL CHUNK | Fold 6 | Epoch 041/100 | Loss: 0.6559 | Acc: 0.6598 | Prec: 0.6176 | Recall: 0.9906 | Spec: 0.2614
[2025-11-28 13:57:38,925 INFO main.train_one_fold]   Confusion: TP=105, TN=23, FP=65, FN=1
[2025-11-28 13:57:38,925 INFO main.train_one_fold] EVAL SUBJECT | Fold 6 | Epoch 041/100 | Loss: 0.6559 | Acc: 0.6667 | Prec: 0.6000 | Recall: 1.0000 | Spec: 0.3333
[2025-11-28 13:57:38,925 INFO main.train_one_fold]   Confusion: TP=3, TN=1, FP=2, FN=0
[2025-11-28 13:57:38,925 INFO main.train_one_fold] EVAL EC | Fold 6 | Epoch 041/100 | Acc: 0.6667 | Prec: 0.6000 | Recall: 1.0000 | Spec: 0.3333
[2025-11-28 13:57:38,925 INFO main.train_one_fold]   Confusion: TP=3, TN=1, FP=2, FN=0
[2025-11-28 13:57:48,780 INFO main.train_one_fold] TRAIN CHUNK | Fold 6 | Epoch 042/100 | Loss: 0.6516 | Acc: 0.5887 | Prec: 0.5548 | Recall: 0.8710 | Spec: 0.3100
[2025-11-28 13:57:49,474 INFO main.train_one_fold] EVAL CHUNK | Fold 6 | Epoch 042/100 | Loss: 0.6523 | Acc: 0.6598 | Prec: 0.6176 | Recall: 0.9906 | Spec: 0.2614
[2025-11-28 13:57:49,474 INFO main.train_one_fold]   Confusion: TP=105, TN=23, FP=65, FN=1
[2025-11-28 13:57:49,475 INFO main.train_one_fold] EVAL SUBJECT | Fold 6 | Epoch 042/100 | Loss: 0.6523 | Acc: 0.6667 | Prec: 0.6000 | Recall: 1.0000 | Spec: 0.3333
[2025-11-28 13:57:49,475 INFO main.train_one_fold]   Confusion: TP=3, TN=1, FP=2, FN=0
[2025-11-28 13:57:49,475 INFO main.train_one_fold] EVAL EC | Fold 6 | Epoch 042/100 | Acc: 0.6667 | Prec: 0.6000 | Recall: 1.0000 | Spec: 0.3333
[2025-11-28 13:57:49,476 INFO main.train_one_fold]   Confusion: TP=3, TN=1, FP=2, FN=0
[2025-11-28 13:57:54,823 INFO main.train_one_fold] TRAIN CHUNK | Fold 6 | Epoch 043/100 | Loss: 0.6488 | Acc: 0.5876 | Prec: 0.5527 | Recall: 0.8903 | Spec: 0.2887
[2025-11-28 13:57:55,238 INFO main.train_one_fold] EVAL CHUNK | Fold 6 | Epoch 043/100 | Loss: 0.6462 | Acc: 0.6546 | Prec: 0.6196 | Recall: 0.9528 | Spec: 0.2955
[2025-11-28 13:57:55,238 INFO main.train_one_fold]   Confusion: TP=101, TN=26, FP=62, FN=5
[2025-11-28 13:57:55,238 INFO main.train_one_fold] EVAL SUBJECT | Fold 6 | Epoch 043/100 | Loss: 0.6462 | Acc: 0.6667 | Prec: 0.6000 | Recall: 1.0000 | Spec: 0.3333
[2025-11-28 13:57:55,238 INFO main.train_one_fold]   Confusion: TP=3, TN=1, FP=2, FN=0
[2025-11-28 13:57:55,238 INFO main.train_one_fold] EVAL EC | Fold 6 | Epoch 043/100 | Acc: 0.6667 | Prec: 0.6000 | Recall: 1.0000 | Spec: 0.3333
[2025-11-28 13:57:55,238 INFO main.train_one_fold]   Confusion: TP=3, TN=1, FP=2, FN=0
[2025-11-28 13:58:03,410 INFO main.train_one_fold] TRAIN CHUNK | Fold 6 | Epoch 044/100 | Loss: 0.6508 | Acc: 0.5844 | Prec: 0.5538 | Recall: 0.8409 | Spec: 0.3312
[2025-11-28 13:58:04,020 INFO main.train_one_fold] EVAL CHUNK | Fold 6 | Epoch 044/100 | Loss: 0.6506 | Acc: 0.5619 | Prec: 0.5745 | Recall: 0.7642 | Spec: 0.3182
[2025-11-28 13:58:04,021 INFO main.train_one_fold]   Confusion: TP=81, TN=28, FP=60, FN=25
[2025-11-28 13:58:04,021 INFO main.train_one_fold] EVAL SUBJECT | Fold 6 | Epoch 044/100 | Loss: 0.6506 | Acc: 0.5000 | Prec: 0.5000 | Recall: 0.6667 | Spec: 0.3333
[2025-11-28 13:58:04,021 INFO main.train_one_fold]   Confusion: TP=2, TN=1, FP=2, FN=1
[2025-11-28 13:58:04,021 INFO main.train_one_fold] EVAL EC | Fold 6 | Epoch 044/100 | Acc: 0.5000 | Prec: 0.5000 | Recall: 0.6667 | Spec: 0.3333
[2025-11-28 13:58:04,021 INFO main.train_one_fold]   Confusion: TP=2, TN=1, FP=2, FN=1
[2025-11-28 13:58:08,719 INFO main.train_one_fold] TRAIN CHUNK | Fold 6 | Epoch 045/100 | Loss: 0.6586 | Acc: 0.5844 | Prec: 0.5544 | Recall: 0.8323 | Spec: 0.3397
[2025-11-28 13:58:09,030 INFO main.train_one_fold] EVAL CHUNK | Fold 6 | Epoch 045/100 | Loss: 0.6483 | Acc: 0.6031 | Prec: 0.5960 | Recall: 0.8491 | Spec: 0.3068
[2025-11-28 13:58:09,031 INFO main.train_one_fold]   Confusion: TP=90, TN=27, FP=61, FN=16
[2025-11-28 13:58:09,031 INFO main.train_one_fold] EVAL SUBJECT | Fold 6 | Epoch 045/100 | Loss: 0.6483 | Acc: 0.6667 | Prec: 0.6000 | Recall: 1.0000 | Spec: 0.3333
[2025-11-28 13:58:09,031 INFO main.train_one_fold]   Confusion: TP=3, TN=1, FP=2, FN=0
[2025-11-28 13:58:09,031 INFO main.train_one_fold] EVAL EC | Fold 6 | Epoch 045/100 | Acc: 0.6667 | Prec: 0.6000 | Recall: 1.0000 | Spec: 0.3333
[2025-11-28 13:58:09,031 INFO main.train_one_fold]   Confusion: TP=3, TN=1, FP=2, FN=0
[2025-11-28 13:58:14,094 INFO main.train_one_fold] TRAIN CHUNK | Fold 6 | Epoch 046/100 | Loss: 0.6500 | Acc: 0.5940 | Prec: 0.5669 | Recall: 0.7742 | Spec: 0.4161
[2025-11-28 13:58:16,212 INFO main.train_one_fold] EVAL CHUNK | Fold 6 | Epoch 046/100 | Loss: 0.6473 | Acc: 0.6753 | Prec: 0.6287 | Recall: 0.9906 | Spec: 0.2955
[2025-11-28 13:58:16,212 INFO main.train_one_fold]   Confusion: TP=105, TN=26, FP=62, FN=1
[2025-11-28 13:58:16,213 INFO main.train_one_fold] EVAL SUBJECT | Fold 6 | Epoch 046/100 | Loss: 0.6473 | Acc: 0.6667 | Prec: 0.6000 | Recall: 1.0000 | Spec: 0.3333
[2025-11-28 13:58:16,213 INFO main.train_one_fold]   Confusion: TP=3, TN=1, FP=2, FN=0
[2025-11-28 13:58:16,213 INFO main.train_one_fold] EVAL EC | Fold 6 | Epoch 046/100 | Acc: 0.6667 | Prec: 0.6000 | Recall: 1.0000 | Spec: 0.3333
[2025-11-28 13:58:16,213 INFO main.train_one_fold]   Confusion: TP=3, TN=1, FP=2, FN=0
[2025-11-28 13:58:16,254 INFO main.train_one_fold] ✓ Saved best model: experiments/t7_005_beta_cane_ec/fold_6_best.pth (combined=0.4502, chunk=0.6753, subject=0.6667)
[2025-11-28 13:58:16,254 INFO early_stopping.__call__] Validation improved from 0.4467 to 0.4502 (+0.0034) at epoch 46
[2025-11-28 13:58:21,449 INFO main.train_one_fold] TRAIN CHUNK | Fold 6 | Epoch 047/100 | Loss: 0.6482 | Acc: 0.6015 | Prec: 0.5604 | Recall: 0.9183 | Spec: 0.2887
[2025-11-28 13:58:21,834 INFO main.train_one_fold] EVAL CHUNK | Fold 6 | Epoch 047/100 | Loss: 0.6461 | Acc: 0.6598 | Prec: 0.6176 | Recall: 0.9906 | Spec: 0.2614
[2025-11-28 13:58:21,834 INFO main.train_one_fold]   Confusion: TP=105, TN=23, FP=65, FN=1
[2025-11-28 13:58:21,835 INFO main.train_one_fold] EVAL SUBJECT | Fold 6 | Epoch 047/100 | Loss: 0.6461 | Acc: 0.6667 | Prec: 0.6000 | Recall: 1.0000 | Spec: 0.3333
[2025-11-28 13:58:21,835 INFO main.train_one_fold]   Confusion: TP=3, TN=1, FP=2, FN=0
[2025-11-28 13:58:21,835 INFO main.train_one_fold] EVAL EC | Fold 6 | Epoch 047/100 | Acc: 0.6667 | Prec: 0.6000 | Recall: 1.0000 | Spec: 0.3333
[2025-11-28 13:58:21,835 INFO main.train_one_fold]   Confusion: TP=3, TN=1, FP=2, FN=0
[2025-11-28 13:58:26,266 INFO main.train_one_fold] TRAIN CHUNK | Fold 6 | Epoch 048/100 | Loss: 0.6497 | Acc: 0.5897 | Prec: 0.5579 | Recall: 0.8387 | Spec: 0.3439
[2025-11-28 13:58:26,603 INFO main.train_one_fold] EVAL CHUNK | Fold 6 | Epoch 048/100 | Loss: 0.6434 | Acc: 0.6598 | Prec: 0.6176 | Recall: 0.9906 | Spec: 0.2614
[2025-11-28 13:58:26,603 INFO main.train_one_fold]   Confusion: TP=105, TN=23, FP=65, FN=1
[2025-11-28 13:58:26,603 INFO main.train_one_fold] EVAL SUBJECT | Fold 6 | Epoch 048/100 | Loss: 0.6434 | Acc: 0.6667 | Prec: 0.6000 | Recall: 1.0000 | Spec: 0.3333
[2025-11-28 13:58:26,603 INFO main.train_one_fold]   Confusion: TP=3, TN=1, FP=2, FN=0
[2025-11-28 13:58:26,604 INFO main.train_one_fold] EVAL EC | Fold 6 | Epoch 048/100 | Acc: 0.6667 | Prec: 0.6000 | Recall: 1.0000 | Spec: 0.3333
[2025-11-28 13:58:26,604 INFO main.train_one_fold]   Confusion: TP=3, TN=1, FP=2, FN=0
[2025-11-28 13:58:35,109 INFO main.train_one_fold] TRAIN CHUNK | Fold 6 | Epoch 049/100 | Loss: 0.6490 | Acc: 0.5994 | Prec: 0.5587 | Recall: 0.9204 | Spec: 0.2824
[2025-11-28 13:58:35,545 INFO main.train_one_fold] EVAL CHUNK | Fold 6 | Epoch 049/100 | Loss: 0.6434 | Acc: 0.6237 | Prec: 0.6051 | Recall: 0.8962 | Spec: 0.2955
[2025-11-28 13:58:35,545 INFO main.train_one_fold]   Confusion: TP=95, TN=26, FP=62, FN=11
[2025-11-28 13:58:35,545 INFO main.train_one_fold] EVAL SUBJECT | Fold 6 | Epoch 049/100 | Loss: 0.6434 | Acc: 0.6667 | Prec: 0.6000 | Recall: 1.0000 | Spec: 0.3333
[2025-11-28 13:58:35,545 INFO main.train_one_fold]   Confusion: TP=3, TN=1, FP=2, FN=0
[2025-11-28 13:58:35,546 INFO main.train_one_fold] EVAL EC | Fold 6 | Epoch 049/100 | Acc: 0.6667 | Prec: 0.6000 | Recall: 1.0000 | Spec: 0.3333
[2025-11-28 13:58:35,546 INFO main.train_one_fold]   Confusion: TP=3, TN=1, FP=2, FN=0
[2025-11-28 13:58:40,220 INFO main.train_one_fold] TRAIN CHUNK | Fold 6 | Epoch 050/100 | Loss: 0.6471 | Acc: 0.6047 | Prec: 0.5710 | Recall: 0.8215 | Spec: 0.3907
[2025-11-28 13:58:40,571 INFO main.train_one_fold] EVAL CHUNK | Fold 6 | Epoch 050/100 | Loss: 0.6395 | Acc: 0.6340 | Prec: 0.6101 | Recall: 0.9151 | Spec: 0.2955
[2025-11-28 13:58:40,571 INFO main.train_one_fold]   Confusion: TP=97, TN=26, FP=62, FN=9
[2025-11-28 13:58:40,571 INFO main.train_one_fold] EVAL SUBJECT | Fold 6 | Epoch 050/100 | Loss: 0.6395 | Acc: 0.6667 | Prec: 0.6000 | Recall: 1.0000 | Spec: 0.3333
[2025-11-28 13:58:40,572 INFO main.train_one_fold]   Confusion: TP=3, TN=1, FP=2, FN=0
[2025-11-28 13:58:40,572 INFO main.train_one_fold] EVAL EC | Fold 6 | Epoch 050/100 | Acc: 0.6667 | Prec: 0.6000 | Recall: 1.0000 | Spec: 0.3333
[2025-11-28 13:58:40,572 INFO main.train_one_fold]   Confusion: TP=3, TN=1, FP=2, FN=0
[2025-11-28 13:58:40,607 INFO main.train_one_fold] Saved checkpoint: experiments/t7_005_beta_cane_ec/fold_6_epoch_050.pth
[2025-11-28 13:58:49,182 INFO main.train_one_fold] TRAIN CHUNK | Fold 6 | Epoch 051/100 | Loss: 0.6458 | Acc: 0.6015 | Prec: 0.5630 | Recall: 0.8839 | Spec: 0.3227
[2025-11-28 13:58:50,749 INFO main.train_one_fold] EVAL CHUNK | Fold 6 | Epoch 051/100 | Loss: 0.6427 | Acc: 0.6495 | Prec: 0.6173 | Recall: 0.9434 | Spec: 0.2955
[2025-11-28 13:58:50,749 INFO main.train_one_fold]   Confusion: TP=100, TN=26, FP=62, FN=6
[2025-11-28 13:58:50,750 INFO main.train_one_fold] EVAL SUBJECT | Fold 6 | Epoch 051/100 | Loss: 0.6427 | Acc: 0.6667 | Prec: 0.6000 | Recall: 1.0000 | Spec: 0.3333
[2025-11-28 13:58:50,750 INFO main.train_one_fold]   Confusion: TP=3, TN=1, FP=2, FN=0
[2025-11-28 13:58:50,750 INFO main.train_one_fold] EVAL EC | Fold 6 | Epoch 051/100 | Acc: 0.6667 | Prec: 0.6000 | Recall: 1.0000 | Spec: 0.3333
[2025-11-28 13:58:50,750 INFO main.train_one_fold]   Confusion: TP=3, TN=1, FP=2, FN=0
[2025-11-28 13:58:56,956 INFO main.train_one_fold] TRAIN CHUNK | Fold 6 | Epoch 052/100 | Loss: 0.6430 | Acc: 0.6079 | Prec: 0.5679 | Recall: 0.8817 | Spec: 0.3376
[2025-11-28 13:58:57,278 INFO main.train_one_fold] EVAL CHUNK | Fold 6 | Epoch 052/100 | Loss: 0.6401 | Acc: 0.6598 | Prec: 0.6176 | Recall: 0.9906 | Spec: 0.2614
[2025-11-28 13:58:57,278 INFO main.train_one_fold]   Confusion: TP=105, TN=23, FP=65, FN=1
[2025-11-28 13:58:57,278 INFO main.train_one_fold] EVAL SUBJECT | Fold 6 | Epoch 052/100 | Loss: 0.6401 | Acc: 0.6667 | Prec: 0.6000 | Recall: 1.0000 | Spec: 0.3333
[2025-11-28 13:58:57,278 INFO main.train_one_fold]   Confusion: TP=3, TN=1, FP=2, FN=0
[2025-11-28 13:58:57,278 INFO main.train_one_fold] EVAL EC | Fold 6 | Epoch 052/100 | Acc: 0.6667 | Prec: 0.6000 | Recall: 1.0000 | Spec: 0.3333
[2025-11-28 13:58:57,278 INFO main.train_one_fold]   Confusion: TP=3, TN=1, FP=2, FN=0
[2025-11-28 13:59:06,083 INFO main.train_one_fold] TRAIN CHUNK | Fold 6 | Epoch 053/100 | Loss: 0.6403 | Acc: 0.6036 | Prec: 0.5622 | Recall: 0.9140 | Spec: 0.2972
[2025-11-28 13:59:06,421 INFO main.train_one_fold] EVAL CHUNK | Fold 6 | Epoch 053/100 | Loss: 0.6445 | Acc: 0.5876 | Prec: 0.5867 | Recall: 0.8302 | Spec: 0.2955
[2025-11-28 13:59:06,421 INFO main.train_one_fold]   Confusion: TP=88, TN=26, FP=62, FN=18
[2025-11-28 13:59:06,422 INFO main.train_one_fold] EVAL SUBJECT | Fold 6 | Epoch 053/100 | Loss: 0.6445 | Acc: 0.5000 | Prec: 0.5000 | Recall: 0.6667 | Spec: 0.3333
[2025-11-28 13:59:06,422 INFO main.train_one_fold]   Confusion: TP=2, TN=1, FP=2, FN=1
[2025-11-28 13:59:06,422 INFO main.train_one_fold] EVAL EC | Fold 6 | Epoch 053/100 | Acc: 0.5000 | Prec: 0.5000 | Recall: 0.6667 | Spec: 0.3333
[2025-11-28 13:59:06,422 INFO main.train_one_fold]   Confusion: TP=2, TN=1, FP=2, FN=1
[2025-11-28 13:59:12,189 INFO main.train_one_fold] TRAIN CHUNK | Fold 6 | Epoch 054/100 | Loss: 0.6407 | Acc: 0.6154 | Prec: 0.5799 | Recall: 0.8194 | Spec: 0.4140
[2025-11-28 13:59:12,787 INFO main.train_one_fold] EVAL CHUNK | Fold 6 | Epoch 054/100 | Loss: 0.6436 | Acc: 0.5876 | Prec: 0.5867 | Recall: 0.8302 | Spec: 0.2955
[2025-11-28 13:59:12,787 INFO main.train_one_fold]   Confusion: TP=88, TN=26, FP=62, FN=18
[2025-11-28 13:59:12,787 INFO main.train_one_fold] EVAL SUBJECT | Fold 6 | Epoch 054/100 | Loss: 0.6436 | Acc: 0.5000 | Prec: 0.5000 | Recall: 0.6667 | Spec: 0.3333
[2025-11-28 13:59:12,788 INFO main.train_one_fold]   Confusion: TP=2, TN=1, FP=2, FN=1
[2025-11-28 13:59:12,788 INFO main.train_one_fold] EVAL EC | Fold 6 | Epoch 054/100 | Acc: 0.5000 | Prec: 0.5000 | Recall: 0.6667 | Spec: 0.3333
[2025-11-28 13:59:12,788 INFO main.train_one_fold]   Confusion: TP=2, TN=1, FP=2, FN=1
[2025-11-28 13:59:24,841 INFO main.train_one_fold] TRAIN CHUNK | Fold 6 | Epoch 055/100 | Loss: 0.6379 | Acc: 0.6058 | Prec: 0.5650 | Recall: 0.8968 | Spec: 0.3185
[2025-11-28 13:59:25,186 INFO main.train_one_fold] EVAL CHUNK | Fold 6 | Epoch 055/100 | Loss: 0.6396 | Acc: 0.5876 | Prec: 0.5867 | Recall: 0.8302 | Spec: 0.2955
[2025-11-28 13:59:25,187 INFO main.train_one_fold]   Confusion: TP=88, TN=26, FP=62, FN=18
[2025-11-28 13:59:25,187 INFO main.train_one_fold] EVAL SUBJECT | Fold 6 | Epoch 055/100 | Loss: 0.6396 | Acc: 0.5000 | Prec: 0.5000 | Recall: 0.6667 | Spec: 0.3333
[2025-11-28 13:59:25,187 INFO main.train_one_fold]   Confusion: TP=2, TN=1, FP=2, FN=1
[2025-11-28 13:59:25,187 INFO main.train_one_fold] EVAL EC | Fold 6 | Epoch 055/100 | Acc: 0.5000 | Prec: 0.5000 | Recall: 0.6667 | Spec: 0.3333
[2025-11-28 13:59:25,187 INFO main.train_one_fold]   Confusion: TP=2, TN=1, FP=2, FN=1
[2025-11-28 13:59:34,454 INFO main.train_one_fold] TRAIN CHUNK | Fold 6 | Epoch 056/100 | Loss: 0.6400 | Acc: 0.6122 | Prec: 0.5684 | Recall: 0.9118 | Spec: 0.3163
[2025-11-28 13:59:35,050 INFO main.train_one_fold] EVAL CHUNK | Fold 6 | Epoch 056/100 | Loss: 0.6518 | Acc: 0.5361 | Prec: 0.5588 | Recall: 0.7170 | Spec: 0.3182
[2025-11-28 13:59:35,050 INFO main.train_one_fold]   Confusion: TP=76, TN=28, FP=60, FN=30
[2025-11-28 13:59:35,050 INFO main.train_one_fold] EVAL SUBJECT | Fold 6 | Epoch 056/100 | Loss: 0.6518 | Acc: 0.5000 | Prec: 0.5000 | Recall: 0.6667 | Spec: 0.3333
[2025-11-28 13:59:35,050 INFO main.train_one_fold]   Confusion: TP=2, TN=1, FP=2, FN=1
[2025-11-28 13:59:35,051 INFO main.train_one_fold] EVAL EC | Fold 6 | Epoch 056/100 | Acc: 0.5000 | Prec: 0.5000 | Recall: 0.6667 | Spec: 0.3333
[2025-11-28 13:59:35,051 INFO main.train_one_fold]   Confusion: TP=2, TN=1, FP=2, FN=1
[2025-11-28 13:59:40,259 INFO main.train_one_fold] TRAIN CHUNK | Fold 6 | Epoch 057/100 | Loss: 0.6504 | Acc: 0.5951 | Prec: 0.5632 | Recall: 0.8237 | Spec: 0.3694
[2025-11-28 13:59:40,609 INFO main.train_one_fold] EVAL CHUNK | Fold 6 | Epoch 057/100 | Loss: 0.6406 | Acc: 0.6495 | Prec: 0.6173 | Recall: 0.9434 | Spec: 0.2955
[2025-11-28 13:59:40,609 INFO main.train_one_fold]   Confusion: TP=100, TN=26, FP=62, FN=6
[2025-11-28 13:59:40,609 INFO main.train_one_fold] EVAL SUBJECT | Fold 6 | Epoch 057/100 | Loss: 0.6406 | Acc: 0.6667 | Prec: 0.6000 | Recall: 1.0000 | Spec: 0.3333
[2025-11-28 13:59:40,609 INFO main.train_one_fold]   Confusion: TP=3, TN=1, FP=2, FN=0
[2025-11-28 13:59:40,609 INFO main.train_one_fold] EVAL EC | Fold 6 | Epoch 057/100 | Acc: 0.6667 | Prec: 0.6000 | Recall: 1.0000 | Spec: 0.3333
[2025-11-28 13:59:40,610 INFO main.train_one_fold]   Confusion: TP=3, TN=1, FP=2, FN=0
[2025-11-28 13:59:49,296 INFO main.train_one_fold] TRAIN CHUNK | Fold 6 | Epoch 058/100 | Loss: 0.6398 | Acc: 0.6175 | Prec: 0.5738 | Recall: 0.8946 | Spec: 0.3439
[2025-11-28 13:59:49,822 INFO main.train_one_fold] EVAL CHUNK | Fold 6 | Epoch 058/100 | Loss: 0.6411 | Acc: 0.5825 | Prec: 0.5839 | Recall: 0.8208 | Spec: 0.2955
[2025-11-28 13:59:49,823 INFO main.train_one_fold]   Confusion: TP=87, TN=26, FP=62, FN=19
[2025-11-28 13:59:49,823 INFO main.train_one_fold] EVAL SUBJECT | Fold 6 | Epoch 058/100 | Loss: 0.6411 | Acc: 0.5000 | Prec: 0.5000 | Recall: 0.6667 | Spec: 0.3333
[2025-11-28 13:59:49,823 INFO main.train_one_fold]   Confusion: TP=2, TN=1, FP=2, FN=1
[2025-11-28 13:59:49,823 INFO main.train_one_fold] EVAL EC | Fold 6 | Epoch 058/100 | Acc: 0.5000 | Prec: 0.5000 | Recall: 0.6667 | Spec: 0.3333
[2025-11-28 13:59:49,823 INFO main.train_one_fold]   Confusion: TP=2, TN=1, FP=2, FN=1
[2025-11-28 13:59:54,513 INFO main.train_one_fold] TRAIN CHUNK | Fold 6 | Epoch 059/100 | Loss: 0.6338 | Acc: 0.6186 | Prec: 0.5761 | Recall: 0.8796 | Spec: 0.3609
[2025-11-28 13:59:54,960 INFO main.train_one_fold] EVAL CHUNK | Fold 6 | Epoch 059/100 | Loss: 0.6482 | Acc: 0.5567 | Prec: 0.5714 | Recall: 0.7547 | Spec: 0.3182
[2025-11-28 13:59:54,960 INFO main.train_one_fold]   Confusion: TP=80, TN=28, FP=60, FN=26
[2025-11-28 13:59:54,961 INFO main.train_one_fold] EVAL SUBJECT | Fold 6 | Epoch 059/100 | Loss: 0.6482 | Acc: 0.5000 | Prec: 0.5000 | Recall: 0.6667 | Spec: 0.3333
[2025-11-28 13:59:54,961 INFO main.train_one_fold]   Confusion: TP=2, TN=1, FP=2, FN=1
[2025-11-28 13:59:54,961 INFO main.train_one_fold] EVAL EC | Fold 6 | Epoch 059/100 | Acc: 0.5000 | Prec: 0.5000 | Recall: 0.6667 | Spec: 0.3333
[2025-11-28 13:59:54,961 INFO main.train_one_fold]   Confusion: TP=2, TN=1, FP=2, FN=1
[2025-11-28 14:00:00,914 INFO main.train_one_fold] TRAIN CHUNK | Fold 6 | Epoch 060/100 | Loss: 0.6282 | Acc: 0.6197 | Prec: 0.5773 | Recall: 0.8753 | Spec: 0.3673
[2025-11-28 14:00:01,721 INFO main.train_one_fold] EVAL CHUNK | Fold 6 | Epoch 060/100 | Loss: 0.6312 | Acc: 0.6031 | Prec: 0.5924 | Recall: 0.8774 | Spec: 0.2727
[2025-11-28 14:00:01,722 INFO main.train_one_fold]   Confusion: TP=93, TN=24, FP=64, FN=13
[2025-11-28 14:00:01,722 INFO main.train_one_fold] EVAL SUBJECT | Fold 6 | Epoch 060/100 | Loss: 0.6312 | Acc: 0.6667 | Prec: 0.6000 | Recall: 1.0000 | Spec: 0.3333
[2025-11-28 14:00:01,722 INFO main.train_one_fold]   Confusion: TP=3, TN=1, FP=2, FN=0
[2025-11-28 14:00:01,723 INFO main.train_one_fold] EVAL EC | Fold 6 | Epoch 060/100 | Acc: 0.6667 | Prec: 0.6000 | Recall: 1.0000 | Spec: 0.3333
[2025-11-28 14:00:01,723 INFO main.train_one_fold]   Confusion: TP=3, TN=1, FP=2, FN=0
[2025-11-28 14:00:01,775 INFO main.train_one_fold] Saved checkpoint: experiments/t7_005_beta_cane_ec/fold_6_epoch_060.pth
[2025-11-28 14:00:08,750 INFO main.train_one_fold] TRAIN CHUNK | Fold 6 | Epoch 061/100 | Loss: 0.6301 | Acc: 0.6218 | Prec: 0.5772 | Recall: 0.8925 | Spec: 0.3546
[2025-11-28 14:00:09,105 INFO main.train_one_fold] EVAL CHUNK | Fold 6 | Epoch 061/100 | Loss: 0.6189 | Acc: 0.6546 | Prec: 0.6154 | Recall: 0.9811 | Spec: 0.2614
[2025-11-28 14:00:09,105 INFO main.train_one_fold]   Confusion: TP=104, TN=23, FP=65, FN=2
[2025-11-28 14:00:09,105 INFO main.train_one_fold] EVAL SUBJECT | Fold 6 | Epoch 061/100 | Loss: 0.6189 | Acc: 0.6667 | Prec: 0.6000 | Recall: 1.0000 | Spec: 0.3333
[2025-11-28 14:00:09,105 INFO main.train_one_fold]   Confusion: TP=3, TN=1, FP=2, FN=0
[2025-11-28 14:00:09,106 INFO main.train_one_fold] EVAL EC | Fold 6 | Epoch 061/100 | Acc: 0.6667 | Prec: 0.6000 | Recall: 1.0000 | Spec: 0.3333
[2025-11-28 14:00:09,106 INFO main.train_one_fold]   Confusion: TP=3, TN=1, FP=2, FN=0
[2025-11-28 14:00:16,033 INFO main.train_one_fold] TRAIN CHUNK | Fold 6 | Epoch 062/100 | Loss: 0.6303 | Acc: 0.6229 | Prec: 0.5795 | Recall: 0.8774 | Spec: 0.3715
[2025-11-28 14:00:16,852 INFO main.train_one_fold] EVAL CHUNK | Fold 6 | Epoch 062/100 | Loss: 0.6145 | Acc: 0.6649 | Prec: 0.6199 | Recall: 1.0000 | Spec: 0.2614
[2025-11-28 14:00:16,852 INFO main.train_one_fold]   Confusion: TP=106, TN=23, FP=65, FN=0
[2025-11-28 14:00:16,852 INFO main.train_one_fold] EVAL SUBJECT | Fold 6 | Epoch 062/100 | Loss: 0.6145 | Acc: 0.6667 | Prec: 0.6000 | Recall: 1.0000 | Spec: 0.3333
[2025-11-28 14:00:16,852 INFO main.train_one_fold]   Confusion: TP=3, TN=1, FP=2, FN=0
[2025-11-28 14:00:16,853 INFO main.train_one_fold] EVAL EC | Fold 6 | Epoch 062/100 | Acc: 0.6667 | Prec: 0.6000 | Recall: 1.0000 | Spec: 0.3333
[2025-11-28 14:00:16,853 INFO main.train_one_fold]   Confusion: TP=3, TN=1, FP=2, FN=0
[2025-11-28 14:00:26,826 INFO main.train_one_fold] TRAIN CHUNK | Fold 6 | Epoch 063/100 | Loss: 0.6270 | Acc: 0.6282 | Prec: 0.5787 | Recall: 0.9247 | Spec: 0.3355
[2025-11-28 14:00:27,173 INFO main.train_one_fold] EVAL CHUNK | Fold 6 | Epoch 063/100 | Loss: 0.6435 | Acc: 0.5670 | Prec: 0.5764 | Recall: 0.7830 | Spec: 0.3068
[2025-11-28 14:00:27,174 INFO main.train_one_fold]   Confusion: TP=83, TN=27, FP=61, FN=23
[2025-11-28 14:00:27,174 INFO main.train_one_fold] EVAL SUBJECT | Fold 6 | Epoch 063/100 | Loss: 0.6435 | Acc: 0.5000 | Prec: 0.5000 | Recall: 0.6667 | Spec: 0.3333
[2025-11-28 14:00:27,174 INFO main.train_one_fold]   Confusion: TP=2, TN=1, FP=2, FN=1
[2025-11-28 14:00:27,174 INFO main.train_one_fold] EVAL EC | Fold 6 | Epoch 063/100 | Acc: 0.5000 | Prec: 0.5000 | Recall: 0.6667 | Spec: 0.3333
[2025-11-28 14:00:27,174 INFO main.train_one_fold]   Confusion: TP=2, TN=1, FP=2, FN=1
[2025-11-28 14:00:37,475 INFO main.train_one_fold] TRAIN CHUNK | Fold 6 | Epoch 064/100 | Loss: 0.6322 | Acc: 0.6271 | Prec: 0.5843 | Recall: 0.8645 | Spec: 0.3928
[2025-11-28 14:00:37,868 INFO main.train_one_fold] EVAL CHUNK | Fold 6 | Epoch 064/100 | Loss: 0.6216 | Acc: 0.6289 | Prec: 0.6049 | Recall: 0.9245 | Spec: 0.2727
[2025-11-28 14:00:37,868 INFO main.train_one_fold]   Confusion: TP=98, TN=24, FP=64, FN=8
[2025-11-28 14:00:37,868 INFO main.train_one_fold] EVAL SUBJECT | Fold 6 | Epoch 064/100 | Loss: 0.6216 | Acc: 0.6667 | Prec: 0.6000 | Recall: 1.0000 | Spec: 0.3333
[2025-11-28 14:00:37,869 INFO main.train_one_fold]   Confusion: TP=3, TN=1, FP=2, FN=0
[2025-11-28 14:00:37,869 INFO main.train_one_fold] EVAL EC | Fold 6 | Epoch 064/100 | Acc: 0.6667 | Prec: 0.6000 | Recall: 1.0000 | Spec: 0.3333
[2025-11-28 14:00:37,869 INFO main.train_one_fold]   Confusion: TP=3, TN=1, FP=2, FN=0
[2025-11-28 14:00:49,494 INFO main.train_one_fold] TRAIN CHUNK | Fold 6 | Epoch 065/100 | Loss: 0.6094 | Acc: 0.6453 | Prec: 0.5960 | Recall: 0.8882 | Spec: 0.4055
[2025-11-28 14:00:49,914 INFO main.train_one_fold] EVAL CHUNK | Fold 6 | Epoch 065/100 | Loss: 0.6417 | Acc: 0.5722 | Prec: 0.5793 | Recall: 0.7925 | Spec: 0.3068
[2025-11-28 14:00:49,915 INFO main.train_one_fold]   Confusion: TP=84, TN=27, FP=61, FN=22
[2025-11-28 14:00:49,915 INFO main.train_one_fold] EVAL SUBJECT | Fold 6 | Epoch 065/100 | Loss: 0.6417 | Acc: 0.5000 | Prec: 0.5000 | Recall: 0.6667 | Spec: 0.3333
[2025-11-28 14:00:49,915 INFO main.train_one_fold]   Confusion: TP=2, TN=1, FP=2, FN=1
[2025-11-28 14:00:49,915 INFO main.train_one_fold] EVAL EC | Fold 6 | Epoch 065/100 | Acc: 0.5000 | Prec: 0.5000 | Recall: 0.6667 | Spec: 0.3333
[2025-11-28 14:00:49,915 INFO main.train_one_fold]   Confusion: TP=2, TN=1, FP=2, FN=1
[2025-11-28 14:00:54,130 INFO main.train_one_fold] TRAIN CHUNK | Fold 6 | Epoch 066/100 | Loss: 0.6147 | Acc: 0.6357 | Prec: 0.5878 | Recall: 0.8925 | Spec: 0.3822
[2025-11-28 14:00:54,455 INFO main.train_one_fold] EVAL CHUNK | Fold 6 | Epoch 066/100 | Loss: 0.6088 | Acc: 0.6546 | Prec: 0.6154 | Recall: 0.9811 | Spec: 0.2614
[2025-11-28 14:00:54,455 INFO main.train_one_fold]   Confusion: TP=104, TN=23, FP=65, FN=2
[2025-11-28 14:00:54,456 INFO main.train_one_fold] EVAL SUBJECT | Fold 6 | Epoch 066/100 | Loss: 0.6088 | Acc: 0.6667 | Prec: 0.6000 | Recall: 1.0000 | Spec: 0.3333
[2025-11-28 14:00:54,456 INFO main.train_one_fold]   Confusion: TP=3, TN=1, FP=2, FN=0
[2025-11-28 14:00:54,456 INFO main.train_one_fold] EVAL EC | Fold 6 | Epoch 066/100 | Acc: 0.6667 | Prec: 0.6000 | Recall: 1.0000 | Spec: 0.3333
[2025-11-28 14:00:54,456 INFO main.train_one_fold]   Confusion: TP=3, TN=1, FP=2, FN=0
[2025-11-28 14:00:54,456 INFO early_stopping.__call__] Early stopping triggered after 20 epochs without improvement. Best score: 0.4502 at epoch 46
[2025-11-28 14:00:54,456 INFO main.train_one_fold] Early stopping triggered at epoch 66
[2025-11-28 14:00:54,457 INFO main.train_one_fold] 
Fold 6 training completed. Best Combined Val Acc: 0.4502 at epoch 46
[2025-11-28 14:00:54,457 INFO main.train_cross_validation] ================================================================================
[2025-11-28 14:00:54,457 INFO main.train_cross_validation] 6-FOLD CROSS-VALIDATION RESULTS
[2025-11-28 14:00:54,457 INFO main.train_cross_validation] ================================================================================
[2025-11-28 14:00:54,457 INFO main.train_cross_validation] 
Per-fold best validation accuracy:
[2025-11-28 14:00:54,457 INFO main.train_cross_validation]   Fold 1: 0.3247 (epoch 1)
[2025-11-28 14:00:54,457 INFO main.train_cross_validation]   Fold 2: 0.4627 (epoch 29)
[2025-11-28 14:00:54,457 INFO main.train_cross_validation]   Fold 3: 0.2443 (epoch 1)
[2025-11-28 14:00:54,457 INFO main.train_cross_validation]   Fold 4: 0.4494 (epoch 23)
[2025-11-28 14:00:54,457 INFO main.train_cross_validation]   Fold 5: 0.2727 (epoch 1)
[2025-11-28 14:00:54,458 INFO main.train_cross_validation]   Fold 6: 0.4502 (epoch 46)
[2025-11-28 14:00:54,458 INFO main.write_results] COMBINED Accuracy Mean: 0.3673 ± 0.0900, Min: 0.2443, Max: 0.4627

[2025-11-28 14:00:54,459 INFO main.write_results] CHUNK Accuracy Mean: 0.6076 ± 0.0775, Min: 0.4886, Max: 0.6940

[2025-11-28 14:00:54,459 INFO main.write_results] SUBJECT Accuracy Mean: 0.5952 ± 0.0753, Min: 0.5000, Max: 0.6667

[2025-11-28 14:00:54,459 INFO main.train_cross_validation] ================================================================================

[2025-11-28 14:00:54,460 INFO main.train] 
Results saved to experiments/t7_005_beta_cane_ec/cv_results.txt
[2025-11-28 14:00:54,460 INFO main.train] Training completed!
