[2025-11-14 16:03:54,939 INFO main.setup_logging] Logging to console and file: checkpoints_fp1_003_mdd_mqm/training_ec_Fp1_noica_20251114_160354.log
[2025-11-14 16:03:54,940 INFO main.train] Starting EEG Classification Training
[2025-11-14 16:03:54,940 INFO main.train] Hyperparameters:
[2025-11-14 16:03:54,940 INFO main.train]   Dataset: mdd
[2025-11-14 16:03:54,940 INFO main.train]   Condition: ec
[2025-11-14 16:03:54,940 INFO main.train]   Channel: Fp1
[2025-11-14 16:03:54,940 INFO main.train]   N-Fold CV: 10
[2025-11-14 16:03:54,940 INFO main.train]   Batch Size: 32
[2025-11-14 16:03:54,940 INFO main.train]   Learning Rate: 0.0001
[2025-11-14 16:03:54,940 INFO main.train]   Dropout: 0.5
[2025-11-14 16:03:54,940 INFO main.train]   Max Epochs: 100
[2025-11-14 16:03:54,941 INFO main.train]   Validation Every: 2 epochs
[2025-11-14 16:03:54,941 INFO main.train]   Save Checkpoint Every: 10 epochs
[2025-11-14 16:03:54,941 INFO main.train]   Early Stopping Patience: 20 epochs
[2025-11-14 16:03:54,941 INFO main.train]   Skip ICA: True
[2025-11-14 16:03:54,941 INFO main.train]   Device: cpu
[2025-11-14 16:03:54,941 INFO main.train]   Checkpoint Directory: checkpoints_fp1_003_mdd_mqm
[2025-11-14 16:03:54,941 INFO main.train]   Log File: checkpoints_fp1_003_mdd_mqm/training_ec_Fp1_noica_20251114_160354.log
[2025-11-14 16:03:54,941 INFO main.train_cross_validation] ================================================================================
[2025-11-14 16:03:54,941 INFO main.train_cross_validation] Starting 10-Fold Cross-Validation Training
[2025-11-14 16:03:54,941 INFO main.train_cross_validation] Dataset: mdd, Condition: ec
[2025-11-14 16:03:54,941 INFO main.train_cross_validation] Batch Size: 32, LR: 0.0001
[2025-11-14 16:03:54,942 INFO main.train_cross_validation] Device: cpu
[2025-11-14 16:03:54,942 INFO main.train_cross_validation] Skip ICA: True
[2025-11-14 16:03:54,942 INFO main.train_cross_validation] ================================================================================
[2025-11-14 16:03:54,945 INFO dataset.__init__] Building chunk index for FlattenedSpectrogramDataset...
[2025-11-14 16:03:55,668 INFO dataset.convert_to_spectrograms] Created 30 spectrograms
[2025-11-14 16:03:55,975 INFO dataset.convert_to_spectrograms] Created 38 spectrograms
[2025-11-14 16:03:56,246 INFO dataset.convert_to_spectrograms] Created 30 spectrograms
[2025-11-14 16:03:56,513 INFO dataset.convert_to_spectrograms] Created 30 spectrograms
[2025-11-14 16:03:56,773 INFO dataset.convert_to_spectrograms] Created 30 spectrograms
[2025-11-14 16:03:57,029 INFO dataset.convert_to_spectrograms] Created 30 spectrograms
[2025-11-14 16:03:57,264 INFO dataset.convert_to_spectrograms] Created 29 spectrograms
[2025-11-14 16:03:57,518 INFO dataset.convert_to_spectrograms] Created 31 spectrograms
[2025-11-14 16:03:57,770 INFO dataset.convert_to_spectrograms] Created 30 spectrograms
[2025-11-14 16:03:58,000 INFO dataset.convert_to_spectrograms] Created 30 spectrograms
[2025-11-14 16:03:58,248 INFO dataset.convert_to_spectrograms] Created 31 spectrograms
[2025-11-14 16:03:58,496 INFO dataset.convert_to_spectrograms] Created 30 spectrograms
[2025-11-14 16:03:58,748 INFO dataset.convert_to_spectrograms] Created 30 spectrograms
[2025-11-14 16:03:58,993 INFO dataset.convert_to_spectrograms] Created 30 spectrograms
[2025-11-14 16:03:59,235 INFO dataset.convert_to_spectrograms] Created 30 spectrograms
[2025-11-14 16:03:59,470 INFO dataset.convert_to_spectrograms] Created 30 spectrograms
[2025-11-14 16:03:59,712 INFO dataset.convert_to_spectrograms] Created 30 spectrograms
[2025-11-14 16:03:59,930 INFO dataset.convert_to_spectrograms] Created 30 spectrograms
[2025-11-14 16:04:00,163 INFO dataset.convert_to_spectrograms] Created 30 spectrograms
[2025-11-14 16:04:00,402 INFO dataset.convert_to_spectrograms] Created 31 spectrograms
[2025-11-14 16:04:00,643 INFO dataset.convert_to_spectrograms] Created 30 spectrograms
[2025-11-14 16:04:00,862 INFO dataset.convert_to_spectrograms] Created 30 spectrograms
[2025-11-14 16:04:01,116 INFO dataset.convert_to_spectrograms] Created 30 spectrograms
[2025-11-14 16:04:01,374 INFO dataset.convert_to_spectrograms] Created 31 spectrograms
[2025-11-14 16:04:01,657 INFO dataset.convert_to_spectrograms] Created 30 spectrograms
[2025-11-14 16:04:01,984 INFO dataset.convert_to_spectrograms] Created 36 spectrograms
[2025-11-14 16:04:02,345 INFO dataset.convert_to_spectrograms] Created 30 spectrograms
[2025-11-14 16:04:02,866 INFO dataset.convert_to_spectrograms] Created 30 spectrograms
[2025-11-14 16:04:03,552 INFO dataset.convert_to_spectrograms] Created 31 spectrograms
[2025-11-14 16:04:04,278 INFO dataset.convert_to_spectrograms] Created 30 spectrograms
[2025-11-14 16:04:05,071 INFO dataset.convert_to_spectrograms] Created 30 spectrograms
[2025-11-14 16:04:05,816 INFO dataset.convert_to_spectrograms] Created 30 spectrograms
[2025-11-14 16:04:06,520 INFO dataset.convert_to_spectrograms] Created 30 spectrograms
[2025-11-14 16:04:07,408 INFO dataset.convert_to_spectrograms] Created 30 spectrograms
[2025-11-14 16:04:08,089 INFO dataset.convert_to_spectrograms] Created 30 spectrograms
[2025-11-14 16:04:08,952 INFO dataset.convert_to_spectrograms] Created 30 spectrograms
[2025-11-14 16:04:09,645 INFO dataset.convert_to_spectrograms] Created 30 spectrograms
[2025-11-14 16:04:10,522 INFO dataset.convert_to_spectrograms] Created 30 spectrograms
[2025-11-14 16:04:11,283 INFO dataset.convert_to_spectrograms] Created 30 spectrograms
[2025-11-14 16:04:11,936 INFO dataset.convert_to_spectrograms] Created 31 spectrograms
[2025-11-14 16:04:12,558 INFO dataset.convert_to_spectrograms] Created 30 spectrograms
[2025-11-14 16:04:13,241 INFO dataset.convert_to_spectrograms] Created 30 spectrograms
[2025-11-14 16:04:13,924 INFO dataset.convert_to_spectrograms] Created 30 spectrograms
[2025-11-14 16:04:14,500 INFO dataset.convert_to_spectrograms] Created 30 spectrograms
[2025-11-14 16:04:15,050 INFO dataset.convert_to_spectrograms] Created 30 spectrograms
[2025-11-14 16:04:15,341 INFO dataset.convert_to_spectrograms] Created 18 spectrograms
[2025-11-14 16:04:15,650 INFO dataset.convert_to_spectrograms] Created 24 spectrograms
[2025-11-14 16:04:15,968 INFO dataset.convert_to_spectrograms] Created 30 spectrograms
[2025-11-14 16:04:16,268 INFO dataset.convert_to_spectrograms] Created 30 spectrograms
[2025-11-14 16:04:16,607 INFO dataset.convert_to_spectrograms] Created 30 spectrograms
[2025-11-14 16:04:17,122 INFO dataset.convert_to_spectrograms] Created 30 spectrograms
[2025-11-14 16:04:17,766 INFO dataset.convert_to_spectrograms] Created 30 spectrograms
[2025-11-14 16:04:18,252 INFO dataset.convert_to_spectrograms] Created 30 spectrograms
[2025-11-14 16:04:18,854 INFO dataset.convert_to_spectrograms] Created 30 spectrograms
[2025-11-14 16:04:18,855 INFO dataset.__init__] Built index with 1621 total chunks
[2025-11-14 16:04:18,856 INFO main.train_cross_validation] MDD dataset: 28 normal, 26 MDD subjects
[2025-11-14 16:04:18,857 INFO main.train_cross_validation] ================================================================================
[2025-11-14 16:04:18,858 INFO main.train_cross_validation] FOLD 1/10
[2025-11-14 16:04:18,858 INFO main.train_cross_validation] ================================================================================
[2025-11-14 16:04:18,859 INFO main.get_datasets_for_fold] Train subjects (48): ['mdd:H S30', 'mdd:H S1', 'mdd:H S22', 'mdd:MDD S25', 'mdd:MDD S34', 'mdd:MDD S17', 'mdd:H S27', 'mdd:H S4', 'mdd:H S21', 'mdd:MDD S3', 'mdd:MDD S1', 'mdd:MDD S14', 'mdd:H S23', 'mdd:H S25', 'mdd:H S10', 'mdd:MDD S10', 'mdd:MDD S26', 'mdd:MDD S20', 'mdd:H S14', 'mdd:H S15', 'mdd:H S11', 'mdd:MDD S33', 'mdd:MDD S18', 'mdd:MDD S5', 'mdd:H S26', 'mdd:H S5', 'mdd:H S13', 'mdd:MDD S15', 'mdd:MDD S13', 'mdd:MDD S9', 'mdd:H S8', 'mdd:H S6', 'mdd:H S28', 'mdd:MDD S30', 'mdd:MDD S32', 'mdd:H S9', 'mdd:H S3', 'mdd:H S17', 'mdd:MDD S27', 'mdd:MDD S28', 'mdd:H S20', 'mdd:H S24', 'mdd:MDD S21', 'mdd:MDD S29', 'mdd:H S29', 'mdd:H S16', 'mdd:MDD S6', 'mdd:MDD S23']...
[2025-11-14 16:04:18,860 INFO main.get_datasets_for_fold] Val subjects (6): ['mdd:H S2', 'mdd:H S7', 'mdd:H S19', 'mdd:MDD S31', 'mdd:MDD S22', 'mdd:MDD S19']
[2025-11-14 16:04:18,863 INFO main.get_datasets_for_fold] Training chunks: 1435
[2025-11-14 16:04:18,863 INFO main.get_datasets_for_fold] Validation chunks: 186
[2025-11-14 16:04:19,014 INFO model.__init__] Initialized LSTM with input_size=1728, hidden_size=100, batch_first=True
[2025-11-14 16:04:22,715 INFO main.train_one_fold] Starting training for fold 1
[2025-11-14 16:04:38,185 INFO main.train_one_fold] TRAIN CHUNK | Fold 1 | Epoch 001/100 | Loss: 0.6947 | Acc: 0.4836 | Prec: 0.4755 | Recall: 0.9629 | Spec: 0.0591
[2025-11-14 16:04:48,416 INFO main.train_one_fold] TRAIN CHUNK | Fold 1 | Epoch 002/100 | Loss: 0.6708 | Acc: 0.6843 | Prec: 0.7346 | Recall: 0.5134 | Spec: 0.8357
[2025-11-14 16:04:48,891 INFO main.train_one_fold] EVAL CHUNK | Fold 1 | Epoch 002/100 | Loss: 0.5609 | Acc: 0.8817 | Prec: 1.0000 | Recall: 0.7556 | Spec: 1.0000
[2025-11-14 16:04:48,892 INFO main.train_one_fold]   Confusion: TP=68, TN=96, FP=0, FN=22
[2025-11-14 16:04:48,892 INFO main.train_one_fold] EVAL SUBJECT | Fold 1 | Epoch 002/100 | Loss: 0.5609 | Acc: 1.0000 | Prec: 1.0000 | Recall: 1.0000 | Spec: 1.0000
[2025-11-14 16:04:48,892 INFO main.train_one_fold]   Confusion: TP=3, TN=3, FP=0, FN=0
[2025-11-14 16:04:48,935 INFO main.train_one_fold] ✓ Saved best model: checkpoints_fp1_003_mdd_mqm/fold_1_best.pth (combined=0.8817, chunk=0.8817, subject=1.0000)
[2025-11-14 16:04:48,936 INFO early_stopping.__call__] Early stopping initialized: best score 0.8817 at epoch 2
[2025-11-14 16:04:58,458 INFO main.train_one_fold] TRAIN CHUNK | Fold 1 | Epoch 003/100 | Loss: 0.4828 | Acc: 0.8328 | Prec: 0.7863 | Recall: 0.8843 | Spec: 0.7871
[2025-11-14 16:05:09,647 INFO main.train_one_fold] TRAIN CHUNK | Fold 1 | Epoch 004/100 | Loss: 0.3445 | Acc: 0.8760 | Prec: 0.8131 | Recall: 0.9555 | Spec: 0.8055
[2025-11-14 16:05:11,299 INFO main.train_one_fold] EVAL CHUNK | Fold 1 | Epoch 004/100 | Loss: 0.3347 | Acc: 0.9194 | Prec: 0.9870 | Recall: 0.8444 | Spec: 0.9896
[2025-11-14 16:05:11,303 INFO main.train_one_fold]   Confusion: TP=76, TN=95, FP=1, FN=14
[2025-11-14 16:05:11,304 INFO main.train_one_fold] EVAL SUBJECT | Fold 1 | Epoch 004/100 | Loss: 0.3347 | Acc: 1.0000 | Prec: 1.0000 | Recall: 1.0000 | Spec: 1.0000
[2025-11-14 16:05:11,307 INFO main.train_one_fold]   Confusion: TP=3, TN=3, FP=0, FN=0
[2025-11-14 16:05:11,370 INFO main.train_one_fold] ✓ Saved best model: checkpoints_fp1_003_mdd_mqm/fold_1_best.pth (combined=0.9194, chunk=0.9194, subject=1.0000)
[2025-11-14 16:05:11,371 INFO early_stopping.__call__] Validation improved from 0.8817 to 0.9194 (+0.0376) at epoch 4
[2025-11-14 16:05:21,626 INFO main.train_one_fold] TRAIN CHUNK | Fold 1 | Epoch 005/100 | Loss: 0.3098 | Acc: 0.8808 | Prec: 0.8220 | Recall: 0.9525 | Spec: 0.8173
[2025-11-14 16:05:32,581 INFO main.train_one_fold] TRAIN CHUNK | Fold 1 | Epoch 006/100 | Loss: 0.2838 | Acc: 0.8899 | Prec: 0.8431 | Recall: 0.9407 | Spec: 0.8449
[2025-11-14 16:05:33,060 INFO main.train_one_fold] EVAL CHUNK | Fold 1 | Epoch 006/100 | Loss: 0.2886 | Acc: 0.9194 | Prec: 0.9870 | Recall: 0.8444 | Spec: 0.9896
[2025-11-14 16:05:33,061 INFO main.train_one_fold]   Confusion: TP=76, TN=95, FP=1, FN=14
[2025-11-14 16:05:33,061 INFO main.train_one_fold] EVAL SUBJECT | Fold 1 | Epoch 006/100 | Loss: 0.2886 | Acc: 1.0000 | Prec: 1.0000 | Recall: 1.0000 | Spec: 1.0000
[2025-11-14 16:05:33,061 INFO main.train_one_fold]   Confusion: TP=3, TN=3, FP=0, FN=0
[2025-11-14 16:05:45,474 INFO main.train_one_fold] TRAIN CHUNK | Fold 1 | Epoch 007/100 | Loss: 0.2747 | Acc: 0.8969 | Prec: 0.8525 | Recall: 0.9436 | Spec: 0.8555
[2025-11-14 16:06:00,753 INFO main.train_one_fold] TRAIN CHUNK | Fold 1 | Epoch 008/100 | Loss: 0.2695 | Acc: 0.8941 | Prec: 0.8595 | Recall: 0.9258 | Spec: 0.8660
[2025-11-14 16:06:01,216 INFO main.train_one_fold] EVAL CHUNK | Fold 1 | Epoch 008/100 | Loss: 0.2819 | Acc: 0.9194 | Prec: 0.9870 | Recall: 0.8444 | Spec: 0.9896
[2025-11-14 16:06:01,217 INFO main.train_one_fold]   Confusion: TP=76, TN=95, FP=1, FN=14
[2025-11-14 16:06:01,217 INFO main.train_one_fold] EVAL SUBJECT | Fold 1 | Epoch 008/100 | Loss: 0.2819 | Acc: 1.0000 | Prec: 1.0000 | Recall: 1.0000 | Spec: 1.0000
[2025-11-14 16:06:01,217 INFO main.train_one_fold]   Confusion: TP=3, TN=3, FP=0, FN=0
[2025-11-14 16:06:12,354 INFO main.train_one_fold] TRAIN CHUNK | Fold 1 | Epoch 009/100 | Loss: 0.2510 | Acc: 0.9045 | Prec: 0.8755 | Recall: 0.9288 | Spec: 0.8830
[2025-11-14 16:06:22,073 INFO main.train_one_fold] TRAIN CHUNK | Fold 1 | Epoch 010/100 | Loss: 0.2444 | Acc: 0.9087 | Prec: 0.8755 | Recall: 0.9392 | Spec: 0.8817
[2025-11-14 16:06:22,571 INFO main.train_one_fold] EVAL CHUNK | Fold 1 | Epoch 010/100 | Loss: 0.3211 | Acc: 0.9194 | Prec: 0.9870 | Recall: 0.8444 | Spec: 0.9896
[2025-11-14 16:06:22,571 INFO main.train_one_fold]   Confusion: TP=76, TN=95, FP=1, FN=14
[2025-11-14 16:06:22,571 INFO main.train_one_fold] EVAL SUBJECT | Fold 1 | Epoch 010/100 | Loss: 0.3211 | Acc: 1.0000 | Prec: 1.0000 | Recall: 1.0000 | Spec: 1.0000
[2025-11-14 16:06:22,571 INFO main.train_one_fold]   Confusion: TP=3, TN=3, FP=0, FN=0
[2025-11-14 16:06:22,596 INFO main.train_one_fold] Saved checkpoint: checkpoints_fp1_003_mdd_mqm/fold_1_epoch_010.pth
[2025-11-14 16:06:30,153 INFO main.train_one_fold] TRAIN CHUNK | Fold 1 | Epoch 011/100 | Loss: 0.2353 | Acc: 0.9129 | Prec: 0.8861 | Recall: 0.9347 | Spec: 0.8936
[2025-11-14 16:06:35,813 INFO main.train_one_fold] TRAIN CHUNK | Fold 1 | Epoch 012/100 | Loss: 0.2486 | Acc: 0.9094 | Prec: 0.8736 | Recall: 0.9436 | Spec: 0.8791
[2025-11-14 16:06:36,111 INFO main.train_one_fold] EVAL CHUNK | Fold 1 | Epoch 012/100 | Loss: 0.3497 | Acc: 0.9086 | Prec: 0.9867 | Recall: 0.8222 | Spec: 0.9896
[2025-11-14 16:06:36,111 INFO main.train_one_fold]   Confusion: TP=74, TN=95, FP=1, FN=16
[2025-11-14 16:06:36,111 INFO main.train_one_fold] EVAL SUBJECT | Fold 1 | Epoch 012/100 | Loss: 0.3497 | Acc: 0.8333 | Prec: 1.0000 | Recall: 0.6667 | Spec: 1.0000
[2025-11-14 16:06:36,112 INFO main.train_one_fold]   Confusion: TP=2, TN=3, FP=0, FN=1
[2025-11-14 16:06:42,866 INFO main.train_one_fold] TRAIN CHUNK | Fold 1 | Epoch 013/100 | Loss: 0.2297 | Acc: 0.9171 | Prec: 0.8892 | Recall: 0.9407 | Spec: 0.8962
[2025-11-14 16:06:48,195 INFO main.train_one_fold] TRAIN CHUNK | Fold 1 | Epoch 014/100 | Loss: 0.2268 | Acc: 0.9087 | Prec: 0.8862 | Recall: 0.9243 | Spec: 0.8949
[2025-11-14 16:06:48,450 INFO main.train_one_fold] EVAL CHUNK | Fold 1 | Epoch 014/100 | Loss: 0.2225 | Acc: 0.9194 | Prec: 0.9870 | Recall: 0.8444 | Spec: 0.9896
[2025-11-14 16:06:48,450 INFO main.train_one_fold]   Confusion: TP=76, TN=95, FP=1, FN=14
[2025-11-14 16:06:48,451 INFO main.train_one_fold] EVAL SUBJECT | Fold 1 | Epoch 014/100 | Loss: 0.2225 | Acc: 1.0000 | Prec: 1.0000 | Recall: 1.0000 | Spec: 1.0000
[2025-11-14 16:06:48,451 INFO main.train_one_fold]   Confusion: TP=3, TN=3, FP=0, FN=0
[2025-11-14 16:06:54,005 INFO main.train_one_fold] TRAIN CHUNK | Fold 1 | Epoch 015/100 | Loss: 0.2253 | Acc: 0.9171 | Prec: 0.8925 | Recall: 0.9362 | Spec: 0.9001
[2025-11-14 16:07:00,073 INFO main.train_one_fold] TRAIN CHUNK | Fold 1 | Epoch 016/100 | Loss: 0.2226 | Acc: 0.9199 | Prec: 0.8965 | Recall: 0.9377 | Spec: 0.9041
[2025-11-14 16:07:00,359 INFO main.train_one_fold] EVAL CHUNK | Fold 1 | Epoch 016/100 | Loss: 0.2817 | Acc: 0.8978 | Prec: 0.9863 | Recall: 0.8000 | Spec: 0.9896
[2025-11-14 16:07:00,359 INFO main.train_one_fold]   Confusion: TP=72, TN=95, FP=1, FN=18
[2025-11-14 16:07:00,360 INFO main.train_one_fold] EVAL SUBJECT | Fold 1 | Epoch 016/100 | Loss: 0.2817 | Acc: 0.8333 | Prec: 1.0000 | Recall: 0.6667 | Spec: 1.0000
[2025-11-14 16:07:00,360 INFO main.train_one_fold]   Confusion: TP=2, TN=3, FP=0, FN=1
[2025-11-14 16:07:09,619 INFO main.train_one_fold] TRAIN CHUNK | Fold 1 | Epoch 017/100 | Loss: 0.2081 | Acc: 0.9233 | Prec: 0.9123 | Recall: 0.9258 | Spec: 0.9212
[2025-11-14 16:07:21,294 INFO main.train_one_fold] TRAIN CHUNK | Fold 1 | Epoch 018/100 | Loss: 0.2113 | Acc: 0.9164 | Prec: 0.8991 | Recall: 0.9258 | Spec: 0.9080
[2025-11-14 16:07:21,719 INFO main.train_one_fold] EVAL CHUNK | Fold 1 | Epoch 018/100 | Loss: 0.2116 | Acc: 0.9247 | Prec: 1.0000 | Recall: 0.8444 | Spec: 1.0000
[2025-11-14 16:07:21,720 INFO main.train_one_fold]   Confusion: TP=76, TN=96, FP=0, FN=14
[2025-11-14 16:07:21,720 INFO main.train_one_fold] EVAL SUBJECT | Fold 1 | Epoch 018/100 | Loss: 0.2116 | Acc: 1.0000 | Prec: 1.0000 | Recall: 1.0000 | Spec: 1.0000
[2025-11-14 16:07:21,720 INFO main.train_one_fold]   Confusion: TP=3, TN=3, FP=0, FN=0
[2025-11-14 16:07:21,769 INFO main.train_one_fold] ✓ Saved best model: checkpoints_fp1_003_mdd_mqm/fold_1_best.pth (combined=0.9247, chunk=0.9247, subject=1.0000)
[2025-11-14 16:07:21,770 INFO early_stopping.__call__] Validation improved from 0.9194 to 0.9247 (+0.0054) at epoch 18
[2025-11-14 16:07:36,129 INFO main.train_one_fold] TRAIN CHUNK | Fold 1 | Epoch 019/100 | Loss: 0.2089 | Acc: 0.9220 | Prec: 0.9061 | Recall: 0.9303 | Spec: 0.9146
[2025-11-14 16:07:46,222 INFO main.train_one_fold] TRAIN CHUNK | Fold 1 | Epoch 020/100 | Loss: 0.2444 | Acc: 0.9150 | Prec: 0.8791 | Recall: 0.9496 | Spec: 0.8844
[2025-11-14 16:07:46,845 INFO main.train_one_fold] EVAL CHUNK | Fold 1 | Epoch 020/100 | Loss: 0.3562 | Acc: 0.8871 | Prec: 1.0000 | Recall: 0.7667 | Spec: 1.0000
[2025-11-14 16:07:46,846 INFO main.train_one_fold]   Confusion: TP=69, TN=96, FP=0, FN=21
[2025-11-14 16:07:46,846 INFO main.train_one_fold] EVAL SUBJECT | Fold 1 | Epoch 020/100 | Loss: 0.3562 | Acc: 0.8333 | Prec: 1.0000 | Recall: 0.6667 | Spec: 1.0000
[2025-11-14 16:07:46,847 INFO main.train_one_fold]   Confusion: TP=2, TN=3, FP=0, FN=1
[2025-11-14 16:07:46,956 INFO main.train_one_fold] Saved checkpoint: checkpoints_fp1_003_mdd_mqm/fold_1_epoch_020.pth
[2025-11-14 16:07:58,956 INFO main.train_one_fold] TRAIN CHUNK | Fold 1 | Epoch 021/100 | Loss: 0.2025 | Acc: 0.9268 | Prec: 0.9129 | Recall: 0.9332 | Spec: 0.9212
[2025-11-14 16:08:11,851 INFO main.train_one_fold] TRAIN CHUNK | Fold 1 | Epoch 022/100 | Loss: 0.1999 | Acc: 0.9317 | Prec: 0.9091 | Recall: 0.9496 | Spec: 0.9159
[2025-11-14 16:08:12,299 INFO main.train_one_fold] EVAL CHUNK | Fold 1 | Epoch 022/100 | Loss: 0.3274 | Acc: 0.9086 | Prec: 0.9867 | Recall: 0.8222 | Spec: 0.9896
[2025-11-14 16:08:12,299 INFO main.train_one_fold]   Confusion: TP=74, TN=95, FP=1, FN=16
[2025-11-14 16:08:12,299 INFO main.train_one_fold] EVAL SUBJECT | Fold 1 | Epoch 022/100 | Loss: 0.3274 | Acc: 0.8333 | Prec: 1.0000 | Recall: 0.6667 | Spec: 1.0000
[2025-11-14 16:08:12,299 INFO main.train_one_fold]   Confusion: TP=2, TN=3, FP=0, FN=1
[2025-11-14 16:08:20,729 INFO main.train_one_fold] TRAIN CHUNK | Fold 1 | Epoch 023/100 | Loss: 0.1943 | Acc: 0.9275 | Prec: 0.9142 | Recall: 0.9332 | Spec: 0.9225
[2025-11-14 16:08:29,638 INFO main.train_one_fold] TRAIN CHUNK | Fold 1 | Epoch 024/100 | Loss: 0.1912 | Acc: 0.9268 | Prec: 0.9070 | Recall: 0.9407 | Spec: 0.9146
[2025-11-14 16:08:30,125 INFO main.train_one_fold] EVAL CHUNK | Fold 1 | Epoch 024/100 | Loss: 0.2736 | Acc: 0.9086 | Prec: 0.9867 | Recall: 0.8222 | Spec: 0.9896
[2025-11-14 16:08:30,125 INFO main.train_one_fold]   Confusion: TP=74, TN=95, FP=1, FN=16
[2025-11-14 16:08:30,125 INFO main.train_one_fold] EVAL SUBJECT | Fold 1 | Epoch 024/100 | Loss: 0.2736 | Acc: 0.8333 | Prec: 1.0000 | Recall: 0.6667 | Spec: 1.0000
[2025-11-14 16:08:30,126 INFO main.train_one_fold]   Confusion: TP=2, TN=3, FP=0, FN=1
[2025-11-14 16:08:39,081 INFO main.train_one_fold] TRAIN CHUNK | Fold 1 | Epoch 025/100 | Loss: 0.1792 | Acc: 0.9345 | Prec: 0.9179 | Recall: 0.9451 | Spec: 0.9251
[2025-11-14 16:08:46,777 INFO main.train_one_fold] TRAIN CHUNK | Fold 1 | Epoch 026/100 | Loss: 0.1895 | Acc: 0.9185 | Prec: 0.9042 | Recall: 0.9243 | Spec: 0.9133
[2025-11-14 16:08:47,153 INFO main.train_one_fold] EVAL CHUNK | Fold 1 | Epoch 026/100 | Loss: 0.2913 | Acc: 0.8925 | Prec: 0.9861 | Recall: 0.7889 | Spec: 0.9896
[2025-11-14 16:08:47,153 INFO main.train_one_fold]   Confusion: TP=71, TN=95, FP=1, FN=19
[2025-11-14 16:08:47,154 INFO main.train_one_fold] EVAL SUBJECT | Fold 1 | Epoch 026/100 | Loss: 0.2913 | Acc: 0.8333 | Prec: 1.0000 | Recall: 0.6667 | Spec: 1.0000
[2025-11-14 16:08:47,154 INFO main.train_one_fold]   Confusion: TP=2, TN=3, FP=0, FN=1
[2025-11-14 16:08:55,700 INFO main.train_one_fold] TRAIN CHUNK | Fold 1 | Epoch 027/100 | Loss: 0.1798 | Acc: 0.9317 | Prec: 0.9162 | Recall: 0.9407 | Spec: 0.9238
[2025-11-14 16:09:03,465 INFO main.train_one_fold] TRAIN CHUNK | Fold 1 | Epoch 028/100 | Loss: 0.1871 | Acc: 0.9268 | Prec: 0.9117 | Recall: 0.9347 | Spec: 0.9198
[2025-11-14 16:09:03,897 INFO main.train_one_fold] EVAL CHUNK | Fold 1 | Epoch 028/100 | Loss: 0.3179 | Acc: 0.8978 | Prec: 1.0000 | Recall: 0.7889 | Spec: 1.0000
[2025-11-14 16:09:03,897 INFO main.train_one_fold]   Confusion: TP=71, TN=96, FP=0, FN=19
[2025-11-14 16:09:03,897 INFO main.train_one_fold] EVAL SUBJECT | Fold 1 | Epoch 028/100 | Loss: 0.3179 | Acc: 0.8333 | Prec: 1.0000 | Recall: 0.6667 | Spec: 1.0000
[2025-11-14 16:09:03,898 INFO main.train_one_fold]   Confusion: TP=2, TN=3, FP=0, FN=1
[2025-11-14 16:09:12,895 INFO main.train_one_fold] TRAIN CHUNK | Fold 1 | Epoch 029/100 | Loss: 0.1838 | Acc: 0.9261 | Prec: 0.9140 | Recall: 0.9303 | Spec: 0.9225
[2025-11-14 16:09:20,499 INFO main.train_one_fold] TRAIN CHUNK | Fold 1 | Epoch 030/100 | Loss: 0.1650 | Acc: 0.9380 | Prec: 0.9245 | Recall: 0.9451 | Spec: 0.9317
[2025-11-14 16:09:20,897 INFO main.train_one_fold] EVAL CHUNK | Fold 1 | Epoch 030/100 | Loss: 0.3293 | Acc: 0.8925 | Prec: 0.9861 | Recall: 0.7889 | Spec: 0.9896
[2025-11-14 16:09:20,898 INFO main.train_one_fold]   Confusion: TP=71, TN=95, FP=1, FN=19
[2025-11-14 16:09:20,898 INFO main.train_one_fold] EVAL SUBJECT | Fold 1 | Epoch 030/100 | Loss: 0.3293 | Acc: 0.8333 | Prec: 1.0000 | Recall: 0.6667 | Spec: 1.0000
[2025-11-14 16:09:20,898 INFO main.train_one_fold]   Confusion: TP=2, TN=3, FP=0, FN=1
[2025-11-14 16:09:20,927 INFO main.train_one_fold] Saved checkpoint: checkpoints_fp1_003_mdd_mqm/fold_1_epoch_030.pth
[2025-11-14 16:09:30,038 INFO main.train_one_fold] TRAIN CHUNK | Fold 1 | Epoch 031/100 | Loss: 0.1909 | Acc: 0.9233 | Prec: 0.9135 | Recall: 0.9243 | Spec: 0.9225
[2025-11-14 16:09:39,789 INFO main.train_one_fold] TRAIN CHUNK | Fold 1 | Epoch 032/100 | Loss: 0.1926 | Acc: 0.9233 | Prec: 0.8994 | Recall: 0.9421 | Spec: 0.9067
[2025-11-14 16:09:40,400 INFO main.train_one_fold] EVAL CHUNK | Fold 1 | Epoch 032/100 | Loss: 0.3026 | Acc: 0.8871 | Prec: 0.9859 | Recall: 0.7778 | Spec: 0.9896
[2025-11-14 16:09:40,400 INFO main.train_one_fold]   Confusion: TP=70, TN=95, FP=1, FN=20
[2025-11-14 16:09:40,401 INFO main.train_one_fold] EVAL SUBJECT | Fold 1 | Epoch 032/100 | Loss: 0.3026 | Acc: 0.8333 | Prec: 1.0000 | Recall: 0.6667 | Spec: 1.0000
[2025-11-14 16:09:40,401 INFO main.train_one_fold]   Confusion: TP=2, TN=3, FP=0, FN=1
[2025-11-14 16:09:48,359 INFO main.train_one_fold] TRAIN CHUNK | Fold 1 | Epoch 033/100 | Loss: 0.1665 | Acc: 0.9310 | Prec: 0.9173 | Recall: 0.9377 | Spec: 0.9251
[2025-11-14 16:09:56,780 INFO main.train_one_fold] TRAIN CHUNK | Fold 1 | Epoch 034/100 | Loss: 0.1671 | Acc: 0.9352 | Prec: 0.9204 | Recall: 0.9436 | Spec: 0.9277
[2025-11-14 16:09:57,184 INFO main.train_one_fold] EVAL CHUNK | Fold 1 | Epoch 034/100 | Loss: 0.3041 | Acc: 0.8978 | Prec: 0.9863 | Recall: 0.8000 | Spec: 0.9896
[2025-11-14 16:09:57,184 INFO main.train_one_fold]   Confusion: TP=72, TN=95, FP=1, FN=18
[2025-11-14 16:09:57,184 INFO main.train_one_fold] EVAL SUBJECT | Fold 1 | Epoch 034/100 | Loss: 0.3041 | Acc: 0.8333 | Prec: 1.0000 | Recall: 0.6667 | Spec: 1.0000
[2025-11-14 16:09:57,185 INFO main.train_one_fold]   Confusion: TP=2, TN=3, FP=0, FN=1
[2025-11-14 16:10:05,097 INFO main.train_one_fold] TRAIN CHUNK | Fold 1 | Epoch 035/100 | Loss: 0.1632 | Acc: 0.9345 | Prec: 0.9252 | Recall: 0.9362 | Spec: 0.9330
[2025-11-14 16:10:13,730 INFO main.train_one_fold] TRAIN CHUNK | Fold 1 | Epoch 036/100 | Loss: 0.1661 | Acc: 0.9338 | Prec: 0.9226 | Recall: 0.9377 | Spec: 0.9304
[2025-11-14 16:10:14,109 INFO main.train_one_fold] EVAL CHUNK | Fold 1 | Epoch 036/100 | Loss: 0.3675 | Acc: 0.8817 | Prec: 1.0000 | Recall: 0.7556 | Spec: 1.0000
[2025-11-14 16:10:14,110 INFO main.train_one_fold]   Confusion: TP=68, TN=96, FP=0, FN=22
[2025-11-14 16:10:14,110 INFO main.train_one_fold] EVAL SUBJECT | Fold 1 | Epoch 036/100 | Loss: 0.3675 | Acc: 0.8333 | Prec: 1.0000 | Recall: 0.6667 | Spec: 1.0000
[2025-11-14 16:10:14,110 INFO main.train_one_fold]   Confusion: TP=2, TN=3, FP=0, FN=1
[2025-11-14 16:10:21,983 INFO main.train_one_fold] TRAIN CHUNK | Fold 1 | Epoch 037/100 | Loss: 0.1676 | Acc: 0.9359 | Prec: 0.9292 | Recall: 0.9347 | Spec: 0.9369
[2025-11-14 16:10:30,443 INFO main.train_one_fold] TRAIN CHUNK | Fold 1 | Epoch 038/100 | Loss: 0.1538 | Acc: 0.9429 | Prec: 0.9253 | Recall: 0.9555 | Spec: 0.9317
[2025-11-14 16:10:30,857 INFO main.train_one_fold] EVAL CHUNK | Fold 1 | Epoch 038/100 | Loss: 0.2758 | Acc: 0.9086 | Prec: 0.9867 | Recall: 0.8222 | Spec: 0.9896
[2025-11-14 16:10:30,857 INFO main.train_one_fold]   Confusion: TP=74, TN=95, FP=1, FN=16
[2025-11-14 16:10:30,858 INFO main.train_one_fold] EVAL SUBJECT | Fold 1 | Epoch 038/100 | Loss: 0.2758 | Acc: 0.8333 | Prec: 1.0000 | Recall: 0.6667 | Spec: 1.0000
[2025-11-14 16:10:30,858 INFO main.train_one_fold]   Confusion: TP=2, TN=3, FP=0, FN=1
[2025-11-14 16:10:30,858 INFO early_stopping.__call__] Early stopping triggered after 20 epochs without improvement. Best score: 0.9247 at epoch 18
[2025-11-14 16:10:30,858 INFO main.train_one_fold] Early stopping triggered at epoch 38
[2025-11-14 16:10:30,858 INFO main.train_one_fold] 
Fold 1 training completed. Best Combined Val Acc: 0.9247 at epoch 18
[2025-11-14 16:10:30,858 INFO main.train_cross_validation] ================================================================================
[2025-11-14 16:10:30,859 INFO main.train_cross_validation] FOLD 2/10
[2025-11-14 16:10:30,859 INFO main.train_cross_validation] ================================================================================
[2025-11-14 16:10:30,859 INFO main.get_datasets_for_fold] Train subjects (48): ['mdd:H S2', 'mdd:H S7', 'mdd:H S19', 'mdd:MDD S31', 'mdd:MDD S22', 'mdd:MDD S19', 'mdd:H S27', 'mdd:H S4', 'mdd:H S21', 'mdd:MDD S3', 'mdd:MDD S1', 'mdd:MDD S14', 'mdd:H S23', 'mdd:H S25', 'mdd:H S10', 'mdd:MDD S10', 'mdd:MDD S26', 'mdd:MDD S20', 'mdd:H S14', 'mdd:H S15', 'mdd:H S11', 'mdd:MDD S33', 'mdd:MDD S18', 'mdd:MDD S5', 'mdd:H S26', 'mdd:H S5', 'mdd:H S13', 'mdd:MDD S15', 'mdd:MDD S13', 'mdd:MDD S9', 'mdd:H S8', 'mdd:H S6', 'mdd:H S28', 'mdd:MDD S30', 'mdd:MDD S32', 'mdd:H S9', 'mdd:H S3', 'mdd:H S17', 'mdd:MDD S27', 'mdd:MDD S28', 'mdd:H S20', 'mdd:H S24', 'mdd:MDD S21', 'mdd:MDD S29', 'mdd:H S29', 'mdd:H S16', 'mdd:MDD S6', 'mdd:MDD S23']...
[2025-11-14 16:10:30,860 INFO main.get_datasets_for_fold] Val subjects (6): ['mdd:H S30', 'mdd:H S1', 'mdd:H S22', 'mdd:MDD S25', 'mdd:MDD S34', 'mdd:MDD S17']
[2025-11-14 16:10:30,861 INFO main.get_datasets_for_fold] Training chunks: 1441
[2025-11-14 16:10:30,861 INFO main.get_datasets_for_fold] Validation chunks: 180
[2025-11-14 16:10:30,879 INFO model.__init__] Initialized LSTM with input_size=1728, hidden_size=100, batch_first=True
[2025-11-14 16:10:30,882 INFO main.train_one_fold] Starting training for fold 2
[2025-11-14 16:10:39,272 INFO main.train_one_fold] TRAIN CHUNK | Fold 2 | Epoch 001/100 | Loss: 0.6910 | Acc: 0.5323 | Prec: 0.0000 | Recall: 0.0000 | Spec: 1.0000
[2025-11-14 16:10:47,350 INFO main.train_one_fold] TRAIN CHUNK | Fold 2 | Epoch 002/100 | Loss: 0.6574 | Acc: 0.6704 | Prec: 0.8592 | Recall: 0.3531 | Spec: 0.9492
[2025-11-14 16:10:47,764 INFO main.train_one_fold] EVAL CHUNK | Fold 2 | Epoch 002/100 | Loss: 0.6318 | Acc: 0.7056 | Prec: 0.6294 | Recall: 1.0000 | Spec: 0.4111
[2025-11-14 16:10:47,767 INFO main.train_one_fold]   Confusion: TP=90, TN=37, FP=53, FN=0
[2025-11-14 16:10:47,767 INFO main.train_one_fold] EVAL SUBJECT | Fold 2 | Epoch 002/100 | Loss: 0.6318 | Acc: 0.8333 | Prec: 0.7500 | Recall: 1.0000 | Spec: 0.6667
[2025-11-14 16:10:47,767 INFO main.train_one_fold]   Confusion: TP=3, TN=2, FP=1, FN=0
[2025-11-14 16:10:47,789 INFO main.train_one_fold] ✓ Saved best model: checkpoints_fp1_003_mdd_mqm/fold_2_best.pth (combined=0.5880, chunk=0.7056, subject=0.8333)
[2025-11-14 16:10:47,792 INFO early_stopping.__call__] Early stopping initialized: best score 0.5880 at epoch 2
[2025-11-14 16:10:57,545 INFO main.train_one_fold] TRAIN CHUNK | Fold 2 | Epoch 003/100 | Loss: 0.5027 | Acc: 0.8223 | Prec: 0.7652 | Recall: 0.8947 | Spec: 0.7588
[2025-11-14 16:11:07,565 INFO main.train_one_fold] TRAIN CHUNK | Fold 2 | Epoch 004/100 | Loss: 0.3530 | Acc: 0.8855 | Prec: 0.8336 | Recall: 0.9436 | Spec: 0.8344
[2025-11-14 16:11:08,069 INFO main.train_one_fold] EVAL CHUNK | Fold 2 | Epoch 004/100 | Loss: 0.3991 | Acc: 0.8333 | Prec: 0.7500 | Recall: 1.0000 | Spec: 0.6667
[2025-11-14 16:11:08,071 INFO main.train_one_fold]   Confusion: TP=90, TN=60, FP=30, FN=0
[2025-11-14 16:11:08,071 INFO main.train_one_fold] EVAL SUBJECT | Fold 2 | Epoch 004/100 | Loss: 0.3991 | Acc: 0.8333 | Prec: 0.7500 | Recall: 1.0000 | Spec: 0.6667
[2025-11-14 16:11:08,071 INFO main.train_one_fold]   Confusion: TP=3, TN=2, FP=1, FN=0
[2025-11-14 16:11:08,111 INFO main.train_one_fold] ✓ Saved best model: checkpoints_fp1_003_mdd_mqm/fold_2_best.pth (combined=0.6944, chunk=0.8333, subject=0.8333)
[2025-11-14 16:11:08,112 INFO early_stopping.__call__] Validation improved from 0.5880 to 0.6944 (+0.1065) at epoch 4
[2025-11-14 16:11:13,956 INFO main.train_one_fold] TRAIN CHUNK | Fold 2 | Epoch 005/100 | Loss: 0.3058 | Acc: 0.8938 | Prec: 0.8469 | Recall: 0.9436 | Spec: 0.8501
[2025-11-14 16:11:19,174 INFO main.train_one_fold] TRAIN CHUNK | Fold 2 | Epoch 006/100 | Loss: 0.2818 | Acc: 0.8952 | Prec: 0.8520 | Recall: 0.9392 | Spec: 0.8566
[2025-11-14 16:11:19,435 INFO main.train_one_fold] EVAL CHUNK | Fold 2 | Epoch 006/100 | Loss: 0.4282 | Acc: 0.8278 | Prec: 0.7438 | Recall: 1.0000 | Spec: 0.6556
[2025-11-14 16:11:19,436 INFO main.train_one_fold]   Confusion: TP=90, TN=59, FP=31, FN=0
[2025-11-14 16:11:19,436 INFO main.train_one_fold] EVAL SUBJECT | Fold 2 | Epoch 006/100 | Loss: 0.4282 | Acc: 0.8333 | Prec: 0.7500 | Recall: 1.0000 | Spec: 0.6667
[2025-11-14 16:11:19,436 INFO main.train_one_fold]   Confusion: TP=3, TN=2, FP=1, FN=0
[2025-11-14 16:11:26,137 INFO main.train_one_fold] TRAIN CHUNK | Fold 2 | Epoch 007/100 | Loss: 0.3118 | Acc: 0.8827 | Prec: 0.8371 | Recall: 0.9303 | Spec: 0.8409
[2025-11-14 16:11:31,927 INFO main.train_one_fold] TRAIN CHUNK | Fold 2 | Epoch 008/100 | Loss: 0.2776 | Acc: 0.8952 | Prec: 0.8529 | Recall: 0.9377 | Spec: 0.8579
[2025-11-14 16:11:32,201 INFO main.train_one_fold] EVAL CHUNK | Fold 2 | Epoch 008/100 | Loss: 0.2573 | Acc: 0.9167 | Prec: 0.9213 | Recall: 0.9111 | Spec: 0.9222
[2025-11-14 16:11:32,201 INFO main.train_one_fold]   Confusion: TP=82, TN=83, FP=7, FN=8
[2025-11-14 16:11:32,201 INFO main.train_one_fold] EVAL SUBJECT | Fold 2 | Epoch 008/100 | Loss: 0.2573 | Acc: 1.0000 | Prec: 1.0000 | Recall: 1.0000 | Spec: 1.0000
[2025-11-14 16:11:32,201 INFO main.train_one_fold]   Confusion: TP=3, TN=3, FP=0, FN=0
[2025-11-14 16:11:32,233 INFO main.train_one_fold] ✓ Saved best model: checkpoints_fp1_003_mdd_mqm/fold_2_best.pth (combined=0.9167, chunk=0.9167, subject=1.0000)
[2025-11-14 16:11:32,234 INFO early_stopping.__call__] Validation improved from 0.6944 to 0.9167 (+0.2222) at epoch 8
[2025-11-14 16:11:42,061 INFO main.train_one_fold] TRAIN CHUNK | Fold 2 | Epoch 009/100 | Loss: 0.2708 | Acc: 0.8987 | Prec: 0.8697 | Recall: 0.9214 | Spec: 0.8787
[2025-11-14 16:11:51,244 INFO main.train_one_fold] TRAIN CHUNK | Fold 2 | Epoch 010/100 | Loss: 0.2509 | Acc: 0.9035 | Prec: 0.8805 | Recall: 0.9184 | Spec: 0.8905
[2025-11-14 16:11:51,831 INFO main.train_one_fold] EVAL CHUNK | Fold 2 | Epoch 010/100 | Loss: 0.3785 | Acc: 0.8444 | Prec: 0.7627 | Recall: 1.0000 | Spec: 0.6889
[2025-11-14 16:11:51,838 INFO main.train_one_fold]   Confusion: TP=90, TN=62, FP=28, FN=0
[2025-11-14 16:11:51,844 INFO main.train_one_fold] EVAL SUBJECT | Fold 2 | Epoch 010/100 | Loss: 0.3785 | Acc: 0.8333 | Prec: 0.7500 | Recall: 1.0000 | Spec: 0.6667
[2025-11-14 16:11:51,858 INFO main.train_one_fold]   Confusion: TP=3, TN=2, FP=1, FN=0
[2025-11-14 16:11:51,909 INFO main.train_one_fold] Saved checkpoint: checkpoints_fp1_003_mdd_mqm/fold_2_epoch_010.pth
[2025-11-14 16:12:02,207 INFO main.train_one_fold] TRAIN CHUNK | Fold 2 | Epoch 011/100 | Loss: 0.2532 | Acc: 0.9028 | Prec: 0.8708 | Recall: 0.9303 | Spec: 0.8787
[2025-11-14 16:12:12,887 INFO main.train_one_fold] TRAIN CHUNK | Fold 2 | Epoch 012/100 | Loss: 0.2432 | Acc: 0.9015 | Prec: 0.8866 | Recall: 0.9050 | Spec: 0.8983
[2025-11-14 16:12:13,362 INFO main.train_one_fold] EVAL CHUNK | Fold 2 | Epoch 012/100 | Loss: 0.3012 | Acc: 0.8611 | Prec: 0.7826 | Recall: 1.0000 | Spec: 0.7222
[2025-11-14 16:12:13,362 INFO main.train_one_fold]   Confusion: TP=90, TN=65, FP=25, FN=0
[2025-11-14 16:12:13,363 INFO main.train_one_fold] EVAL SUBJECT | Fold 2 | Epoch 012/100 | Loss: 0.3012 | Acc: 0.8333 | Prec: 0.7500 | Recall: 1.0000 | Spec: 0.6667
[2025-11-14 16:12:13,363 INFO main.train_one_fold]   Confusion: TP=3, TN=2, FP=1, FN=0
[2025-11-14 16:12:23,794 INFO main.train_one_fold] TRAIN CHUNK | Fold 2 | Epoch 013/100 | Loss: 0.2425 | Acc: 0.9063 | Prec: 0.8667 | Recall: 0.9451 | Spec: 0.8722
[2025-11-14 16:12:33,239 INFO main.train_one_fold] TRAIN CHUNK | Fold 2 | Epoch 014/100 | Loss: 0.2236 | Acc: 0.9146 | Prec: 0.8964 | Recall: 0.9243 | Spec: 0.9061
[2025-11-14 16:12:33,694 INFO main.train_one_fold] EVAL CHUNK | Fold 2 | Epoch 014/100 | Loss: 0.1928 | Acc: 0.9278 | Prec: 0.9326 | Recall: 0.9222 | Spec: 0.9333
[2025-11-14 16:12:33,695 INFO main.train_one_fold]   Confusion: TP=83, TN=84, FP=6, FN=7
[2025-11-14 16:12:33,695 INFO main.train_one_fold] EVAL SUBJECT | Fold 2 | Epoch 014/100 | Loss: 0.1928 | Acc: 1.0000 | Prec: 1.0000 | Recall: 1.0000 | Spec: 1.0000
[2025-11-14 16:12:33,695 INFO main.train_one_fold]   Confusion: TP=3, TN=3, FP=0, FN=0
[2025-11-14 16:12:33,741 INFO main.train_one_fold] ✓ Saved best model: checkpoints_fp1_003_mdd_mqm/fold_2_best.pth (combined=0.9278, chunk=0.9278, subject=1.0000)
[2025-11-14 16:12:33,742 INFO early_stopping.__call__] Validation improved from 0.9167 to 0.9278 (+0.0111) at epoch 14
[2025-11-14 16:12:44,223 INFO main.train_one_fold] TRAIN CHUNK | Fold 2 | Epoch 015/100 | Loss: 0.2286 | Acc: 0.9070 | Prec: 0.8868 | Recall: 0.9184 | Spec: 0.8970
[2025-11-14 16:12:54,067 INFO main.train_one_fold] TRAIN CHUNK | Fold 2 | Epoch 016/100 | Loss: 0.2699 | Acc: 0.8987 | Prec: 0.8529 | Recall: 0.9466 | Spec: 0.8566
[2025-11-14 16:12:54,520 INFO main.train_one_fold] EVAL CHUNK | Fold 2 | Epoch 016/100 | Loss: 0.2017 | Acc: 0.9389 | Prec: 0.8911 | Recall: 1.0000 | Spec: 0.8778
[2025-11-14 16:12:54,521 INFO main.train_one_fold]   Confusion: TP=90, TN=79, FP=11, FN=0
[2025-11-14 16:12:54,521 INFO main.train_one_fold] EVAL SUBJECT | Fold 2 | Epoch 016/100 | Loss: 0.2017 | Acc: 1.0000 | Prec: 1.0000 | Recall: 1.0000 | Spec: 1.0000
[2025-11-14 16:12:54,521 INFO main.train_one_fold]   Confusion: TP=3, TN=3, FP=0, FN=0
[2025-11-14 16:12:54,570 INFO main.train_one_fold] ✓ Saved best model: checkpoints_fp1_003_mdd_mqm/fold_2_best.pth (combined=0.9389, chunk=0.9389, subject=1.0000)
[2025-11-14 16:12:54,570 INFO early_stopping.__call__] Validation improved from 0.9278 to 0.9389 (+0.0111) at epoch 16
[2025-11-14 16:13:05,006 INFO main.train_one_fold] TRAIN CHUNK | Fold 2 | Epoch 017/100 | Loss: 0.2363 | Acc: 0.9112 | Prec: 0.8760 | Recall: 0.9436 | Spec: 0.8827
[2025-11-14 16:13:16,195 INFO main.train_one_fold] TRAIN CHUNK | Fold 2 | Epoch 018/100 | Loss: 0.2163 | Acc: 0.9153 | Prec: 0.8898 | Recall: 0.9347 | Spec: 0.8983
[2025-11-14 16:13:16,648 INFO main.train_one_fold] EVAL CHUNK | Fold 2 | Epoch 018/100 | Loss: 0.2379 | Acc: 0.9056 | Prec: 0.8544 | Recall: 0.9778 | Spec: 0.8333
[2025-11-14 16:13:16,648 INFO main.train_one_fold]   Confusion: TP=88, TN=75, FP=15, FN=2
[2025-11-14 16:13:16,648 INFO main.train_one_fold] EVAL SUBJECT | Fold 2 | Epoch 018/100 | Loss: 0.2379 | Acc: 1.0000 | Prec: 1.0000 | Recall: 1.0000 | Spec: 1.0000
[2025-11-14 16:13:16,648 INFO main.train_one_fold]   Confusion: TP=3, TN=3, FP=0, FN=0
[2025-11-14 16:13:26,903 INFO main.train_one_fold] TRAIN CHUNK | Fold 2 | Epoch 019/100 | Loss: 0.2188 | Acc: 0.9146 | Prec: 0.8832 | Recall: 0.9421 | Spec: 0.8905
[2025-11-14 16:13:37,398 INFO main.train_one_fold] TRAIN CHUNK | Fold 2 | Epoch 020/100 | Loss: 0.2566 | Acc: 0.9070 | Prec: 0.8689 | Recall: 0.9436 | Spec: 0.8748
[2025-11-14 16:13:38,064 INFO main.train_one_fold] EVAL CHUNK | Fold 2 | Epoch 020/100 | Loss: 0.1888 | Acc: 0.9500 | Prec: 0.9355 | Recall: 0.9667 | Spec: 0.9333
[2025-11-14 16:13:38,065 INFO main.train_one_fold]   Confusion: TP=87, TN=84, FP=6, FN=3
[2025-11-14 16:13:38,065 INFO main.train_one_fold] EVAL SUBJECT | Fold 2 | Epoch 020/100 | Loss: 0.1888 | Acc: 1.0000 | Prec: 1.0000 | Recall: 1.0000 | Spec: 1.0000
[2025-11-14 16:13:38,065 INFO main.train_one_fold]   Confusion: TP=3, TN=3, FP=0, FN=0
[2025-11-14 16:13:38,125 INFO main.train_one_fold] ✓ Saved best model: checkpoints_fp1_003_mdd_mqm/fold_2_best.pth (combined=0.9500, chunk=0.9500, subject=1.0000)
[2025-11-14 16:13:38,126 INFO early_stopping.__call__] Validation improved from 0.9389 to 0.9500 (+0.0111) at epoch 20
[2025-11-14 16:13:38,167 INFO main.train_one_fold] Saved checkpoint: checkpoints_fp1_003_mdd_mqm/fold_2_epoch_020.pth
[2025-11-14 16:13:47,523 INFO main.train_one_fold] TRAIN CHUNK | Fold 2 | Epoch 021/100 | Loss: 0.2097 | Acc: 0.9195 | Prec: 0.8952 | Recall: 0.9377 | Spec: 0.9035
[2025-11-14 16:13:57,727 INFO main.train_one_fold] TRAIN CHUNK | Fold 2 | Epoch 022/100 | Loss: 0.2047 | Acc: 0.9174 | Prec: 0.8981 | Recall: 0.9288 | Spec: 0.9074
[2025-11-14 16:13:58,126 INFO main.train_one_fold] EVAL CHUNK | Fold 2 | Epoch 022/100 | Loss: 0.2132 | Acc: 0.8889 | Prec: 0.9268 | Recall: 0.8444 | Spec: 0.9333
[2025-11-14 16:13:58,126 INFO main.train_one_fold]   Confusion: TP=76, TN=84, FP=6, FN=14
[2025-11-14 16:13:58,126 INFO main.train_one_fold] EVAL SUBJECT | Fold 2 | Epoch 022/100 | Loss: 0.2132 | Acc: 1.0000 | Prec: 1.0000 | Recall: 1.0000 | Spec: 1.0000
[2025-11-14 16:13:58,126 INFO main.train_one_fold]   Confusion: TP=3, TN=3, FP=0, FN=0
[2025-11-14 16:14:07,990 INFO main.train_one_fold] TRAIN CHUNK | Fold 2 | Epoch 023/100 | Loss: 0.2142 | Acc: 0.9133 | Prec: 0.8984 | Recall: 0.9184 | Spec: 0.9087
[2025-11-14 16:14:16,928 INFO main.train_one_fold] TRAIN CHUNK | Fold 2 | Epoch 024/100 | Loss: 0.2046 | Acc: 0.9202 | Prec: 0.8999 | Recall: 0.9332 | Spec: 0.9087
[2025-11-14 16:14:17,329 INFO main.train_one_fold] EVAL CHUNK | Fold 2 | Epoch 024/100 | Loss: 0.1931 | Acc: 0.8889 | Prec: 0.9268 | Recall: 0.8444 | Spec: 0.9333
[2025-11-14 16:14:17,329 INFO main.train_one_fold]   Confusion: TP=76, TN=84, FP=6, FN=14
[2025-11-14 16:14:17,330 INFO main.train_one_fold] EVAL SUBJECT | Fold 2 | Epoch 024/100 | Loss: 0.1931 | Acc: 1.0000 | Prec: 1.0000 | Recall: 1.0000 | Spec: 1.0000
[2025-11-14 16:14:17,330 INFO main.train_one_fold]   Confusion: TP=3, TN=3, FP=0, FN=0
[2025-11-14 16:14:25,610 INFO main.train_one_fold] TRAIN CHUNK | Fold 2 | Epoch 025/100 | Loss: 0.2030 | Acc: 0.9209 | Prec: 0.9046 | Recall: 0.9288 | Spec: 0.9140
[2025-11-14 16:14:34,070 INFO main.train_one_fold] TRAIN CHUNK | Fold 2 | Epoch 026/100 | Loss: 0.2016 | Acc: 0.9153 | Prec: 0.8954 | Recall: 0.9273 | Spec: 0.9048
[2025-11-14 16:14:34,450 INFO main.train_one_fold] EVAL CHUNK | Fold 2 | Epoch 026/100 | Loss: 0.1965 | Acc: 0.9222 | Prec: 0.9043 | Recall: 0.9444 | Spec: 0.9000
[2025-11-14 16:14:34,450 INFO main.train_one_fold]   Confusion: TP=85, TN=81, FP=9, FN=5
[2025-11-14 16:14:34,450 INFO main.train_one_fold] EVAL SUBJECT | Fold 2 | Epoch 026/100 | Loss: 0.1965 | Acc: 1.0000 | Prec: 1.0000 | Recall: 1.0000 | Spec: 1.0000
[2025-11-14 16:14:34,450 INFO main.train_one_fold]   Confusion: TP=3, TN=3, FP=0, FN=0
[2025-11-14 16:14:43,262 INFO main.train_one_fold] TRAIN CHUNK | Fold 2 | Epoch 027/100 | Loss: 0.1933 | Acc: 0.9244 | Prec: 0.9041 | Recall: 0.9377 | Spec: 0.9126
[2025-11-14 16:14:50,958 INFO main.train_one_fold] TRAIN CHUNK | Fold 2 | Epoch 028/100 | Loss: 0.1982 | Acc: 0.9237 | Prec: 0.9029 | Recall: 0.9377 | Spec: 0.9113
[2025-11-14 16:14:51,340 INFO main.train_one_fold] EVAL CHUNK | Fold 2 | Epoch 028/100 | Loss: 0.1899 | Acc: 0.9056 | Prec: 0.9506 | Recall: 0.8556 | Spec: 0.9556
[2025-11-14 16:14:51,340 INFO main.train_one_fold]   Confusion: TP=77, TN=86, FP=4, FN=13
[2025-11-14 16:14:51,341 INFO main.train_one_fold] EVAL SUBJECT | Fold 2 | Epoch 028/100 | Loss: 0.1899 | Acc: 1.0000 | Prec: 1.0000 | Recall: 1.0000 | Spec: 1.0000
[2025-11-14 16:14:51,341 INFO main.train_one_fold]   Confusion: TP=3, TN=3, FP=0, FN=0
[2025-11-14 16:14:59,866 INFO main.train_one_fold] TRAIN CHUNK | Fold 2 | Epoch 029/100 | Loss: 0.1978 | Acc: 0.9202 | Prec: 0.9104 | Recall: 0.9199 | Spec: 0.9205
[2025-11-14 16:15:06,915 INFO main.train_one_fold] TRAIN CHUNK | Fold 2 | Epoch 030/100 | Loss: 0.1914 | Acc: 0.9223 | Prec: 0.8969 | Recall: 0.9421 | Spec: 0.9048
[2025-11-14 16:15:07,565 INFO main.train_one_fold] EVAL CHUNK | Fold 2 | Epoch 030/100 | Loss: 0.1976 | Acc: 0.8944 | Prec: 0.9277 | Recall: 0.8556 | Spec: 0.9333
[2025-11-14 16:15:07,566 INFO main.train_one_fold]   Confusion: TP=77, TN=84, FP=6, FN=13
[2025-11-14 16:15:07,566 INFO main.train_one_fold] EVAL SUBJECT | Fold 2 | Epoch 030/100 | Loss: 0.1976 | Acc: 1.0000 | Prec: 1.0000 | Recall: 1.0000 | Spec: 1.0000
[2025-11-14 16:15:07,566 INFO main.train_one_fold]   Confusion: TP=3, TN=3, FP=0, FN=0
[2025-11-14 16:15:07,587 INFO main.train_one_fold] Saved checkpoint: checkpoints_fp1_003_mdd_mqm/fold_2_epoch_030.pth
[2025-11-14 16:15:13,605 INFO main.train_one_fold] TRAIN CHUNK | Fold 2 | Epoch 031/100 | Loss: 0.1942 | Acc: 0.9292 | Prec: 0.9169 | Recall: 0.9332 | Spec: 0.9257
[2025-11-14 16:15:18,436 INFO main.train_one_fold] TRAIN CHUNK | Fold 2 | Epoch 032/100 | Loss: 0.1822 | Acc: 0.9271 | Prec: 0.9024 | Recall: 0.9466 | Spec: 0.9100
[2025-11-14 16:15:18,671 INFO main.train_one_fold] EVAL CHUNK | Fold 2 | Epoch 032/100 | Loss: 0.2010 | Acc: 0.9056 | Prec: 0.9506 | Recall: 0.8556 | Spec: 0.9556
[2025-11-14 16:15:18,671 INFO main.train_one_fold]   Confusion: TP=77, TN=86, FP=4, FN=13
[2025-11-14 16:15:18,672 INFO main.train_one_fold] EVAL SUBJECT | Fold 2 | Epoch 032/100 | Loss: 0.2010 | Acc: 1.0000 | Prec: 1.0000 | Recall: 1.0000 | Spec: 1.0000
[2025-11-14 16:15:18,672 INFO main.train_one_fold]   Confusion: TP=3, TN=3, FP=0, FN=0
[2025-11-14 16:15:24,352 INFO main.train_one_fold] TRAIN CHUNK | Fold 2 | Epoch 033/100 | Loss: 0.1765 | Acc: 0.9334 | Prec: 0.9275 | Recall: 0.9303 | Spec: 0.9361
[2025-11-14 16:15:29,422 INFO main.train_one_fold] TRAIN CHUNK | Fold 2 | Epoch 034/100 | Loss: 0.1948 | Acc: 0.9244 | Prec: 0.8996 | Recall: 0.9436 | Spec: 0.9074
[2025-11-14 16:15:29,656 INFO main.train_one_fold] EVAL CHUNK | Fold 2 | Epoch 034/100 | Loss: 0.2211 | Acc: 0.8889 | Prec: 0.9167 | Recall: 0.8556 | Spec: 0.9222
[2025-11-14 16:15:29,656 INFO main.train_one_fold]   Confusion: TP=77, TN=83, FP=7, FN=13
[2025-11-14 16:15:29,656 INFO main.train_one_fold] EVAL SUBJECT | Fold 2 | Epoch 034/100 | Loss: 0.2211 | Acc: 1.0000 | Prec: 1.0000 | Recall: 1.0000 | Spec: 1.0000
[2025-11-14 16:15:29,656 INFO main.train_one_fold]   Confusion: TP=3, TN=3, FP=0, FN=0
[2025-11-14 16:15:34,615 INFO main.train_one_fold] TRAIN CHUNK | Fold 2 | Epoch 035/100 | Loss: 0.1916 | Acc: 0.9202 | Prec: 0.9104 | Recall: 0.9199 | Spec: 0.9205
[2025-11-14 16:15:39,902 INFO main.train_one_fold] TRAIN CHUNK | Fold 2 | Epoch 036/100 | Loss: 0.2023 | Acc: 0.9244 | Prec: 0.8973 | Recall: 0.9466 | Spec: 0.9048
[2025-11-14 16:15:40,141 INFO main.train_one_fold] EVAL CHUNK | Fold 2 | Epoch 036/100 | Loss: 0.2339 | Acc: 0.8833 | Prec: 0.9157 | Recall: 0.8444 | Spec: 0.9222
[2025-11-14 16:15:40,141 INFO main.train_one_fold]   Confusion: TP=76, TN=83, FP=7, FN=14
[2025-11-14 16:15:40,141 INFO main.train_one_fold] EVAL SUBJECT | Fold 2 | Epoch 036/100 | Loss: 0.2339 | Acc: 1.0000 | Prec: 1.0000 | Recall: 1.0000 | Spec: 1.0000
[2025-11-14 16:15:40,141 INFO main.train_one_fold]   Confusion: TP=3, TN=3, FP=0, FN=0
[2025-11-14 16:15:45,084 INFO main.train_one_fold] TRAIN CHUNK | Fold 2 | Epoch 037/100 | Loss: 0.1792 | Acc: 0.9285 | Prec: 0.9073 | Recall: 0.9436 | Spec: 0.9153
[2025-11-14 16:15:50,208 INFO main.train_one_fold] TRAIN CHUNK | Fold 2 | Epoch 038/100 | Loss: 0.1782 | Acc: 0.9285 | Prec: 0.9205 | Recall: 0.9273 | Spec: 0.9296
[2025-11-14 16:15:50,518 INFO main.train_one_fold] EVAL CHUNK | Fold 2 | Epoch 038/100 | Loss: 0.2228 | Acc: 0.8889 | Prec: 0.9167 | Recall: 0.8556 | Spec: 0.9222
[2025-11-14 16:15:50,518 INFO main.train_one_fold]   Confusion: TP=77, TN=83, FP=7, FN=13
[2025-11-14 16:15:50,518 INFO main.train_one_fold] EVAL SUBJECT | Fold 2 | Epoch 038/100 | Loss: 0.2228 | Acc: 1.0000 | Prec: 1.0000 | Recall: 1.0000 | Spec: 1.0000
[2025-11-14 16:15:50,519 INFO main.train_one_fold]   Confusion: TP=3, TN=3, FP=0, FN=0
[2025-11-14 16:15:59,423 INFO main.train_one_fold] TRAIN CHUNK | Fold 2 | Epoch 039/100 | Loss: 0.1824 | Acc: 0.9257 | Prec: 0.9091 | Recall: 0.9347 | Spec: 0.9179
[2025-11-14 16:16:08,059 INFO main.train_one_fold] TRAIN CHUNK | Fold 2 | Epoch 040/100 | Loss: 0.1700 | Acc: 0.9368 | Prec: 0.9206 | Recall: 0.9466 | Spec: 0.9283
[2025-11-14 16:16:08,661 INFO main.train_one_fold] EVAL CHUNK | Fold 2 | Epoch 040/100 | Loss: 0.2436 | Acc: 0.8611 | Prec: 0.9452 | Recall: 0.7667 | Spec: 0.9556
[2025-11-14 16:16:08,661 INFO main.train_one_fold]   Confusion: TP=69, TN=86, FP=4, FN=21
[2025-11-14 16:16:08,661 INFO main.train_one_fold] EVAL SUBJECT | Fold 2 | Epoch 040/100 | Loss: 0.2436 | Acc: 1.0000 | Prec: 1.0000 | Recall: 1.0000 | Spec: 1.0000
[2025-11-14 16:16:08,662 INFO main.train_one_fold]   Confusion: TP=3, TN=3, FP=0, FN=0
[2025-11-14 16:16:08,662 INFO early_stopping.__call__] Early stopping triggered after 20 epochs without improvement. Best score: 0.9500 at epoch 20
[2025-11-14 16:16:08,662 INFO main.train_one_fold] Early stopping triggered at epoch 40
[2025-11-14 16:16:08,662 INFO main.train_one_fold] 
Fold 2 training completed. Best Combined Val Acc: 0.9500 at epoch 20
[2025-11-14 16:16:08,662 INFO main.train_cross_validation] ================================================================================
[2025-11-14 16:16:08,662 INFO main.train_cross_validation] FOLD 3/10
[2025-11-14 16:16:08,662 INFO main.train_cross_validation] ================================================================================
[2025-11-14 16:16:08,663 INFO main.get_datasets_for_fold] Train subjects (48): ['mdd:H S2', 'mdd:H S7', 'mdd:H S19', 'mdd:MDD S31', 'mdd:MDD S22', 'mdd:MDD S19', 'mdd:H S30', 'mdd:H S1', 'mdd:H S22', 'mdd:MDD S25', 'mdd:MDD S34', 'mdd:MDD S17', 'mdd:H S23', 'mdd:H S25', 'mdd:H S10', 'mdd:MDD S10', 'mdd:MDD S26', 'mdd:MDD S20', 'mdd:H S14', 'mdd:H S15', 'mdd:H S11', 'mdd:MDD S33', 'mdd:MDD S18', 'mdd:MDD S5', 'mdd:H S26', 'mdd:H S5', 'mdd:H S13', 'mdd:MDD S15', 'mdd:MDD S13', 'mdd:MDD S9', 'mdd:H S8', 'mdd:H S6', 'mdd:H S28', 'mdd:MDD S30', 'mdd:MDD S32', 'mdd:H S9', 'mdd:H S3', 'mdd:H S17', 'mdd:MDD S27', 'mdd:MDD S28', 'mdd:H S20', 'mdd:H S24', 'mdd:MDD S21', 'mdd:MDD S29', 'mdd:H S29', 'mdd:H S16', 'mdd:MDD S6', 'mdd:MDD S23']...
[2025-11-14 16:16:08,663 INFO main.get_datasets_for_fold] Val subjects (6): ['mdd:H S27', 'mdd:H S4', 'mdd:H S21', 'mdd:MDD S3', 'mdd:MDD S1', 'mdd:MDD S14']
[2025-11-14 16:16:08,665 INFO main.get_datasets_for_fold] Training chunks: 1452
[2025-11-14 16:16:08,665 INFO main.get_datasets_for_fold] Validation chunks: 169
[2025-11-14 16:16:08,685 INFO model.__init__] Initialized LSTM with input_size=1728, hidden_size=100, batch_first=True
[2025-11-14 16:16:08,687 INFO main.train_one_fold] Starting training for fold 3
[2025-11-14 16:16:16,926 INFO main.train_one_fold] TRAIN CHUNK | Fold 3 | Epoch 001/100 | Loss: 0.7074 | Acc: 0.4718 | Prec: 0.4718 | Recall: 1.0000 | Spec: 0.0000
[2025-11-14 16:16:25,600 INFO main.train_one_fold] TRAIN CHUNK | Fold 3 | Epoch 002/100 | Loss: 0.6740 | Acc: 0.6123 | Prec: 0.6063 | Recall: 0.5080 | Spec: 0.7053
[2025-11-14 16:16:25,969 INFO main.train_one_fold] EVAL CHUNK | Fold 3 | Epoch 002/100 | Loss: 0.5753 | Acc: 0.8402 | Prec: 0.7653 | Recall: 0.9494 | Spec: 0.7444
[2025-11-14 16:16:25,970 INFO main.train_one_fold]   Confusion: TP=75, TN=67, FP=23, FN=4
[2025-11-14 16:16:25,970 INFO main.train_one_fold] EVAL SUBJECT | Fold 3 | Epoch 002/100 | Loss: 0.5753 | Acc: 0.8333 | Prec: 0.7500 | Recall: 1.0000 | Spec: 0.6667
[2025-11-14 16:16:25,970 INFO main.train_one_fold]   Confusion: TP=3, TN=2, FP=1, FN=0
[2025-11-14 16:16:25,999 INFO main.train_one_fold] ✓ Saved best model: checkpoints_fp1_003_mdd_mqm/fold_3_best.pth (combined=0.7002, chunk=0.8402, subject=0.8333)
[2025-11-14 16:16:25,999 INFO early_stopping.__call__] Early stopping initialized: best score 0.7002 at epoch 2
[2025-11-14 16:16:34,149 INFO main.train_one_fold] TRAIN CHUNK | Fold 3 | Epoch 003/100 | Loss: 0.5093 | Acc: 0.8320 | Prec: 0.7890 | Recall: 0.8788 | Spec: 0.7901
[2025-11-14 16:16:44,658 INFO main.train_one_fold] TRAIN CHUNK | Fold 3 | Epoch 004/100 | Loss: 0.3470 | Acc: 0.8829 | Prec: 0.8231 | Recall: 0.9577 | Spec: 0.8162
[2025-11-14 16:16:45,102 INFO main.train_one_fold] EVAL CHUNK | Fold 3 | Epoch 004/100 | Loss: 0.3785 | Acc: 0.8225 | Prec: 0.7248 | Recall: 1.0000 | Spec: 0.6667
[2025-11-14 16:16:45,103 INFO main.train_one_fold]   Confusion: TP=79, TN=60, FP=30, FN=0
[2025-11-14 16:16:45,103 INFO main.train_one_fold] EVAL SUBJECT | Fold 3 | Epoch 004/100 | Loss: 0.3785 | Acc: 0.8333 | Prec: 0.7500 | Recall: 1.0000 | Spec: 0.6667
[2025-11-14 16:16:45,103 INFO main.train_one_fold]   Confusion: TP=3, TN=2, FP=1, FN=0
[2025-11-14 16:16:53,818 INFO main.train_one_fold] TRAIN CHUNK | Fold 3 | Epoch 005/100 | Loss: 0.3475 | Acc: 0.8691 | Prec: 0.8235 | Recall: 0.9197 | Spec: 0.8240
[2025-11-14 16:17:01,859 INFO main.train_one_fold] TRAIN CHUNK | Fold 3 | Epoch 006/100 | Loss: 0.3145 | Acc: 0.8898 | Prec: 0.8361 | Recall: 0.9533 | Spec: 0.8331
[2025-11-14 16:17:02,240 INFO main.train_one_fold] EVAL CHUNK | Fold 3 | Epoch 006/100 | Loss: 0.3973 | Acc: 0.8225 | Prec: 0.7248 | Recall: 1.0000 | Spec: 0.6667
[2025-11-14 16:17:02,240 INFO main.train_one_fold]   Confusion: TP=79, TN=60, FP=30, FN=0
[2025-11-14 16:17:02,240 INFO main.train_one_fold] EVAL SUBJECT | Fold 3 | Epoch 006/100 | Loss: 0.3973 | Acc: 0.8333 | Prec: 0.7500 | Recall: 1.0000 | Spec: 0.6667
[2025-11-14 16:17:02,240 INFO main.train_one_fold]   Confusion: TP=3, TN=2, FP=1, FN=0
[2025-11-14 16:17:10,709 INFO main.train_one_fold] TRAIN CHUNK | Fold 3 | Epoch 007/100 | Loss: 0.2968 | Acc: 0.8877 | Prec: 0.8372 | Recall: 0.9460 | Spec: 0.8357
[2025-11-14 16:17:18,626 INFO main.train_one_fold] TRAIN CHUNK | Fold 3 | Epoch 008/100 | Loss: 0.2854 | Acc: 0.8939 | Prec: 0.8426 | Recall: 0.9533 | Spec: 0.8409
[2025-11-14 16:17:18,989 INFO main.train_one_fold] EVAL CHUNK | Fold 3 | Epoch 008/100 | Loss: 0.3673 | Acc: 0.8225 | Prec: 0.7248 | Recall: 1.0000 | Spec: 0.6667
[2025-11-14 16:17:18,989 INFO main.train_one_fold]   Confusion: TP=79, TN=60, FP=30, FN=0
[2025-11-14 16:17:18,989 INFO main.train_one_fold] EVAL SUBJECT | Fold 3 | Epoch 008/100 | Loss: 0.3673 | Acc: 0.8333 | Prec: 0.7500 | Recall: 1.0000 | Spec: 0.6667
[2025-11-14 16:17:18,989 INFO main.train_one_fold]   Confusion: TP=3, TN=2, FP=1, FN=0
[2025-11-14 16:17:27,718 INFO main.train_one_fold] TRAIN CHUNK | Fold 3 | Epoch 009/100 | Loss: 0.2855 | Acc: 0.8946 | Prec: 0.8437 | Recall: 0.9533 | Spec: 0.8422
[2025-11-14 16:17:37,332 INFO main.train_one_fold] TRAIN CHUNK | Fold 3 | Epoch 010/100 | Loss: 0.2745 | Acc: 0.8988 | Prec: 0.8458 | Recall: 0.9606 | Spec: 0.8435
[2025-11-14 16:17:37,988 INFO main.train_one_fold] EVAL CHUNK | Fold 3 | Epoch 010/100 | Loss: 0.3302 | Acc: 0.8402 | Prec: 0.7453 | Recall: 1.0000 | Spec: 0.7000
[2025-11-14 16:17:37,988 INFO main.train_one_fold]   Confusion: TP=79, TN=63, FP=27, FN=0
[2025-11-14 16:17:37,988 INFO main.train_one_fold] EVAL SUBJECT | Fold 3 | Epoch 010/100 | Loss: 0.3302 | Acc: 0.8333 | Prec: 0.7500 | Recall: 1.0000 | Spec: 0.6667
[2025-11-14 16:17:37,989 INFO main.train_one_fold]   Confusion: TP=3, TN=2, FP=1, FN=0
[2025-11-14 16:17:38,021 INFO main.train_one_fold] Saved checkpoint: checkpoints_fp1_003_mdd_mqm/fold_3_epoch_010.pth
[2025-11-14 16:17:47,671 INFO main.train_one_fold] TRAIN CHUNK | Fold 3 | Epoch 011/100 | Loss: 0.2633 | Acc: 0.8967 | Prec: 0.8497 | Recall: 0.9489 | Spec: 0.8501
[2025-11-14 16:17:58,008 INFO main.train_one_fold] TRAIN CHUNK | Fold 3 | Epoch 012/100 | Loss: 0.2863 | Acc: 0.8891 | Prec: 0.8429 | Recall: 0.9401 | Spec: 0.8435
[2025-11-14 16:17:58,416 INFO main.train_one_fold] EVAL CHUNK | Fold 3 | Epoch 012/100 | Loss: 0.2992 | Acc: 0.8343 | Prec: 0.7383 | Recall: 1.0000 | Spec: 0.6889
[2025-11-14 16:17:58,417 INFO main.train_one_fold]   Confusion: TP=79, TN=62, FP=28, FN=0
[2025-11-14 16:17:58,417 INFO main.train_one_fold] EVAL SUBJECT | Fold 3 | Epoch 012/100 | Loss: 0.2992 | Acc: 0.8333 | Prec: 0.7500 | Recall: 1.0000 | Spec: 0.6667
[2025-11-14 16:17:58,417 INFO main.train_one_fold]   Confusion: TP=3, TN=2, FP=1, FN=0
[2025-11-14 16:18:08,099 INFO main.train_one_fold] TRAIN CHUNK | Fold 3 | Epoch 013/100 | Loss: 0.2658 | Acc: 0.8974 | Prec: 0.8490 | Recall: 0.9518 | Spec: 0.8488
[2025-11-14 16:18:18,046 INFO main.train_one_fold] TRAIN CHUNK | Fold 3 | Epoch 014/100 | Loss: 0.2483 | Acc: 0.9008 | Prec: 0.8573 | Recall: 0.9474 | Spec: 0.8592
[2025-11-14 16:18:18,413 INFO main.train_one_fold] EVAL CHUNK | Fold 3 | Epoch 014/100 | Loss: 0.2461 | Acc: 0.8580 | Prec: 0.7723 | Recall: 0.9873 | Spec: 0.7444
[2025-11-14 16:18:18,413 INFO main.train_one_fold]   Confusion: TP=78, TN=67, FP=23, FN=1
[2025-11-14 16:18:18,413 INFO main.train_one_fold] EVAL SUBJECT | Fold 3 | Epoch 014/100 | Loss: 0.2461 | Acc: 0.8333 | Prec: 0.7500 | Recall: 1.0000 | Spec: 0.6667
[2025-11-14 16:18:18,414 INFO main.train_one_fold]   Confusion: TP=3, TN=2, FP=1, FN=0
[2025-11-14 16:18:18,456 INFO main.train_one_fold] ✓ Saved best model: checkpoints_fp1_003_mdd_mqm/fold_3_best.pth (combined=0.7150, chunk=0.8580, subject=0.8333)
[2025-11-14 16:18:18,457 INFO early_stopping.__call__] Validation improved from 0.7002 to 0.7150 (+0.0148) at epoch 14
[2025-11-14 16:18:29,715 INFO main.train_one_fold] TRAIN CHUNK | Fold 3 | Epoch 015/100 | Loss: 0.2500 | Acc: 0.9056 | Prec: 0.8733 | Recall: 0.9358 | Spec: 0.8787
[2025-11-14 16:18:39,957 INFO main.train_one_fold] TRAIN CHUNK | Fold 3 | Epoch 016/100 | Loss: 0.2457 | Acc: 0.9029 | Prec: 0.8686 | Recall: 0.9358 | Spec: 0.8735
[2025-11-14 16:18:40,365 INFO main.train_one_fold] EVAL CHUNK | Fold 3 | Epoch 016/100 | Loss: 0.2284 | Acc: 0.9053 | Prec: 0.8387 | Recall: 0.9873 | Spec: 0.8333
[2025-11-14 16:18:40,366 INFO main.train_one_fold]   Confusion: TP=78, TN=75, FP=15, FN=1
[2025-11-14 16:18:40,366 INFO main.train_one_fold] EVAL SUBJECT | Fold 3 | Epoch 016/100 | Loss: 0.2284 | Acc: 1.0000 | Prec: 1.0000 | Recall: 1.0000 | Spec: 1.0000
[2025-11-14 16:18:40,366 INFO main.train_one_fold]   Confusion: TP=3, TN=3, FP=0, FN=0
[2025-11-14 16:18:40,411 INFO main.train_one_fold] ✓ Saved best model: checkpoints_fp1_003_mdd_mqm/fold_3_best.pth (combined=0.9053, chunk=0.9053, subject=1.0000)
[2025-11-14 16:18:40,411 INFO early_stopping.__call__] Validation improved from 0.7150 to 0.9053 (+0.1903) at epoch 16
[2025-11-14 16:18:49,667 INFO main.train_one_fold] TRAIN CHUNK | Fold 3 | Epoch 017/100 | Loss: 0.2338 | Acc: 0.9084 | Prec: 0.8833 | Recall: 0.9285 | Spec: 0.8905
[2025-11-14 16:19:00,083 INFO main.train_one_fold] TRAIN CHUNK | Fold 3 | Epoch 018/100 | Loss: 0.2308 | Acc: 0.9091 | Prec: 0.8803 | Recall: 0.9343 | Spec: 0.8866
[2025-11-14 16:19:00,650 INFO main.train_one_fold] EVAL CHUNK | Fold 3 | Epoch 018/100 | Loss: 0.2145 | Acc: 0.8817 | Prec: 0.8041 | Recall: 0.9873 | Spec: 0.7889
[2025-11-14 16:19:00,651 INFO main.train_one_fold]   Confusion: TP=78, TN=71, FP=19, FN=1
[2025-11-14 16:19:00,651 INFO main.train_one_fold] EVAL SUBJECT | Fold 3 | Epoch 018/100 | Loss: 0.2145 | Acc: 0.8333 | Prec: 0.7500 | Recall: 1.0000 | Spec: 0.6667
[2025-11-14 16:19:00,651 INFO main.train_one_fold]   Confusion: TP=3, TN=2, FP=1, FN=0
[2025-11-14 16:19:10,777 INFO main.train_one_fold] TRAIN CHUNK | Fold 3 | Epoch 019/100 | Loss: 0.2270 | Acc: 0.9118 | Prec: 0.8738 | Recall: 0.9504 | Spec: 0.8774
[2025-11-14 16:19:19,853 INFO main.train_one_fold] TRAIN CHUNK | Fold 3 | Epoch 020/100 | Loss: 0.2343 | Acc: 0.9063 | Prec: 0.8797 | Recall: 0.9285 | Spec: 0.8866
[2025-11-14 16:19:20,092 INFO main.train_one_fold] EVAL CHUNK | Fold 3 | Epoch 020/100 | Loss: 0.1710 | Acc: 0.9231 | Prec: 0.8929 | Recall: 0.9494 | Spec: 0.9000
[2025-11-14 16:19:20,092 INFO main.train_one_fold]   Confusion: TP=75, TN=81, FP=9, FN=4
[2025-11-14 16:19:20,092 INFO main.train_one_fold] EVAL SUBJECT | Fold 3 | Epoch 020/100 | Loss: 0.1710 | Acc: 1.0000 | Prec: 1.0000 | Recall: 1.0000 | Spec: 1.0000
[2025-11-14 16:19:20,092 INFO main.train_one_fold]   Confusion: TP=3, TN=3, FP=0, FN=0
[2025-11-14 16:19:20,123 INFO main.train_one_fold] ✓ Saved best model: checkpoints_fp1_003_mdd_mqm/fold_3_best.pth (combined=0.9231, chunk=0.9231, subject=1.0000)
[2025-11-14 16:19:20,123 INFO early_stopping.__call__] Validation improved from 0.9053 to 0.9231 (+0.0178) at epoch 20
[2025-11-14 16:19:20,141 INFO main.train_one_fold] Saved checkpoint: checkpoints_fp1_003_mdd_mqm/fold_3_epoch_020.pth
[2025-11-14 16:19:26,807 INFO main.train_one_fold] TRAIN CHUNK | Fold 3 | Epoch 021/100 | Loss: 0.2167 | Acc: 0.9118 | Prec: 0.8884 | Recall: 0.9299 | Spec: 0.8957
[2025-11-14 16:19:32,378 INFO main.train_one_fold] TRAIN CHUNK | Fold 3 | Epoch 022/100 | Loss: 0.2160 | Acc: 0.9229 | Prec: 0.8985 | Recall: 0.9431 | Spec: 0.9048
[2025-11-14 16:19:32,722 INFO main.train_one_fold] EVAL CHUNK | Fold 3 | Epoch 022/100 | Loss: 0.2037 | Acc: 0.8876 | Prec: 0.8125 | Recall: 0.9873 | Spec: 0.8000
[2025-11-14 16:19:32,722 INFO main.train_one_fold]   Confusion: TP=78, TN=72, FP=18, FN=1
[2025-11-14 16:19:32,722 INFO main.train_one_fold] EVAL SUBJECT | Fold 3 | Epoch 022/100 | Loss: 0.2037 | Acc: 0.8333 | Prec: 0.7500 | Recall: 1.0000 | Spec: 0.6667
[2025-11-14 16:19:32,722 INFO main.train_one_fold]   Confusion: TP=3, TN=2, FP=1, FN=0
[2025-11-14 16:19:38,424 INFO main.train_one_fold] TRAIN CHUNK | Fold 3 | Epoch 023/100 | Loss: 0.2295 | Acc: 0.9112 | Prec: 0.8850 | Recall: 0.9328 | Spec: 0.8918
[2025-11-14 16:19:43,666 INFO main.train_one_fold] TRAIN CHUNK | Fold 3 | Epoch 024/100 | Loss: 0.2268 | Acc: 0.9153 | Prec: 0.8925 | Recall: 0.9328 | Spec: 0.8996
[2025-11-14 16:19:43,905 INFO main.train_one_fold] EVAL CHUNK | Fold 3 | Epoch 024/100 | Loss: 0.2421 | Acc: 0.9112 | Prec: 0.8404 | Recall: 1.0000 | Spec: 0.8333
[2025-11-14 16:19:43,905 INFO main.train_one_fold]   Confusion: TP=79, TN=75, FP=15, FN=0
[2025-11-14 16:19:43,905 INFO main.train_one_fold] EVAL SUBJECT | Fold 3 | Epoch 024/100 | Loss: 0.2421 | Acc: 1.0000 | Prec: 1.0000 | Recall: 1.0000 | Spec: 1.0000
[2025-11-14 16:19:43,905 INFO main.train_one_fold]   Confusion: TP=3, TN=3, FP=0, FN=0
[2025-11-14 16:19:49,310 INFO main.train_one_fold] TRAIN CHUNK | Fold 3 | Epoch 025/100 | Loss: 0.2093 | Acc: 0.9194 | Prec: 0.8890 | Recall: 0.9474 | Spec: 0.8944
[2025-11-14 16:19:55,262 INFO main.train_one_fold] TRAIN CHUNK | Fold 3 | Epoch 026/100 | Loss: 0.2040 | Acc: 0.9263 | Prec: 0.9048 | Recall: 0.9431 | Spec: 0.9113
[2025-11-14 16:19:55,496 INFO main.train_one_fold] EVAL CHUNK | Fold 3 | Epoch 026/100 | Loss: 0.1373 | Acc: 0.9290 | Prec: 0.9241 | Recall: 0.9241 | Spec: 0.9333
[2025-11-14 16:19:55,496 INFO main.train_one_fold]   Confusion: TP=73, TN=84, FP=6, FN=6
[2025-11-14 16:19:55,496 INFO main.train_one_fold] EVAL SUBJECT | Fold 3 | Epoch 026/100 | Loss: 0.1373 | Acc: 1.0000 | Prec: 1.0000 | Recall: 1.0000 | Spec: 1.0000
[2025-11-14 16:19:55,496 INFO main.train_one_fold]   Confusion: TP=3, TN=3, FP=0, FN=0
[2025-11-14 16:19:55,523 INFO main.train_one_fold] ✓ Saved best model: checkpoints_fp1_003_mdd_mqm/fold_3_best.pth (combined=0.9290, chunk=0.9290, subject=1.0000)
[2025-11-14 16:19:55,524 INFO early_stopping.__call__] Validation improved from 0.9231 to 0.9290 (+0.0059) at epoch 26
[2025-11-14 16:20:01,192 INFO main.train_one_fold] TRAIN CHUNK | Fold 3 | Epoch 027/100 | Loss: 0.2025 | Acc: 0.9194 | Prec: 0.8989 | Recall: 0.9343 | Spec: 0.9061
[2025-11-14 16:20:07,711 INFO main.train_one_fold] TRAIN CHUNK | Fold 3 | Epoch 028/100 | Loss: 0.1973 | Acc: 0.9208 | Prec: 0.9025 | Recall: 0.9328 | Spec: 0.9100
[2025-11-14 16:20:08,571 INFO main.train_one_fold] EVAL CHUNK | Fold 3 | Epoch 028/100 | Loss: 0.1499 | Acc: 0.9349 | Prec: 0.8953 | Recall: 0.9747 | Spec: 0.9000
[2025-11-14 16:20:08,588 INFO main.train_one_fold]   Confusion: TP=77, TN=81, FP=9, FN=2
[2025-11-14 16:20:08,601 INFO main.train_one_fold] EVAL SUBJECT | Fold 3 | Epoch 028/100 | Loss: 0.1499 | Acc: 1.0000 | Prec: 1.0000 | Recall: 1.0000 | Spec: 1.0000
[2025-11-14 16:20:08,601 INFO main.train_one_fold]   Confusion: TP=3, TN=3, FP=0, FN=0
[2025-11-14 16:20:08,670 INFO main.train_one_fold] ✓ Saved best model: checkpoints_fp1_003_mdd_mqm/fold_3_best.pth (combined=0.9349, chunk=0.9349, subject=1.0000)
[2025-11-14 16:20:08,671 INFO early_stopping.__call__] Validation improved from 0.9290 to 0.9349 (+0.0059) at epoch 28
[2025-11-14 16:20:20,307 INFO main.train_one_fold] TRAIN CHUNK | Fold 3 | Epoch 029/100 | Loss: 0.1972 | Acc: 0.9174 | Prec: 0.9041 | Recall: 0.9226 | Spec: 0.9126
[2025-11-14 16:20:30,897 INFO main.train_one_fold] TRAIN CHUNK | Fold 3 | Epoch 030/100 | Loss: 0.2021 | Acc: 0.9187 | Prec: 0.8976 | Recall: 0.9343 | Spec: 0.9048
[2025-11-14 16:20:31,425 INFO main.train_one_fold] EVAL CHUNK | Fold 3 | Epoch 030/100 | Loss: 0.1311 | Acc: 0.9349 | Prec: 0.9250 | Recall: 0.9367 | Spec: 0.9333
[2025-11-14 16:20:31,426 INFO main.train_one_fold]   Confusion: TP=74, TN=84, FP=6, FN=5
[2025-11-14 16:20:31,426 INFO main.train_one_fold] EVAL SUBJECT | Fold 3 | Epoch 030/100 | Loss: 0.1311 | Acc: 1.0000 | Prec: 1.0000 | Recall: 1.0000 | Spec: 1.0000
[2025-11-14 16:20:31,426 INFO main.train_one_fold]   Confusion: TP=3, TN=3, FP=0, FN=0
[2025-11-14 16:20:31,453 INFO main.train_one_fold] Saved checkpoint: checkpoints_fp1_003_mdd_mqm/fold_3_epoch_030.pth
[2025-11-14 16:20:42,302 INFO main.train_one_fold] TRAIN CHUNK | Fold 3 | Epoch 031/100 | Loss: 0.2161 | Acc: 0.9167 | Prec: 0.9075 | Recall: 0.9168 | Spec: 0.9166
[2025-11-14 16:20:52,461 INFO main.train_one_fold] TRAIN CHUNK | Fold 3 | Epoch 032/100 | Loss: 0.1948 | Acc: 0.9160 | Prec: 0.8915 | Recall: 0.9358 | Spec: 0.8983
[2025-11-14 16:20:53,220 INFO main.train_one_fold] EVAL CHUNK | Fold 3 | Epoch 032/100 | Loss: 0.1227 | Acc: 0.9349 | Prec: 0.8864 | Recall: 0.9873 | Spec: 0.8889
[2025-11-14 16:20:53,224 INFO main.train_one_fold]   Confusion: TP=78, TN=80, FP=10, FN=1
[2025-11-14 16:20:53,231 INFO main.train_one_fold] EVAL SUBJECT | Fold 3 | Epoch 032/100 | Loss: 0.1227 | Acc: 1.0000 | Prec: 1.0000 | Recall: 1.0000 | Spec: 1.0000
[2025-11-14 16:20:53,234 INFO main.train_one_fold]   Confusion: TP=3, TN=3, FP=0, FN=0
[2025-11-14 16:21:02,740 INFO main.train_one_fold] TRAIN CHUNK | Fold 3 | Epoch 033/100 | Loss: 0.1848 | Acc: 0.9256 | Prec: 0.9092 | Recall: 0.9358 | Spec: 0.9166
[2025-11-14 16:21:13,152 INFO main.train_one_fold] TRAIN CHUNK | Fold 3 | Epoch 034/100 | Loss: 0.1864 | Acc: 0.9277 | Prec: 0.9179 | Recall: 0.9299 | Spec: 0.9257
[2025-11-14 16:21:13,507 INFO main.train_one_fold] EVAL CHUNK | Fold 3 | Epoch 034/100 | Loss: 0.1352 | Acc: 0.9467 | Prec: 0.9605 | Recall: 0.9241 | Spec: 0.9667
[2025-11-14 16:21:13,507 INFO main.train_one_fold]   Confusion: TP=73, TN=87, FP=3, FN=6
[2025-11-14 16:21:13,508 INFO main.train_one_fold] EVAL SUBJECT | Fold 3 | Epoch 034/100 | Loss: 0.1352 | Acc: 1.0000 | Prec: 1.0000 | Recall: 1.0000 | Spec: 1.0000
[2025-11-14 16:21:13,508 INFO main.train_one_fold]   Confusion: TP=3, TN=3, FP=0, FN=0
[2025-11-14 16:21:13,553 INFO main.train_one_fold] ✓ Saved best model: checkpoints_fp1_003_mdd_mqm/fold_3_best.pth (combined=0.9467, chunk=0.9467, subject=1.0000)
[2025-11-14 16:21:13,553 INFO early_stopping.__call__] Validation improved from 0.9349 to 0.9467 (+0.0118) at epoch 34
[2025-11-14 16:21:23,657 INFO main.train_one_fold] TRAIN CHUNK | Fold 3 | Epoch 035/100 | Loss: 0.1790 | Acc: 0.9304 | Prec: 0.9160 | Recall: 0.9387 | Spec: 0.9231
[2025-11-14 16:21:33,602 INFO main.train_one_fold] TRAIN CHUNK | Fold 3 | Epoch 036/100 | Loss: 0.1868 | Acc: 0.9201 | Prec: 0.9047 | Recall: 0.9285 | Spec: 0.9126
[2025-11-14 16:21:34,035 INFO main.train_one_fold] EVAL CHUNK | Fold 3 | Epoch 036/100 | Loss: 0.1049 | Acc: 0.9527 | Prec: 0.9277 | Recall: 0.9747 | Spec: 0.9333
[2025-11-14 16:21:34,035 INFO main.train_one_fold]   Confusion: TP=77, TN=84, FP=6, FN=2
[2025-11-14 16:21:34,035 INFO main.train_one_fold] EVAL SUBJECT | Fold 3 | Epoch 036/100 | Loss: 0.1049 | Acc: 1.0000 | Prec: 1.0000 | Recall: 1.0000 | Spec: 1.0000
[2025-11-14 16:21:34,035 INFO main.train_one_fold]   Confusion: TP=3, TN=3, FP=0, FN=0
[2025-11-14 16:21:34,080 INFO main.train_one_fold] ✓ Saved best model: checkpoints_fp1_003_mdd_mqm/fold_3_best.pth (combined=0.9527, chunk=0.9527, subject=1.0000)
[2025-11-14 16:21:34,080 INFO early_stopping.__call__] Validation improved from 0.9467 to 0.9527 (+0.0059) at epoch 36
[2025-11-14 16:21:45,557 INFO main.train_one_fold] TRAIN CHUNK | Fold 3 | Epoch 037/100 | Loss: 0.1870 | Acc: 0.9208 | Prec: 0.9071 | Recall: 0.9270 | Spec: 0.9153
[2025-11-14 16:21:56,847 INFO main.train_one_fold] TRAIN CHUNK | Fold 3 | Epoch 038/100 | Loss: 0.1839 | Acc: 0.9236 | Prec: 0.9042 | Recall: 0.9372 | Spec: 0.9113
[2025-11-14 16:21:57,272 INFO main.train_one_fold] EVAL CHUNK | Fold 3 | Epoch 038/100 | Loss: 0.1084 | Acc: 0.9467 | Prec: 0.9070 | Recall: 0.9873 | Spec: 0.9111
[2025-11-14 16:21:57,272 INFO main.train_one_fold]   Confusion: TP=78, TN=82, FP=8, FN=1
[2025-11-14 16:21:57,272 INFO main.train_one_fold] EVAL SUBJECT | Fold 3 | Epoch 038/100 | Loss: 0.1084 | Acc: 1.0000 | Prec: 1.0000 | Recall: 1.0000 | Spec: 1.0000
[2025-11-14 16:21:57,272 INFO main.train_one_fold]   Confusion: TP=3, TN=3, FP=0, FN=0
[2025-11-14 16:22:06,742 INFO main.train_one_fold] TRAIN CHUNK | Fold 3 | Epoch 039/100 | Loss: 0.1791 | Acc: 0.9318 | Prec: 0.9104 | Recall: 0.9489 | Spec: 0.9166
[2025-11-14 16:22:16,854 INFO main.train_one_fold] TRAIN CHUNK | Fold 3 | Epoch 040/100 | Loss: 0.1726 | Acc: 0.9229 | Prec: 0.9158 | Recall: 0.9212 | Spec: 0.9244
[2025-11-14 16:22:17,255 INFO main.train_one_fold] EVAL CHUNK | Fold 3 | Epoch 040/100 | Loss: 0.1423 | Acc: 0.9172 | Prec: 0.9012 | Recall: 0.9241 | Spec: 0.9111
[2025-11-14 16:22:17,255 INFO main.train_one_fold]   Confusion: TP=73, TN=82, FP=8, FN=6
[2025-11-14 16:22:17,255 INFO main.train_one_fold] EVAL SUBJECT | Fold 3 | Epoch 040/100 | Loss: 0.1423 | Acc: 1.0000 | Prec: 1.0000 | Recall: 1.0000 | Spec: 1.0000
[2025-11-14 16:22:17,255 INFO main.train_one_fold]   Confusion: TP=3, TN=3, FP=0, FN=0
[2025-11-14 16:22:17,306 INFO main.train_one_fold] Saved checkpoint: checkpoints_fp1_003_mdd_mqm/fold_3_epoch_040.pth
[2025-11-14 16:22:28,065 INFO main.train_one_fold] TRAIN CHUNK | Fold 3 | Epoch 041/100 | Loss: 0.1717 | Acc: 0.9311 | Prec: 0.9221 | Recall: 0.9328 | Spec: 0.9296
[2025-11-14 16:22:37,880 INFO main.train_one_fold] TRAIN CHUNK | Fold 3 | Epoch 042/100 | Loss: 0.1689 | Acc: 0.9298 | Prec: 0.9135 | Recall: 0.9401 | Spec: 0.9205
[2025-11-14 16:22:38,700 INFO main.train_one_fold] EVAL CHUNK | Fold 3 | Epoch 042/100 | Loss: 0.0984 | Acc: 0.9586 | Prec: 0.9615 | Recall: 0.9494 | Spec: 0.9667
[2025-11-14 16:22:38,700 INFO main.train_one_fold]   Confusion: TP=75, TN=87, FP=3, FN=4
[2025-11-14 16:22:38,701 INFO main.train_one_fold] EVAL SUBJECT | Fold 3 | Epoch 042/100 | Loss: 0.0984 | Acc: 1.0000 | Prec: 1.0000 | Recall: 1.0000 | Spec: 1.0000
[2025-11-14 16:22:38,701 INFO main.train_one_fold]   Confusion: TP=3, TN=3, FP=0, FN=0
[2025-11-14 16:22:38,743 INFO main.train_one_fold] ✓ Saved best model: checkpoints_fp1_003_mdd_mqm/fold_3_best.pth (combined=0.9586, chunk=0.9586, subject=1.0000)
[2025-11-14 16:22:38,744 INFO early_stopping.__call__] Validation improved from 0.9527 to 0.9586 (+0.0059) at epoch 42
[2025-11-14 16:22:48,721 INFO main.train_one_fold] TRAIN CHUNK | Fold 3 | Epoch 043/100 | Loss: 0.1647 | Acc: 0.9353 | Prec: 0.9240 | Recall: 0.9401 | Spec: 0.9309
[2025-11-14 16:22:59,054 INFO main.train_one_fold] TRAIN CHUNK | Fold 3 | Epoch 044/100 | Loss: 0.1806 | Acc: 0.9284 | Prec: 0.9204 | Recall: 0.9285 | Spec: 0.9283
[2025-11-14 16:22:59,539 INFO main.train_one_fold] EVAL CHUNK | Fold 3 | Epoch 044/100 | Loss: 0.1270 | Acc: 0.9527 | Prec: 1.0000 | Recall: 0.8987 | Spec: 1.0000
[2025-11-14 16:22:59,540 INFO main.train_one_fold]   Confusion: TP=71, TN=90, FP=0, FN=8
[2025-11-14 16:22:59,540 INFO main.train_one_fold] EVAL SUBJECT | Fold 3 | Epoch 044/100 | Loss: 0.1270 | Acc: 1.0000 | Prec: 1.0000 | Recall: 1.0000 | Spec: 1.0000
[2025-11-14 16:22:59,540 INFO main.train_one_fold]   Confusion: TP=3, TN=3, FP=0, FN=0
[2025-11-14 16:23:09,561 INFO main.train_one_fold] TRAIN CHUNK | Fold 3 | Epoch 045/100 | Loss: 0.1716 | Acc: 0.9270 | Prec: 0.9083 | Recall: 0.9401 | Spec: 0.9153
[2025-11-14 16:23:19,105 INFO main.train_one_fold] TRAIN CHUNK | Fold 3 | Epoch 046/100 | Loss: 0.1766 | Acc: 0.9339 | Prec: 0.9177 | Recall: 0.9445 | Spec: 0.9244
[2025-11-14 16:23:19,593 INFO main.train_one_fold] EVAL CHUNK | Fold 3 | Epoch 046/100 | Loss: 0.1069 | Acc: 0.9467 | Prec: 0.9268 | Recall: 0.9620 | Spec: 0.9333
[2025-11-14 16:23:19,593 INFO main.train_one_fold]   Confusion: TP=76, TN=84, FP=6, FN=3
[2025-11-14 16:23:19,593 INFO main.train_one_fold] EVAL SUBJECT | Fold 3 | Epoch 046/100 | Loss: 0.1069 | Acc: 1.0000 | Prec: 1.0000 | Recall: 1.0000 | Spec: 1.0000
[2025-11-14 16:23:19,594 INFO main.train_one_fold]   Confusion: TP=3, TN=3, FP=0, FN=0
[2025-11-14 16:23:29,815 INFO main.train_one_fold] TRAIN CHUNK | Fold 3 | Epoch 047/100 | Loss: 0.1618 | Acc: 0.9339 | Prec: 0.9154 | Recall: 0.9474 | Spec: 0.9218
[2025-11-14 16:23:36,895 INFO main.train_one_fold] TRAIN CHUNK | Fold 3 | Epoch 048/100 | Loss: 0.1694 | Acc: 0.9421 | Prec: 0.9275 | Recall: 0.9518 | Spec: 0.9335
[2025-11-14 16:23:37,138 INFO main.train_one_fold] EVAL CHUNK | Fold 3 | Epoch 048/100 | Loss: 0.0875 | Acc: 0.9704 | Prec: 0.9512 | Recall: 0.9873 | Spec: 0.9556
[2025-11-14 16:23:37,139 INFO main.train_one_fold]   Confusion: TP=78, TN=86, FP=4, FN=1
[2025-11-14 16:23:37,139 INFO main.train_one_fold] EVAL SUBJECT | Fold 3 | Epoch 048/100 | Loss: 0.0875 | Acc: 1.0000 | Prec: 1.0000 | Recall: 1.0000 | Spec: 1.0000
[2025-11-14 16:23:37,139 INFO main.train_one_fold]   Confusion: TP=3, TN=3, FP=0, FN=0
[2025-11-14 16:23:37,164 INFO main.train_one_fold] ✓ Saved best model: checkpoints_fp1_003_mdd_mqm/fold_3_best.pth (combined=0.9704, chunk=0.9704, subject=1.0000)
[2025-11-14 16:23:37,165 INFO early_stopping.__call__] Validation improved from 0.9586 to 0.9704 (+0.0118) at epoch 48
[2025-11-14 16:23:43,687 INFO main.train_one_fold] TRAIN CHUNK | Fold 3 | Epoch 049/100 | Loss: 0.1663 | Acc: 0.9332 | Prec: 0.9212 | Recall: 0.9387 | Spec: 0.9283
[2025-11-14 16:23:49,380 INFO main.train_one_fold] TRAIN CHUNK | Fold 3 | Epoch 050/100 | Loss: 0.1611 | Acc: 0.9332 | Prec: 0.9212 | Recall: 0.9387 | Spec: 0.9283
[2025-11-14 16:23:49,614 INFO main.train_one_fold] EVAL CHUNK | Fold 3 | Epoch 050/100 | Loss: 0.0836 | Acc: 0.9586 | Prec: 0.9615 | Recall: 0.9494 | Spec: 0.9667
[2025-11-14 16:23:49,615 INFO main.train_one_fold]   Confusion: TP=75, TN=87, FP=3, FN=4
[2025-11-14 16:23:49,615 INFO main.train_one_fold] EVAL SUBJECT | Fold 3 | Epoch 050/100 | Loss: 0.0836 | Acc: 1.0000 | Prec: 1.0000 | Recall: 1.0000 | Spec: 1.0000
[2025-11-14 16:23:49,615 INFO main.train_one_fold]   Confusion: TP=3, TN=3, FP=0, FN=0
[2025-11-14 16:23:49,635 INFO main.train_one_fold] Saved checkpoint: checkpoints_fp1_003_mdd_mqm/fold_3_epoch_050.pth
[2025-11-14 16:23:56,298 INFO main.train_one_fold] TRAIN CHUNK | Fold 3 | Epoch 051/100 | Loss: 0.1486 | Acc: 0.9373 | Prec: 0.9267 | Recall: 0.9416 | Spec: 0.9335
[2025-11-14 16:24:02,044 INFO main.train_one_fold] TRAIN CHUNK | Fold 3 | Epoch 052/100 | Loss: 0.1405 | Acc: 0.9373 | Prec: 0.9219 | Recall: 0.9474 | Spec: 0.9283
[2025-11-14 16:24:02,304 INFO main.train_one_fold] EVAL CHUNK | Fold 3 | Epoch 052/100 | Loss: 0.1071 | Acc: 0.9408 | Prec: 0.9600 | Recall: 0.9114 | Spec: 0.9667
[2025-11-14 16:24:02,304 INFO main.train_one_fold]   Confusion: TP=72, TN=87, FP=3, FN=7
[2025-11-14 16:24:02,304 INFO main.train_one_fold] EVAL SUBJECT | Fold 3 | Epoch 052/100 | Loss: 0.1071 | Acc: 1.0000 | Prec: 1.0000 | Recall: 1.0000 | Spec: 1.0000
[2025-11-14 16:24:02,304 INFO main.train_one_fold]   Confusion: TP=3, TN=3, FP=0, FN=0
[2025-11-14 16:24:08,792 INFO main.train_one_fold] TRAIN CHUNK | Fold 3 | Epoch 053/100 | Loss: 0.1629 | Acc: 0.9339 | Prec: 0.9225 | Recall: 0.9387 | Spec: 0.9296
[2025-11-14 16:24:14,466 INFO main.train_one_fold] TRAIN CHUNK | Fold 3 | Epoch 054/100 | Loss: 0.1423 | Acc: 0.9442 | Prec: 0.9339 | Recall: 0.9489 | Spec: 0.9400
[2025-11-14 16:24:14,714 INFO main.train_one_fold] EVAL CHUNK | Fold 3 | Epoch 054/100 | Loss: 0.0778 | Acc: 0.9645 | Prec: 0.9620 | Recall: 0.9620 | Spec: 0.9667
[2025-11-14 16:24:14,715 INFO main.train_one_fold]   Confusion: TP=76, TN=87, FP=3, FN=3
[2025-11-14 16:24:14,715 INFO main.train_one_fold] EVAL SUBJECT | Fold 3 | Epoch 054/100 | Loss: 0.0778 | Acc: 1.0000 | Prec: 1.0000 | Recall: 1.0000 | Spec: 1.0000
[2025-11-14 16:24:14,715 INFO main.train_one_fold]   Confusion: TP=3, TN=3, FP=0, FN=0
[2025-11-14 16:24:28,411 INFO main.train_one_fold] TRAIN CHUNK | Fold 3 | Epoch 055/100 | Loss: 0.1413 | Acc: 0.9449 | Prec: 0.9328 | Recall: 0.9518 | Spec: 0.9387
[2025-11-14 16:25:16,153 INFO main.train_one_fold] TRAIN CHUNK | Fold 3 | Epoch 056/100 | Loss: 0.1644 | Acc: 0.9373 | Prec: 0.9304 | Recall: 0.9372 | Spec: 0.9374
[2025-11-14 16:25:17,518 INFO main.train_one_fold] EVAL CHUNK | Fold 3 | Epoch 056/100 | Loss: 0.0680 | Acc: 0.9645 | Prec: 0.9506 | Recall: 0.9747 | Spec: 0.9556
[2025-11-14 16:25:17,519 INFO main.train_one_fold]   Confusion: TP=77, TN=86, FP=4, FN=2
[2025-11-14 16:25:17,519 INFO main.train_one_fold] EVAL SUBJECT | Fold 3 | Epoch 056/100 | Loss: 0.0680 | Acc: 1.0000 | Prec: 1.0000 | Recall: 1.0000 | Spec: 1.0000
[2025-11-14 16:25:17,520 INFO main.train_one_fold]   Confusion: TP=3, TN=3, FP=0, FN=0
[2025-11-14 16:25:39,947 INFO main.train_one_fold] TRAIN CHUNK | Fold 3 | Epoch 057/100 | Loss: 0.1457 | Acc: 0.9435 | Prec: 0.9264 | Recall: 0.9562 | Spec: 0.9322
[2025-11-14 16:25:50,275 INFO main.train_one_fold] TRAIN CHUNK | Fold 3 | Epoch 058/100 | Loss: 0.1373 | Acc: 0.9449 | Prec: 0.9353 | Recall: 0.9489 | Spec: 0.9413
[2025-11-14 16:25:50,670 INFO main.train_one_fold] EVAL CHUNK | Fold 3 | Epoch 058/100 | Loss: 0.0641 | Acc: 0.9763 | Prec: 1.0000 | Recall: 0.9494 | Spec: 1.0000
[2025-11-14 16:25:50,670 INFO main.train_one_fold]   Confusion: TP=75, TN=90, FP=0, FN=4
[2025-11-14 16:25:50,670 INFO main.train_one_fold] EVAL SUBJECT | Fold 3 | Epoch 058/100 | Loss: 0.0641 | Acc: 1.0000 | Prec: 1.0000 | Recall: 1.0000 | Spec: 1.0000
[2025-11-14 16:25:50,671 INFO main.train_one_fold]   Confusion: TP=3, TN=3, FP=0, FN=0
[2025-11-14 16:25:50,791 INFO main.train_one_fold] ✓ Saved best model: checkpoints_fp1_003_mdd_mqm/fold_3_best.pth (combined=0.9763, chunk=0.9763, subject=1.0000)
[2025-11-14 16:25:50,791 INFO early_stopping.__call__] Validation improved from 0.9704 to 0.9763 (+0.0059) at epoch 58
[2025-11-14 16:26:01,012 INFO main.train_one_fold] TRAIN CHUNK | Fold 3 | Epoch 059/100 | Loss: 0.1379 | Acc: 0.9463 | Prec: 0.9281 | Recall: 0.9606 | Spec: 0.9335
[2025-11-14 16:26:18,226 INFO main.train_one_fold] TRAIN CHUNK | Fold 3 | Epoch 060/100 | Loss: 0.1541 | Acc: 0.9373 | Prec: 0.9355 | Recall: 0.9314 | Spec: 0.9426
[2025-11-14 16:26:19,043 INFO main.train_one_fold] EVAL CHUNK | Fold 3 | Epoch 060/100 | Loss: 0.0683 | Acc: 0.9704 | Prec: 0.9512 | Recall: 0.9873 | Spec: 0.9556
[2025-11-14 16:26:19,043 INFO main.train_one_fold]   Confusion: TP=78, TN=86, FP=4, FN=1
[2025-11-14 16:26:19,044 INFO main.train_one_fold] EVAL SUBJECT | Fold 3 | Epoch 060/100 | Loss: 0.0683 | Acc: 1.0000 | Prec: 1.0000 | Recall: 1.0000 | Spec: 1.0000
[2025-11-14 16:26:19,044 INFO main.train_one_fold]   Confusion: TP=3, TN=3, FP=0, FN=0
[2025-11-14 16:26:19,085 INFO main.train_one_fold] Saved checkpoint: checkpoints_fp1_003_mdd_mqm/fold_3_epoch_060.pth
[2025-11-14 16:26:39,098 INFO main.train_one_fold] TRAIN CHUNK | Fold 3 | Epoch 061/100 | Loss: 0.1342 | Acc: 0.9483 | Prec: 0.9320 | Recall: 0.9606 | Spec: 0.9374
[2025-11-14 16:26:58,907 INFO main.train_one_fold] TRAIN CHUNK | Fold 3 | Epoch 062/100 | Loss: 0.1299 | Acc: 0.9470 | Prec: 0.9380 | Recall: 0.9504 | Spec: 0.9439
[2025-11-14 16:26:59,580 INFO main.train_one_fold] EVAL CHUNK | Fold 3 | Epoch 062/100 | Loss: 0.0753 | Acc: 0.9645 | Prec: 0.9398 | Recall: 0.9873 | Spec: 0.9444
[2025-11-14 16:26:59,581 INFO main.train_one_fold]   Confusion: TP=78, TN=85, FP=5, FN=1
[2025-11-14 16:26:59,581 INFO main.train_one_fold] EVAL SUBJECT | Fold 3 | Epoch 062/100 | Loss: 0.0753 | Acc: 1.0000 | Prec: 1.0000 | Recall: 1.0000 | Spec: 1.0000
[2025-11-14 16:26:59,582 INFO main.train_one_fold]   Confusion: TP=3, TN=3, FP=0, FN=0
[2025-11-14 16:27:16,300 INFO main.train_one_fold] TRAIN CHUNK | Fold 3 | Epoch 063/100 | Loss: 0.1284 | Acc: 0.9477 | Prec: 0.9331 | Recall: 0.9577 | Spec: 0.9387
[2025-11-14 16:27:28,659 INFO main.train_one_fold] TRAIN CHUNK | Fold 3 | Epoch 064/100 | Loss: 0.1333 | Acc: 0.9504 | Prec: 0.9385 | Recall: 0.9577 | Spec: 0.9439
[2025-11-14 16:27:29,214 INFO main.train_one_fold] EVAL CHUNK | Fold 3 | Epoch 064/100 | Loss: 0.0603 | Acc: 0.9763 | Prec: 0.9870 | Recall: 0.9620 | Spec: 0.9889
[2025-11-14 16:27:29,214 INFO main.train_one_fold]   Confusion: TP=76, TN=89, FP=1, FN=3
[2025-11-14 16:27:29,214 INFO main.train_one_fold] EVAL SUBJECT | Fold 3 | Epoch 064/100 | Loss: 0.0603 | Acc: 1.0000 | Prec: 1.0000 | Recall: 1.0000 | Spec: 1.0000
[2025-11-14 16:27:29,215 INFO main.train_one_fold]   Confusion: TP=3, TN=3, FP=0, FN=0
[2025-11-14 16:27:48,024 INFO main.train_one_fold] TRAIN CHUNK | Fold 3 | Epoch 065/100 | Loss: 0.1191 | Acc: 0.9518 | Prec: 0.9450 | Recall: 0.9533 | Spec: 0.9505
[2025-11-14 16:28:06,545 INFO main.train_one_fold] TRAIN CHUNK | Fold 3 | Epoch 066/100 | Loss: 0.1513 | Acc: 0.9415 | Prec: 0.9386 | Recall: 0.9372 | Spec: 0.9452
[2025-11-14 16:28:07,780 INFO main.train_one_fold] EVAL CHUNK | Fold 3 | Epoch 066/100 | Loss: 0.0768 | Acc: 0.9527 | Prec: 0.9277 | Recall: 0.9747 | Spec: 0.9333
[2025-11-14 16:28:07,780 INFO main.train_one_fold]   Confusion: TP=77, TN=84, FP=6, FN=2
[2025-11-14 16:28:07,781 INFO main.train_one_fold] EVAL SUBJECT | Fold 3 | Epoch 066/100 | Loss: 0.0768 | Acc: 1.0000 | Prec: 1.0000 | Recall: 1.0000 | Spec: 1.0000
[2025-11-14 16:28:07,781 INFO main.train_one_fold]   Confusion: TP=3, TN=3, FP=0, FN=0
[2025-11-14 16:28:16,060 INFO main.train_one_fold] TRAIN CHUNK | Fold 3 | Epoch 067/100 | Loss: 0.1483 | Acc: 0.9332 | Prec: 0.9236 | Recall: 0.9358 | Spec: 0.9309
[2025-11-14 16:28:23,240 INFO main.train_one_fold] TRAIN CHUNK | Fold 3 | Epoch 068/100 | Loss: 0.1200 | Acc: 0.9504 | Prec: 0.9397 | Recall: 0.9562 | Spec: 0.9452
[2025-11-14 16:28:23,535 INFO main.train_one_fold] EVAL CHUNK | Fold 3 | Epoch 068/100 | Loss: 0.0963 | Acc: 0.9586 | Prec: 0.9865 | Recall: 0.9241 | Spec: 0.9889
[2025-11-14 16:28:23,535 INFO main.train_one_fold]   Confusion: TP=73, TN=89, FP=1, FN=6
[2025-11-14 16:28:23,535 INFO main.train_one_fold] EVAL SUBJECT | Fold 3 | Epoch 068/100 | Loss: 0.0963 | Acc: 1.0000 | Prec: 1.0000 | Recall: 1.0000 | Spec: 1.0000
[2025-11-14 16:28:23,536 INFO main.train_one_fold]   Confusion: TP=3, TN=3, FP=0, FN=0
[2025-11-14 16:28:29,329 INFO main.train_one_fold] TRAIN CHUNK | Fold 3 | Epoch 069/100 | Loss: 0.1336 | Acc: 0.9449 | Prec: 0.9390 | Recall: 0.9445 | Spec: 0.9452
[2025-11-14 16:28:35,510 INFO main.train_one_fold] TRAIN CHUNK | Fold 3 | Epoch 070/100 | Loss: 0.1129 | Acc: 0.9559 | Prec: 0.9493 | Recall: 0.9577 | Spec: 0.9544
[2025-11-14 16:28:35,768 INFO main.train_one_fold] EVAL CHUNK | Fold 3 | Epoch 070/100 | Loss: 0.0741 | Acc: 0.9704 | Prec: 1.0000 | Recall: 0.9367 | Spec: 1.0000
[2025-11-14 16:28:35,769 INFO main.train_one_fold]   Confusion: TP=74, TN=90, FP=0, FN=5
[2025-11-14 16:28:35,769 INFO main.train_one_fold] EVAL SUBJECT | Fold 3 | Epoch 070/100 | Loss: 0.0741 | Acc: 1.0000 | Prec: 1.0000 | Recall: 1.0000 | Spec: 1.0000
[2025-11-14 16:28:35,769 INFO main.train_one_fold]   Confusion: TP=3, TN=3, FP=0, FN=0
[2025-11-14 16:28:35,789 INFO main.train_one_fold] Saved checkpoint: checkpoints_fp1_003_mdd_mqm/fold_3_epoch_070.pth
[2025-11-14 16:28:46,227 INFO main.train_one_fold] TRAIN CHUNK | Fold 3 | Epoch 071/100 | Loss: 0.1360 | Acc: 0.9415 | Prec: 0.9373 | Recall: 0.9387 | Spec: 0.9439
[2025-11-14 16:28:57,129 INFO main.train_one_fold] TRAIN CHUNK | Fold 3 | Epoch 072/100 | Loss: 0.1099 | Acc: 0.9532 | Prec: 0.9452 | Recall: 0.9562 | Spec: 0.9505
[2025-11-14 16:28:57,614 INFO main.train_one_fold] EVAL CHUNK | Fold 3 | Epoch 072/100 | Loss: 0.0421 | Acc: 0.9763 | Prec: 0.9518 | Recall: 1.0000 | Spec: 0.9556
[2025-11-14 16:28:57,615 INFO main.train_one_fold]   Confusion: TP=79, TN=86, FP=4, FN=0
[2025-11-14 16:28:57,615 INFO main.train_one_fold] EVAL SUBJECT | Fold 3 | Epoch 072/100 | Loss: 0.0421 | Acc: 1.0000 | Prec: 1.0000 | Recall: 1.0000 | Spec: 1.0000
[2025-11-14 16:28:57,615 INFO main.train_one_fold]   Confusion: TP=3, TN=3, FP=0, FN=0
[2025-11-14 16:29:09,143 INFO main.train_one_fold] TRAIN CHUNK | Fold 3 | Epoch 073/100 | Loss: 0.1332 | Acc: 0.9490 | Prec: 0.9371 | Recall: 0.9562 | Spec: 0.9426
[2025-11-14 16:29:28,197 INFO main.train_one_fold] TRAIN CHUNK | Fold 3 | Epoch 074/100 | Loss: 0.1234 | Acc: 0.9470 | Prec: 0.9419 | Recall: 0.9460 | Spec: 0.9478
[2025-11-14 16:29:28,772 INFO main.train_one_fold] EVAL CHUNK | Fold 3 | Epoch 074/100 | Loss: 0.0702 | Acc: 0.9645 | Prec: 1.0000 | Recall: 0.9241 | Spec: 1.0000
[2025-11-14 16:29:28,773 INFO main.train_one_fold]   Confusion: TP=73, TN=90, FP=0, FN=6
[2025-11-14 16:29:28,773 INFO main.train_one_fold] EVAL SUBJECT | Fold 3 | Epoch 074/100 | Loss: 0.0702 | Acc: 1.0000 | Prec: 1.0000 | Recall: 1.0000 | Spec: 1.0000
[2025-11-14 16:29:28,773 INFO main.train_one_fold]   Confusion: TP=3, TN=3, FP=0, FN=0
[2025-11-14 16:29:42,307 INFO main.train_one_fold] TRAIN CHUNK | Fold 3 | Epoch 075/100 | Loss: 0.1166 | Acc: 0.9525 | Prec: 0.9516 | Recall: 0.9474 | Spec: 0.9570
[2025-11-14 16:29:57,746 INFO main.train_one_fold] TRAIN CHUNK | Fold 3 | Epoch 076/100 | Loss: 0.1076 | Acc: 0.9628 | Prec: 0.9606 | Recall: 0.9606 | Spec: 0.9648
[2025-11-14 16:29:58,352 INFO main.train_one_fold] EVAL CHUNK | Fold 3 | Epoch 076/100 | Loss: 0.0777 | Acc: 0.9527 | Prec: 0.9610 | Recall: 0.9367 | Spec: 0.9667
[2025-11-14 16:29:58,353 INFO main.train_one_fold]   Confusion: TP=74, TN=87, FP=3, FN=5
[2025-11-14 16:29:58,354 INFO main.train_one_fold] EVAL SUBJECT | Fold 3 | Epoch 076/100 | Loss: 0.0777 | Acc: 1.0000 | Prec: 1.0000 | Recall: 1.0000 | Spec: 1.0000
[2025-11-14 16:29:58,354 INFO main.train_one_fold]   Confusion: TP=3, TN=3, FP=0, FN=0
[2025-11-14 16:30:13,731 INFO main.train_one_fold] TRAIN CHUNK | Fold 3 | Epoch 077/100 | Loss: 0.1053 | Acc: 0.9601 | Prec: 0.9537 | Recall: 0.9620 | Spec: 0.9583
[2025-11-14 16:30:25,948 INFO main.train_one_fold] TRAIN CHUNK | Fold 3 | Epoch 078/100 | Loss: 0.1020 | Acc: 0.9587 | Prec: 0.9522 | Recall: 0.9606 | Spec: 0.9570
[2025-11-14 16:30:26,434 INFO main.train_one_fold] EVAL CHUNK | Fold 3 | Epoch 078/100 | Loss: 0.0831 | Acc: 0.9586 | Prec: 0.9286 | Recall: 0.9873 | Spec: 0.9333
[2025-11-14 16:30:26,435 INFO main.train_one_fold]   Confusion: TP=78, TN=84, FP=6, FN=1
[2025-11-14 16:30:26,435 INFO main.train_one_fold] EVAL SUBJECT | Fold 3 | Epoch 078/100 | Loss: 0.0831 | Acc: 1.0000 | Prec: 1.0000 | Recall: 1.0000 | Spec: 1.0000
[2025-11-14 16:30:26,435 INFO main.train_one_fold]   Confusion: TP=3, TN=3, FP=0, FN=0
[2025-11-14 16:30:26,435 INFO early_stopping.__call__] Early stopping triggered after 20 epochs without improvement. Best score: 0.9763 at epoch 58
[2025-11-14 16:30:26,435 INFO main.train_one_fold] Early stopping triggered at epoch 78
[2025-11-14 16:30:26,435 INFO main.train_one_fold] 
Fold 3 training completed. Best Combined Val Acc: 0.9763 at epoch 58
[2025-11-14 16:30:26,435 INFO main.train_cross_validation] ================================================================================
[2025-11-14 16:30:26,435 INFO main.train_cross_validation] FOLD 4/10
[2025-11-14 16:30:26,435 INFO main.train_cross_validation] ================================================================================
[2025-11-14 16:30:26,436 INFO main.get_datasets_for_fold] Train subjects (48): ['mdd:H S2', 'mdd:H S7', 'mdd:H S19', 'mdd:MDD S31', 'mdd:MDD S22', 'mdd:MDD S19', 'mdd:H S30', 'mdd:H S1', 'mdd:H S22', 'mdd:MDD S25', 'mdd:MDD S34', 'mdd:MDD S17', 'mdd:H S27', 'mdd:H S4', 'mdd:H S21', 'mdd:MDD S3', 'mdd:MDD S1', 'mdd:MDD S14', 'mdd:H S14', 'mdd:H S15', 'mdd:H S11', 'mdd:MDD S33', 'mdd:MDD S18', 'mdd:MDD S5', 'mdd:H S26', 'mdd:H S5', 'mdd:H S13', 'mdd:MDD S15', 'mdd:MDD S13', 'mdd:MDD S9', 'mdd:H S8', 'mdd:H S6', 'mdd:H S28', 'mdd:MDD S30', 'mdd:MDD S32', 'mdd:H S9', 'mdd:H S3', 'mdd:H S17', 'mdd:MDD S27', 'mdd:MDD S28', 'mdd:H S20', 'mdd:H S24', 'mdd:MDD S21', 'mdd:MDD S29', 'mdd:H S29', 'mdd:H S16', 'mdd:MDD S6', 'mdd:MDD S23']...
[2025-11-14 16:30:26,436 INFO main.get_datasets_for_fold] Val subjects (6): ['mdd:H S23', 'mdd:H S25', 'mdd:H S10', 'mdd:MDD S10', 'mdd:MDD S26', 'mdd:MDD S20']
[2025-11-14 16:30:26,438 INFO main.get_datasets_for_fold] Training chunks: 1433
[2025-11-14 16:30:26,438 INFO main.get_datasets_for_fold] Validation chunks: 188
[2025-11-14 16:30:26,455 INFO model.__init__] Initialized LSTM with input_size=1728, hidden_size=100, batch_first=True
[2025-11-14 16:30:26,465 INFO main.train_one_fold] Starting training for fold 4
[2025-11-14 16:30:38,874 INFO main.train_one_fold] TRAIN CHUNK | Fold 4 | Epoch 001/100 | Loss: 0.6900 | Acc: 0.5297 | Prec: 0.0000 | Recall: 0.0000 | Spec: 1.0000
[2025-11-14 16:30:55,751 INFO main.train_one_fold] TRAIN CHUNK | Fold 4 | Epoch 002/100 | Loss: 0.6447 | Acc: 0.6755 | Prec: 0.7802 | Recall: 0.4318 | Spec: 0.8920
[2025-11-14 16:30:57,389 INFO main.train_one_fold] EVAL CHUNK | Fold 4 | Epoch 002/100 | Loss: 0.5652 | Acc: 0.8085 | Prec: 0.7368 | Recall: 0.9333 | Spec: 0.6939
[2025-11-14 16:30:57,390 INFO main.train_one_fold]   Confusion: TP=84, TN=68, FP=30, FN=6
[2025-11-14 16:30:57,390 INFO main.train_one_fold] EVAL SUBJECT | Fold 4 | Epoch 002/100 | Loss: 0.5652 | Acc: 0.8333 | Prec: 0.7500 | Recall: 1.0000 | Spec: 0.6667
[2025-11-14 16:30:57,390 INFO main.train_one_fold]   Confusion: TP=3, TN=2, FP=1, FN=0
[2025-11-14 16:30:57,427 INFO main.train_one_fold] ✓ Saved best model: checkpoints_fp1_003_mdd_mqm/fold_4_best.pth (combined=0.6738, chunk=0.8085, subject=0.8333)
[2025-11-14 16:30:57,427 INFO early_stopping.__call__] Early stopping initialized: best score 0.6738 at epoch 2
[2025-11-14 16:31:12,370 INFO main.train_one_fold] TRAIN CHUNK | Fold 4 | Epoch 003/100 | Loss: 0.4662 | Acc: 0.8500 | Prec: 0.8072 | Recall: 0.8947 | Spec: 0.8103
[2025-11-14 16:31:26,666 INFO main.train_one_fold] TRAIN CHUNK | Fold 4 | Epoch 004/100 | Loss: 0.3473 | Acc: 0.8890 | Prec: 0.8484 | Recall: 0.9303 | Spec: 0.8524
[2025-11-14 16:31:29,348 INFO main.train_one_fold] EVAL CHUNK | Fold 4 | Epoch 004/100 | Loss: 0.4476 | Acc: 0.8404 | Prec: 0.7500 | Recall: 1.0000 | Spec: 0.6939
[2025-11-14 16:31:29,386 INFO main.train_one_fold]   Confusion: TP=90, TN=68, FP=30, FN=0
[2025-11-14 16:31:29,392 INFO main.train_one_fold] EVAL SUBJECT | Fold 4 | Epoch 004/100 | Loss: 0.4476 | Acc: 0.8333 | Prec: 0.7500 | Recall: 1.0000 | Spec: 0.6667
[2025-11-14 16:31:29,392 INFO main.train_one_fold]   Confusion: TP=3, TN=2, FP=1, FN=0
[2025-11-14 16:31:29,485 INFO main.train_one_fold] ✓ Saved best model: checkpoints_fp1_003_mdd_mqm/fold_4_best.pth (combined=0.7004, chunk=0.8404, subject=0.8333)
[2025-11-14 16:31:29,486 INFO early_stopping.__call__] Validation improved from 0.6738 to 0.7004 (+0.0266) at epoch 4
[2025-11-14 16:31:47,811 INFO main.train_one_fold] TRAIN CHUNK | Fold 4 | Epoch 005/100 | Loss: 0.2985 | Acc: 0.8835 | Prec: 0.8506 | Recall: 0.9125 | Spec: 0.8577
[2025-11-14 16:31:57,735 INFO main.train_one_fold] TRAIN CHUNK | Fold 4 | Epoch 006/100 | Loss: 0.2772 | Acc: 0.8925 | Prec: 0.8714 | Recall: 0.9050 | Spec: 0.8814
[2025-11-14 16:31:58,123 INFO main.train_one_fold] EVAL CHUNK | Fold 4 | Epoch 006/100 | Loss: 0.4552 | Acc: 0.8404 | Prec: 0.7500 | Recall: 1.0000 | Spec: 0.6939
[2025-11-14 16:31:58,123 INFO main.train_one_fold]   Confusion: TP=90, TN=68, FP=30, FN=0
[2025-11-14 16:31:58,123 INFO main.train_one_fold] EVAL SUBJECT | Fold 4 | Epoch 006/100 | Loss: 0.4552 | Acc: 0.8333 | Prec: 0.7500 | Recall: 1.0000 | Spec: 0.6667
[2025-11-14 16:31:58,123 INFO main.train_one_fold]   Confusion: TP=3, TN=2, FP=1, FN=0
[2025-11-14 16:32:03,621 INFO main.train_one_fold] TRAIN CHUNK | Fold 4 | Epoch 007/100 | Loss: 0.2531 | Acc: 0.9002 | Prec: 0.8703 | Recall: 0.9258 | Spec: 0.8775
[2025-11-14 16:32:08,994 INFO main.train_one_fold] TRAIN CHUNK | Fold 4 | Epoch 008/100 | Loss: 0.2642 | Acc: 0.9058 | Prec: 0.8867 | Recall: 0.9169 | Spec: 0.8959
[2025-11-14 16:32:09,301 INFO main.train_one_fold] EVAL CHUNK | Fold 4 | Epoch 008/100 | Loss: 0.4546 | Acc: 0.7819 | Prec: 0.7290 | Recall: 0.8667 | Spec: 0.7041
[2025-11-14 16:32:09,301 INFO main.train_one_fold]   Confusion: TP=78, TN=69, FP=29, FN=12
[2025-11-14 16:32:09,301 INFO main.train_one_fold] EVAL SUBJECT | Fold 4 | Epoch 008/100 | Loss: 0.4546 | Acc: 0.8333 | Prec: 0.7500 | Recall: 1.0000 | Spec: 0.6667
[2025-11-14 16:32:09,301 INFO main.train_one_fold]   Confusion: TP=3, TN=2, FP=1, FN=0
[2025-11-14 16:32:14,960 INFO main.train_one_fold] TRAIN CHUNK | Fold 4 | Epoch 009/100 | Loss: 0.2241 | Acc: 0.9121 | Prec: 0.9077 | Recall: 0.9050 | Spec: 0.9183
[2025-11-14 16:32:20,519 INFO main.train_one_fold] TRAIN CHUNK | Fold 4 | Epoch 010/100 | Loss: 0.2136 | Acc: 0.9253 | Prec: 0.9151 | Recall: 0.9273 | Spec: 0.9236
[2025-11-14 16:32:20,889 INFO main.train_one_fold] EVAL CHUNK | Fold 4 | Epoch 010/100 | Loss: 0.5248 | Acc: 0.8138 | Prec: 0.7391 | Recall: 0.9444 | Spec: 0.6939
[2025-11-14 16:32:20,890 INFO main.train_one_fold]   Confusion: TP=85, TN=68, FP=30, FN=5
[2025-11-14 16:32:20,890 INFO main.train_one_fold] EVAL SUBJECT | Fold 4 | Epoch 010/100 | Loss: 0.5248 | Acc: 0.8333 | Prec: 0.7500 | Recall: 1.0000 | Spec: 0.6667
[2025-11-14 16:32:20,890 INFO main.train_one_fold]   Confusion: TP=3, TN=2, FP=1, FN=0
[2025-11-14 16:32:20,908 INFO main.train_one_fold] Saved checkpoint: checkpoints_fp1_003_mdd_mqm/fold_4_epoch_010.pth
[2025-11-14 16:32:28,209 INFO main.train_one_fold] TRAIN CHUNK | Fold 4 | Epoch 011/100 | Loss: 0.2056 | Acc: 0.9149 | Prec: 0.9095 | Recall: 0.9095 | Spec: 0.9196
[2025-11-14 16:32:34,361 INFO main.train_one_fold] TRAIN CHUNK | Fold 4 | Epoch 012/100 | Loss: 0.1979 | Acc: 0.9204 | Prec: 0.9179 | Recall: 0.9125 | Spec: 0.9275
[2025-11-14 16:32:34,631 INFO main.train_one_fold] EVAL CHUNK | Fold 4 | Epoch 012/100 | Loss: 0.6199 | Acc: 0.8298 | Prec: 0.7458 | Recall: 0.9778 | Spec: 0.6939
[2025-11-14 16:32:34,632 INFO main.train_one_fold]   Confusion: TP=88, TN=68, FP=30, FN=2
[2025-11-14 16:32:34,632 INFO main.train_one_fold] EVAL SUBJECT | Fold 4 | Epoch 012/100 | Loss: 0.6199 | Acc: 0.8333 | Prec: 0.7500 | Recall: 1.0000 | Spec: 0.6667
[2025-11-14 16:32:34,632 INFO main.train_one_fold]   Confusion: TP=3, TN=2, FP=1, FN=0
[2025-11-14 16:32:43,128 INFO main.train_one_fold] TRAIN CHUNK | Fold 4 | Epoch 013/100 | Loss: 0.1985 | Acc: 0.9274 | Prec: 0.9155 | Recall: 0.9318 | Spec: 0.9236
[2025-11-14 16:32:52,768 INFO main.train_one_fold] TRAIN CHUNK | Fold 4 | Epoch 014/100 | Loss: 0.1861 | Acc: 0.9253 | Prec: 0.9127 | Recall: 0.9303 | Spec: 0.9209
[2025-11-14 16:32:53,580 INFO main.train_one_fold] EVAL CHUNK | Fold 4 | Epoch 014/100 | Loss: 0.5987 | Acc: 0.8191 | Prec: 0.7414 | Recall: 0.9556 | Spec: 0.6939
[2025-11-14 16:32:53,585 INFO main.train_one_fold]   Confusion: TP=86, TN=68, FP=30, FN=4
[2025-11-14 16:32:53,587 INFO main.train_one_fold] EVAL SUBJECT | Fold 4 | Epoch 014/100 | Loss: 0.5987 | Acc: 0.8333 | Prec: 0.7500 | Recall: 1.0000 | Spec: 0.6667
[2025-11-14 16:32:53,587 INFO main.train_one_fold]   Confusion: TP=3, TN=2, FP=1, FN=0
[2025-11-14 16:33:05,608 INFO main.train_one_fold] TRAIN CHUNK | Fold 4 | Epoch 015/100 | Loss: 0.2008 | Acc: 0.9177 | Prec: 0.9162 | Recall: 0.9080 | Spec: 0.9262
[2025-11-14 16:33:15,143 INFO main.train_one_fold] TRAIN CHUNK | Fold 4 | Epoch 016/100 | Loss: 0.1836 | Acc: 0.9288 | Prec: 0.9218 | Recall: 0.9273 | Spec: 0.9302
[2025-11-14 16:33:15,591 INFO main.train_one_fold] EVAL CHUNK | Fold 4 | Epoch 016/100 | Loss: 0.5515 | Acc: 0.8245 | Prec: 0.7436 | Recall: 0.9667 | Spec: 0.6939
[2025-11-14 16:33:15,592 INFO main.train_one_fold]   Confusion: TP=87, TN=68, FP=30, FN=3
[2025-11-14 16:33:15,592 INFO main.train_one_fold] EVAL SUBJECT | Fold 4 | Epoch 016/100 | Loss: 0.5515 | Acc: 0.8333 | Prec: 0.7500 | Recall: 1.0000 | Spec: 0.6667
[2025-11-14 16:33:15,592 INFO main.train_one_fold]   Confusion: TP=3, TN=2, FP=1, FN=0
[2025-11-14 16:33:25,774 INFO main.train_one_fold] TRAIN CHUNK | Fold 4 | Epoch 017/100 | Loss: 0.1808 | Acc: 0.9267 | Prec: 0.9240 | Recall: 0.9199 | Spec: 0.9328
[2025-11-14 16:33:36,498 INFO main.train_one_fold] TRAIN CHUNK | Fold 4 | Epoch 018/100 | Loss: 0.1750 | Acc: 0.9372 | Prec: 0.9345 | Recall: 0.9318 | Spec: 0.9420
[2025-11-14 16:33:37,001 INFO main.train_one_fold] EVAL CHUNK | Fold 4 | Epoch 018/100 | Loss: 0.5188 | Acc: 0.8298 | Prec: 0.7458 | Recall: 0.9778 | Spec: 0.6939
[2025-11-14 16:33:37,002 INFO main.train_one_fold]   Confusion: TP=88, TN=68, FP=30, FN=2
[2025-11-14 16:33:37,002 INFO main.train_one_fold] EVAL SUBJECT | Fold 4 | Epoch 018/100 | Loss: 0.5188 | Acc: 0.8333 | Prec: 0.7500 | Recall: 1.0000 | Spec: 0.6667
[2025-11-14 16:33:37,002 INFO main.train_one_fold]   Confusion: TP=3, TN=2, FP=1, FN=0
[2025-11-14 16:33:44,536 INFO main.train_one_fold] TRAIN CHUNK | Fold 4 | Epoch 019/100 | Loss: 0.1620 | Acc: 0.9344 | Prec: 0.9328 | Recall: 0.9273 | Spec: 0.9407
[2025-11-14 16:33:51,208 INFO main.train_one_fold] TRAIN CHUNK | Fold 4 | Epoch 020/100 | Loss: 0.1680 | Acc: 0.9316 | Prec: 0.9235 | Recall: 0.9318 | Spec: 0.9315
[2025-11-14 16:33:51,531 INFO main.train_one_fold] EVAL CHUNK | Fold 4 | Epoch 020/100 | Loss: 0.5669 | Acc: 0.8138 | Prec: 0.7434 | Recall: 0.9333 | Spec: 0.7041
[2025-11-14 16:33:51,532 INFO main.train_one_fold]   Confusion: TP=84, TN=69, FP=29, FN=6
[2025-11-14 16:33:51,532 INFO main.train_one_fold] EVAL SUBJECT | Fold 4 | Epoch 020/100 | Loss: 0.5669 | Acc: 0.8333 | Prec: 0.7500 | Recall: 1.0000 | Spec: 0.6667
[2025-11-14 16:33:51,532 INFO main.train_one_fold]   Confusion: TP=3, TN=2, FP=1, FN=0
[2025-11-14 16:33:51,556 INFO main.train_one_fold] Saved checkpoint: checkpoints_fp1_003_mdd_mqm/fold_4_epoch_020.pth
[2025-11-14 16:33:57,907 INFO main.train_one_fold] TRAIN CHUNK | Fold 4 | Epoch 021/100 | Loss: 0.1636 | Acc: 0.9316 | Prec: 0.9273 | Recall: 0.9273 | Spec: 0.9354
[2025-11-14 16:34:04,876 INFO main.train_one_fold] TRAIN CHUNK | Fold 4 | Epoch 022/100 | Loss: 0.1605 | Acc: 0.9316 | Prec: 0.9235 | Recall: 0.9318 | Spec: 0.9315
[2025-11-14 16:34:05,244 INFO main.train_one_fold] EVAL CHUNK | Fold 4 | Epoch 022/100 | Loss: 0.7064 | Acc: 0.8298 | Prec: 0.7458 | Recall: 0.9778 | Spec: 0.6939
[2025-11-14 16:34:05,244 INFO main.train_one_fold]   Confusion: TP=88, TN=68, FP=30, FN=2
[2025-11-14 16:34:05,244 INFO main.train_one_fold] EVAL SUBJECT | Fold 4 | Epoch 022/100 | Loss: 0.7064 | Acc: 0.8333 | Prec: 0.7500 | Recall: 1.0000 | Spec: 0.6667
[2025-11-14 16:34:05,244 INFO main.train_one_fold]   Confusion: TP=3, TN=2, FP=1, FN=0
[2025-11-14 16:34:11,884 INFO main.train_one_fold] TRAIN CHUNK | Fold 4 | Epoch 023/100 | Loss: 0.1678 | Acc: 0.9281 | Prec: 0.9217 | Recall: 0.9258 | Spec: 0.9302
[2025-11-14 16:34:18,528 INFO main.train_one_fold] TRAIN CHUNK | Fold 4 | Epoch 024/100 | Loss: 0.1518 | Acc: 0.9351 | Prec: 0.9355 | Recall: 0.9258 | Spec: 0.9433
[2025-11-14 16:34:18,847 INFO main.train_one_fold] EVAL CHUNK | Fold 4 | Epoch 024/100 | Loss: 0.5572 | Acc: 0.8138 | Prec: 0.7477 | Recall: 0.9222 | Spec: 0.7143
[2025-11-14 16:34:18,848 INFO main.train_one_fold]   Confusion: TP=83, TN=70, FP=28, FN=7
[2025-11-14 16:34:18,848 INFO main.train_one_fold] EVAL SUBJECT | Fold 4 | Epoch 024/100 | Loss: 0.5572 | Acc: 0.8333 | Prec: 0.7500 | Recall: 1.0000 | Spec: 0.6667
[2025-11-14 16:34:18,848 INFO main.train_one_fold]   Confusion: TP=3, TN=2, FP=1, FN=0
[2025-11-14 16:34:18,848 INFO early_stopping.__call__] Early stopping triggered after 20 epochs without improvement. Best score: 0.7004 at epoch 4
[2025-11-14 16:34:18,848 INFO main.train_one_fold] Early stopping triggered at epoch 24
[2025-11-14 16:34:18,848 INFO main.train_one_fold] 
Fold 4 training completed. Best Combined Val Acc: 0.7004 at epoch 4
[2025-11-14 16:34:18,849 INFO main.train_cross_validation] ================================================================================
[2025-11-14 16:34:18,849 INFO main.train_cross_validation] FOLD 5/10
[2025-11-14 16:34:18,849 INFO main.train_cross_validation] ================================================================================
[2025-11-14 16:34:18,850 INFO main.get_datasets_for_fold] Train subjects (48): ['mdd:H S2', 'mdd:H S7', 'mdd:H S19', 'mdd:MDD S31', 'mdd:MDD S22', 'mdd:MDD S19', 'mdd:H S30', 'mdd:H S1', 'mdd:H S22', 'mdd:MDD S25', 'mdd:MDD S34', 'mdd:MDD S17', 'mdd:H S27', 'mdd:H S4', 'mdd:H S21', 'mdd:MDD S3', 'mdd:MDD S1', 'mdd:MDD S14', 'mdd:H S23', 'mdd:H S25', 'mdd:H S10', 'mdd:MDD S10', 'mdd:MDD S26', 'mdd:MDD S20', 'mdd:H S26', 'mdd:H S5', 'mdd:H S13', 'mdd:MDD S15', 'mdd:MDD S13', 'mdd:MDD S9', 'mdd:H S8', 'mdd:H S6', 'mdd:H S28', 'mdd:MDD S30', 'mdd:MDD S32', 'mdd:H S9', 'mdd:H S3', 'mdd:H S17', 'mdd:MDD S27', 'mdd:MDD S28', 'mdd:H S20', 'mdd:H S24', 'mdd:MDD S21', 'mdd:MDD S29', 'mdd:H S29', 'mdd:H S16', 'mdd:MDD S6', 'mdd:MDD S23']...
[2025-11-14 16:34:18,850 INFO main.get_datasets_for_fold] Val subjects (6): ['mdd:H S14', 'mdd:H S15', 'mdd:H S11', 'mdd:MDD S33', 'mdd:MDD S18', 'mdd:MDD S5']
[2025-11-14 16:34:18,851 INFO main.get_datasets_for_fold] Training chunks: 1441
[2025-11-14 16:34:18,851 INFO main.get_datasets_for_fold] Validation chunks: 180
[2025-11-14 16:34:18,866 INFO model.__init__] Initialized LSTM with input_size=1728, hidden_size=100, batch_first=True
[2025-11-14 16:34:18,868 INFO main.train_one_fold] Starting training for fold 5
[2025-11-14 16:34:25,996 INFO main.train_one_fold] TRAIN CHUNK | Fold 5 | Epoch 001/100 | Loss: 0.6904 | Acc: 0.5330 | Prec: 1.0000 | Recall: 0.0015 | Spec: 1.0000
[2025-11-14 16:34:33,617 INFO main.train_one_fold] TRAIN CHUNK | Fold 5 | Epoch 002/100 | Loss: 0.6421 | Acc: 0.7155 | Prec: 0.8350 | Recall: 0.4881 | Spec: 0.9153
[2025-11-14 16:34:34,191 INFO main.train_one_fold] EVAL CHUNK | Fold 5 | Epoch 002/100 | Loss: 0.5060 | Acc: 0.8333 | Prec: 1.0000 | Recall: 0.6667 | Spec: 1.0000
[2025-11-14 16:34:34,191 INFO main.train_one_fold]   Confusion: TP=60, TN=90, FP=0, FN=30
[2025-11-14 16:34:34,192 INFO main.train_one_fold] EVAL SUBJECT | Fold 5 | Epoch 002/100 | Loss: 0.5060 | Acc: 0.8333 | Prec: 1.0000 | Recall: 0.6667 | Spec: 1.0000
[2025-11-14 16:34:34,192 INFO main.train_one_fold]   Confusion: TP=2, TN=3, FP=0, FN=1
[2025-11-14 16:34:34,235 INFO main.train_one_fold] ✓ Saved best model: checkpoints_fp1_003_mdd_mqm/fold_5_best.pth (combined=0.6944, chunk=0.8333, subject=0.8333)
[2025-11-14 16:34:34,235 INFO early_stopping.__call__] Early stopping initialized: best score 0.6944 at epoch 2
[2025-11-14 16:34:41,196 INFO main.train_one_fold] TRAIN CHUNK | Fold 5 | Epoch 003/100 | Loss: 0.4256 | Acc: 0.8605 | Prec: 0.7982 | Recall: 0.9392 | Spec: 0.7914
[2025-11-14 16:34:47,844 INFO main.train_one_fold] TRAIN CHUNK | Fold 5 | Epoch 004/100 | Loss: 0.3299 | Acc: 0.8772 | Prec: 0.8126 | Recall: 0.9585 | Spec: 0.8057
[2025-11-14 16:34:48,167 INFO main.train_one_fold] EVAL CHUNK | Fold 5 | Epoch 004/100 | Loss: 0.3359 | Acc: 0.8778 | Prec: 1.0000 | Recall: 0.7556 | Spec: 1.0000
[2025-11-14 16:34:48,167 INFO main.train_one_fold]   Confusion: TP=68, TN=90, FP=0, FN=22
[2025-11-14 16:34:48,167 INFO main.train_one_fold] EVAL SUBJECT | Fold 5 | Epoch 004/100 | Loss: 0.3359 | Acc: 0.8333 | Prec: 1.0000 | Recall: 0.6667 | Spec: 1.0000
[2025-11-14 16:34:48,167 INFO main.train_one_fold]   Confusion: TP=2, TN=3, FP=0, FN=1
[2025-11-14 16:34:48,200 INFO main.train_one_fold] ✓ Saved best model: checkpoints_fp1_003_mdd_mqm/fold_5_best.pth (combined=0.7315, chunk=0.8778, subject=0.8333)
[2025-11-14 16:34:48,201 INFO early_stopping.__call__] Validation improved from 0.6944 to 0.7315 (+0.0370) at epoch 4
[2025-11-14 16:34:54,252 INFO main.train_one_fold] TRAIN CHUNK | Fold 5 | Epoch 005/100 | Loss: 0.3109 | Acc: 0.8806 | Prec: 0.8202 | Recall: 0.9540 | Spec: 0.8162
[2025-11-14 16:35:00,303 INFO main.train_one_fold] TRAIN CHUNK | Fold 5 | Epoch 006/100 | Loss: 0.2978 | Acc: 0.8862 | Prec: 0.8253 | Recall: 0.9599 | Spec: 0.8214
[2025-11-14 16:35:00,611 INFO main.train_one_fold] EVAL CHUNK | Fold 5 | Epoch 006/100 | Loss: 0.3647 | Acc: 0.8444 | Prec: 1.0000 | Recall: 0.6889 | Spec: 1.0000
[2025-11-14 16:35:00,611 INFO main.train_one_fold]   Confusion: TP=62, TN=90, FP=0, FN=28
[2025-11-14 16:35:00,611 INFO main.train_one_fold] EVAL SUBJECT | Fold 5 | Epoch 006/100 | Loss: 0.3647 | Acc: 0.8333 | Prec: 1.0000 | Recall: 0.6667 | Spec: 1.0000
[2025-11-14 16:35:00,612 INFO main.train_one_fold]   Confusion: TP=2, TN=3, FP=0, FN=1
[2025-11-14 16:35:06,975 INFO main.train_one_fold] TRAIN CHUNK | Fold 5 | Epoch 007/100 | Loss: 0.2942 | Acc: 0.8862 | Prec: 0.8320 | Recall: 0.9481 | Spec: 0.8318
[2025-11-14 16:35:12,809 INFO main.train_one_fold] TRAIN CHUNK | Fold 5 | Epoch 008/100 | Loss: 0.3019 | Acc: 0.8855 | Prec: 0.8275 | Recall: 0.9540 | Spec: 0.8253
[2025-11-14 16:35:13,113 INFO main.train_one_fold] EVAL CHUNK | Fold 5 | Epoch 008/100 | Loss: 0.2680 | Acc: 0.8889 | Prec: 1.0000 | Recall: 0.7778 | Spec: 1.0000
[2025-11-14 16:35:13,113 INFO main.train_one_fold]   Confusion: TP=70, TN=90, FP=0, FN=20
[2025-11-14 16:35:13,113 INFO main.train_one_fold] EVAL SUBJECT | Fold 5 | Epoch 008/100 | Loss: 0.2680 | Acc: 0.8333 | Prec: 1.0000 | Recall: 0.6667 | Spec: 1.0000
[2025-11-14 16:35:13,113 INFO main.train_one_fold]   Confusion: TP=2, TN=3, FP=0, FN=1
[2025-11-14 16:35:13,149 INFO main.train_one_fold] ✓ Saved best model: checkpoints_fp1_003_mdd_mqm/fold_5_best.pth (combined=0.7407, chunk=0.8889, subject=0.8333)
[2025-11-14 16:35:13,149 INFO early_stopping.__call__] Validation improved from 0.7315 to 0.7407 (+0.0093) at epoch 8
[2025-11-14 16:35:19,164 INFO main.train_one_fold] TRAIN CHUNK | Fold 5 | Epoch 009/100 | Loss: 0.2779 | Acc: 0.8945 | Prec: 0.8381 | Recall: 0.9599 | Spec: 0.8370
[2025-11-14 16:35:25,442 INFO main.train_one_fold] TRAIN CHUNK | Fold 5 | Epoch 010/100 | Loss: 0.2533 | Acc: 0.8987 | Prec: 0.8501 | Recall: 0.9510 | Spec: 0.8527
[2025-11-14 16:35:25,738 INFO main.train_one_fold] EVAL CHUNK | Fold 5 | Epoch 010/100 | Loss: 0.3381 | Acc: 0.8444 | Prec: 1.0000 | Recall: 0.6889 | Spec: 1.0000
[2025-11-14 16:35:25,738 INFO main.train_one_fold]   Confusion: TP=62, TN=90, FP=0, FN=28
[2025-11-14 16:35:25,738 INFO main.train_one_fold] EVAL SUBJECT | Fold 5 | Epoch 010/100 | Loss: 0.3381 | Acc: 0.8333 | Prec: 1.0000 | Recall: 0.6667 | Spec: 1.0000
[2025-11-14 16:35:25,738 INFO main.train_one_fold]   Confusion: TP=2, TN=3, FP=0, FN=1
[2025-11-14 16:35:25,764 INFO main.train_one_fold] Saved checkpoint: checkpoints_fp1_003_mdd_mqm/fold_5_epoch_010.pth
[2025-11-14 16:35:31,637 INFO main.train_one_fold] TRAIN CHUNK | Fold 5 | Epoch 011/100 | Loss: 0.2621 | Acc: 0.8938 | Prec: 0.8478 | Recall: 0.9421 | Spec: 0.8514
[2025-11-14 16:35:36,949 INFO main.train_one_fold] TRAIN CHUNK | Fold 5 | Epoch 012/100 | Loss: 0.2406 | Acc: 0.9091 | Prec: 0.8674 | Recall: 0.9510 | Spec: 0.8722
[2025-11-14 16:35:37,160 INFO main.train_one_fold] EVAL CHUNK | Fold 5 | Epoch 012/100 | Loss: 0.3220 | Acc: 0.8444 | Prec: 1.0000 | Recall: 0.6889 | Spec: 1.0000
[2025-11-14 16:35:37,160 INFO main.train_one_fold]   Confusion: TP=62, TN=90, FP=0, FN=28
[2025-11-14 16:35:37,160 INFO main.train_one_fold] EVAL SUBJECT | Fold 5 | Epoch 012/100 | Loss: 0.3220 | Acc: 0.8333 | Prec: 1.0000 | Recall: 0.6667 | Spec: 1.0000
[2025-11-14 16:35:37,160 INFO main.train_one_fold]   Confusion: TP=2, TN=3, FP=0, FN=1
[2025-11-14 16:35:41,376 INFO main.train_one_fold] TRAIN CHUNK | Fold 5 | Epoch 013/100 | Loss: 0.2540 | Acc: 0.9008 | Prec: 0.8498 | Recall: 0.9570 | Spec: 0.8514
[2025-11-14 16:35:45,660 INFO main.train_one_fold] TRAIN CHUNK | Fold 5 | Epoch 014/100 | Loss: 0.2141 | Acc: 0.9160 | Prec: 0.8803 | Recall: 0.9496 | Spec: 0.8866
[2025-11-14 16:35:45,870 INFO main.train_one_fold] EVAL CHUNK | Fold 5 | Epoch 014/100 | Loss: 0.3627 | Acc: 0.8444 | Prec: 1.0000 | Recall: 0.6889 | Spec: 1.0000
[2025-11-14 16:35:45,870 INFO main.train_one_fold]   Confusion: TP=62, TN=90, FP=0, FN=28
[2025-11-14 16:35:45,870 INFO main.train_one_fold] EVAL SUBJECT | Fold 5 | Epoch 014/100 | Loss: 0.3627 | Acc: 0.8333 | Prec: 1.0000 | Recall: 0.6667 | Spec: 1.0000
[2025-11-14 16:35:45,870 INFO main.train_one_fold]   Confusion: TP=2, TN=3, FP=0, FN=1
[2025-11-14 16:35:50,251 INFO main.train_one_fold] TRAIN CHUNK | Fold 5 | Epoch 015/100 | Loss: 0.2202 | Acc: 0.9119 | Prec: 0.8762 | Recall: 0.9451 | Spec: 0.8827
[2025-11-14 16:35:54,544 INFO main.train_one_fold] TRAIN CHUNK | Fold 5 | Epoch 016/100 | Loss: 0.2186 | Acc: 0.9105 | Prec: 0.8790 | Recall: 0.9377 | Spec: 0.8866
[2025-11-14 16:35:54,754 INFO main.train_one_fold] EVAL CHUNK | Fold 5 | Epoch 016/100 | Loss: 0.2713 | Acc: 0.9000 | Prec: 1.0000 | Recall: 0.8000 | Spec: 1.0000
[2025-11-14 16:35:54,754 INFO main.train_one_fold]   Confusion: TP=72, TN=90, FP=0, FN=18
[2025-11-14 16:35:54,754 INFO main.train_one_fold] EVAL SUBJECT | Fold 5 | Epoch 016/100 | Loss: 0.2713 | Acc: 0.8333 | Prec: 1.0000 | Recall: 0.6667 | Spec: 1.0000
[2025-11-14 16:35:54,754 INFO main.train_one_fold]   Confusion: TP=2, TN=3, FP=0, FN=1
[2025-11-14 16:35:54,782 INFO main.train_one_fold] ✓ Saved best model: checkpoints_fp1_003_mdd_mqm/fold_5_best.pth (combined=0.7500, chunk=0.9000, subject=0.8333)
[2025-11-14 16:35:54,782 INFO early_stopping.__call__] Validation improved from 0.7407 to 0.7500 (+0.0093) at epoch 16
[2025-11-14 16:35:59,068 INFO main.train_one_fold] TRAIN CHUNK | Fold 5 | Epoch 017/100 | Loss: 0.1985 | Acc: 0.9139 | Prec: 0.8798 | Recall: 0.9451 | Spec: 0.8866
[2025-11-14 16:36:03,493 INFO main.train_one_fold] TRAIN CHUNK | Fold 5 | Epoch 018/100 | Loss: 0.2218 | Acc: 0.9077 | Prec: 0.8762 | Recall: 0.9347 | Spec: 0.8840
[2025-11-14 16:36:03,707 INFO main.train_one_fold] EVAL CHUNK | Fold 5 | Epoch 018/100 | Loss: 0.3060 | Acc: 0.8611 | Prec: 1.0000 | Recall: 0.7222 | Spec: 1.0000
[2025-11-14 16:36:03,707 INFO main.train_one_fold]   Confusion: TP=65, TN=90, FP=0, FN=25
[2025-11-14 16:36:03,707 INFO main.train_one_fold] EVAL SUBJECT | Fold 5 | Epoch 018/100 | Loss: 0.3060 | Acc: 0.8333 | Prec: 1.0000 | Recall: 0.6667 | Spec: 1.0000
[2025-11-14 16:36:03,707 INFO main.train_one_fold]   Confusion: TP=2, TN=3, FP=0, FN=1
[2025-11-14 16:36:07,995 INFO main.train_one_fold] TRAIN CHUNK | Fold 5 | Epoch 019/100 | Loss: 0.2328 | Acc: 0.9105 | Prec: 0.8738 | Recall: 0.9451 | Spec: 0.8801
[2025-11-14 16:36:12,275 INFO main.train_one_fold] TRAIN CHUNK | Fold 5 | Epoch 020/100 | Loss: 0.2157 | Acc: 0.9153 | Prec: 0.8898 | Recall: 0.9347 | Spec: 0.8983
[2025-11-14 16:36:12,493 INFO main.train_one_fold] EVAL CHUNK | Fold 5 | Epoch 020/100 | Loss: 0.3781 | Acc: 0.8500 | Prec: 1.0000 | Recall: 0.7000 | Spec: 1.0000
[2025-11-14 16:36:12,493 INFO main.train_one_fold]   Confusion: TP=63, TN=90, FP=0, FN=27
[2025-11-14 16:36:12,494 INFO main.train_one_fold] EVAL SUBJECT | Fold 5 | Epoch 020/100 | Loss: 0.3781 | Acc: 0.8333 | Prec: 1.0000 | Recall: 0.6667 | Spec: 1.0000
[2025-11-14 16:36:12,494 INFO main.train_one_fold]   Confusion: TP=2, TN=3, FP=0, FN=1
[2025-11-14 16:36:12,510 INFO main.train_one_fold] Saved checkpoint: checkpoints_fp1_003_mdd_mqm/fold_5_epoch_020.pth
[2025-11-14 16:36:16,851 INFO main.train_one_fold] TRAIN CHUNK | Fold 5 | Epoch 021/100 | Loss: 0.1987 | Acc: 0.9202 | Prec: 0.8953 | Recall: 0.9392 | Spec: 0.9035
[2025-11-14 16:36:21,708 INFO main.train_one_fold] TRAIN CHUNK | Fold 5 | Epoch 022/100 | Loss: 0.2186 | Acc: 0.9139 | Prec: 0.8798 | Recall: 0.9451 | Spec: 0.8866
[2025-11-14 16:36:22,010 INFO main.train_one_fold] EVAL CHUNK | Fold 5 | Epoch 022/100 | Loss: 0.2956 | Acc: 0.9056 | Prec: 1.0000 | Recall: 0.8111 | Spec: 1.0000
[2025-11-14 16:36:22,010 INFO main.train_one_fold]   Confusion: TP=73, TN=90, FP=0, FN=17
[2025-11-14 16:36:22,011 INFO main.train_one_fold] EVAL SUBJECT | Fold 5 | Epoch 022/100 | Loss: 0.2956 | Acc: 0.8333 | Prec: 1.0000 | Recall: 0.6667 | Spec: 1.0000
[2025-11-14 16:36:22,011 INFO main.train_one_fold]   Confusion: TP=2, TN=3, FP=0, FN=1
[2025-11-14 16:36:22,043 INFO main.train_one_fold] ✓ Saved best model: checkpoints_fp1_003_mdd_mqm/fold_5_best.pth (combined=0.7546, chunk=0.9056, subject=0.8333)
[2025-11-14 16:36:22,044 INFO early_stopping.__call__] Validation improved from 0.7500 to 0.7546 (+0.0046) at epoch 22
[2025-11-14 16:36:28,303 INFO main.train_one_fold] TRAIN CHUNK | Fold 5 | Epoch 023/100 | Loss: 0.1899 | Acc: 0.9237 | Prec: 0.9006 | Recall: 0.9407 | Spec: 0.9087
[2025-11-14 16:36:34,763 INFO main.train_one_fold] TRAIN CHUNK | Fold 5 | Epoch 024/100 | Loss: 0.2223 | Acc: 0.9022 | Prec: 0.8707 | Recall: 0.9288 | Spec: 0.8787
[2025-11-14 16:36:35,064 INFO main.train_one_fold] EVAL CHUNK | Fold 5 | Epoch 024/100 | Loss: 0.2322 | Acc: 0.9278 | Prec: 1.0000 | Recall: 0.8556 | Spec: 1.0000
[2025-11-14 16:36:35,064 INFO main.train_one_fold]   Confusion: TP=77, TN=90, FP=0, FN=13
[2025-11-14 16:36:35,064 INFO main.train_one_fold] EVAL SUBJECT | Fold 5 | Epoch 024/100 | Loss: 0.2322 | Acc: 1.0000 | Prec: 1.0000 | Recall: 1.0000 | Spec: 1.0000
[2025-11-14 16:36:35,064 INFO main.train_one_fold]   Confusion: TP=3, TN=3, FP=0, FN=0
[2025-11-14 16:36:35,098 INFO main.train_one_fold] ✓ Saved best model: checkpoints_fp1_003_mdd_mqm/fold_5_best.pth (combined=0.9278, chunk=0.9278, subject=1.0000)
[2025-11-14 16:36:35,098 INFO early_stopping.__call__] Validation improved from 0.7546 to 0.9278 (+0.1731) at epoch 24
[2025-11-14 16:36:41,129 INFO main.train_one_fold] TRAIN CHUNK | Fold 5 | Epoch 025/100 | Loss: 0.2009 | Acc: 0.9195 | Prec: 0.8864 | Recall: 0.9496 | Spec: 0.8931
[2025-11-14 16:36:47,081 INFO main.train_one_fold] TRAIN CHUNK | Fold 5 | Epoch 026/100 | Loss: 0.1943 | Acc: 0.9181 | Prec: 0.8894 | Recall: 0.9421 | Spec: 0.8970
[2025-11-14 16:36:47,489 INFO main.train_one_fold] EVAL CHUNK | Fold 5 | Epoch 026/100 | Loss: 0.3332 | Acc: 0.8833 | Prec: 1.0000 | Recall: 0.7667 | Spec: 1.0000
[2025-11-14 16:36:47,489 INFO main.train_one_fold]   Confusion: TP=69, TN=90, FP=0, FN=21
[2025-11-14 16:36:47,489 INFO main.train_one_fold] EVAL SUBJECT | Fold 5 | Epoch 026/100 | Loss: 0.3332 | Acc: 0.8333 | Prec: 1.0000 | Recall: 0.6667 | Spec: 1.0000
[2025-11-14 16:36:47,489 INFO main.train_one_fold]   Confusion: TP=2, TN=3, FP=0, FN=1
[2025-11-14 16:36:53,551 INFO main.train_one_fold] TRAIN CHUNK | Fold 5 | Epoch 027/100 | Loss: 0.1878 | Acc: 0.9188 | Prec: 0.8962 | Recall: 0.9347 | Spec: 0.9048
[2025-11-14 16:36:59,441 INFO main.train_one_fold] TRAIN CHUNK | Fold 5 | Epoch 028/100 | Loss: 0.1857 | Acc: 0.9181 | Prec: 0.8960 | Recall: 0.9332 | Spec: 0.9048
[2025-11-14 16:36:59,738 INFO main.train_one_fold] EVAL CHUNK | Fold 5 | Epoch 028/100 | Loss: 0.2775 | Acc: 0.9000 | Prec: 1.0000 | Recall: 0.8000 | Spec: 1.0000
[2025-11-14 16:36:59,739 INFO main.train_one_fold]   Confusion: TP=72, TN=90, FP=0, FN=18
[2025-11-14 16:36:59,739 INFO main.train_one_fold] EVAL SUBJECT | Fold 5 | Epoch 028/100 | Loss: 0.2775 | Acc: 0.8333 | Prec: 1.0000 | Recall: 0.6667 | Spec: 1.0000
[2025-11-14 16:36:59,739 INFO main.train_one_fold]   Confusion: TP=2, TN=3, FP=0, FN=1
[2025-11-14 16:37:05,896 INFO main.train_one_fold] TRAIN CHUNK | Fold 5 | Epoch 029/100 | Loss: 0.1953 | Acc: 0.9098 | Prec: 0.8831 | Recall: 0.9303 | Spec: 0.8918
[2025-11-14 16:37:11,850 INFO main.train_one_fold] TRAIN CHUNK | Fold 5 | Epoch 030/100 | Loss: 0.1884 | Acc: 0.9181 | Prec: 0.8927 | Recall: 0.9377 | Spec: 0.9009
[2025-11-14 16:37:12,154 INFO main.train_one_fold] EVAL CHUNK | Fold 5 | Epoch 030/100 | Loss: 0.2968 | Acc: 0.9111 | Prec: 1.0000 | Recall: 0.8222 | Spec: 1.0000
[2025-11-14 16:37:12,154 INFO main.train_one_fold]   Confusion: TP=74, TN=90, FP=0, FN=16
[2025-11-14 16:37:12,154 INFO main.train_one_fold] EVAL SUBJECT | Fold 5 | Epoch 030/100 | Loss: 0.2968 | Acc: 0.8333 | Prec: 1.0000 | Recall: 0.6667 | Spec: 1.0000
[2025-11-14 16:37:12,154 INFO main.train_one_fold]   Confusion: TP=2, TN=3, FP=0, FN=1
[2025-11-14 16:37:12,179 INFO main.train_one_fold] Saved checkpoint: checkpoints_fp1_003_mdd_mqm/fold_5_epoch_030.pth
[2025-11-14 16:37:18,622 INFO main.train_one_fold] TRAIN CHUNK | Fold 5 | Epoch 031/100 | Loss: 0.1788 | Acc: 0.9223 | Prec: 0.8914 | Recall: 0.9496 | Spec: 0.8983
[2025-11-14 16:37:24,834 INFO main.train_one_fold] TRAIN CHUNK | Fold 5 | Epoch 032/100 | Loss: 0.2009 | Acc: 0.9188 | Prec: 0.8928 | Recall: 0.9392 | Spec: 0.9009
[2025-11-14 16:37:25,125 INFO main.train_one_fold] EVAL CHUNK | Fold 5 | Epoch 032/100 | Loss: 0.3929 | Acc: 0.8722 | Prec: 1.0000 | Recall: 0.7444 | Spec: 1.0000
[2025-11-14 16:37:25,126 INFO main.train_one_fold]   Confusion: TP=67, TN=90, FP=0, FN=23
[2025-11-14 16:37:25,126 INFO main.train_one_fold] EVAL SUBJECT | Fold 5 | Epoch 032/100 | Loss: 0.3929 | Acc: 0.8333 | Prec: 1.0000 | Recall: 0.6667 | Spec: 1.0000
[2025-11-14 16:37:25,126 INFO main.train_one_fold]   Confusion: TP=2, TN=3, FP=0, FN=1
[2025-11-14 16:37:31,146 INFO main.train_one_fold] TRAIN CHUNK | Fold 5 | Epoch 033/100 | Loss: 0.1812 | Acc: 0.9153 | Prec: 0.8943 | Recall: 0.9288 | Spec: 0.9035
[2025-11-14 16:37:37,537 INFO main.train_one_fold] TRAIN CHUNK | Fold 5 | Epoch 034/100 | Loss: 0.2200 | Acc: 0.9223 | Prec: 0.8881 | Recall: 0.9540 | Spec: 0.8944
[2025-11-14 16:37:37,844 INFO main.train_one_fold] EVAL CHUNK | Fold 5 | Epoch 034/100 | Loss: 0.4032 | Acc: 0.8667 | Prec: 1.0000 | Recall: 0.7333 | Spec: 1.0000
[2025-11-14 16:37:37,844 INFO main.train_one_fold]   Confusion: TP=66, TN=90, FP=0, FN=24
[2025-11-14 16:37:37,844 INFO main.train_one_fold] EVAL SUBJECT | Fold 5 | Epoch 034/100 | Loss: 0.4032 | Acc: 0.8333 | Prec: 1.0000 | Recall: 0.6667 | Spec: 1.0000
[2025-11-14 16:37:37,844 INFO main.train_one_fold]   Confusion: TP=2, TN=3, FP=0, FN=1
[2025-11-14 16:37:43,827 INFO main.train_one_fold] TRAIN CHUNK | Fold 5 | Epoch 035/100 | Loss: 0.1744 | Acc: 0.9285 | Prec: 0.9132 | Recall: 0.9362 | Spec: 0.9218
[2025-11-14 16:37:49,857 INFO main.train_one_fold] TRAIN CHUNK | Fold 5 | Epoch 036/100 | Loss: 0.1873 | Acc: 0.9195 | Prec: 0.8843 | Recall: 0.9525 | Spec: 0.8905
[2025-11-14 16:37:50,161 INFO main.train_one_fold] EVAL CHUNK | Fold 5 | Epoch 036/100 | Loss: 0.3266 | Acc: 0.8556 | Prec: 1.0000 | Recall: 0.7111 | Spec: 1.0000
[2025-11-14 16:37:50,161 INFO main.train_one_fold]   Confusion: TP=64, TN=90, FP=0, FN=26
[2025-11-14 16:37:50,161 INFO main.train_one_fold] EVAL SUBJECT | Fold 5 | Epoch 036/100 | Loss: 0.3266 | Acc: 0.8333 | Prec: 1.0000 | Recall: 0.6667 | Spec: 1.0000
[2025-11-14 16:37:50,161 INFO main.train_one_fold]   Confusion: TP=2, TN=3, FP=0, FN=1
[2025-11-14 16:37:56,039 INFO main.train_one_fold] TRAIN CHUNK | Fold 5 | Epoch 037/100 | Loss: 0.1803 | Acc: 0.9237 | Prec: 0.9006 | Recall: 0.9407 | Spec: 0.9087
[2025-11-14 16:38:01,897 INFO main.train_one_fold] TRAIN CHUNK | Fold 5 | Epoch 038/100 | Loss: 0.1671 | Acc: 0.9368 | Prec: 0.9170 | Recall: 0.9510 | Spec: 0.9244
[2025-11-14 16:38:02,240 INFO main.train_one_fold] EVAL CHUNK | Fold 5 | Epoch 038/100 | Loss: 0.4941 | Acc: 0.8333 | Prec: 1.0000 | Recall: 0.6667 | Spec: 1.0000
[2025-11-14 16:38:02,241 INFO main.train_one_fold]   Confusion: TP=60, TN=90, FP=0, FN=30
[2025-11-14 16:38:02,241 INFO main.train_one_fold] EVAL SUBJECT | Fold 5 | Epoch 038/100 | Loss: 0.4941 | Acc: 0.8333 | Prec: 1.0000 | Recall: 0.6667 | Spec: 1.0000
[2025-11-14 16:38:02,241 INFO main.train_one_fold]   Confusion: TP=2, TN=3, FP=0, FN=1
[2025-11-14 16:38:08,262 INFO main.train_one_fold] TRAIN CHUNK | Fold 5 | Epoch 039/100 | Loss: 0.1825 | Acc: 0.9153 | Prec: 0.8954 | Recall: 0.9273 | Spec: 0.9048
[2025-11-14 16:38:14,920 INFO main.train_one_fold] TRAIN CHUNK | Fold 5 | Epoch 040/100 | Loss: 0.1711 | Acc: 0.9368 | Prec: 0.9206 | Recall: 0.9466 | Spec: 0.9283
[2025-11-14 16:38:15,314 INFO main.train_one_fold] EVAL CHUNK | Fold 5 | Epoch 040/100 | Loss: 0.2885 | Acc: 0.9111 | Prec: 0.9868 | Recall: 0.8333 | Spec: 0.9889
[2025-11-14 16:38:15,314 INFO main.train_one_fold]   Confusion: TP=75, TN=89, FP=1, FN=15
[2025-11-14 16:38:15,315 INFO main.train_one_fold] EVAL SUBJECT | Fold 5 | Epoch 040/100 | Loss: 0.2885 | Acc: 0.8333 | Prec: 1.0000 | Recall: 0.6667 | Spec: 1.0000
[2025-11-14 16:38:15,315 INFO main.train_one_fold]   Confusion: TP=2, TN=3, FP=0, FN=1
[2025-11-14 16:38:15,339 INFO main.train_one_fold] Saved checkpoint: checkpoints_fp1_003_mdd_mqm/fold_5_epoch_040.pth
[2025-11-14 16:38:21,721 INFO main.train_one_fold] TRAIN CHUNK | Fold 5 | Epoch 041/100 | Loss: 0.1721 | Acc: 0.9271 | Prec: 0.9153 | Recall: 0.9303 | Spec: 0.9244
[2025-11-14 16:38:26,196 INFO main.train_one_fold] TRAIN CHUNK | Fold 5 | Epoch 042/100 | Loss: 0.1603 | Acc: 0.9278 | Prec: 0.9083 | Recall: 0.9407 | Spec: 0.9166
[2025-11-14 16:38:26,406 INFO main.train_one_fold] EVAL CHUNK | Fold 5 | Epoch 042/100 | Loss: 0.3287 | Acc: 0.8944 | Prec: 1.0000 | Recall: 0.7889 | Spec: 1.0000
[2025-11-14 16:38:26,406 INFO main.train_one_fold]   Confusion: TP=71, TN=90, FP=0, FN=19
[2025-11-14 16:38:26,406 INFO main.train_one_fold] EVAL SUBJECT | Fold 5 | Epoch 042/100 | Loss: 0.3287 | Acc: 0.8333 | Prec: 1.0000 | Recall: 0.6667 | Spec: 1.0000
[2025-11-14 16:38:26,406 INFO main.train_one_fold]   Confusion: TP=2, TN=3, FP=0, FN=1
[2025-11-14 16:38:30,755 INFO main.train_one_fold] TRAIN CHUNK | Fold 5 | Epoch 043/100 | Loss: 0.1716 | Acc: 0.9251 | Prec: 0.8997 | Recall: 0.9451 | Spec: 0.9074
[2025-11-14 16:38:35,172 INFO main.train_one_fold] TRAIN CHUNK | Fold 5 | Epoch 044/100 | Loss: 0.1653 | Acc: 0.9264 | Prec: 0.9057 | Recall: 0.9407 | Spec: 0.9140
[2025-11-14 16:38:35,384 INFO main.train_one_fold] EVAL CHUNK | Fold 5 | Epoch 044/100 | Loss: 0.3328 | Acc: 0.8778 | Prec: 1.0000 | Recall: 0.7556 | Spec: 1.0000
[2025-11-14 16:38:35,385 INFO main.train_one_fold]   Confusion: TP=68, TN=90, FP=0, FN=22
[2025-11-14 16:38:35,385 INFO main.train_one_fold] EVAL SUBJECT | Fold 5 | Epoch 044/100 | Loss: 0.3328 | Acc: 0.8333 | Prec: 1.0000 | Recall: 0.6667 | Spec: 1.0000
[2025-11-14 16:38:35,385 INFO main.train_one_fold]   Confusion: TP=2, TN=3, FP=0, FN=1
[2025-11-14 16:38:35,385 INFO early_stopping.__call__] Early stopping triggered after 20 epochs without improvement. Best score: 0.9278 at epoch 24
[2025-11-14 16:38:35,385 INFO main.train_one_fold] Early stopping triggered at epoch 44
[2025-11-14 16:38:35,385 INFO main.train_one_fold] 
Fold 5 training completed. Best Combined Val Acc: 0.9278 at epoch 24
[2025-11-14 16:38:35,385 INFO main.train_cross_validation] ================================================================================
[2025-11-14 16:38:35,385 INFO main.train_cross_validation] FOLD 6/10
[2025-11-14 16:38:35,386 INFO main.train_cross_validation] ================================================================================
[2025-11-14 16:38:35,386 INFO main.get_datasets_for_fold] Train subjects (48): ['mdd:H S2', 'mdd:H S7', 'mdd:H S19', 'mdd:MDD S31', 'mdd:MDD S22', 'mdd:MDD S19', 'mdd:H S30', 'mdd:H S1', 'mdd:H S22', 'mdd:MDD S25', 'mdd:MDD S34', 'mdd:MDD S17', 'mdd:H S27', 'mdd:H S4', 'mdd:H S21', 'mdd:MDD S3', 'mdd:MDD S1', 'mdd:MDD S14', 'mdd:H S23', 'mdd:H S25', 'mdd:H S10', 'mdd:MDD S10', 'mdd:MDD S26', 'mdd:MDD S20', 'mdd:H S14', 'mdd:H S15', 'mdd:H S11', 'mdd:MDD S33', 'mdd:MDD S18', 'mdd:MDD S5', 'mdd:H S8', 'mdd:H S6', 'mdd:H S28', 'mdd:MDD S30', 'mdd:MDD S32', 'mdd:H S9', 'mdd:H S3', 'mdd:H S17', 'mdd:MDD S27', 'mdd:MDD S28', 'mdd:H S20', 'mdd:H S24', 'mdd:MDD S21', 'mdd:MDD S29', 'mdd:H S29', 'mdd:H S16', 'mdd:MDD S6', 'mdd:MDD S23']...
[2025-11-14 16:38:35,386 INFO main.get_datasets_for_fold] Val subjects (6): ['mdd:H S26', 'mdd:H S5', 'mdd:H S13', 'mdd:MDD S15', 'mdd:MDD S13', 'mdd:MDD S9']
[2025-11-14 16:38:35,387 INFO main.get_datasets_for_fold] Training chunks: 1440
[2025-11-14 16:38:35,387 INFO main.get_datasets_for_fold] Validation chunks: 181
[2025-11-14 16:38:35,397 INFO model.__init__] Initialized LSTM with input_size=1728, hidden_size=100, batch_first=True
[2025-11-14 16:38:35,399 INFO main.train_one_fold] Starting training for fold 6
[2025-11-14 16:38:39,670 INFO main.train_one_fold] TRAIN CHUNK | Fold 6 | Epoch 001/100 | Loss: 0.6911 | Acc: 0.5319 | Prec: 0.0000 | Recall: 0.0000 | Spec: 1.0000
[2025-11-14 16:38:43,894 INFO main.train_one_fold] TRAIN CHUNK | Fold 6 | Epoch 002/100 | Loss: 0.6616 | Acc: 0.6639 | Prec: 0.8345 | Recall: 0.3516 | Spec: 0.9386
[2025-11-14 16:38:44,116 INFO main.train_one_fold] EVAL CHUNK | Fold 6 | Epoch 002/100 | Loss: 0.5018 | Acc: 0.9834 | Prec: 1.0000 | Recall: 0.9667 | Spec: 1.0000
[2025-11-14 16:38:44,116 INFO main.train_one_fold]   Confusion: TP=87, TN=91, FP=0, FN=3
[2025-11-14 16:38:44,116 INFO main.train_one_fold] EVAL SUBJECT | Fold 6 | Epoch 002/100 | Loss: 0.5018 | Acc: 1.0000 | Prec: 1.0000 | Recall: 1.0000 | Spec: 1.0000
[2025-11-14 16:38:44,116 INFO main.train_one_fold]   Confusion: TP=3, TN=3, FP=0, FN=0
[2025-11-14 16:38:44,133 INFO main.train_one_fold] ✓ Saved best model: checkpoints_fp1_003_mdd_mqm/fold_6_best.pth (combined=0.9834, chunk=0.9834, subject=1.0000)
[2025-11-14 16:38:44,134 INFO early_stopping.__call__] Early stopping initialized: best score 0.9834 at epoch 2
[2025-11-14 16:38:48,727 INFO main.train_one_fold] TRAIN CHUNK | Fold 6 | Epoch 003/100 | Loss: 0.5048 | Acc: 0.8153 | Prec: 0.7795 | Recall: 0.8442 | Spec: 0.7898
[2025-11-14 16:38:53,038 INFO main.train_one_fold] TRAIN CHUNK | Fold 6 | Epoch 004/100 | Loss: 0.3778 | Acc: 0.8701 | Prec: 0.8110 | Recall: 0.9421 | Spec: 0.8068
[2025-11-14 16:38:53,263 INFO main.train_one_fold] EVAL CHUNK | Fold 6 | Epoch 004/100 | Loss: 0.1613 | Acc: 0.9945 | Prec: 1.0000 | Recall: 0.9889 | Spec: 1.0000
[2025-11-14 16:38:53,263 INFO main.train_one_fold]   Confusion: TP=89, TN=91, FP=0, FN=1
[2025-11-14 16:38:53,263 INFO main.train_one_fold] EVAL SUBJECT | Fold 6 | Epoch 004/100 | Loss: 0.1613 | Acc: 1.0000 | Prec: 1.0000 | Recall: 1.0000 | Spec: 1.0000
[2025-11-14 16:38:53,264 INFO main.train_one_fold]   Confusion: TP=3, TN=3, FP=0, FN=0
[2025-11-14 16:38:53,287 INFO main.train_one_fold] ✓ Saved best model: checkpoints_fp1_003_mdd_mqm/fold_6_best.pth (combined=0.9945, chunk=0.9945, subject=1.0000)
[2025-11-14 16:38:53,288 INFO early_stopping.__call__] Validation improved from 0.9834 to 0.9945 (+0.0110) at epoch 4
[2025-11-14 16:38:57,519 INFO main.train_one_fold] TRAIN CHUNK | Fold 6 | Epoch 005/100 | Loss: 0.3389 | Acc: 0.8722 | Prec: 0.8207 | Recall: 0.9303 | Spec: 0.8211
[2025-11-14 16:39:01,787 INFO main.train_one_fold] TRAIN CHUNK | Fold 6 | Epoch 006/100 | Loss: 0.3261 | Acc: 0.8812 | Prec: 0.8254 | Recall: 0.9466 | Spec: 0.8238
[2025-11-14 16:39:02,013 INFO main.train_one_fold] EVAL CHUNK | Fold 6 | Epoch 006/100 | Loss: 0.1351 | Acc: 1.0000 | Prec: 1.0000 | Recall: 1.0000 | Spec: 1.0000
[2025-11-14 16:39:02,013 INFO main.train_one_fold]   Confusion: TP=90, TN=91, FP=0, FN=0
[2025-11-14 16:39:02,013 INFO main.train_one_fold] EVAL SUBJECT | Fold 6 | Epoch 006/100 | Loss: 0.1351 | Acc: 1.0000 | Prec: 1.0000 | Recall: 1.0000 | Spec: 1.0000
[2025-11-14 16:39:02,013 INFO main.train_one_fold]   Confusion: TP=3, TN=3, FP=0, FN=0
[2025-11-14 16:39:02,038 INFO main.train_one_fold] ✓ Saved best model: checkpoints_fp1_003_mdd_mqm/fold_6_best.pth (combined=1.0000, chunk=1.0000, subject=1.0000)
[2025-11-14 16:39:02,038 INFO early_stopping.__call__] Validation improved from 0.9945 to 1.0000 (+0.0055) at epoch 6
[2025-11-14 16:39:08,003 INFO main.train_one_fold] TRAIN CHUNK | Fold 6 | Epoch 007/100 | Loss: 0.2972 | Acc: 0.8854 | Prec: 0.8380 | Recall: 0.9362 | Spec: 0.8407
[2025-11-14 16:39:14,021 INFO main.train_one_fold] TRAIN CHUNK | Fold 6 | Epoch 008/100 | Loss: 0.2802 | Acc: 0.8889 | Prec: 0.8511 | Recall: 0.9243 | Spec: 0.8577
[2025-11-14 16:39:14,330 INFO main.train_one_fold] EVAL CHUNK | Fold 6 | Epoch 008/100 | Loss: 0.1341 | Acc: 0.9779 | Prec: 1.0000 | Recall: 0.9556 | Spec: 1.0000
[2025-11-14 16:39:14,330 INFO main.train_one_fold]   Confusion: TP=86, TN=91, FP=0, FN=4
[2025-11-14 16:39:14,331 INFO main.train_one_fold] EVAL SUBJECT | Fold 6 | Epoch 008/100 | Loss: 0.1341 | Acc: 1.0000 | Prec: 1.0000 | Recall: 1.0000 | Spec: 1.0000
[2025-11-14 16:39:14,331 INFO main.train_one_fold]   Confusion: TP=3, TN=3, FP=0, FN=0
[2025-11-14 16:39:20,549 INFO main.train_one_fold] TRAIN CHUNK | Fold 6 | Epoch 009/100 | Loss: 0.2633 | Acc: 0.8951 | Prec: 0.8587 | Recall: 0.9288 | Spec: 0.8655
[2025-11-14 16:39:26,625 INFO main.train_one_fold] TRAIN CHUNK | Fold 6 | Epoch 010/100 | Loss: 0.2465 | Acc: 0.9118 | Prec: 0.8913 | Recall: 0.9243 | Spec: 0.9008
[2025-11-14 16:39:26,919 INFO main.train_one_fold] EVAL CHUNK | Fold 6 | Epoch 010/100 | Loss: 0.0932 | Acc: 0.9945 | Prec: 1.0000 | Recall: 0.9889 | Spec: 1.0000
[2025-11-14 16:39:26,920 INFO main.train_one_fold]   Confusion: TP=89, TN=91, FP=0, FN=1
[2025-11-14 16:39:26,920 INFO main.train_one_fold] EVAL SUBJECT | Fold 6 | Epoch 010/100 | Loss: 0.0932 | Acc: 1.0000 | Prec: 1.0000 | Recall: 1.0000 | Spec: 1.0000
[2025-11-14 16:39:26,920 INFO main.train_one_fold]   Confusion: TP=3, TN=3, FP=0, FN=0
[2025-11-14 16:39:26,945 INFO main.train_one_fold] Saved checkpoint: checkpoints_fp1_003_mdd_mqm/fold_6_epoch_010.pth
[2025-11-14 16:39:33,800 INFO main.train_one_fold] TRAIN CHUNK | Fold 6 | Epoch 011/100 | Loss: 0.2686 | Acc: 0.8910 | Prec: 0.8507 | Recall: 0.9303 | Spec: 0.8564
[2025-11-14 16:39:39,781 INFO main.train_one_fold] TRAIN CHUNK | Fold 6 | Epoch 012/100 | Loss: 0.2509 | Acc: 0.9007 | Prec: 0.8755 | Recall: 0.9184 | Spec: 0.8851
[2025-11-14 16:39:40,106 INFO main.train_one_fold] EVAL CHUNK | Fold 6 | Epoch 012/100 | Loss: 0.1590 | Acc: 0.9061 | Prec: 1.0000 | Recall: 0.8111 | Spec: 1.0000
[2025-11-14 16:39:40,107 INFO main.train_one_fold]   Confusion: TP=73, TN=91, FP=0, FN=17
[2025-11-14 16:39:40,107 INFO main.train_one_fold] EVAL SUBJECT | Fold 6 | Epoch 012/100 | Loss: 0.1590 | Acc: 0.8333 | Prec: 1.0000 | Recall: 0.6667 | Spec: 1.0000
[2025-11-14 16:39:40,107 INFO main.train_one_fold]   Confusion: TP=2, TN=3, FP=0, FN=1
[2025-11-14 16:39:46,531 INFO main.train_one_fold] TRAIN CHUNK | Fold 6 | Epoch 013/100 | Loss: 0.2320 | Acc: 0.9076 | Prec: 0.8870 | Recall: 0.9199 | Spec: 0.8969
[2025-11-14 16:39:52,703 INFO main.train_one_fold] TRAIN CHUNK | Fold 6 | Epoch 014/100 | Loss: 0.2387 | Acc: 0.9090 | Prec: 0.8829 | Recall: 0.9288 | Spec: 0.8916
[2025-11-14 16:39:53,008 INFO main.train_one_fold] EVAL CHUNK | Fold 6 | Epoch 014/100 | Loss: 0.1961 | Acc: 0.9061 | Prec: 1.0000 | Recall: 0.8111 | Spec: 1.0000
[2025-11-14 16:39:53,008 INFO main.train_one_fold]   Confusion: TP=73, TN=91, FP=0, FN=17
[2025-11-14 16:39:53,008 INFO main.train_one_fold] EVAL SUBJECT | Fold 6 | Epoch 014/100 | Loss: 0.1961 | Acc: 0.8333 | Prec: 1.0000 | Recall: 0.6667 | Spec: 1.0000
[2025-11-14 16:39:53,008 INFO main.train_one_fold]   Confusion: TP=2, TN=3, FP=0, FN=1
[2025-11-14 16:39:58,866 INFO main.train_one_fold] TRAIN CHUNK | Fold 6 | Epoch 015/100 | Loss: 0.2175 | Acc: 0.9146 | Prec: 0.8941 | Recall: 0.9273 | Spec: 0.9034
[2025-11-14 16:40:05,045 INFO main.train_one_fold] TRAIN CHUNK | Fold 6 | Epoch 016/100 | Loss: 0.2384 | Acc: 0.9042 | Prec: 0.8918 | Recall: 0.9050 | Spec: 0.9034
[2025-11-14 16:40:05,353 INFO main.train_one_fold] EVAL CHUNK | Fold 6 | Epoch 016/100 | Loss: 0.1410 | Acc: 0.9171 | Prec: 1.0000 | Recall: 0.8333 | Spec: 1.0000
[2025-11-14 16:40:05,353 INFO main.train_one_fold]   Confusion: TP=75, TN=91, FP=0, FN=15
[2025-11-14 16:40:05,353 INFO main.train_one_fold] EVAL SUBJECT | Fold 6 | Epoch 016/100 | Loss: 0.1410 | Acc: 0.8333 | Prec: 1.0000 | Recall: 0.6667 | Spec: 1.0000
[2025-11-14 16:40:05,353 INFO main.train_one_fold]   Confusion: TP=2, TN=3, FP=0, FN=1
[2025-11-14 16:40:11,291 INFO main.train_one_fold] TRAIN CHUNK | Fold 6 | Epoch 017/100 | Loss: 0.2261 | Acc: 0.9028 | Prec: 0.8750 | Recall: 0.9243 | Spec: 0.8838
[2025-11-14 16:40:17,288 INFO main.train_one_fold] TRAIN CHUNK | Fold 6 | Epoch 018/100 | Loss: 0.2074 | Acc: 0.9194 | Prec: 0.9009 | Recall: 0.9303 | Spec: 0.9099
[2025-11-14 16:40:17,621 INFO main.train_one_fold] EVAL CHUNK | Fold 6 | Epoch 018/100 | Loss: 0.3348 | Acc: 0.8122 | Prec: 1.0000 | Recall: 0.6222 | Spec: 1.0000
[2025-11-14 16:40:17,621 INFO main.train_one_fold]   Confusion: TP=56, TN=91, FP=0, FN=34
[2025-11-14 16:40:17,622 INFO main.train_one_fold] EVAL SUBJECT | Fold 6 | Epoch 018/100 | Loss: 0.3348 | Acc: 0.8333 | Prec: 1.0000 | Recall: 0.6667 | Spec: 1.0000
[2025-11-14 16:40:17,622 INFO main.train_one_fold]   Confusion: TP=2, TN=3, FP=0, FN=1
[2025-11-14 16:40:23,707 INFO main.train_one_fold] TRAIN CHUNK | Fold 6 | Epoch 019/100 | Loss: 0.2037 | Acc: 0.9222 | Prec: 0.9072 | Recall: 0.9288 | Spec: 0.9164
[2025-11-14 16:40:29,793 INFO main.train_one_fold] TRAIN CHUNK | Fold 6 | Epoch 020/100 | Loss: 0.2035 | Acc: 0.9243 | Prec: 0.9100 | Recall: 0.9303 | Spec: 0.9191
[2025-11-14 16:40:30,094 INFO main.train_one_fold] EVAL CHUNK | Fold 6 | Epoch 020/100 | Loss: 0.2256 | Acc: 0.8895 | Prec: 1.0000 | Recall: 0.7778 | Spec: 1.0000
[2025-11-14 16:40:30,095 INFO main.train_one_fold]   Confusion: TP=70, TN=91, FP=0, FN=20
[2025-11-14 16:40:30,095 INFO main.train_one_fold] EVAL SUBJECT | Fold 6 | Epoch 020/100 | Loss: 0.2256 | Acc: 0.8333 | Prec: 1.0000 | Recall: 0.6667 | Spec: 1.0000
[2025-11-14 16:40:30,095 INFO main.train_one_fold]   Confusion: TP=2, TN=3, FP=0, FN=1
[2025-11-14 16:40:30,119 INFO main.train_one_fold] Saved checkpoint: checkpoints_fp1_003_mdd_mqm/fold_6_epoch_020.pth
[2025-11-14 16:40:36,698 INFO main.train_one_fold] TRAIN CHUNK | Fold 6 | Epoch 021/100 | Loss: 0.1974 | Acc: 0.9236 | Prec: 0.9123 | Recall: 0.9258 | Spec: 0.9217
[2025-11-14 16:40:42,557 INFO main.train_one_fold] TRAIN CHUNK | Fold 6 | Epoch 022/100 | Loss: 0.2100 | Acc: 0.9111 | Prec: 0.8878 | Recall: 0.9273 | Spec: 0.8969
[2025-11-14 16:40:42,847 INFO main.train_one_fold] EVAL CHUNK | Fold 6 | Epoch 022/100 | Loss: 0.2072 | Acc: 0.8508 | Prec: 1.0000 | Recall: 0.7000 | Spec: 1.0000
[2025-11-14 16:40:42,847 INFO main.train_one_fold]   Confusion: TP=63, TN=91, FP=0, FN=27
[2025-11-14 16:40:42,848 INFO main.train_one_fold] EVAL SUBJECT | Fold 6 | Epoch 022/100 | Loss: 0.2072 | Acc: 0.8333 | Prec: 1.0000 | Recall: 0.6667 | Spec: 1.0000
[2025-11-14 16:40:42,848 INFO main.train_one_fold]   Confusion: TP=2, TN=3, FP=0, FN=1
[2025-11-14 16:40:48,925 INFO main.train_one_fold] TRAIN CHUNK | Fold 6 | Epoch 023/100 | Loss: 0.1925 | Acc: 0.9215 | Prec: 0.9059 | Recall: 0.9288 | Spec: 0.9151
[2025-11-14 16:40:55,512 INFO main.train_one_fold] TRAIN CHUNK | Fold 6 | Epoch 024/100 | Loss: 0.1784 | Acc: 0.9292 | Prec: 0.9181 | Recall: 0.9318 | Spec: 0.9269
[2025-11-14 16:40:55,729 INFO main.train_one_fold] EVAL CHUNK | Fold 6 | Epoch 024/100 | Loss: 0.2933 | Acc: 0.8287 | Prec: 1.0000 | Recall: 0.6556 | Spec: 1.0000
[2025-11-14 16:40:55,729 INFO main.train_one_fold]   Confusion: TP=59, TN=91, FP=0, FN=31
[2025-11-14 16:40:55,729 INFO main.train_one_fold] EVAL SUBJECT | Fold 6 | Epoch 024/100 | Loss: 0.2933 | Acc: 0.8333 | Prec: 1.0000 | Recall: 0.6667 | Spec: 1.0000
[2025-11-14 16:40:55,730 INFO main.train_one_fold]   Confusion: TP=2, TN=3, FP=0, FN=1
[2025-11-14 16:41:00,059 INFO main.train_one_fold] TRAIN CHUNK | Fold 6 | Epoch 025/100 | Loss: 0.1809 | Acc: 0.9292 | Prec: 0.9206 | Recall: 0.9288 | Spec: 0.9295
[2025-11-14 16:41:04,498 INFO main.train_one_fold] TRAIN CHUNK | Fold 6 | Epoch 026/100 | Loss: 0.1754 | Acc: 0.9382 | Prec: 0.9270 | Recall: 0.9421 | Spec: 0.9347
[2025-11-14 16:41:04,717 INFO main.train_one_fold] EVAL CHUNK | Fold 6 | Epoch 026/100 | Loss: 0.3770 | Acc: 0.8066 | Prec: 1.0000 | Recall: 0.6111 | Spec: 1.0000
[2025-11-14 16:41:04,717 INFO main.train_one_fold]   Confusion: TP=55, TN=91, FP=0, FN=35
[2025-11-14 16:41:04,717 INFO main.train_one_fold] EVAL SUBJECT | Fold 6 | Epoch 026/100 | Loss: 0.3770 | Acc: 0.8333 | Prec: 1.0000 | Recall: 0.6667 | Spec: 1.0000
[2025-11-14 16:41:04,717 INFO main.train_one_fold]   Confusion: TP=2, TN=3, FP=0, FN=1
[2025-11-14 16:41:04,718 INFO early_stopping.__call__] Early stopping triggered after 20 epochs without improvement. Best score: 1.0000 at epoch 6
[2025-11-14 16:41:04,718 INFO main.train_one_fold] Early stopping triggered at epoch 26
[2025-11-14 16:41:04,718 INFO main.train_one_fold] 
Fold 6 training completed. Best Combined Val Acc: 1.0000 at epoch 6
[2025-11-14 16:41:04,718 INFO main.train_cross_validation] ================================================================================
[2025-11-14 16:41:04,718 INFO main.train_cross_validation] FOLD 7/10
[2025-11-14 16:41:04,718 INFO main.train_cross_validation] ================================================================================
[2025-11-14 16:41:04,718 INFO main.get_datasets_for_fold] Train subjects (49): ['mdd:H S2', 'mdd:H S7', 'mdd:H S19', 'mdd:MDD S31', 'mdd:MDD S22', 'mdd:MDD S19', 'mdd:H S30', 'mdd:H S1', 'mdd:H S22', 'mdd:MDD S25', 'mdd:MDD S34', 'mdd:MDD S17', 'mdd:H S27', 'mdd:H S4', 'mdd:H S21', 'mdd:MDD S3', 'mdd:MDD S1', 'mdd:MDD S14', 'mdd:H S23', 'mdd:H S25', 'mdd:H S10', 'mdd:MDD S10', 'mdd:MDD S26', 'mdd:MDD S20', 'mdd:H S14', 'mdd:H S15', 'mdd:H S11', 'mdd:MDD S33', 'mdd:MDD S18', 'mdd:MDD S5', 'mdd:H S26', 'mdd:H S5', 'mdd:H S13', 'mdd:MDD S15', 'mdd:MDD S13', 'mdd:MDD S9', 'mdd:H S9', 'mdd:H S3', 'mdd:H S17', 'mdd:MDD S27', 'mdd:MDD S28', 'mdd:H S20', 'mdd:H S24', 'mdd:MDD S21', 'mdd:MDD S29', 'mdd:H S29', 'mdd:H S16', 'mdd:MDD S6', 'mdd:MDD S23']...
[2025-11-14 16:41:04,719 INFO main.get_datasets_for_fold] Val subjects (5): ['mdd:H S8', 'mdd:H S6', 'mdd:H S28', 'mdd:MDD S30', 'mdd:MDD S32']
[2025-11-14 16:41:04,719 INFO main.get_datasets_for_fold] Training chunks: 1477
[2025-11-14 16:41:04,720 INFO main.get_datasets_for_fold] Validation chunks: 144
[2025-11-14 16:41:04,730 INFO model.__init__] Initialized LSTM with input_size=1728, hidden_size=100, batch_first=True
[2025-11-14 16:41:04,731 INFO main.train_one_fold] Starting training for fold 7
[2025-11-14 16:41:09,238 INFO main.train_one_fold] TRAIN CHUNK | Fold 7 | Epoch 001/100 | Loss: 0.6964 | Acc: 0.4807 | Prec: 0.4807 | Recall: 1.0000 | Spec: 0.0000
[2025-11-14 16:41:13,621 INFO main.train_one_fold] TRAIN CHUNK | Fold 7 | Epoch 002/100 | Loss: 0.6526 | Acc: 0.6527 | Prec: 0.6131 | Recall: 0.7521 | Spec: 0.5606
[2025-11-14 16:41:13,793 INFO main.train_one_fold] EVAL CHUNK | Fold 7 | Epoch 002/100 | Loss: 0.4129 | Acc: 1.0000 | Prec: 1.0000 | Recall: 1.0000 | Spec: 1.0000
[2025-11-14 16:41:13,793 INFO main.train_one_fold]   Confusion: TP=54, TN=90, FP=0, FN=0
[2025-11-14 16:41:13,793 INFO main.train_one_fold] EVAL SUBJECT | Fold 7 | Epoch 002/100 | Loss: 0.4129 | Acc: 1.0000 | Prec: 1.0000 | Recall: 1.0000 | Spec: 1.0000
[2025-11-14 16:41:13,793 INFO main.train_one_fold]   Confusion: TP=2, TN=3, FP=0, FN=0
[2025-11-14 16:41:13,810 INFO main.train_one_fold] ✓ Saved best model: checkpoints_fp1_003_mdd_mqm/fold_7_best.pth (combined=1.0000, chunk=1.0000, subject=1.0000)
[2025-11-14 16:41:13,810 INFO early_stopping.__call__] Early stopping initialized: best score 1.0000 at epoch 2
[2025-11-14 16:41:18,850 INFO main.train_one_fold] TRAIN CHUNK | Fold 7 | Epoch 003/100 | Loss: 0.4825 | Acc: 0.8070 | Prec: 0.7860 | Recall: 0.8225 | Spec: 0.7927
[2025-11-14 16:41:23,676 INFO main.train_one_fold] TRAIN CHUNK | Fold 7 | Epoch 004/100 | Loss: 0.3777 | Acc: 0.8578 | Prec: 0.8157 | Recall: 0.9099 | Spec: 0.8096
[2025-11-14 16:41:23,846 INFO main.train_one_fold] EVAL CHUNK | Fold 7 | Epoch 004/100 | Loss: 0.1197 | Acc: 0.9931 | Prec: 0.9818 | Recall: 1.0000 | Spec: 0.9889
[2025-11-14 16:41:23,846 INFO main.train_one_fold]   Confusion: TP=54, TN=89, FP=1, FN=0
[2025-11-14 16:41:23,846 INFO main.train_one_fold] EVAL SUBJECT | Fold 7 | Epoch 004/100 | Loss: 0.1197 | Acc: 1.0000 | Prec: 1.0000 | Recall: 1.0000 | Spec: 1.0000
[2025-11-14 16:41:23,846 INFO main.train_one_fold]   Confusion: TP=2, TN=3, FP=0, FN=0
[2025-11-14 16:41:28,463 INFO main.train_one_fold] TRAIN CHUNK | Fold 7 | Epoch 005/100 | Loss: 0.3288 | Acc: 0.8768 | Prec: 0.8350 | Recall: 0.9268 | Spec: 0.8305
[2025-11-14 16:41:33,075 INFO main.train_one_fold] TRAIN CHUNK | Fold 7 | Epoch 006/100 | Loss: 0.3153 | Acc: 0.8747 | Prec: 0.8327 | Recall: 0.9254 | Spec: 0.8279
[2025-11-14 16:41:33,265 INFO main.train_one_fold] EVAL CHUNK | Fold 7 | Epoch 006/100 | Loss: 0.1059 | Acc: 0.9931 | Prec: 0.9818 | Recall: 1.0000 | Spec: 0.9889
[2025-11-14 16:41:33,265 INFO main.train_one_fold]   Confusion: TP=54, TN=89, FP=1, FN=0
[2025-11-14 16:41:33,265 INFO main.train_one_fold] EVAL SUBJECT | Fold 7 | Epoch 006/100 | Loss: 0.1059 | Acc: 1.0000 | Prec: 1.0000 | Recall: 1.0000 | Spec: 1.0000
[2025-11-14 16:41:33,265 INFO main.train_one_fold]   Confusion: TP=2, TN=3, FP=0, FN=0
[2025-11-14 16:41:37,705 INFO main.train_one_fold] TRAIN CHUNK | Fold 7 | Epoch 007/100 | Loss: 0.2935 | Acc: 0.8835 | Prec: 0.8494 | Recall: 0.9211 | Spec: 0.8488
[2025-11-14 16:41:42,115 INFO main.train_one_fold] TRAIN CHUNK | Fold 7 | Epoch 008/100 | Loss: 0.2821 | Acc: 0.8930 | Prec: 0.8700 | Recall: 0.9141 | Spec: 0.8735
[2025-11-14 16:41:42,286 INFO main.train_one_fold] EVAL CHUNK | Fold 7 | Epoch 008/100 | Loss: 0.0595 | Acc: 0.9931 | Prec: 0.9818 | Recall: 1.0000 | Spec: 0.9889
[2025-11-14 16:41:42,286 INFO main.train_one_fold]   Confusion: TP=54, TN=89, FP=1, FN=0
[2025-11-14 16:41:42,287 INFO main.train_one_fold] EVAL SUBJECT | Fold 7 | Epoch 008/100 | Loss: 0.0595 | Acc: 1.0000 | Prec: 1.0000 | Recall: 1.0000 | Spec: 1.0000
[2025-11-14 16:41:42,287 INFO main.train_one_fold]   Confusion: TP=2, TN=3, FP=0, FN=0
[2025-11-14 16:41:46,675 INFO main.train_one_fold] TRAIN CHUNK | Fold 7 | Epoch 009/100 | Loss: 0.2665 | Acc: 0.8971 | Prec: 0.8623 | Recall: 0.9352 | Spec: 0.8618
[2025-11-14 16:41:51,241 INFO main.train_one_fold] TRAIN CHUNK | Fold 7 | Epoch 010/100 | Loss: 0.2570 | Acc: 0.8998 | Prec: 0.8787 | Recall: 0.9183 | Spec: 0.8827
[2025-11-14 16:41:51,413 INFO main.train_one_fold] EVAL CHUNK | Fold 7 | Epoch 010/100 | Loss: 0.0562 | Acc: 0.9931 | Prec: 0.9818 | Recall: 1.0000 | Spec: 0.9889
[2025-11-14 16:41:51,414 INFO main.train_one_fold]   Confusion: TP=54, TN=89, FP=1, FN=0
[2025-11-14 16:41:51,414 INFO main.train_one_fold] EVAL SUBJECT | Fold 7 | Epoch 010/100 | Loss: 0.0562 | Acc: 1.0000 | Prec: 1.0000 | Recall: 1.0000 | Spec: 1.0000
[2025-11-14 16:41:51,414 INFO main.train_one_fold]   Confusion: TP=2, TN=3, FP=0, FN=0
[2025-11-14 16:41:51,436 INFO main.train_one_fold] Saved checkpoint: checkpoints_fp1_003_mdd_mqm/fold_7_epoch_010.pth
[2025-11-14 16:41:55,845 INFO main.train_one_fold] TRAIN CHUNK | Fold 7 | Epoch 011/100 | Loss: 0.2521 | Acc: 0.8951 | Prec: 0.8715 | Recall: 0.9169 | Spec: 0.8748
[2025-11-14 16:42:01,671 INFO main.train_one_fold] TRAIN CHUNK | Fold 7 | Epoch 012/100 | Loss: 0.2611 | Acc: 0.8917 | Prec: 0.8819 | Recall: 0.8944 | Spec: 0.8892
[2025-11-14 16:42:01,916 INFO main.train_one_fold] EVAL CHUNK | Fold 7 | Epoch 012/100 | Loss: 0.0793 | Acc: 1.0000 | Prec: 1.0000 | Recall: 1.0000 | Spec: 1.0000
[2025-11-14 16:42:01,916 INFO main.train_one_fold]   Confusion: TP=54, TN=90, FP=0, FN=0
[2025-11-14 16:42:01,916 INFO main.train_one_fold] EVAL SUBJECT | Fold 7 | Epoch 012/100 | Loss: 0.0793 | Acc: 1.0000 | Prec: 1.0000 | Recall: 1.0000 | Spec: 1.0000
[2025-11-14 16:42:01,916 INFO main.train_one_fold]   Confusion: TP=2, TN=3, FP=0, FN=0
[2025-11-14 16:42:08,673 INFO main.train_one_fold] TRAIN CHUNK | Fold 7 | Epoch 013/100 | Loss: 0.2499 | Acc: 0.9039 | Prec: 0.8807 | Recall: 0.9254 | Spec: 0.8840
[2025-11-14 16:42:14,780 INFO main.train_one_fold] TRAIN CHUNK | Fold 7 | Epoch 014/100 | Loss: 0.2400 | Acc: 0.9106 | Prec: 0.8937 | Recall: 0.9239 | Spec: 0.8983
[2025-11-14 16:42:15,012 INFO main.train_one_fold] EVAL CHUNK | Fold 7 | Epoch 014/100 | Loss: 0.0520 | Acc: 0.9861 | Prec: 0.9643 | Recall: 1.0000 | Spec: 0.9778
[2025-11-14 16:42:15,012 INFO main.train_one_fold]   Confusion: TP=54, TN=88, FP=2, FN=0
[2025-11-14 16:42:15,013 INFO main.train_one_fold] EVAL SUBJECT | Fold 7 | Epoch 014/100 | Loss: 0.0520 | Acc: 1.0000 | Prec: 1.0000 | Recall: 1.0000 | Spec: 1.0000
[2025-11-14 16:42:15,013 INFO main.train_one_fold]   Confusion: TP=2, TN=3, FP=0, FN=0
[2025-11-14 16:42:21,307 INFO main.train_one_fold] TRAIN CHUNK | Fold 7 | Epoch 015/100 | Loss: 0.2282 | Acc: 0.9059 | Prec: 0.8874 | Recall: 0.9211 | Spec: 0.8918
[2025-11-14 16:42:27,672 INFO main.train_one_fold] TRAIN CHUNK | Fold 7 | Epoch 016/100 | Loss: 0.2317 | Acc: 0.9039 | Prec: 0.8901 | Recall: 0.9127 | Spec: 0.8957
[2025-11-14 16:42:27,915 INFO main.train_one_fold] EVAL CHUNK | Fold 7 | Epoch 016/100 | Loss: 0.1235 | Acc: 0.9861 | Prec: 0.9815 | Recall: 0.9815 | Spec: 0.9889
[2025-11-14 16:42:27,915 INFO main.train_one_fold]   Confusion: TP=53, TN=89, FP=1, FN=1
[2025-11-14 16:42:27,915 INFO main.train_one_fold] EVAL SUBJECT | Fold 7 | Epoch 016/100 | Loss: 0.1235 | Acc: 1.0000 | Prec: 1.0000 | Recall: 1.0000 | Spec: 1.0000
[2025-11-14 16:42:27,915 INFO main.train_one_fold]   Confusion: TP=2, TN=3, FP=0, FN=0
[2025-11-14 16:42:34,481 INFO main.train_one_fold] TRAIN CHUNK | Fold 7 | Epoch 017/100 | Loss: 0.2466 | Acc: 0.9012 | Prec: 0.8811 | Recall: 0.9183 | Spec: 0.8853
[2025-11-14 16:42:40,615 INFO main.train_one_fold] TRAIN CHUNK | Fold 7 | Epoch 018/100 | Loss: 0.2284 | Acc: 0.8991 | Prec: 0.8806 | Recall: 0.9141 | Spec: 0.8853
[2025-11-14 16:42:40,846 INFO main.train_one_fold] EVAL CHUNK | Fold 7 | Epoch 018/100 | Loss: 0.0484 | Acc: 1.0000 | Prec: 1.0000 | Recall: 1.0000 | Spec: 1.0000
[2025-11-14 16:42:40,846 INFO main.train_one_fold]   Confusion: TP=54, TN=90, FP=0, FN=0
[2025-11-14 16:42:40,846 INFO main.train_one_fold] EVAL SUBJECT | Fold 7 | Epoch 018/100 | Loss: 0.0484 | Acc: 1.0000 | Prec: 1.0000 | Recall: 1.0000 | Spec: 1.0000
[2025-11-14 16:42:40,847 INFO main.train_one_fold]   Confusion: TP=2, TN=3, FP=0, FN=0
[2025-11-14 16:42:47,480 INFO main.train_one_fold] TRAIN CHUNK | Fold 7 | Epoch 019/100 | Loss: 0.2237 | Acc: 0.9025 | Prec: 0.8856 | Recall: 0.9155 | Spec: 0.8905
[2025-11-14 16:42:53,742 INFO main.train_one_fold] TRAIN CHUNK | Fold 7 | Epoch 020/100 | Loss: 0.2220 | Acc: 0.9072 | Prec: 0.8898 | Recall: 0.9211 | Spec: 0.8944
[2025-11-14 16:42:53,972 INFO main.train_one_fold] EVAL CHUNK | Fold 7 | Epoch 020/100 | Loss: 0.0791 | Acc: 0.9931 | Prec: 0.9818 | Recall: 1.0000 | Spec: 0.9889
[2025-11-14 16:42:53,973 INFO main.train_one_fold]   Confusion: TP=54, TN=89, FP=1, FN=0
[2025-11-14 16:42:53,973 INFO main.train_one_fold] EVAL SUBJECT | Fold 7 | Epoch 020/100 | Loss: 0.0791 | Acc: 1.0000 | Prec: 1.0000 | Recall: 1.0000 | Spec: 1.0000
[2025-11-14 16:42:53,973 INFO main.train_one_fold]   Confusion: TP=2, TN=3, FP=0, FN=0
[2025-11-14 16:42:53,994 INFO main.train_one_fold] Saved checkpoint: checkpoints_fp1_003_mdd_mqm/fold_7_epoch_020.pth
[2025-11-14 16:43:00,117 INFO main.train_one_fold] TRAIN CHUNK | Fold 7 | Epoch 021/100 | Loss: 0.2123 | Acc: 0.9086 | Prec: 0.8922 | Recall: 0.9211 | Spec: 0.8970
[2025-11-14 16:43:06,710 INFO main.train_one_fold] TRAIN CHUNK | Fold 7 | Epoch 022/100 | Loss: 0.2252 | Acc: 0.8984 | Prec: 0.8804 | Recall: 0.9127 | Spec: 0.8853
[2025-11-14 16:43:06,971 INFO main.train_one_fold] EVAL CHUNK | Fold 7 | Epoch 022/100 | Loss: 0.0358 | Acc: 0.9931 | Prec: 0.9818 | Recall: 1.0000 | Spec: 0.9889
[2025-11-14 16:43:06,971 INFO main.train_one_fold]   Confusion: TP=54, TN=89, FP=1, FN=0
[2025-11-14 16:43:06,971 INFO main.train_one_fold] EVAL SUBJECT | Fold 7 | Epoch 022/100 | Loss: 0.0358 | Acc: 1.0000 | Prec: 1.0000 | Recall: 1.0000 | Spec: 1.0000
[2025-11-14 16:43:06,971 INFO main.train_one_fold]   Confusion: TP=2, TN=3, FP=0, FN=0
[2025-11-14 16:43:06,971 INFO early_stopping.__call__] Early stopping triggered after 20 epochs without improvement. Best score: 1.0000 at epoch 2
[2025-11-14 16:43:06,971 INFO main.train_one_fold] Early stopping triggered at epoch 22
[2025-11-14 16:43:06,972 INFO main.train_one_fold] 
Fold 7 training completed. Best Combined Val Acc: 1.0000 at epoch 2
[2025-11-14 16:43:06,972 INFO main.train_cross_validation] ================================================================================
[2025-11-14 16:43:06,972 INFO main.train_cross_validation] FOLD 8/10
[2025-11-14 16:43:06,972 INFO main.train_cross_validation] ================================================================================
[2025-11-14 16:43:06,973 INFO main.get_datasets_for_fold] Train subjects (49): ['mdd:H S2', 'mdd:H S7', 'mdd:H S19', 'mdd:MDD S31', 'mdd:MDD S22', 'mdd:MDD S19', 'mdd:H S30', 'mdd:H S1', 'mdd:H S22', 'mdd:MDD S25', 'mdd:MDD S34', 'mdd:MDD S17', 'mdd:H S27', 'mdd:H S4', 'mdd:H S21', 'mdd:MDD S3', 'mdd:MDD S1', 'mdd:MDD S14', 'mdd:H S23', 'mdd:H S25', 'mdd:H S10', 'mdd:MDD S10', 'mdd:MDD S26', 'mdd:MDD S20', 'mdd:H S14', 'mdd:H S15', 'mdd:H S11', 'mdd:MDD S33', 'mdd:MDD S18', 'mdd:MDD S5', 'mdd:H S26', 'mdd:H S5', 'mdd:H S13', 'mdd:MDD S15', 'mdd:MDD S13', 'mdd:MDD S9', 'mdd:H S8', 'mdd:H S6', 'mdd:H S28', 'mdd:MDD S30', 'mdd:MDD S32', 'mdd:H S20', 'mdd:H S24', 'mdd:MDD S21', 'mdd:MDD S29', 'mdd:H S29', 'mdd:H S16', 'mdd:MDD S6', 'mdd:MDD S23']...
[2025-11-14 16:43:06,973 INFO main.get_datasets_for_fold] Val subjects (5): ['mdd:H S9', 'mdd:H S3', 'mdd:H S17', 'mdd:MDD S27', 'mdd:MDD S28']
[2025-11-14 16:43:06,975 INFO main.get_datasets_for_fold] Training chunks: 1470
[2025-11-14 16:43:06,975 INFO main.get_datasets_for_fold] Validation chunks: 151
[2025-11-14 16:43:06,994 INFO model.__init__] Initialized LSTM with input_size=1728, hidden_size=100, batch_first=True
[2025-11-14 16:43:06,997 INFO main.train_one_fold] Starting training for fold 8
[2025-11-14 16:43:13,020 INFO main.train_one_fold] TRAIN CHUNK | Fold 8 | Epoch 001/100 | Loss: 0.6900 | Acc: 0.5224 | Prec: 1.0000 | Recall: 0.0028 | Spec: 1.0000
[2025-11-14 16:43:19,026 INFO main.train_one_fold] TRAIN CHUNK | Fold 8 | Epoch 002/100 | Loss: 0.5879 | Acc: 0.7823 | Prec: 0.7857 | Recall: 0.7500 | Spec: 0.8120
[2025-11-14 16:43:19,282 INFO main.train_one_fold] EVAL CHUNK | Fold 8 | Epoch 002/100 | Loss: 0.5536 | Acc: 0.7550 | Prec: 0.6494 | Recall: 0.8333 | Spec: 0.7033
[2025-11-14 16:43:19,282 INFO main.train_one_fold]   Confusion: TP=50, TN=64, FP=27, FN=10
[2025-11-14 16:43:19,282 INFO main.train_one_fold] EVAL SUBJECT | Fold 8 | Epoch 002/100 | Loss: 0.5536 | Acc: 0.8000 | Prec: 0.6667 | Recall: 1.0000 | Spec: 0.6667
[2025-11-14 16:43:19,282 INFO main.train_one_fold]   Confusion: TP=2, TN=2, FP=1, FN=0
[2025-11-14 16:43:19,312 INFO main.train_one_fold] ✓ Saved best model: checkpoints_fp1_003_mdd_mqm/fold_8_best.pth (combined=0.6040, chunk=0.7550, subject=0.8000)
[2025-11-14 16:43:19,313 INFO early_stopping.__call__] Early stopping initialized: best score 0.6040 at epoch 2
[2025-11-14 16:43:25,134 INFO main.train_one_fold] TRAIN CHUNK | Fold 8 | Epoch 003/100 | Loss: 0.4275 | Acc: 0.8694 | Prec: 0.8176 | Recall: 0.9361 | Spec: 0.8081
[2025-11-14 16:43:31,375 INFO main.train_one_fold] TRAIN CHUNK | Fold 8 | Epoch 004/100 | Loss: 0.3541 | Acc: 0.8789 | Prec: 0.8398 | Recall: 0.9233 | Spec: 0.8381
[2025-11-14 16:43:31,626 INFO main.train_one_fold] EVAL CHUNK | Fold 8 | Epoch 004/100 | Loss: 0.4164 | Acc: 0.8278 | Prec: 1.0000 | Recall: 0.5667 | Spec: 1.0000
[2025-11-14 16:43:31,626 INFO main.train_one_fold]   Confusion: TP=34, TN=91, FP=0, FN=26
[2025-11-14 16:43:31,626 INFO main.train_one_fold] EVAL SUBJECT | Fold 8 | Epoch 004/100 | Loss: 0.4164 | Acc: 0.8000 | Prec: 1.0000 | Recall: 0.5000 | Spec: 1.0000
[2025-11-14 16:43:31,627 INFO main.train_one_fold]   Confusion: TP=1, TN=3, FP=0, FN=1
[2025-11-14 16:43:31,660 INFO main.train_one_fold] ✓ Saved best model: checkpoints_fp1_003_mdd_mqm/fold_8_best.pth (combined=0.6623, chunk=0.8278, subject=0.8000)
[2025-11-14 16:43:31,660 INFO early_stopping.__call__] Validation improved from 0.6040 to 0.6623 (+0.0583) at epoch 4
[2025-11-14 16:43:38,626 INFO main.train_one_fold] TRAIN CHUNK | Fold 8 | Epoch 005/100 | Loss: 0.3096 | Acc: 0.8905 | Prec: 0.8485 | Recall: 0.9389 | Spec: 0.8460
[2025-11-14 16:43:44,438 INFO main.train_one_fold] TRAIN CHUNK | Fold 8 | Epoch 006/100 | Loss: 0.2915 | Acc: 0.8878 | Prec: 0.8523 | Recall: 0.9261 | Spec: 0.8525
[2025-11-14 16:43:44,706 INFO main.train_one_fold] EVAL CHUNK | Fold 8 | Epoch 006/100 | Loss: 0.4943 | Acc: 0.7682 | Prec: 1.0000 | Recall: 0.4167 | Spec: 1.0000
[2025-11-14 16:43:44,706 INFO main.train_one_fold]   Confusion: TP=25, TN=91, FP=0, FN=35
[2025-11-14 16:43:44,707 INFO main.train_one_fold] EVAL SUBJECT | Fold 8 | Epoch 006/100 | Loss: 0.4943 | Acc: 0.8000 | Prec: 1.0000 | Recall: 0.5000 | Spec: 1.0000
[2025-11-14 16:43:44,707 INFO main.train_one_fold]   Confusion: TP=1, TN=3, FP=0, FN=1
[2025-11-14 16:43:50,713 INFO main.train_one_fold] TRAIN CHUNK | Fold 8 | Epoch 007/100 | Loss: 0.2817 | Acc: 0.8939 | Prec: 0.8577 | Recall: 0.9332 | Spec: 0.8577
[2025-11-14 16:43:56,558 INFO main.train_one_fold] TRAIN CHUNK | Fold 8 | Epoch 008/100 | Loss: 0.2825 | Acc: 0.8857 | Prec: 0.8490 | Recall: 0.9261 | Spec: 0.8486
[2025-11-14 16:43:56,795 INFO main.train_one_fold] EVAL CHUNK | Fold 8 | Epoch 008/100 | Loss: 0.3312 | Acc: 0.8675 | Prec: 1.0000 | Recall: 0.6667 | Spec: 1.0000
[2025-11-14 16:43:56,796 INFO main.train_one_fold]   Confusion: TP=40, TN=91, FP=0, FN=20
[2025-11-14 16:43:56,796 INFO main.train_one_fold] EVAL SUBJECT | Fold 8 | Epoch 008/100 | Loss: 0.3312 | Acc: 1.0000 | Prec: 1.0000 | Recall: 1.0000 | Spec: 1.0000
[2025-11-14 16:43:56,796 INFO main.train_one_fold]   Confusion: TP=2, TN=3, FP=0, FN=0
[2025-11-14 16:43:56,826 INFO main.train_one_fold] ✓ Saved best model: checkpoints_fp1_003_mdd_mqm/fold_8_best.pth (combined=0.8675, chunk=0.8675, subject=1.0000)
[2025-11-14 16:43:56,826 INFO early_stopping.__call__] Validation improved from 0.6623 to 0.8675 (+0.2053) at epoch 8
[2025-11-14 16:44:02,774 INFO main.train_one_fold] TRAIN CHUNK | Fold 8 | Epoch 009/100 | Loss: 0.2658 | Acc: 0.8952 | Prec: 0.8609 | Recall: 0.9318 | Spec: 0.8616
[2025-11-14 16:44:07,894 INFO main.train_one_fold] TRAIN CHUNK | Fold 8 | Epoch 010/100 | Loss: 0.2875 | Acc: 0.8844 | Prec: 0.8532 | Recall: 0.9162 | Spec: 0.8551
[2025-11-14 16:44:08,073 INFO main.train_one_fold] EVAL CHUNK | Fold 8 | Epoch 010/100 | Loss: 0.2836 | Acc: 0.9073 | Prec: 0.9600 | Recall: 0.8000 | Spec: 0.9780
[2025-11-14 16:44:08,074 INFO main.train_one_fold]   Confusion: TP=48, TN=89, FP=2, FN=12
[2025-11-14 16:44:08,074 INFO main.train_one_fold] EVAL SUBJECT | Fold 8 | Epoch 010/100 | Loss: 0.2836 | Acc: 1.0000 | Prec: 1.0000 | Recall: 1.0000 | Spec: 1.0000
[2025-11-14 16:44:08,074 INFO main.train_one_fold]   Confusion: TP=2, TN=3, FP=0, FN=0
[2025-11-14 16:44:08,096 INFO main.train_one_fold] ✓ Saved best model: checkpoints_fp1_003_mdd_mqm/fold_8_best.pth (combined=0.9073, chunk=0.9073, subject=1.0000)
[2025-11-14 16:44:08,096 INFO early_stopping.__call__] Validation improved from 0.8675 to 0.9073 (+0.0397) at epoch 10
[2025-11-14 16:44:08,111 INFO main.train_one_fold] Saved checkpoint: checkpoints_fp1_003_mdd_mqm/fold_8_epoch_010.pth
[2025-11-14 16:44:12,500 INFO main.train_one_fold] TRAIN CHUNK | Fold 8 | Epoch 011/100 | Loss: 0.2617 | Acc: 0.8857 | Prec: 0.8612 | Recall: 0.9077 | Spec: 0.8655
[2025-11-14 16:44:16,590 INFO main.train_one_fold] TRAIN CHUNK | Fold 8 | Epoch 012/100 | Loss: 0.2587 | Acc: 0.8980 | Prec: 0.8664 | Recall: 0.9304 | Spec: 0.8681
[2025-11-14 16:44:16,770 INFO main.train_one_fold] EVAL CHUNK | Fold 8 | Epoch 012/100 | Loss: 0.2243 | Acc: 0.9404 | Prec: 0.9811 | Recall: 0.8667 | Spec: 0.9890
[2025-11-14 16:44:16,770 INFO main.train_one_fold]   Confusion: TP=52, TN=90, FP=1, FN=8
[2025-11-14 16:44:16,770 INFO main.train_one_fold] EVAL SUBJECT | Fold 8 | Epoch 012/100 | Loss: 0.2243 | Acc: 1.0000 | Prec: 1.0000 | Recall: 1.0000 | Spec: 1.0000
[2025-11-14 16:44:16,770 INFO main.train_one_fold]   Confusion: TP=2, TN=3, FP=0, FN=0
[2025-11-14 16:44:16,798 INFO main.train_one_fold] ✓ Saved best model: checkpoints_fp1_003_mdd_mqm/fold_8_best.pth (combined=0.9404, chunk=0.9404, subject=1.0000)
[2025-11-14 16:44:16,799 INFO early_stopping.__call__] Validation improved from 0.9073 to 0.9404 (+0.0331) at epoch 12
[2025-11-14 16:44:21,262 INFO main.train_one_fold] TRAIN CHUNK | Fold 8 | Epoch 013/100 | Loss: 0.2452 | Acc: 0.9014 | Prec: 0.8702 | Recall: 0.9332 | Spec: 0.8721
[2025-11-14 16:44:25,626 INFO main.train_one_fold] TRAIN CHUNK | Fold 8 | Epoch 014/100 | Loss: 0.2466 | Acc: 0.9014 | Prec: 0.8722 | Recall: 0.9304 | Spec: 0.8747
[2025-11-14 16:44:25,854 INFO main.train_one_fold] EVAL CHUNK | Fold 8 | Epoch 014/100 | Loss: 0.2288 | Acc: 0.9404 | Prec: 0.9322 | Recall: 0.9167 | Spec: 0.9560
[2025-11-14 16:44:25,854 INFO main.train_one_fold]   Confusion: TP=55, TN=87, FP=4, FN=5
[2025-11-14 16:44:25,854 INFO main.train_one_fold] EVAL SUBJECT | Fold 8 | Epoch 014/100 | Loss: 0.2288 | Acc: 1.0000 | Prec: 1.0000 | Recall: 1.0000 | Spec: 1.0000
[2025-11-14 16:44:25,854 INFO main.train_one_fold]   Confusion: TP=2, TN=3, FP=0, FN=0
[2025-11-14 16:44:30,267 INFO main.train_one_fold] TRAIN CHUNK | Fold 8 | Epoch 015/100 | Loss: 0.2568 | Acc: 0.8912 | Prec: 0.8636 | Recall: 0.9176 | Spec: 0.8668
[2025-11-14 16:44:34,901 INFO main.train_one_fold] TRAIN CHUNK | Fold 8 | Epoch 016/100 | Loss: 0.2336 | Acc: 0.9061 | Prec: 0.8743 | Recall: 0.9389 | Spec: 0.8760
[2025-11-14 16:44:35,077 INFO main.train_one_fold] EVAL CHUNK | Fold 8 | Epoch 016/100 | Loss: 0.2637 | Acc: 0.9338 | Prec: 0.9808 | Recall: 0.8500 | Spec: 0.9890
[2025-11-14 16:44:35,078 INFO main.train_one_fold]   Confusion: TP=51, TN=90, FP=1, FN=9
[2025-11-14 16:44:35,078 INFO main.train_one_fold] EVAL SUBJECT | Fold 8 | Epoch 016/100 | Loss: 0.2637 | Acc: 1.0000 | Prec: 1.0000 | Recall: 1.0000 | Spec: 1.0000
[2025-11-14 16:44:35,078 INFO main.train_one_fold]   Confusion: TP=2, TN=3, FP=0, FN=0
[2025-11-14 16:44:39,334 INFO main.train_one_fold] TRAIN CHUNK | Fold 8 | Epoch 017/100 | Loss: 0.2344 | Acc: 0.9082 | Prec: 0.8671 | Recall: 0.9545 | Spec: 0.8655
[2025-11-14 16:44:43,557 INFO main.train_one_fold] TRAIN CHUNK | Fold 8 | Epoch 018/100 | Loss: 0.2337 | Acc: 0.9061 | Prec: 0.8794 | Recall: 0.9318 | Spec: 0.8825
[2025-11-14 16:44:43,730 INFO main.train_one_fold] EVAL CHUNK | Fold 8 | Epoch 018/100 | Loss: 0.2283 | Acc: 0.9470 | Prec: 1.0000 | Recall: 0.8667 | Spec: 1.0000
[2025-11-14 16:44:43,730 INFO main.train_one_fold]   Confusion: TP=52, TN=91, FP=0, FN=8
[2025-11-14 16:44:43,730 INFO main.train_one_fold] EVAL SUBJECT | Fold 8 | Epoch 018/100 | Loss: 0.2283 | Acc: 1.0000 | Prec: 1.0000 | Recall: 1.0000 | Spec: 1.0000
[2025-11-14 16:44:43,730 INFO main.train_one_fold]   Confusion: TP=2, TN=3, FP=0, FN=0
[2025-11-14 16:44:43,753 INFO main.train_one_fold] ✓ Saved best model: checkpoints_fp1_003_mdd_mqm/fold_8_best.pth (combined=0.9470, chunk=0.9470, subject=1.0000)
[2025-11-14 16:44:43,753 INFO early_stopping.__call__] Validation improved from 0.9404 to 0.9470 (+0.0066) at epoch 18
[2025-11-14 16:44:47,951 INFO main.train_one_fold] TRAIN CHUNK | Fold 8 | Epoch 019/100 | Loss: 0.2146 | Acc: 0.9109 | Prec: 0.8887 | Recall: 0.9304 | Spec: 0.8930
[2025-11-14 16:44:53,231 INFO main.train_one_fold] TRAIN CHUNK | Fold 8 | Epoch 020/100 | Loss: 0.2141 | Acc: 0.9116 | Prec: 0.8889 | Recall: 0.9318 | Spec: 0.8930
[2025-11-14 16:44:53,440 INFO main.train_one_fold] EVAL CHUNK | Fold 8 | Epoch 020/100 | Loss: 0.2299 | Acc: 0.9404 | Prec: 0.9811 | Recall: 0.8667 | Spec: 0.9890
[2025-11-14 16:44:53,440 INFO main.train_one_fold]   Confusion: TP=52, TN=90, FP=1, FN=8
[2025-11-14 16:44:53,440 INFO main.train_one_fold] EVAL SUBJECT | Fold 8 | Epoch 020/100 | Loss: 0.2299 | Acc: 1.0000 | Prec: 1.0000 | Recall: 1.0000 | Spec: 1.0000
[2025-11-14 16:44:53,440 INFO main.train_one_fold]   Confusion: TP=2, TN=3, FP=0, FN=0
[2025-11-14 16:44:53,462 INFO main.train_one_fold] Saved checkpoint: checkpoints_fp1_003_mdd_mqm/fold_8_epoch_020.pth
[2025-11-14 16:44:59,478 INFO main.train_one_fold] TRAIN CHUNK | Fold 8 | Epoch 021/100 | Loss: 0.2134 | Acc: 0.9122 | Prec: 0.8901 | Recall: 0.9318 | Spec: 0.8943
[2025-11-14 16:45:06,098 INFO main.train_one_fold] TRAIN CHUNK | Fold 8 | Epoch 022/100 | Loss: 0.2216 | Acc: 0.9143 | Prec: 0.8895 | Recall: 0.9375 | Spec: 0.8930
[2025-11-14 16:45:06,352 INFO main.train_one_fold] EVAL CHUNK | Fold 8 | Epoch 022/100 | Loss: 0.3222 | Acc: 0.8874 | Prec: 1.0000 | Recall: 0.7167 | Spec: 1.0000
[2025-11-14 16:45:06,352 INFO main.train_one_fold]   Confusion: TP=43, TN=91, FP=0, FN=17
[2025-11-14 16:45:06,352 INFO main.train_one_fold] EVAL SUBJECT | Fold 8 | Epoch 022/100 | Loss: 0.3222 | Acc: 1.0000 | Prec: 1.0000 | Recall: 1.0000 | Spec: 1.0000
[2025-11-14 16:45:06,353 INFO main.train_one_fold]   Confusion: TP=2, TN=3, FP=0, FN=0
[2025-11-14 16:45:12,319 INFO main.train_one_fold] TRAIN CHUNK | Fold 8 | Epoch 023/100 | Loss: 0.2176 | Acc: 0.9068 | Prec: 0.8805 | Recall: 0.9318 | Spec: 0.8838
[2025-11-14 16:45:18,290 INFO main.train_one_fold] TRAIN CHUNK | Fold 8 | Epoch 024/100 | Loss: 0.2085 | Acc: 0.9197 | Prec: 0.8970 | Recall: 0.9403 | Spec: 0.9008
[2025-11-14 16:45:18,650 INFO main.train_one_fold] EVAL CHUNK | Fold 8 | Epoch 024/100 | Loss: 0.2330 | Acc: 0.9404 | Prec: 0.9811 | Recall: 0.8667 | Spec: 0.9890
[2025-11-14 16:45:18,651 INFO main.train_one_fold]   Confusion: TP=52, TN=90, FP=1, FN=8
[2025-11-14 16:45:18,651 INFO main.train_one_fold] EVAL SUBJECT | Fold 8 | Epoch 024/100 | Loss: 0.2330 | Acc: 1.0000 | Prec: 1.0000 | Recall: 1.0000 | Spec: 1.0000
[2025-11-14 16:45:18,651 INFO main.train_one_fold]   Confusion: TP=2, TN=3, FP=0, FN=0
[2025-11-14 16:45:25,209 INFO main.train_one_fold] TRAIN CHUNK | Fold 8 | Epoch 025/100 | Loss: 0.2020 | Acc: 0.9156 | Prec: 0.8973 | Recall: 0.9304 | Spec: 0.9021
[2025-11-14 16:45:31,404 INFO main.train_one_fold] TRAIN CHUNK | Fold 8 | Epoch 026/100 | Loss: 0.1929 | Acc: 0.9238 | Prec: 0.8947 | Recall: 0.9531 | Spec: 0.8969
[2025-11-14 16:45:31,655 INFO main.train_one_fold] EVAL CHUNK | Fold 8 | Epoch 026/100 | Loss: 0.1943 | Acc: 0.9603 | Prec: 0.9821 | Recall: 0.9167 | Spec: 0.9890
[2025-11-14 16:45:31,656 INFO main.train_one_fold]   Confusion: TP=55, TN=90, FP=1, FN=5
[2025-11-14 16:45:31,656 INFO main.train_one_fold] EVAL SUBJECT | Fold 8 | Epoch 026/100 | Loss: 0.1943 | Acc: 1.0000 | Prec: 1.0000 | Recall: 1.0000 | Spec: 1.0000
[2025-11-14 16:45:31,656 INFO main.train_one_fold]   Confusion: TP=2, TN=3, FP=0, FN=0
[2025-11-14 16:45:31,688 INFO main.train_one_fold] ✓ Saved best model: checkpoints_fp1_003_mdd_mqm/fold_8_best.pth (combined=0.9603, chunk=0.9603, subject=1.0000)
[2025-11-14 16:45:31,688 INFO early_stopping.__call__] Validation improved from 0.9470 to 0.9603 (+0.0132) at epoch 26
[2025-11-14 16:45:38,004 INFO main.train_one_fold] TRAIN CHUNK | Fold 8 | Epoch 027/100 | Loss: 0.1903 | Acc: 0.9204 | Prec: 0.8940 | Recall: 0.9460 | Spec: 0.8969
[2025-11-14 16:45:43,991 INFO main.train_one_fold] TRAIN CHUNK | Fold 8 | Epoch 028/100 | Loss: 0.2019 | Acc: 0.9184 | Prec: 0.8989 | Recall: 0.9347 | Spec: 0.9034
[2025-11-14 16:45:44,233 INFO main.train_one_fold] EVAL CHUNK | Fold 8 | Epoch 028/100 | Loss: 0.1828 | Acc: 0.9603 | Prec: 0.9821 | Recall: 0.9167 | Spec: 0.9890
[2025-11-14 16:45:44,233 INFO main.train_one_fold]   Confusion: TP=55, TN=90, FP=1, FN=5
[2025-11-14 16:45:44,234 INFO main.train_one_fold] EVAL SUBJECT | Fold 8 | Epoch 028/100 | Loss: 0.1828 | Acc: 1.0000 | Prec: 1.0000 | Recall: 1.0000 | Spec: 1.0000
[2025-11-14 16:45:44,234 INFO main.train_one_fold]   Confusion: TP=2, TN=3, FP=0, FN=0
[2025-11-14 16:45:50,318 INFO main.train_one_fold] TRAIN CHUNK | Fold 8 | Epoch 029/100 | Loss: 0.2036 | Acc: 0.9163 | Prec: 0.8996 | Recall: 0.9290 | Spec: 0.9047
[2025-11-14 16:45:56,203 INFO main.train_one_fold] TRAIN CHUNK | Fold 8 | Epoch 030/100 | Loss: 0.2022 | Acc: 0.9068 | Prec: 0.8816 | Recall: 0.9304 | Spec: 0.8851
[2025-11-14 16:45:56,453 INFO main.train_one_fold] EVAL CHUNK | Fold 8 | Epoch 030/100 | Loss: 0.2174 | Acc: 0.9470 | Prec: 0.9483 | Recall: 0.9167 | Spec: 0.9670
[2025-11-14 16:45:56,453 INFO main.train_one_fold]   Confusion: TP=55, TN=88, FP=3, FN=5
[2025-11-14 16:45:56,453 INFO main.train_one_fold] EVAL SUBJECT | Fold 8 | Epoch 030/100 | Loss: 0.2174 | Acc: 1.0000 | Prec: 1.0000 | Recall: 1.0000 | Spec: 1.0000
[2025-11-14 16:45:56,453 INFO main.train_one_fold]   Confusion: TP=2, TN=3, FP=0, FN=0
[2025-11-14 16:45:56,477 INFO main.train_one_fold] Saved checkpoint: checkpoints_fp1_003_mdd_mqm/fold_8_epoch_030.pth
[2025-11-14 16:46:02,403 INFO main.train_one_fold] TRAIN CHUNK | Fold 8 | Epoch 031/100 | Loss: 0.1805 | Acc: 0.9286 | Prec: 0.9086 | Recall: 0.9460 | Spec: 0.9125
[2025-11-14 16:46:08,913 INFO main.train_one_fold] TRAIN CHUNK | Fold 8 | Epoch 032/100 | Loss: 0.1787 | Acc: 0.9299 | Prec: 0.9066 | Recall: 0.9517 | Spec: 0.9099
[2025-11-14 16:46:09,165 INFO main.train_one_fold] EVAL CHUNK | Fold 8 | Epoch 032/100 | Loss: 0.2561 | Acc: 0.9139 | Prec: 0.8730 | Recall: 0.9167 | Spec: 0.9121
[2025-11-14 16:46:09,165 INFO main.train_one_fold]   Confusion: TP=55, TN=83, FP=8, FN=5
[2025-11-14 16:46:09,165 INFO main.train_one_fold] EVAL SUBJECT | Fold 8 | Epoch 032/100 | Loss: 0.2561 | Acc: 1.0000 | Prec: 1.0000 | Recall: 1.0000 | Spec: 1.0000
[2025-11-14 16:46:09,166 INFO main.train_one_fold]   Confusion: TP=2, TN=3, FP=0, FN=0
[2025-11-14 16:46:15,057 INFO main.train_one_fold] TRAIN CHUNK | Fold 8 | Epoch 033/100 | Loss: 0.1810 | Acc: 0.9197 | Prec: 0.9047 | Recall: 0.9304 | Spec: 0.9099
[2025-11-14 16:46:21,083 INFO main.train_one_fold] TRAIN CHUNK | Fold 8 | Epoch 034/100 | Loss: 0.1637 | Acc: 0.9361 | Prec: 0.9144 | Recall: 0.9560 | Spec: 0.9178
[2025-11-14 16:46:21,336 INFO main.train_one_fold] EVAL CHUNK | Fold 8 | Epoch 034/100 | Loss: 0.2626 | Acc: 0.9007 | Prec: 0.8947 | Recall: 0.8500 | Spec: 0.9341
[2025-11-14 16:46:21,336 INFO main.train_one_fold]   Confusion: TP=51, TN=85, FP=6, FN=9
[2025-11-14 16:46:21,337 INFO main.train_one_fold] EVAL SUBJECT | Fold 8 | Epoch 034/100 | Loss: 0.2626 | Acc: 1.0000 | Prec: 1.0000 | Recall: 1.0000 | Spec: 1.0000
[2025-11-14 16:46:21,337 INFO main.train_one_fold]   Confusion: TP=2, TN=3, FP=0, FN=0
[2025-11-14 16:46:27,442 INFO main.train_one_fold] TRAIN CHUNK | Fold 8 | Epoch 035/100 | Loss: 0.1882 | Acc: 0.9265 | Prec: 0.9105 | Recall: 0.9389 | Spec: 0.9151
[2025-11-14 16:46:33,732 INFO main.train_one_fold] TRAIN CHUNK | Fold 8 | Epoch 036/100 | Loss: 0.1670 | Acc: 0.9272 | Prec: 0.9061 | Recall: 0.9460 | Spec: 0.9099
[2025-11-14 16:46:34,025 INFO main.train_one_fold] EVAL CHUNK | Fold 8 | Epoch 036/100 | Loss: 0.2011 | Acc: 0.9470 | Prec: 0.9643 | Recall: 0.9000 | Spec: 0.9780
[2025-11-14 16:46:34,025 INFO main.train_one_fold]   Confusion: TP=54, TN=89, FP=2, FN=6
[2025-11-14 16:46:34,025 INFO main.train_one_fold] EVAL SUBJECT | Fold 8 | Epoch 036/100 | Loss: 0.2011 | Acc: 1.0000 | Prec: 1.0000 | Recall: 1.0000 | Spec: 1.0000
[2025-11-14 16:46:34,025 INFO main.train_one_fold]   Confusion: TP=2, TN=3, FP=0, FN=0
[2025-11-14 16:46:40,003 INFO main.train_one_fold] TRAIN CHUNK | Fold 8 | Epoch 037/100 | Loss: 0.1698 | Acc: 0.9333 | Prec: 0.9151 | Recall: 0.9489 | Spec: 0.9191
[2025-11-14 16:46:45,882 INFO main.train_one_fold] TRAIN CHUNK | Fold 8 | Epoch 038/100 | Loss: 0.1598 | Acc: 0.9333 | Prec: 0.9151 | Recall: 0.9489 | Spec: 0.9191
[2025-11-14 16:46:46,119 INFO main.train_one_fold] EVAL CHUNK | Fold 8 | Epoch 038/100 | Loss: 0.1845 | Acc: 0.9603 | Prec: 0.9655 | Recall: 0.9333 | Spec: 0.9780
[2025-11-14 16:46:46,119 INFO main.train_one_fold]   Confusion: TP=56, TN=89, FP=2, FN=4
[2025-11-14 16:46:46,119 INFO main.train_one_fold] EVAL SUBJECT | Fold 8 | Epoch 038/100 | Loss: 0.1845 | Acc: 1.0000 | Prec: 1.0000 | Recall: 1.0000 | Spec: 1.0000
[2025-11-14 16:46:46,119 INFO main.train_one_fold]   Confusion: TP=2, TN=3, FP=0, FN=0
[2025-11-14 16:46:52,134 INFO main.train_one_fold] TRAIN CHUNK | Fold 8 | Epoch 039/100 | Loss: 0.1638 | Acc: 0.9347 | Prec: 0.9222 | Recall: 0.9432 | Spec: 0.9269
[2025-11-14 16:46:58,094 INFO main.train_one_fold] TRAIN CHUNK | Fold 8 | Epoch 040/100 | Loss: 0.1764 | Acc: 0.9252 | Prec: 0.9114 | Recall: 0.9347 | Spec: 0.9164
[2025-11-14 16:46:58,330 INFO main.train_one_fold] EVAL CHUNK | Fold 8 | Epoch 040/100 | Loss: 0.2422 | Acc: 0.9470 | Prec: 0.9815 | Recall: 0.8833 | Spec: 0.9890
[2025-11-14 16:46:58,331 INFO main.train_one_fold]   Confusion: TP=53, TN=90, FP=1, FN=7
[2025-11-14 16:46:58,331 INFO main.train_one_fold] EVAL SUBJECT | Fold 8 | Epoch 040/100 | Loss: 0.2422 | Acc: 1.0000 | Prec: 1.0000 | Recall: 1.0000 | Spec: 1.0000
[2025-11-14 16:46:58,331 INFO main.train_one_fold]   Confusion: TP=2, TN=3, FP=0, FN=0
[2025-11-14 16:46:58,565 INFO main.train_one_fold] Saved checkpoint: checkpoints_fp1_003_mdd_mqm/fold_8_epoch_040.pth
[2025-11-14 16:47:04,026 INFO main.train_one_fold] TRAIN CHUNK | Fold 8 | Epoch 041/100 | Loss: 0.1676 | Acc: 0.9327 | Prec: 0.9138 | Recall: 0.9489 | Spec: 0.9178
[2025-11-14 16:47:08,212 INFO main.train_one_fold] TRAIN CHUNK | Fold 8 | Epoch 042/100 | Loss: 0.1497 | Acc: 0.9381 | Prec: 0.9263 | Recall: 0.9460 | Spec: 0.9308
[2025-11-14 16:47:08,387 INFO main.train_one_fold] EVAL CHUNK | Fold 8 | Epoch 042/100 | Loss: 0.3225 | Acc: 0.8742 | Prec: 0.7808 | Recall: 0.9500 | Spec: 0.8242
[2025-11-14 16:47:08,387 INFO main.train_one_fold]   Confusion: TP=57, TN=75, FP=16, FN=3
[2025-11-14 16:47:08,387 INFO main.train_one_fold] EVAL SUBJECT | Fold 8 | Epoch 042/100 | Loss: 0.3225 | Acc: 0.8000 | Prec: 0.6667 | Recall: 1.0000 | Spec: 0.6667
[2025-11-14 16:47:08,388 INFO main.train_one_fold]   Confusion: TP=2, TN=2, FP=1, FN=0
[2025-11-14 16:47:12,561 INFO main.train_one_fold] TRAIN CHUNK | Fold 8 | Epoch 043/100 | Loss: 0.1590 | Acc: 0.9313 | Prec: 0.9136 | Recall: 0.9460 | Spec: 0.9178
[2025-11-14 16:47:16,762 INFO main.train_one_fold] TRAIN CHUNK | Fold 8 | Epoch 044/100 | Loss: 0.1398 | Acc: 0.9408 | Prec: 0.9291 | Recall: 0.9489 | Spec: 0.9334
[2025-11-14 16:47:16,936 INFO main.train_one_fold] EVAL CHUNK | Fold 8 | Epoch 044/100 | Loss: 0.2040 | Acc: 0.9470 | Prec: 0.9643 | Recall: 0.9000 | Spec: 0.9780
[2025-11-14 16:47:16,937 INFO main.train_one_fold]   Confusion: TP=54, TN=89, FP=2, FN=6
[2025-11-14 16:47:16,937 INFO main.train_one_fold] EVAL SUBJECT | Fold 8 | Epoch 044/100 | Loss: 0.2040 | Acc: 1.0000 | Prec: 1.0000 | Recall: 1.0000 | Spec: 1.0000
[2025-11-14 16:47:16,937 INFO main.train_one_fold]   Confusion: TP=2, TN=3, FP=0, FN=0
[2025-11-14 16:47:21,297 INFO main.train_one_fold] TRAIN CHUNK | Fold 8 | Epoch 045/100 | Loss: 0.1408 | Acc: 0.9395 | Prec: 0.9289 | Recall: 0.9460 | Spec: 0.9334
[2025-11-14 16:47:25,550 INFO main.train_one_fold] TRAIN CHUNK | Fold 8 | Epoch 046/100 | Loss: 0.1525 | Acc: 0.9340 | Prec: 0.9221 | Recall: 0.9418 | Spec: 0.9269
[2025-11-14 16:47:25,811 INFO main.train_one_fold] EVAL CHUNK | Fold 8 | Epoch 046/100 | Loss: 0.1534 | Acc: 0.9669 | Prec: 0.9825 | Recall: 0.9333 | Spec: 0.9890
[2025-11-14 16:47:25,812 INFO main.train_one_fold]   Confusion: TP=56, TN=90, FP=1, FN=4
[2025-11-14 16:47:25,812 INFO main.train_one_fold] EVAL SUBJECT | Fold 8 | Epoch 046/100 | Loss: 0.1534 | Acc: 1.0000 | Prec: 1.0000 | Recall: 1.0000 | Spec: 1.0000
[2025-11-14 16:47:25,812 INFO main.train_one_fold]   Confusion: TP=2, TN=3, FP=0, FN=0
[2025-11-14 16:47:25,839 INFO main.train_one_fold] ✓ Saved best model: checkpoints_fp1_003_mdd_mqm/fold_8_best.pth (combined=0.9669, chunk=0.9669, subject=1.0000)
[2025-11-14 16:47:25,840 INFO early_stopping.__call__] Validation improved from 0.9603 to 0.9669 (+0.0066) at epoch 46
[2025-11-14 16:47:30,246 INFO main.train_one_fold] TRAIN CHUNK | Fold 8 | Epoch 047/100 | Loss: 0.1386 | Acc: 0.9469 | Prec: 0.9396 | Recall: 0.9503 | Spec: 0.9439
[2025-11-14 16:47:34,685 INFO main.train_one_fold] TRAIN CHUNK | Fold 8 | Epoch 048/100 | Loss: 0.1291 | Acc: 0.9429 | Prec: 0.9330 | Recall: 0.9489 | Spec: 0.9373
[2025-11-14 16:47:34,863 INFO main.train_one_fold] EVAL CHUNK | Fold 8 | Epoch 048/100 | Loss: 0.2994 | Acc: 0.8874 | Prec: 0.8116 | Recall: 0.9333 | Spec: 0.8571
[2025-11-14 16:47:34,863 INFO main.train_one_fold]   Confusion: TP=56, TN=78, FP=13, FN=4
[2025-11-14 16:47:34,863 INFO main.train_one_fold] EVAL SUBJECT | Fold 8 | Epoch 048/100 | Loss: 0.2994 | Acc: 1.0000 | Prec: 1.0000 | Recall: 1.0000 | Spec: 1.0000
[2025-11-14 16:47:34,863 INFO main.train_one_fold]   Confusion: TP=2, TN=3, FP=0, FN=0
[2025-11-14 16:47:39,102 INFO main.train_one_fold] TRAIN CHUNK | Fold 8 | Epoch 049/100 | Loss: 0.1483 | Acc: 0.9381 | Prec: 0.9204 | Recall: 0.9531 | Spec: 0.9243
[2025-11-14 16:47:43,344 INFO main.train_one_fold] TRAIN CHUNK | Fold 8 | Epoch 050/100 | Loss: 0.1329 | Acc: 0.9395 | Prec: 0.9230 | Recall: 0.9531 | Spec: 0.9269
[2025-11-14 16:47:43,522 INFO main.train_one_fold] EVAL CHUNK | Fold 8 | Epoch 050/100 | Loss: 0.1612 | Acc: 0.9669 | Prec: 0.9825 | Recall: 0.9333 | Spec: 0.9890
[2025-11-14 16:47:43,522 INFO main.train_one_fold]   Confusion: TP=56, TN=90, FP=1, FN=4
[2025-11-14 16:47:43,522 INFO main.train_one_fold] EVAL SUBJECT | Fold 8 | Epoch 050/100 | Loss: 0.1612 | Acc: 1.0000 | Prec: 1.0000 | Recall: 1.0000 | Spec: 1.0000
[2025-11-14 16:47:43,522 INFO main.train_one_fold]   Confusion: TP=2, TN=3, FP=0, FN=0
[2025-11-14 16:47:43,539 INFO main.train_one_fold] Saved checkpoint: checkpoints_fp1_003_mdd_mqm/fold_8_epoch_050.pth
[2025-11-14 16:47:47,799 INFO main.train_one_fold] TRAIN CHUNK | Fold 8 | Epoch 051/100 | Loss: 0.1328 | Acc: 0.9456 | Prec: 0.9321 | Recall: 0.9560 | Spec: 0.9360
[2025-11-14 16:47:53,583 INFO main.train_one_fold] TRAIN CHUNK | Fold 8 | Epoch 052/100 | Loss: 0.1246 | Acc: 0.9510 | Prec: 0.9476 | Recall: 0.9503 | Spec: 0.9517
[2025-11-14 16:47:53,843 INFO main.train_one_fold] EVAL CHUNK | Fold 8 | Epoch 052/100 | Loss: 0.1927 | Acc: 0.9536 | Prec: 1.0000 | Recall: 0.8833 | Spec: 1.0000
[2025-11-14 16:47:53,843 INFO main.train_one_fold]   Confusion: TP=53, TN=91, FP=0, FN=7
[2025-11-14 16:47:53,843 INFO main.train_one_fold] EVAL SUBJECT | Fold 8 | Epoch 052/100 | Loss: 0.1927 | Acc: 1.0000 | Prec: 1.0000 | Recall: 1.0000 | Spec: 1.0000
[2025-11-14 16:47:53,843 INFO main.train_one_fold]   Confusion: TP=2, TN=3, FP=0, FN=0
[2025-11-14 16:48:00,004 INFO main.train_one_fold] TRAIN CHUNK | Fold 8 | Epoch 053/100 | Loss: 0.1214 | Acc: 0.9510 | Prec: 0.9317 | Recall: 0.9688 | Spec: 0.9347
[2025-11-14 16:48:06,282 INFO main.train_one_fold] TRAIN CHUNK | Fold 8 | Epoch 054/100 | Loss: 0.1175 | Acc: 0.9524 | Prec: 0.9403 | Recall: 0.9616 | Spec: 0.9439
[2025-11-14 16:48:06,541 INFO main.train_one_fold] EVAL CHUNK | Fold 8 | Epoch 054/100 | Loss: 0.1569 | Acc: 0.9669 | Prec: 0.9661 | Recall: 0.9500 | Spec: 0.9780
[2025-11-14 16:48:06,541 INFO main.train_one_fold]   Confusion: TP=57, TN=89, FP=2, FN=3
[2025-11-14 16:48:06,541 INFO main.train_one_fold] EVAL SUBJECT | Fold 8 | Epoch 054/100 | Loss: 0.1569 | Acc: 1.0000 | Prec: 1.0000 | Recall: 1.0000 | Spec: 1.0000
[2025-11-14 16:48:06,542 INFO main.train_one_fold]   Confusion: TP=2, TN=3, FP=0, FN=0
[2025-11-14 16:48:12,580 INFO main.train_one_fold] TRAIN CHUNK | Fold 8 | Epoch 055/100 | Loss: 0.1147 | Acc: 0.9531 | Prec: 0.9504 | Recall: 0.9517 | Spec: 0.9543
[2025-11-14 16:48:18,577 INFO main.train_one_fold] TRAIN CHUNK | Fold 8 | Epoch 056/100 | Loss: 0.1229 | Acc: 0.9565 | Prec: 0.9408 | Recall: 0.9702 | Spec: 0.9439
[2025-11-14 16:48:18,904 INFO main.train_one_fold] EVAL CHUNK | Fold 8 | Epoch 056/100 | Loss: 0.2576 | Acc: 0.9007 | Prec: 0.8261 | Recall: 0.9500 | Spec: 0.8681
[2025-11-14 16:48:18,905 INFO main.train_one_fold]   Confusion: TP=57, TN=79, FP=12, FN=3
[2025-11-14 16:48:18,905 INFO main.train_one_fold] EVAL SUBJECT | Fold 8 | Epoch 056/100 | Loss: 0.2576 | Acc: 1.0000 | Prec: 1.0000 | Recall: 1.0000 | Spec: 1.0000
[2025-11-14 16:48:18,905 INFO main.train_one_fold]   Confusion: TP=2, TN=3, FP=0, FN=0
[2025-11-14 16:48:25,027 INFO main.train_one_fold] TRAIN CHUNK | Fold 8 | Epoch 057/100 | Loss: 0.1122 | Acc: 0.9578 | Prec: 0.9521 | Recall: 0.9602 | Spec: 0.9556
[2025-11-14 16:48:31,361 INFO main.train_one_fold] TRAIN CHUNK | Fold 8 | Epoch 058/100 | Loss: 0.1156 | Acc: 0.9503 | Prec: 0.9413 | Recall: 0.9560 | Spec: 0.9452
[2025-11-14 16:48:31,614 INFO main.train_one_fold] EVAL CHUNK | Fold 8 | Epoch 058/100 | Loss: 0.2063 | Acc: 0.9404 | Prec: 0.9636 | Recall: 0.8833 | Spec: 0.9780
[2025-11-14 16:48:31,614 INFO main.train_one_fold]   Confusion: TP=53, TN=89, FP=2, FN=7
[2025-11-14 16:48:31,614 INFO main.train_one_fold] EVAL SUBJECT | Fold 8 | Epoch 058/100 | Loss: 0.2063 | Acc: 1.0000 | Prec: 1.0000 | Recall: 1.0000 | Spec: 1.0000
[2025-11-14 16:48:31,614 INFO main.train_one_fold]   Confusion: TP=2, TN=3, FP=0, FN=0
[2025-11-14 16:48:37,880 INFO main.train_one_fold] TRAIN CHUNK | Fold 8 | Epoch 059/100 | Loss: 0.1145 | Acc: 0.9544 | Prec: 0.9492 | Recall: 0.9560 | Spec: 0.9530
[2025-11-14 16:48:43,909 INFO main.train_one_fold] TRAIN CHUNK | Fold 8 | Epoch 060/100 | Loss: 0.1092 | Acc: 0.9571 | Prec: 0.9495 | Recall: 0.9616 | Spec: 0.9530
[2025-11-14 16:48:44,191 INFO main.train_one_fold] EVAL CHUNK | Fold 8 | Epoch 060/100 | Loss: 0.3483 | Acc: 0.8543 | Prec: 0.7500 | Recall: 0.9500 | Spec: 0.7912
[2025-11-14 16:48:44,192 INFO main.train_one_fold]   Confusion: TP=57, TN=72, FP=19, FN=3
[2025-11-14 16:48:44,192 INFO main.train_one_fold] EVAL SUBJECT | Fold 8 | Epoch 060/100 | Loss: 0.3483 | Acc: 0.8000 | Prec: 0.6667 | Recall: 1.0000 | Spec: 0.6667
[2025-11-14 16:48:44,192 INFO main.train_one_fold]   Confusion: TP=2, TN=2, FP=1, FN=0
[2025-11-14 16:48:44,215 INFO main.train_one_fold] Saved checkpoint: checkpoints_fp1_003_mdd_mqm/fold_8_epoch_060.pth
[2025-11-14 16:48:51,491 INFO main.train_one_fold] TRAIN CHUNK | Fold 8 | Epoch 061/100 | Loss: 0.0939 | Acc: 0.9619 | Prec: 0.9563 | Recall: 0.9645 | Spec: 0.9595
[2025-11-14 16:48:57,787 INFO main.train_one_fold] TRAIN CHUNK | Fold 8 | Epoch 062/100 | Loss: 0.1095 | Acc: 0.9571 | Prec: 0.9495 | Recall: 0.9616 | Spec: 0.9530
[2025-11-14 16:48:58,066 INFO main.train_one_fold] EVAL CHUNK | Fold 8 | Epoch 062/100 | Loss: 0.1834 | Acc: 0.9603 | Prec: 0.9821 | Recall: 0.9167 | Spec: 0.9890
[2025-11-14 16:48:58,066 INFO main.train_one_fold]   Confusion: TP=55, TN=90, FP=1, FN=5
[2025-11-14 16:48:58,067 INFO main.train_one_fold] EVAL SUBJECT | Fold 8 | Epoch 062/100 | Loss: 0.1834 | Acc: 1.0000 | Prec: 1.0000 | Recall: 1.0000 | Spec: 1.0000
[2025-11-14 16:48:58,067 INFO main.train_one_fold]   Confusion: TP=2, TN=3, FP=0, FN=0
[2025-11-14 16:49:04,202 INFO main.train_one_fold] TRAIN CHUNK | Fold 8 | Epoch 063/100 | Loss: 0.0965 | Acc: 0.9639 | Prec: 0.9527 | Recall: 0.9730 | Spec: 0.9556
[2025-11-14 16:49:10,210 INFO main.train_one_fold] TRAIN CHUNK | Fold 8 | Epoch 064/100 | Loss: 0.0927 | Acc: 0.9639 | Prec: 0.9617 | Recall: 0.9631 | Spec: 0.9648
[2025-11-14 16:49:10,464 INFO main.train_one_fold] EVAL CHUNK | Fold 8 | Epoch 064/100 | Loss: 0.2746 | Acc: 0.9007 | Prec: 0.8261 | Recall: 0.9500 | Spec: 0.8681
[2025-11-14 16:49:10,464 INFO main.train_one_fold]   Confusion: TP=57, TN=79, FP=12, FN=3
[2025-11-14 16:49:10,464 INFO main.train_one_fold] EVAL SUBJECT | Fold 8 | Epoch 064/100 | Loss: 0.2746 | Acc: 1.0000 | Prec: 1.0000 | Recall: 1.0000 | Spec: 1.0000
[2025-11-14 16:49:10,464 INFO main.train_one_fold]   Confusion: TP=2, TN=3, FP=0, FN=0
[2025-11-14 16:49:17,232 INFO main.train_one_fold] TRAIN CHUNK | Fold 8 | Epoch 065/100 | Loss: 0.0860 | Acc: 0.9687 | Prec: 0.9608 | Recall: 0.9744 | Spec: 0.9634
[2025-11-14 16:49:23,349 INFO main.train_one_fold] TRAIN CHUNK | Fold 8 | Epoch 066/100 | Loss: 0.0870 | Acc: 0.9639 | Prec: 0.9552 | Recall: 0.9702 | Spec: 0.9582
[2025-11-14 16:49:23,608 INFO main.train_one_fold] EVAL CHUNK | Fold 8 | Epoch 066/100 | Loss: 0.2931 | Acc: 0.8940 | Prec: 0.8143 | Recall: 0.9500 | Spec: 0.8571
[2025-11-14 16:49:23,608 INFO main.train_one_fold]   Confusion: TP=57, TN=78, FP=13, FN=3
[2025-11-14 16:49:23,608 INFO main.train_one_fold] EVAL SUBJECT | Fold 8 | Epoch 066/100 | Loss: 0.2931 | Acc: 1.0000 | Prec: 1.0000 | Recall: 1.0000 | Spec: 1.0000
[2025-11-14 16:49:23,609 INFO main.train_one_fold]   Confusion: TP=2, TN=3, FP=0, FN=0
[2025-11-14 16:49:23,609 INFO early_stopping.__call__] Early stopping triggered after 20 epochs without improvement. Best score: 0.9669 at epoch 46
[2025-11-14 16:49:23,609 INFO main.train_one_fold] Early stopping triggered at epoch 66
[2025-11-14 16:49:23,609 INFO main.train_one_fold] 
Fold 8 training completed. Best Combined Val Acc: 0.9669 at epoch 46
[2025-11-14 16:49:23,609 INFO main.train_cross_validation] ================================================================================
[2025-11-14 16:49:23,609 INFO main.train_cross_validation] FOLD 9/10
[2025-11-14 16:49:23,609 INFO main.train_cross_validation] ================================================================================
[2025-11-14 16:49:23,610 INFO main.get_datasets_for_fold] Train subjects (50): ['mdd:H S2', 'mdd:H S7', 'mdd:H S19', 'mdd:MDD S31', 'mdd:MDD S22', 'mdd:MDD S19', 'mdd:H S30', 'mdd:H S1', 'mdd:H S22', 'mdd:MDD S25', 'mdd:MDD S34', 'mdd:MDD S17', 'mdd:H S27', 'mdd:H S4', 'mdd:H S21', 'mdd:MDD S3', 'mdd:MDD S1', 'mdd:MDD S14', 'mdd:H S23', 'mdd:H S25', 'mdd:H S10', 'mdd:MDD S10', 'mdd:MDD S26', 'mdd:MDD S20', 'mdd:H S14', 'mdd:H S15', 'mdd:H S11', 'mdd:MDD S33', 'mdd:MDD S18', 'mdd:MDD S5', 'mdd:H S26', 'mdd:H S5', 'mdd:H S13', 'mdd:MDD S15', 'mdd:MDD S13', 'mdd:MDD S9', 'mdd:H S8', 'mdd:H S6', 'mdd:H S28', 'mdd:MDD S30', 'mdd:MDD S32', 'mdd:H S9', 'mdd:H S3', 'mdd:H S17', 'mdd:MDD S27', 'mdd:MDD S28', 'mdd:H S29', 'mdd:H S16', 'mdd:MDD S6', 'mdd:MDD S23']...
[2025-11-14 16:49:23,610 INFO main.get_datasets_for_fold] Val subjects (4): ['mdd:H S20', 'mdd:H S24', 'mdd:MDD S21', 'mdd:MDD S29']
[2025-11-14 16:49:23,611 INFO main.get_datasets_for_fold] Training chunks: 1500
[2025-11-14 16:49:23,612 INFO main.get_datasets_for_fold] Validation chunks: 121
[2025-11-14 16:49:23,626 INFO model.__init__] Initialized LSTM with input_size=1728, hidden_size=100, batch_first=True
[2025-11-14 16:49:23,628 INFO main.train_one_fold] Starting training for fold 9
[2025-11-14 16:49:29,963 INFO main.train_one_fold] TRAIN CHUNK | Fold 9 | Epoch 001/100 | Loss: 0.6904 | Acc: 0.5307 | Prec: 0.0000 | Recall: 0.0000 | Spec: 1.0000
[2025-11-14 16:49:36,831 INFO main.train_one_fold] TRAIN CHUNK | Fold 9 | Epoch 002/100 | Loss: 0.6096 | Acc: 0.7240 | Prec: 0.8502 | Recall: 0.5000 | Spec: 0.9221
[2025-11-14 16:49:37,028 INFO main.train_one_fold] EVAL CHUNK | Fold 9 | Epoch 002/100 | Loss: 0.5380 | Acc: 0.7686 | Prec: 0.6818 | Recall: 1.0000 | Spec: 0.5410
[2025-11-14 16:49:37,028 INFO main.train_one_fold]   Confusion: TP=60, TN=33, FP=28, FN=0
[2025-11-14 16:49:37,028 INFO main.train_one_fold] EVAL SUBJECT | Fold 9 | Epoch 002/100 | Loss: 0.5380 | Acc: 0.7500 | Prec: 0.6667 | Recall: 1.0000 | Spec: 0.5000
[2025-11-14 16:49:37,028 INFO main.train_one_fold]   Confusion: TP=2, TN=1, FP=1, FN=0
[2025-11-14 16:49:37,053 INFO main.train_one_fold] ✓ Saved best model: checkpoints_fp1_003_mdd_mqm/fold_9_best.pth (combined=0.5764, chunk=0.7686, subject=0.7500)
[2025-11-14 16:49:37,053 INFO early_stopping.__call__] Early stopping initialized: best score 0.5764 at epoch 2
[2025-11-14 16:49:42,998 INFO main.train_one_fold] TRAIN CHUNK | Fold 9 | Epoch 003/100 | Loss: 0.3821 | Acc: 0.8847 | Prec: 0.8348 | Recall: 0.9403 | Spec: 0.8354
[2025-11-14 16:49:49,338 INFO main.train_one_fold] TRAIN CHUNK | Fold 9 | Epoch 004/100 | Loss: 0.3075 | Acc: 0.8947 | Prec: 0.8438 | Recall: 0.9517 | Spec: 0.8442
[2025-11-14 16:49:49,639 INFO main.train_one_fold] EVAL CHUNK | Fold 9 | Epoch 004/100 | Loss: 0.5533 | Acc: 0.7355 | Prec: 0.6591 | Recall: 0.9667 | Spec: 0.5082
[2025-11-14 16:49:49,639 INFO main.train_one_fold]   Confusion: TP=58, TN=31, FP=30, FN=2
[2025-11-14 16:49:49,639 INFO main.train_one_fold] EVAL SUBJECT | Fold 9 | Epoch 004/100 | Loss: 0.5533 | Acc: 0.7500 | Prec: 0.6667 | Recall: 1.0000 | Spec: 0.5000
[2025-11-14 16:49:49,639 INFO main.train_one_fold]   Confusion: TP=2, TN=1, FP=1, FN=0
[2025-11-14 16:49:55,653 INFO main.train_one_fold] TRAIN CHUNK | Fold 9 | Epoch 005/100 | Loss: 0.2937 | Acc: 0.8927 | Prec: 0.8407 | Recall: 0.9517 | Spec: 0.8405
[2025-11-14 16:50:00,637 INFO main.train_one_fold] TRAIN CHUNK | Fold 9 | Epoch 006/100 | Loss: 0.2879 | Acc: 0.8973 | Prec: 0.8517 | Recall: 0.9460 | Spec: 0.8543
[2025-11-14 16:50:00,776 INFO main.train_one_fold] EVAL CHUNK | Fold 9 | Epoch 006/100 | Loss: 0.5713 | Acc: 0.7521 | Prec: 0.6667 | Recall: 1.0000 | Spec: 0.5082
[2025-11-14 16:50:00,776 INFO main.train_one_fold]   Confusion: TP=60, TN=31, FP=30, FN=0
[2025-11-14 16:50:00,777 INFO main.train_one_fold] EVAL SUBJECT | Fold 9 | Epoch 006/100 | Loss: 0.5713 | Acc: 0.7500 | Prec: 0.6667 | Recall: 1.0000 | Spec: 0.5000
[2025-11-14 16:50:00,777 INFO main.train_one_fold]   Confusion: TP=2, TN=1, FP=1, FN=0
[2025-11-14 16:50:05,502 INFO main.train_one_fold] TRAIN CHUNK | Fold 9 | Epoch 007/100 | Loss: 0.2731 | Acc: 0.8987 | Prec: 0.8538 | Recall: 0.9460 | Spec: 0.8568
[2025-11-14 16:50:10,382 INFO main.train_one_fold] TRAIN CHUNK | Fold 9 | Epoch 008/100 | Loss: 0.2718 | Acc: 0.9080 | Prec: 0.8753 | Recall: 0.9375 | Spec: 0.8819
[2025-11-14 16:50:10,563 INFO main.train_one_fold] EVAL CHUNK | Fold 9 | Epoch 008/100 | Loss: 0.6176 | Acc: 0.7521 | Prec: 0.6667 | Recall: 1.0000 | Spec: 0.5082
[2025-11-14 16:50:10,563 INFO main.train_one_fold]   Confusion: TP=60, TN=31, FP=30, FN=0
[2025-11-14 16:50:10,564 INFO main.train_one_fold] EVAL SUBJECT | Fold 9 | Epoch 008/100 | Loss: 0.6176 | Acc: 0.7500 | Prec: 0.6667 | Recall: 1.0000 | Spec: 0.5000
[2025-11-14 16:50:10,564 INFO main.train_one_fold]   Confusion: TP=2, TN=1, FP=1, FN=0
[2025-11-14 16:50:15,130 INFO main.train_one_fold] TRAIN CHUNK | Fold 9 | Epoch 009/100 | Loss: 0.2583 | Acc: 0.9100 | Prec: 0.8748 | Recall: 0.9432 | Spec: 0.8807
[2025-11-14 16:50:19,436 INFO main.train_one_fold] TRAIN CHUNK | Fold 9 | Epoch 010/100 | Loss: 0.2517 | Acc: 0.9080 | Prec: 0.8763 | Recall: 0.9361 | Spec: 0.8832
[2025-11-14 16:50:19,586 INFO main.train_one_fold] EVAL CHUNK | Fold 9 | Epoch 010/100 | Loss: 0.5929 | Acc: 0.7521 | Prec: 0.6667 | Recall: 1.0000 | Spec: 0.5082
[2025-11-14 16:50:19,586 INFO main.train_one_fold]   Confusion: TP=60, TN=31, FP=30, FN=0
[2025-11-14 16:50:19,586 INFO main.train_one_fold] EVAL SUBJECT | Fold 9 | Epoch 010/100 | Loss: 0.5929 | Acc: 0.7500 | Prec: 0.6667 | Recall: 1.0000 | Spec: 0.5000
[2025-11-14 16:50:19,586 INFO main.train_one_fold]   Confusion: TP=2, TN=1, FP=1, FN=0
[2025-11-14 16:50:19,601 INFO main.train_one_fold] Saved checkpoint: checkpoints_fp1_003_mdd_mqm/fold_9_epoch_010.pth
[2025-11-14 16:50:23,831 INFO main.train_one_fold] TRAIN CHUNK | Fold 9 | Epoch 011/100 | Loss: 0.2434 | Acc: 0.9193 | Prec: 0.8830 | Recall: 0.9545 | Spec: 0.8882
[2025-11-14 16:50:28,239 INFO main.train_one_fold] TRAIN CHUNK | Fold 9 | Epoch 012/100 | Loss: 0.2376 | Acc: 0.9187 | Prec: 0.8779 | Recall: 0.9602 | Spec: 0.8819
[2025-11-14 16:50:28,373 INFO main.train_one_fold] EVAL CHUNK | Fold 9 | Epoch 012/100 | Loss: 0.6447 | Acc: 0.7521 | Prec: 0.6667 | Recall: 1.0000 | Spec: 0.5082
[2025-11-14 16:50:28,373 INFO main.train_one_fold]   Confusion: TP=60, TN=31, FP=30, FN=0
[2025-11-14 16:50:28,373 INFO main.train_one_fold] EVAL SUBJECT | Fold 9 | Epoch 012/100 | Loss: 0.6447 | Acc: 0.7500 | Prec: 0.6667 | Recall: 1.0000 | Spec: 0.5000
[2025-11-14 16:50:28,373 INFO main.train_one_fold]   Confusion: TP=2, TN=1, FP=1, FN=0
[2025-11-14 16:50:32,698 INFO main.train_one_fold] TRAIN CHUNK | Fold 9 | Epoch 013/100 | Loss: 0.2461 | Acc: 0.9120 | Prec: 0.8773 | Recall: 0.9446 | Spec: 0.8832
[2025-11-14 16:50:37,372 INFO main.train_one_fold] TRAIN CHUNK | Fold 9 | Epoch 014/100 | Loss: 0.2325 | Acc: 0.9180 | Prec: 0.8868 | Recall: 0.9460 | Spec: 0.8932
[2025-11-14 16:50:37,509 INFO main.train_one_fold] EVAL CHUNK | Fold 9 | Epoch 014/100 | Loss: 0.5828 | Acc: 0.7521 | Prec: 0.6667 | Recall: 1.0000 | Spec: 0.5082
[2025-11-14 16:50:37,509 INFO main.train_one_fold]   Confusion: TP=60, TN=31, FP=30, FN=0
[2025-11-14 16:50:37,509 INFO main.train_one_fold] EVAL SUBJECT | Fold 9 | Epoch 014/100 | Loss: 0.5828 | Acc: 0.7500 | Prec: 0.6667 | Recall: 1.0000 | Spec: 0.5000
[2025-11-14 16:50:37,509 INFO main.train_one_fold]   Confusion: TP=2, TN=1, FP=1, FN=0
[2025-11-14 16:50:41,938 INFO main.train_one_fold] TRAIN CHUNK | Fold 9 | Epoch 015/100 | Loss: 0.2150 | Acc: 0.9233 | Prec: 0.8820 | Recall: 0.9659 | Spec: 0.8857
[2025-11-14 16:50:46,340 INFO main.train_one_fold] TRAIN CHUNK | Fold 9 | Epoch 016/100 | Loss: 0.2064 | Acc: 0.9227 | Prec: 0.8879 | Recall: 0.9560 | Spec: 0.8932
[2025-11-14 16:50:46,474 INFO main.train_one_fold] EVAL CHUNK | Fold 9 | Epoch 016/100 | Loss: 0.5469 | Acc: 0.7521 | Prec: 0.6667 | Recall: 1.0000 | Spec: 0.5082
[2025-11-14 16:50:46,475 INFO main.train_one_fold]   Confusion: TP=60, TN=31, FP=30, FN=0
[2025-11-14 16:50:46,475 INFO main.train_one_fold] EVAL SUBJECT | Fold 9 | Epoch 016/100 | Loss: 0.5469 | Acc: 0.7500 | Prec: 0.6667 | Recall: 1.0000 | Spec: 0.5000
[2025-11-14 16:50:46,475 INFO main.train_one_fold]   Confusion: TP=2, TN=1, FP=1, FN=0
[2025-11-14 16:50:50,975 INFO main.train_one_fold] TRAIN CHUNK | Fold 9 | Epoch 017/100 | Loss: 0.2057 | Acc: 0.9227 | Prec: 0.8930 | Recall: 0.9489 | Spec: 0.8995
[2025-11-14 16:50:55,394 INFO main.train_one_fold] TRAIN CHUNK | Fold 9 | Epoch 018/100 | Loss: 0.2086 | Acc: 0.9247 | Prec: 0.8924 | Recall: 0.9545 | Spec: 0.8982
[2025-11-14 16:50:55,528 INFO main.train_one_fold] EVAL CHUNK | Fold 9 | Epoch 018/100 | Loss: 0.6046 | Acc: 0.7521 | Prec: 0.6667 | Recall: 1.0000 | Spec: 0.5082
[2025-11-14 16:50:55,528 INFO main.train_one_fold]   Confusion: TP=60, TN=31, FP=30, FN=0
[2025-11-14 16:50:55,529 INFO main.train_one_fold] EVAL SUBJECT | Fold 9 | Epoch 018/100 | Loss: 0.6046 | Acc: 0.7500 | Prec: 0.6667 | Recall: 1.0000 | Spec: 0.5000
[2025-11-14 16:50:55,529 INFO main.train_one_fold]   Confusion: TP=2, TN=1, FP=1, FN=0
[2025-11-14 16:50:59,900 INFO main.train_one_fold] TRAIN CHUNK | Fold 9 | Epoch 019/100 | Loss: 0.2031 | Acc: 0.9287 | Prec: 0.8902 | Recall: 0.9673 | Spec: 0.8945
[2025-11-14 16:51:05,879 INFO main.train_one_fold] TRAIN CHUNK | Fold 9 | Epoch 020/100 | Loss: 0.1988 | Acc: 0.9227 | Prec: 0.8930 | Recall: 0.9489 | Spec: 0.8995
[2025-11-14 16:51:06,083 INFO main.train_one_fold] EVAL CHUNK | Fold 9 | Epoch 020/100 | Loss: 0.4869 | Acc: 0.7603 | Prec: 0.6742 | Recall: 1.0000 | Spec: 0.5246
[2025-11-14 16:51:06,083 INFO main.train_one_fold]   Confusion: TP=60, TN=32, FP=29, FN=0
[2025-11-14 16:51:06,083 INFO main.train_one_fold] EVAL SUBJECT | Fold 9 | Epoch 020/100 | Loss: 0.4869 | Acc: 0.7500 | Prec: 0.6667 | Recall: 1.0000 | Spec: 0.5000
[2025-11-14 16:51:06,083 INFO main.train_one_fold]   Confusion: TP=2, TN=1, FP=1, FN=0
[2025-11-14 16:51:06,104 INFO main.train_one_fold] Saved checkpoint: checkpoints_fp1_003_mdd_mqm/fold_9_epoch_020.pth
[2025-11-14 16:51:12,166 INFO main.train_one_fold] TRAIN CHUNK | Fold 9 | Epoch 021/100 | Loss: 0.1955 | Acc: 0.9287 | Prec: 0.8964 | Recall: 0.9588 | Spec: 0.9020
[2025-11-14 16:51:18,174 INFO main.train_one_fold] TRAIN CHUNK | Fold 9 | Epoch 022/100 | Loss: 0.1936 | Acc: 0.9233 | Prec: 0.8964 | Recall: 0.9460 | Spec: 0.9033
[2025-11-14 16:51:18,367 INFO main.train_one_fold] EVAL CHUNK | Fold 9 | Epoch 022/100 | Loss: 0.5748 | Acc: 0.7521 | Prec: 0.6667 | Recall: 1.0000 | Spec: 0.5082
[2025-11-14 16:51:18,368 INFO main.train_one_fold]   Confusion: TP=60, TN=31, FP=30, FN=0
[2025-11-14 16:51:18,368 INFO main.train_one_fold] EVAL SUBJECT | Fold 9 | Epoch 022/100 | Loss: 0.5748 | Acc: 0.7500 | Prec: 0.6667 | Recall: 1.0000 | Spec: 0.5000
[2025-11-14 16:51:18,368 INFO main.train_one_fold]   Confusion: TP=2, TN=1, FP=1, FN=0
[2025-11-14 16:51:18,368 INFO early_stopping.__call__] Early stopping triggered after 20 epochs without improvement. Best score: 0.5764 at epoch 2
[2025-11-14 16:51:18,368 INFO main.train_one_fold] Early stopping triggered at epoch 22
[2025-11-14 16:51:18,368 INFO main.train_one_fold] 
Fold 9 training completed. Best Combined Val Acc: 0.5764 at epoch 2
[2025-11-14 16:51:18,369 INFO main.train_cross_validation] ================================================================================
[2025-11-14 16:51:18,369 INFO main.train_cross_validation] FOLD 10/10
[2025-11-14 16:51:18,369 INFO main.train_cross_validation] ================================================================================
[2025-11-14 16:51:18,369 INFO main.get_datasets_for_fold] Train subjects (50): ['mdd:H S2', 'mdd:H S7', 'mdd:H S19', 'mdd:MDD S31', 'mdd:MDD S22', 'mdd:MDD S19', 'mdd:H S30', 'mdd:H S1', 'mdd:H S22', 'mdd:MDD S25', 'mdd:MDD S34', 'mdd:MDD S17', 'mdd:H S27', 'mdd:H S4', 'mdd:H S21', 'mdd:MDD S3', 'mdd:MDD S1', 'mdd:MDD S14', 'mdd:H S23', 'mdd:H S25', 'mdd:H S10', 'mdd:MDD S10', 'mdd:MDD S26', 'mdd:MDD S20', 'mdd:H S14', 'mdd:H S15', 'mdd:H S11', 'mdd:MDD S33', 'mdd:MDD S18', 'mdd:MDD S5', 'mdd:H S26', 'mdd:H S5', 'mdd:H S13', 'mdd:MDD S15', 'mdd:MDD S13', 'mdd:MDD S9', 'mdd:H S8', 'mdd:H S6', 'mdd:H S28', 'mdd:MDD S30', 'mdd:MDD S32', 'mdd:H S9', 'mdd:H S3', 'mdd:H S17', 'mdd:MDD S27', 'mdd:MDD S28', 'mdd:H S20', 'mdd:H S24', 'mdd:MDD S21', 'mdd:MDD S29']...
[2025-11-14 16:51:18,369 INFO main.get_datasets_for_fold] Val subjects (4): ['mdd:H S29', 'mdd:H S16', 'mdd:MDD S6', 'mdd:MDD S23']
[2025-11-14 16:51:18,370 INFO main.get_datasets_for_fold] Training chunks: 1500
[2025-11-14 16:51:18,371 INFO main.get_datasets_for_fold] Validation chunks: 121
[2025-11-14 16:51:18,383 INFO model.__init__] Initialized LSTM with input_size=1728, hidden_size=100, batch_first=True
[2025-11-14 16:51:18,384 INFO main.train_one_fold] Starting training for fold 10
[2025-11-14 16:51:24,830 INFO main.train_one_fold] TRAIN CHUNK | Fold 10 | Epoch 001/100 | Loss: 0.6947 | Acc: 0.4933 | Prec: 0.4801 | Recall: 0.9787 | Spec: 0.0652
[2025-11-14 16:51:31,108 INFO main.train_one_fold] TRAIN CHUNK | Fold 10 | Epoch 002/100 | Loss: 0.6181 | Acc: 0.7453 | Prec: 0.8559 | Recall: 0.5491 | Spec: 0.9184
[2025-11-14 16:51:31,312 INFO main.train_one_fold] EVAL CHUNK | Fold 10 | Epoch 002/100 | Loss: 0.6921 | Acc: 0.5702 | Prec: 0.5652 | Recall: 0.6393 | Spec: 0.5000
[2025-11-14 16:51:31,312 INFO main.train_one_fold]   Confusion: TP=39, TN=30, FP=30, FN=22
[2025-11-14 16:51:31,312 INFO main.train_one_fold] EVAL SUBJECT | Fold 10 | Epoch 002/100 | Loss: 0.6921 | Acc: 0.5000 | Prec: 0.5000 | Recall: 0.5000 | Spec: 0.5000
[2025-11-14 16:51:31,312 INFO main.train_one_fold]   Confusion: TP=1, TN=1, FP=1, FN=1
[2025-11-14 16:51:31,332 INFO main.train_one_fold] ✓ Saved best model: checkpoints_fp1_003_mdd_mqm/fold_10_best.pth (combined=0.2851, chunk=0.5702, subject=0.5000)
[2025-11-14 16:51:31,333 INFO early_stopping.__call__] Early stopping initialized: best score 0.2851 at epoch 2
[2025-11-14 16:51:37,736 INFO main.train_one_fold] TRAIN CHUNK | Fold 10 | Epoch 003/100 | Loss: 0.3964 | Acc: 0.8760 | Prec: 0.8260 | Recall: 0.9317 | Spec: 0.8269
[2025-11-14 16:51:43,741 INFO main.train_one_fold] TRAIN CHUNK | Fold 10 | Epoch 004/100 | Loss: 0.3092 | Acc: 0.8900 | Prec: 0.8458 | Recall: 0.9360 | Spec: 0.8494
[2025-11-14 16:51:43,935 INFO main.train_one_fold] EVAL CHUNK | Fold 10 | Epoch 004/100 | Loss: 0.7190 | Acc: 0.6281 | Prec: 0.5755 | Recall: 1.0000 | Spec: 0.2500
[2025-11-14 16:51:43,936 INFO main.train_one_fold]   Confusion: TP=61, TN=15, FP=45, FN=0
[2025-11-14 16:51:43,936 INFO main.train_one_fold] EVAL SUBJECT | Fold 10 | Epoch 004/100 | Loss: 0.7190 | Acc: 0.5000 | Prec: 0.5000 | Recall: 1.0000 | Spec: 0.0000
[2025-11-14 16:51:43,936 INFO main.train_one_fold]   Confusion: TP=2, TN=0, FP=2, FN=0
[2025-11-14 16:51:43,965 INFO main.train_one_fold] ✓ Saved best model: checkpoints_fp1_003_mdd_mqm/fold_10_best.pth (combined=0.3140, chunk=0.6281, subject=0.5000)
[2025-11-14 16:51:43,966 INFO early_stopping.__call__] Validation improved from 0.2851 to 0.3140 (+0.0289) at epoch 4
[2025-11-14 16:51:50,365 INFO main.train_one_fold] TRAIN CHUNK | Fold 10 | Epoch 005/100 | Loss: 0.2939 | Acc: 0.8920 | Prec: 0.8490 | Recall: 0.9360 | Spec: 0.8532
[2025-11-14 16:51:57,236 INFO main.train_one_fold] TRAIN CHUNK | Fold 10 | Epoch 006/100 | Loss: 0.2816 | Acc: 0.8900 | Prec: 0.8503 | Recall: 0.9289 | Spec: 0.8557
[2025-11-14 16:51:57,427 INFO main.train_one_fold] EVAL CHUNK | Fold 10 | Epoch 006/100 | Loss: 0.6431 | Acc: 0.7521 | Prec: 0.6703 | Recall: 1.0000 | Spec: 0.5000
[2025-11-14 16:51:57,428 INFO main.train_one_fold]   Confusion: TP=61, TN=30, FP=30, FN=0
[2025-11-14 16:51:57,428 INFO main.train_one_fold] EVAL SUBJECT | Fold 10 | Epoch 006/100 | Loss: 0.6431 | Acc: 0.7500 | Prec: 0.6667 | Recall: 1.0000 | Spec: 0.5000
[2025-11-14 16:51:57,428 INFO main.train_one_fold]   Confusion: TP=2, TN=1, FP=1, FN=0
[2025-11-14 16:51:57,457 INFO main.train_one_fold] ✓ Saved best model: checkpoints_fp1_003_mdd_mqm/fold_10_best.pth (combined=0.5640, chunk=0.7521, subject=0.7500)
[2025-11-14 16:51:57,458 INFO early_stopping.__call__] Validation improved from 0.3140 to 0.5640 (+0.2500) at epoch 6
[2025-11-14 16:52:03,417 INFO main.train_one_fold] TRAIN CHUNK | Fold 10 | Epoch 007/100 | Loss: 0.2749 | Acc: 0.8913 | Prec: 0.8543 | Recall: 0.9260 | Spec: 0.8607
[2025-11-14 16:52:09,477 INFO main.train_one_fold] TRAIN CHUNK | Fold 10 | Epoch 008/100 | Loss: 0.2790 | Acc: 0.8940 | Prec: 0.8570 | Recall: 0.9289 | Spec: 0.8632
[2025-11-14 16:52:09,668 INFO main.train_one_fold] EVAL CHUNK | Fold 10 | Epoch 008/100 | Loss: 0.6614 | Acc: 0.7438 | Prec: 0.6705 | Recall: 0.9672 | Spec: 0.5167
[2025-11-14 16:52:09,668 INFO main.train_one_fold]   Confusion: TP=59, TN=31, FP=29, FN=2
[2025-11-14 16:52:09,668 INFO main.train_one_fold] EVAL SUBJECT | Fold 10 | Epoch 008/100 | Loss: 0.6614 | Acc: 0.7500 | Prec: 0.6667 | Recall: 1.0000 | Spec: 0.5000
[2025-11-14 16:52:09,668 INFO main.train_one_fold]   Confusion: TP=2, TN=1, FP=1, FN=0
[2025-11-14 16:52:15,512 INFO main.train_one_fold] TRAIN CHUNK | Fold 10 | Epoch 009/100 | Loss: 0.2717 | Acc: 0.8973 | Prec: 0.8570 | Recall: 0.9374 | Spec: 0.8620
[2025-11-14 16:52:21,527 INFO main.train_one_fold] TRAIN CHUNK | Fold 10 | Epoch 010/100 | Loss: 0.2578 | Acc: 0.9007 | Prec: 0.8616 | Recall: 0.9388 | Spec: 0.8670
[2025-11-14 16:52:21,719 INFO main.train_one_fold] EVAL CHUNK | Fold 10 | Epoch 010/100 | Loss: 0.6318 | Acc: 0.7438 | Prec: 0.6630 | Recall: 1.0000 | Spec: 0.4833
[2025-11-14 16:52:21,719 INFO main.train_one_fold]   Confusion: TP=61, TN=29, FP=31, FN=0
[2025-11-14 16:52:21,719 INFO main.train_one_fold] EVAL SUBJECT | Fold 10 | Epoch 010/100 | Loss: 0.6318 | Acc: 0.7500 | Prec: 0.6667 | Recall: 1.0000 | Spec: 0.5000
[2025-11-14 16:52:21,719 INFO main.train_one_fold]   Confusion: TP=2, TN=1, FP=1, FN=0
[2025-11-14 16:52:21,740 INFO main.train_one_fold] Saved checkpoint: checkpoints_fp1_003_mdd_mqm/fold_10_epoch_010.pth
[2025-11-14 16:52:27,749 INFO main.train_one_fold] TRAIN CHUNK | Fold 10 | Epoch 011/100 | Loss: 0.2503 | Acc: 0.9020 | Prec: 0.8697 | Recall: 0.9303 | Spec: 0.8770
[2025-11-14 16:52:33,735 INFO main.train_one_fold] TRAIN CHUNK | Fold 10 | Epoch 012/100 | Loss: 0.2432 | Acc: 0.9133 | Prec: 0.8775 | Recall: 0.9474 | Spec: 0.8833
[2025-11-14 16:52:33,927 INFO main.train_one_fold] EVAL CHUNK | Fold 10 | Epoch 012/100 | Loss: 0.6595 | Acc: 0.7603 | Prec: 0.6778 | Recall: 1.0000 | Spec: 0.5167
[2025-11-14 16:52:33,927 INFO main.train_one_fold]   Confusion: TP=61, TN=31, FP=29, FN=0
[2025-11-14 16:52:33,927 INFO main.train_one_fold] EVAL SUBJECT | Fold 10 | Epoch 012/100 | Loss: 0.6595 | Acc: 0.7500 | Prec: 0.6667 | Recall: 1.0000 | Spec: 0.5000
[2025-11-14 16:52:33,927 INFO main.train_one_fold]   Confusion: TP=2, TN=1, FP=1, FN=0
[2025-11-14 16:52:33,956 INFO main.train_one_fold] ✓ Saved best model: checkpoints_fp1_003_mdd_mqm/fold_10_best.pth (combined=0.5702, chunk=0.7603, subject=0.7500)
[2025-11-14 16:52:33,957 INFO early_stopping.__call__] Validation improved from 0.5640 to 0.5702 (+0.0062) at epoch 12
[2025-11-14 16:52:40,337 INFO main.train_one_fold] TRAIN CHUNK | Fold 10 | Epoch 013/100 | Loss: 0.2270 | Acc: 0.9187 | Prec: 0.8889 | Recall: 0.9445 | Spec: 0.8959
[2025-11-14 16:52:46,328 INFO main.train_one_fold] TRAIN CHUNK | Fold 10 | Epoch 014/100 | Loss: 0.2272 | Acc: 0.9207 | Prec: 0.8862 | Recall: 0.9531 | Spec: 0.8921
[2025-11-14 16:52:46,520 INFO main.train_one_fold] EVAL CHUNK | Fold 10 | Epoch 014/100 | Loss: 0.5868 | Acc: 0.7521 | Prec: 0.6742 | Recall: 0.9836 | Spec: 0.5167
[2025-11-14 16:52:46,520 INFO main.train_one_fold]   Confusion: TP=60, TN=31, FP=29, FN=1
[2025-11-14 16:52:46,520 INFO main.train_one_fold] EVAL SUBJECT | Fold 10 | Epoch 014/100 | Loss: 0.5868 | Acc: 0.7500 | Prec: 0.6667 | Recall: 1.0000 | Spec: 0.5000
[2025-11-14 16:52:46,520 INFO main.train_one_fold]   Confusion: TP=2, TN=1, FP=1, FN=0
[2025-11-14 16:52:52,557 INFO main.train_one_fold] TRAIN CHUNK | Fold 10 | Epoch 015/100 | Loss: 0.2311 | Acc: 0.9133 | Prec: 0.8795 | Recall: 0.9445 | Spec: 0.8858
[2025-11-14 16:52:58,532 INFO main.train_one_fold] TRAIN CHUNK | Fold 10 | Epoch 016/100 | Loss: 0.2110 | Acc: 0.9213 | Prec: 0.8854 | Recall: 0.9559 | Spec: 0.8908
[2025-11-14 16:52:58,713 INFO main.train_one_fold] EVAL CHUNK | Fold 10 | Epoch 016/100 | Loss: 0.6813 | Acc: 0.5207 | Prec: 0.5273 | Recall: 0.4754 | Spec: 0.5667
[2025-11-14 16:52:58,714 INFO main.train_one_fold]   Confusion: TP=29, TN=34, FP=26, FN=32
[2025-11-14 16:52:58,714 INFO main.train_one_fold] EVAL SUBJECT | Fold 10 | Epoch 016/100 | Loss: 0.6813 | Acc: 0.5000 | Prec: 0.5000 | Recall: 0.5000 | Spec: 0.5000
[2025-11-14 16:52:58,714 INFO main.train_one_fold]   Confusion: TP=1, TN=1, FP=1, FN=1
[2025-11-14 16:53:04,847 INFO main.train_one_fold] TRAIN CHUNK | Fold 10 | Epoch 017/100 | Loss: 0.2236 | Acc: 0.9140 | Prec: 0.8889 | Recall: 0.9331 | Spec: 0.8971
[2025-11-14 16:53:10,328 INFO main.train_one_fold] TRAIN CHUNK | Fold 10 | Epoch 018/100 | Loss: 0.2077 | Acc: 0.9193 | Prec: 0.8859 | Recall: 0.9502 | Spec: 0.8921
[2025-11-14 16:53:10,462 INFO main.train_one_fold] EVAL CHUNK | Fold 10 | Epoch 018/100 | Loss: 0.5817 | Acc: 0.7521 | Prec: 0.6742 | Recall: 0.9836 | Spec: 0.5167
[2025-11-14 16:53:10,462 INFO main.train_one_fold]   Confusion: TP=60, TN=31, FP=29, FN=1
[2025-11-14 16:53:10,462 INFO main.train_one_fold] EVAL SUBJECT | Fold 10 | Epoch 018/100 | Loss: 0.5817 | Acc: 0.7500 | Prec: 0.6667 | Recall: 1.0000 | Spec: 0.5000
[2025-11-14 16:53:10,462 INFO main.train_one_fold]   Confusion: TP=2, TN=1, FP=1, FN=0
[2025-11-14 16:53:14,685 INFO main.train_one_fold] TRAIN CHUNK | Fold 10 | Epoch 019/100 | Loss: 0.2156 | Acc: 0.9167 | Prec: 0.8895 | Recall: 0.9388 | Spec: 0.8971
[2025-11-14 16:53:18,909 INFO main.train_one_fold] TRAIN CHUNK | Fold 10 | Epoch 020/100 | Loss: 0.2193 | Acc: 0.9193 | Prec: 0.8859 | Recall: 0.9502 | Spec: 0.8921
[2025-11-14 16:53:19,049 INFO main.train_one_fold] EVAL CHUNK | Fold 10 | Epoch 020/100 | Loss: 0.5379 | Acc: 0.7438 | Prec: 0.6705 | Recall: 0.9672 | Spec: 0.5167
[2025-11-14 16:53:19,049 INFO main.train_one_fold]   Confusion: TP=59, TN=31, FP=29, FN=2
[2025-11-14 16:53:19,049 INFO main.train_one_fold] EVAL SUBJECT | Fold 10 | Epoch 020/100 | Loss: 0.5379 | Acc: 0.7500 | Prec: 0.6667 | Recall: 1.0000 | Spec: 0.5000
[2025-11-14 16:53:19,049 INFO main.train_one_fold]   Confusion: TP=2, TN=1, FP=1, FN=0
[2025-11-14 16:53:19,064 INFO main.train_one_fold] Saved checkpoint: checkpoints_fp1_003_mdd_mqm/fold_10_epoch_020.pth
[2025-11-14 16:53:23,655 INFO main.train_one_fold] TRAIN CHUNK | Fold 10 | Epoch 021/100 | Loss: 0.1977 | Acc: 0.9207 | Prec: 0.8946 | Recall: 0.9417 | Spec: 0.9021
[2025-11-14 16:53:28,069 INFO main.train_one_fold] TRAIN CHUNK | Fold 10 | Epoch 022/100 | Loss: 0.1970 | Acc: 0.9207 | Prec: 0.8978 | Recall: 0.9374 | Spec: 0.9059
[2025-11-14 16:53:28,203 INFO main.train_one_fold] EVAL CHUNK | Fold 10 | Epoch 022/100 | Loss: 0.5968 | Acc: 0.7355 | Prec: 0.6559 | Recall: 1.0000 | Spec: 0.4667
[2025-11-14 16:53:28,203 INFO main.train_one_fold]   Confusion: TP=61, TN=28, FP=32, FN=0
[2025-11-14 16:53:28,203 INFO main.train_one_fold] EVAL SUBJECT | Fold 10 | Epoch 022/100 | Loss: 0.5968 | Acc: 0.7500 | Prec: 0.6667 | Recall: 1.0000 | Spec: 0.5000
[2025-11-14 16:53:28,203 INFO main.train_one_fold]   Confusion: TP=2, TN=1, FP=1, FN=0
[2025-11-14 16:53:32,564 INFO main.train_one_fold] TRAIN CHUNK | Fold 10 | Epoch 023/100 | Loss: 0.1948 | Acc: 0.9253 | Prec: 0.8956 | Recall: 0.9516 | Spec: 0.9021
[2025-11-14 16:53:36,979 INFO main.train_one_fold] TRAIN CHUNK | Fold 10 | Epoch 024/100 | Loss: 0.1816 | Acc: 0.9287 | Prec: 0.8973 | Recall: 0.9573 | Spec: 0.9034
[2025-11-14 16:53:37,119 INFO main.train_one_fold] EVAL CHUNK | Fold 10 | Epoch 024/100 | Loss: 0.6086 | Acc: 0.7355 | Prec: 0.6667 | Recall: 0.9508 | Spec: 0.5167
[2025-11-14 16:53:37,119 INFO main.train_one_fold]   Confusion: TP=58, TN=31, FP=29, FN=3
[2025-11-14 16:53:37,119 INFO main.train_one_fold] EVAL SUBJECT | Fold 10 | Epoch 024/100 | Loss: 0.6086 | Acc: 0.7500 | Prec: 0.6667 | Recall: 1.0000 | Spec: 0.5000
[2025-11-14 16:53:37,119 INFO main.train_one_fold]   Confusion: TP=2, TN=1, FP=1, FN=0
[2025-11-14 16:53:41,402 INFO main.train_one_fold] TRAIN CHUNK | Fold 10 | Epoch 025/100 | Loss: 0.1820 | Acc: 0.9267 | Prec: 0.8991 | Recall: 0.9502 | Spec: 0.9059
[2025-11-14 16:53:45,748 INFO main.train_one_fold] TRAIN CHUNK | Fold 10 | Epoch 026/100 | Loss: 0.1829 | Acc: 0.9213 | Prec: 0.8874 | Recall: 0.9531 | Spec: 0.8934
[2025-11-14 16:53:45,889 INFO main.train_one_fold] EVAL CHUNK | Fold 10 | Epoch 026/100 | Loss: 0.6286 | Acc: 0.7273 | Prec: 0.6628 | Recall: 0.9344 | Spec: 0.5167
[2025-11-14 16:53:45,889 INFO main.train_one_fold]   Confusion: TP=57, TN=31, FP=29, FN=4
[2025-11-14 16:53:45,889 INFO main.train_one_fold] EVAL SUBJECT | Fold 10 | Epoch 026/100 | Loss: 0.6286 | Acc: 0.7500 | Prec: 0.6667 | Recall: 1.0000 | Spec: 0.5000
[2025-11-14 16:53:45,889 INFO main.train_one_fold]   Confusion: TP=2, TN=1, FP=1, FN=0
[2025-11-14 16:53:50,627 INFO main.train_one_fold] TRAIN CHUNK | Fold 10 | Epoch 027/100 | Loss: 0.1819 | Acc: 0.9240 | Prec: 0.8996 | Recall: 0.9431 | Spec: 0.9072
[2025-11-14 16:53:54,951 INFO main.train_one_fold] TRAIN CHUNK | Fold 10 | Epoch 028/100 | Loss: 0.1665 | Acc: 0.9287 | Prec: 0.9060 | Recall: 0.9459 | Spec: 0.9134
[2025-11-14 16:53:55,087 INFO main.train_one_fold] EVAL CHUNK | Fold 10 | Epoch 028/100 | Loss: 0.7870 | Acc: 0.6860 | Prec: 0.6186 | Recall: 0.9836 | Spec: 0.3833
[2025-11-14 16:53:55,087 INFO main.train_one_fold]   Confusion: TP=60, TN=23, FP=37, FN=1
[2025-11-14 16:53:55,087 INFO main.train_one_fold] EVAL SUBJECT | Fold 10 | Epoch 028/100 | Loss: 0.7870 | Acc: 0.7500 | Prec: 0.6667 | Recall: 1.0000 | Spec: 0.5000
[2025-11-14 16:53:55,087 INFO main.train_one_fold]   Confusion: TP=2, TN=1, FP=1, FN=0
[2025-11-14 16:53:59,430 INFO main.train_one_fold] TRAIN CHUNK | Fold 10 | Epoch 029/100 | Loss: 0.1789 | Acc: 0.9267 | Prec: 0.8959 | Recall: 0.9545 | Spec: 0.9021
[2025-11-14 16:54:03,763 INFO main.train_one_fold] TRAIN CHUNK | Fold 10 | Epoch 030/100 | Loss: 0.1616 | Acc: 0.9300 | Prec: 0.9096 | Recall: 0.9445 | Spec: 0.9172
[2025-11-14 16:54:03,912 INFO main.train_one_fold] EVAL CHUNK | Fold 10 | Epoch 030/100 | Loss: 0.5024 | Acc: 0.7438 | Prec: 0.6974 | Recall: 0.8689 | Spec: 0.6167
[2025-11-14 16:54:03,912 INFO main.train_one_fold]   Confusion: TP=53, TN=37, FP=23, FN=8
[2025-11-14 16:54:03,912 INFO main.train_one_fold] EVAL SUBJECT | Fold 10 | Epoch 030/100 | Loss: 0.5024 | Acc: 0.7500 | Prec: 0.6667 | Recall: 1.0000 | Spec: 0.5000
[2025-11-14 16:54:03,912 INFO main.train_one_fold]   Confusion: TP=2, TN=1, FP=1, FN=0
[2025-11-14 16:54:03,927 INFO main.train_one_fold] Saved checkpoint: checkpoints_fp1_003_mdd_mqm/fold_10_epoch_030.pth
[2025-11-14 16:54:08,571 INFO main.train_one_fold] TRAIN CHUNK | Fold 10 | Epoch 031/100 | Loss: 0.1633 | Acc: 0.9307 | Prec: 0.9064 | Recall: 0.9502 | Spec: 0.9134
[2025-11-14 16:54:13,083 INFO main.train_one_fold] TRAIN CHUNK | Fold 10 | Epoch 032/100 | Loss: 0.1513 | Acc: 0.9347 | Prec: 0.9050 | Recall: 0.9616 | Spec: 0.9109
[2025-11-14 16:54:13,239 INFO main.train_one_fold] EVAL CHUNK | Fold 10 | Epoch 032/100 | Loss: 0.4663 | Acc: 0.7603 | Prec: 0.6951 | Recall: 0.9344 | Spec: 0.5833
[2025-11-14 16:54:13,239 INFO main.train_one_fold]   Confusion: TP=57, TN=35, FP=25, FN=4
[2025-11-14 16:54:13,239 INFO main.train_one_fold] EVAL SUBJECT | Fold 10 | Epoch 032/100 | Loss: 0.4663 | Acc: 0.7500 | Prec: 0.6667 | Recall: 1.0000 | Spec: 0.5000
[2025-11-14 16:54:13,239 INFO main.train_one_fold]   Confusion: TP=2, TN=1, FP=1, FN=0
[2025-11-14 16:54:13,239 INFO early_stopping.__call__] Early stopping triggered after 20 epochs without improvement. Best score: 0.5702 at epoch 12
[2025-11-14 16:54:13,240 INFO main.train_one_fold] Early stopping triggered at epoch 32
[2025-11-14 16:54:13,240 INFO main.train_one_fold] 
Fold 10 training completed. Best Combined Val Acc: 0.5702 at epoch 12
[2025-11-14 16:54:13,240 INFO main.train_cross_validation] ================================================================================
[2025-11-14 16:54:13,240 INFO main.train_cross_validation] 10-FOLD CROSS-VALIDATION RESULTS
[2025-11-14 16:54:13,240 INFO main.train_cross_validation] ================================================================================
[2025-11-14 16:54:13,240 INFO main.train_cross_validation] 
Per-fold best validation accuracy:
[2025-11-14 16:54:13,240 INFO main.train_cross_validation]   Fold 1: 0.9247 (epoch 18)
[2025-11-14 16:54:13,240 INFO main.train_cross_validation]   Fold 2: 0.9500 (epoch 20)
[2025-11-14 16:54:13,240 INFO main.train_cross_validation]   Fold 3: 0.9763 (epoch 58)
[2025-11-14 16:54:13,240 INFO main.train_cross_validation]   Fold 4: 0.7004 (epoch 4)
[2025-11-14 16:54:13,241 INFO main.train_cross_validation]   Fold 5: 0.9278 (epoch 24)
[2025-11-14 16:54:13,241 INFO main.train_cross_validation]   Fold 6: 1.0000 (epoch 6)
[2025-11-14 16:54:13,241 INFO main.train_cross_validation]   Fold 7: 1.0000 (epoch 2)
[2025-11-14 16:54:13,241 INFO main.train_cross_validation]   Fold 8: 0.9669 (epoch 46)
[2025-11-14 16:54:13,241 INFO main.train_cross_validation]   Fold 9: 0.5764 (epoch 2)
[2025-11-14 16:54:13,241 INFO main.train_cross_validation]   Fold 10: 0.5702 (epoch 12)
[2025-11-14 16:54:13,241 INFO main.write_results] COMBINED Accuracy Mean: 0.8593 ± 0.1646, Min: 0.5702, Max: 1.0000

[2025-11-14 16:54:13,242 INFO main.write_results] CHUNK Accuracy Mean: 0.9115 ± 0.0855, Min: 0.7603, Max: 1.0000

[2025-11-14 16:54:13,242 INFO main.write_results] SUBJECT Accuracy Mean: 0.9333 ± 0.1041, Min: 0.7500, Max: 1.0000

[2025-11-14 16:54:13,242 INFO main.train_cross_validation] ================================================================================

[2025-11-14 16:54:13,243 INFO main.train] 
Results saved to checkpoints_fp1_003_mdd_mqm/cv_results.txt
[2025-11-14 16:54:13,243 INFO main.train] Training completed!
