[2025-11-26 14:50:59,177 INFO main.setup_logging] Logging to console and file: experiments/fp1_004_mdd_ec/training_ec_Fp1_noica_20251126_145059.log
[2025-11-26 14:50:59,177 INFO main.train] Starting EEG Classification Training
[2025-11-26 14:50:59,177 INFO main.train] Hyperparameters:
[2025-11-26 14:50:59,177 INFO main.train]   Dataset: mdd
[2025-11-26 14:50:59,177 INFO main.train]   Condition: ec
[2025-11-26 14:50:59,177 INFO main.train]   Channel: Fp1
[2025-11-26 14:50:59,177 INFO main.train]   N-Fold CV: 6
[2025-11-26 14:50:59,178 INFO main.train]   Batch Size: 32
[2025-11-26 14:50:59,178 INFO main.train]   Learning Rate: 0.0001
[2025-11-26 14:50:59,178 INFO main.train]   Dropout: 0.5
[2025-11-26 14:50:59,178 INFO main.train]   Weight decay (L2 penalty): 0.0001
[2025-11-26 14:50:59,178 INFO main.train]   Max Epochs: 100
[2025-11-26 14:50:59,178 INFO main.train]   Validation Every: 1 epochs
[2025-11-26 14:50:59,178 INFO main.train]   Save Checkpoint Every: 10 epochs
[2025-11-26 14:50:59,178 INFO main.train]   Early Stopping Patience: 20 epochs
[2025-11-26 14:50:59,178 INFO main.train]   Skip ICA: True
[2025-11-26 14:50:59,178 INFO main.train]   Device: cpu
[2025-11-26 14:50:59,178 INFO main.train]   Checkpoint Directory: experiments/fp1_004_mdd_ec
[2025-11-26 14:50:59,178 INFO main.train]   Log File: experiments/fp1_004_mdd_ec/training_ec_Fp1_noica_20251126_145059.log
[2025-11-26 14:50:59,178 INFO main.train_cross_validation] ================================================================================
[2025-11-26 14:50:59,178 INFO main.train_cross_validation] Starting 6-Fold Cross-Validation Training
[2025-11-26 14:50:59,178 INFO main.train_cross_validation] Dataset: mdd, Condition: ec
[2025-11-26 14:50:59,178 INFO main.train_cross_validation] Batch Size: 32, LR: 0.0001
[2025-11-26 14:50:59,178 INFO main.train_cross_validation] Device: cpu
[2025-11-26 14:50:59,178 INFO main.train_cross_validation] Skip ICA: True
[2025-11-26 14:50:59,178 INFO main.train_cross_validation] ================================================================================
[2025-11-26 14:50:59,180 INFO dataset.__init__] Building chunk index for FlattenedSpectrogramDataset...
[2025-11-26 14:50:59,689 INFO dataset.convert_to_spectrograms] Created 30 spectrograms
[2025-11-26 14:50:59,940 INFO dataset.convert_to_spectrograms] Created 38 spectrograms
[2025-11-26 14:51:00,080 INFO dataset.convert_to_spectrograms] Created 30 spectrograms
[2025-11-26 14:51:00,204 INFO dataset.convert_to_spectrograms] Created 30 spectrograms
[2025-11-26 14:51:00,328 INFO dataset.convert_to_spectrograms] Created 30 spectrograms
[2025-11-26 14:51:00,451 INFO dataset.convert_to_spectrograms] Created 30 spectrograms
[2025-11-26 14:51:00,563 INFO dataset.convert_to_spectrograms] Created 29 spectrograms
[2025-11-26 14:51:00,687 INFO dataset.convert_to_spectrograms] Created 31 spectrograms
[2025-11-26 14:51:00,810 INFO dataset.convert_to_spectrograms] Created 30 spectrograms
[2025-11-26 14:51:00,935 INFO dataset.convert_to_spectrograms] Created 30 spectrograms
[2025-11-26 14:51:01,060 INFO dataset.convert_to_spectrograms] Created 31 spectrograms
[2025-11-26 14:51:01,184 INFO dataset.convert_to_spectrograms] Created 30 spectrograms
[2025-11-26 14:51:01,308 INFO dataset.convert_to_spectrograms] Created 30 spectrograms
[2025-11-26 14:51:01,440 INFO dataset.convert_to_spectrograms] Created 30 spectrograms
[2025-11-26 14:51:01,564 INFO dataset.convert_to_spectrograms] Created 30 spectrograms
[2025-11-26 14:51:01,679 INFO dataset.convert_to_spectrograms] Created 30 spectrograms
[2025-11-26 14:51:01,802 INFO dataset.convert_to_spectrograms] Created 30 spectrograms
[2025-11-26 14:51:01,932 INFO dataset.convert_to_spectrograms] Created 30 spectrograms
[2025-11-26 14:51:02,056 INFO dataset.convert_to_spectrograms] Created 30 spectrograms
[2025-11-26 14:51:02,177 INFO dataset.convert_to_spectrograms] Created 31 spectrograms
[2025-11-26 14:51:02,303 INFO dataset.convert_to_spectrograms] Created 30 spectrograms
[2025-11-26 14:51:02,425 INFO dataset.convert_to_spectrograms] Created 30 spectrograms
[2025-11-26 14:51:02,547 INFO dataset.convert_to_spectrograms] Created 30 spectrograms
[2025-11-26 14:51:02,679 INFO dataset.convert_to_spectrograms] Created 31 spectrograms
[2025-11-26 14:51:02,811 INFO dataset.convert_to_spectrograms] Created 30 spectrograms
[2025-11-26 14:51:02,960 INFO dataset.convert_to_spectrograms] Created 36 spectrograms
[2025-11-26 14:51:03,135 INFO dataset.convert_to_spectrograms] Created 30 spectrograms
[2025-11-26 14:51:03,266 INFO dataset.convert_to_spectrograms] Created 30 spectrograms
[2025-11-26 14:51:03,390 INFO dataset.convert_to_spectrograms] Created 31 spectrograms
[2025-11-26 14:51:03,506 INFO dataset.convert_to_spectrograms] Created 30 spectrograms
[2025-11-26 14:51:03,622 INFO dataset.convert_to_spectrograms] Created 30 spectrograms
[2025-11-26 14:51:03,736 INFO dataset.convert_to_spectrograms] Created 30 spectrograms
[2025-11-26 14:51:03,850 INFO dataset.convert_to_spectrograms] Created 30 spectrograms
[2025-11-26 14:51:03,963 INFO dataset.convert_to_spectrograms] Created 30 spectrograms
[2025-11-26 14:51:04,079 INFO dataset.convert_to_spectrograms] Created 30 spectrograms
[2025-11-26 14:51:04,196 INFO dataset.convert_to_spectrograms] Created 30 spectrograms
[2025-11-26 14:51:04,309 INFO dataset.convert_to_spectrograms] Created 30 spectrograms
[2025-11-26 14:51:04,422 INFO dataset.convert_to_spectrograms] Created 30 spectrograms
[2025-11-26 14:51:04,537 INFO dataset.convert_to_spectrograms] Created 30 spectrograms
[2025-11-26 14:51:04,717 INFO dataset.convert_to_spectrograms] Created 31 spectrograms
[2025-11-26 14:51:04,900 INFO dataset.convert_to_spectrograms] Created 30 spectrograms
[2025-11-26 14:51:05,085 INFO dataset.convert_to_spectrograms] Created 30 spectrograms
[2025-11-26 14:51:05,265 INFO dataset.convert_to_spectrograms] Created 30 spectrograms
[2025-11-26 14:51:05,420 INFO dataset.convert_to_spectrograms] Created 30 spectrograms
[2025-11-26 14:51:05,564 INFO dataset.convert_to_spectrograms] Created 30 spectrograms
[2025-11-26 14:51:05,649 INFO dataset.convert_to_spectrograms] Created 18 spectrograms
[2025-11-26 14:51:05,743 INFO dataset.convert_to_spectrograms] Created 24 spectrograms
[2025-11-26 14:51:05,858 INFO dataset.convert_to_spectrograms] Created 30 spectrograms
[2025-11-26 14:51:05,973 INFO dataset.convert_to_spectrograms] Created 30 spectrograms
[2025-11-26 14:51:06,086 INFO dataset.convert_to_spectrograms] Created 30 spectrograms
[2025-11-26 14:51:06,201 INFO dataset.convert_to_spectrograms] Created 30 spectrograms
[2025-11-26 14:51:06,326 INFO dataset.convert_to_spectrograms] Created 30 spectrograms
[2025-11-26 14:51:06,453 INFO dataset.convert_to_spectrograms] Created 30 spectrograms
[2025-11-26 14:51:06,569 INFO dataset.convert_to_spectrograms] Created 30 spectrograms
[2025-11-26 14:51:06,569 INFO dataset.__init__] Built index with 1621 total chunks
[2025-11-26 14:51:06,569 INFO main.train_cross_validation] MDD dataset: 28 normal, 26 MDD subjects
[2025-11-26 14:51:06,570 INFO main.train_cross_validation] ================================================================================
[2025-11-26 14:51:06,570 INFO main.train_cross_validation] FOLD 1/6
[2025-11-26 14:51:06,570 INFO main.train_cross_validation] ================================================================================
[2025-11-26 14:51:06,570 INFO main.get_datasets_for_fold] Train subjects (44): ['mdd:H S22', 'mdd:H S27', 'mdd:H S4', 'mdd:H S21', 'mdd:H S23', 'mdd:MDD S17', 'mdd:MDD S3', 'mdd:MDD S1', 'mdd:MDD S14', 'mdd:MDD S10', 'mdd:H S25', 'mdd:H S10', 'mdd:H S14', 'mdd:H S15', 'mdd:H S11', 'mdd:MDD S26', 'mdd:MDD S20', 'mdd:MDD S33', 'mdd:MDD S18', 'mdd:H S26', 'mdd:H S5', 'mdd:H S13', 'mdd:H S8', 'mdd:H S6', 'mdd:MDD S5', 'mdd:MDD S15', 'mdd:MDD S13', 'mdd:MDD S9', 'mdd:H S28', 'mdd:H S9', 'mdd:H S3', 'mdd:H S17', 'mdd:MDD S30', 'mdd:MDD S32', 'mdd:MDD S27', 'mdd:MDD S28', 'mdd:H S20', 'mdd:H S24', 'mdd:H S29', 'mdd:H S16', 'mdd:MDD S21', 'mdd:MDD S29', 'mdd:MDD S6', 'mdd:MDD S23']...
[2025-11-26 14:51:06,570 INFO main.get_datasets_for_fold] Val subjects (10): ['mdd:H S2', 'mdd:H S7', 'mdd:H S19', 'mdd:H S30', 'mdd:H S1', 'mdd:MDD S31', 'mdd:MDD S22', 'mdd:MDD S19', 'mdd:MDD S25', 'mdd:MDD S34']
[2025-11-26 14:51:06,570 INFO main.get_datasets_for_fold] Training chunks: 1315
[2025-11-26 14:51:06,570 INFO main.get_datasets_for_fold] Validation chunks: 306
[2025-11-26 14:51:06,619 INFO model.__init__] Initialized LSTM with input_size=1728, hidden_size=100, batch_first=True
[2025-11-26 14:51:07,954 INFO main.train_one_fold] Starting training for fold 1
[2025-11-26 14:51:10,813 INFO main.train_one_fold] TRAIN CHUNK | Fold 1 | Epoch 001/100 | Loss: 0.6935 | Acc: 0.4753 | Prec: 0.4695 | Recall: 0.9511 | Spec: 0.0585
[2025-11-26 14:51:11,067 INFO main.train_one_fold] EVAL CHUNK | Fold 1 | Epoch 001/100 | Loss: 0.6924 | Acc: 0.4902 | Prec: 0.4902 | Recall: 1.0000 | Spec: 0.0000
[2025-11-26 14:51:11,067 INFO main.train_one_fold]   Confusion: TP=150, TN=0, FP=156, FN=0
[2025-11-26 14:51:11,067 INFO main.train_one_fold] EVAL SUBJECT | Fold 1 | Epoch 001/100 | Loss: 0.6924 | Acc: 0.5000 | Prec: 0.5000 | Recall: 1.0000 | Spec: 0.0000
[2025-11-26 14:51:11,067 INFO main.train_one_fold]   Confusion: TP=5, TN=0, FP=5, FN=0
[2025-11-26 14:51:11,087 INFO main.train_one_fold] ✓ Saved best model: experiments/fp1_004_mdd_ec/fold_1_best.pth (combined=0.2451, chunk=0.4902, subject=0.5000)
[2025-11-26 14:51:11,087 INFO early_stopping.__call__] Early stopping initialized: best score 0.2451 at epoch 1
[2025-11-26 14:51:13,931 INFO main.train_one_fold] TRAIN CHUNK | Fold 1 | Epoch 002/100 | Loss: 0.6911 | Acc: 0.5513 | Prec: 0.5632 | Recall: 0.1743 | Spec: 0.8816
[2025-11-26 14:51:14,194 INFO main.train_one_fold] EVAL CHUNK | Fold 1 | Epoch 002/100 | Loss: 0.6900 | Acc: 0.5098 | Prec: 0.0000 | Recall: 0.0000 | Spec: 1.0000
[2025-11-26 14:51:14,194 INFO main.train_one_fold]   Confusion: TP=0, TN=156, FP=0, FN=150
[2025-11-26 14:51:14,194 INFO main.train_one_fold] EVAL SUBJECT | Fold 1 | Epoch 002/100 | Loss: 0.6900 | Acc: 0.5000 | Prec: 0.0000 | Recall: 0.0000 | Spec: 1.0000
[2025-11-26 14:51:14,194 INFO main.train_one_fold]   Confusion: TP=0, TN=5, FP=0, FN=5
[2025-11-26 14:51:14,210 INFO main.train_one_fold] ✓ Saved best model: experiments/fp1_004_mdd_ec/fold_1_best.pth (combined=0.2549, chunk=0.5098, subject=0.5000)
[2025-11-26 14:51:14,210 INFO early_stopping.__call__] Validation improved from 0.2451 to 0.2549 (+0.0098) at epoch 2
[2025-11-26 14:51:17,834 INFO main.train_one_fold] TRAIN CHUNK | Fold 1 | Epoch 003/100 | Loss: 0.6835 | Acc: 0.5559 | Prec: 0.8000 | Recall: 0.0651 | Spec: 0.9857
[2025-11-26 14:51:18,193 INFO main.train_one_fold] EVAL CHUNK | Fold 1 | Epoch 003/100 | Loss: 0.6633 | Acc: 0.7974 | Prec: 1.0000 | Recall: 0.5867 | Spec: 1.0000
[2025-11-26 14:51:18,193 INFO main.train_one_fold]   Confusion: TP=88, TN=156, FP=0, FN=62
[2025-11-26 14:51:18,193 INFO main.train_one_fold] EVAL SUBJECT | Fold 1 | Epoch 003/100 | Loss: 0.6633 | Acc: 0.8000 | Prec: 1.0000 | Recall: 0.6000 | Spec: 1.0000
[2025-11-26 14:51:18,193 INFO main.train_one_fold]   Confusion: TP=3, TN=5, FP=0, FN=2
[2025-11-26 14:51:18,215 INFO main.train_one_fold] ✓ Saved best model: experiments/fp1_004_mdd_ec/fold_1_best.pth (combined=0.6379, chunk=0.7974, subject=0.8000)
[2025-11-26 14:51:18,215 INFO early_stopping.__call__] Validation improved from 0.2549 to 0.6379 (+0.3830) at epoch 3
[2025-11-26 14:51:23,494 INFO main.train_one_fold] TRAIN CHUNK | Fold 1 | Epoch 004/100 | Loss: 0.6175 | Acc: 0.7407 | Prec: 0.8040 | Recall: 0.5879 | Spec: 0.8745
[2025-11-26 14:51:23,860 INFO main.train_one_fold] EVAL CHUNK | Fold 1 | Epoch 004/100 | Loss: 0.5012 | Acc: 0.8105 | Prec: 0.8026 | Recall: 0.8133 | Spec: 0.8077
[2025-11-26 14:51:23,860 INFO main.train_one_fold]   Confusion: TP=122, TN=126, FP=30, FN=28
[2025-11-26 14:51:23,861 INFO main.train_one_fold] EVAL SUBJECT | Fold 1 | Epoch 004/100 | Loss: 0.5012 | Acc: 0.9000 | Prec: 0.8333 | Recall: 1.0000 | Spec: 0.8000
[2025-11-26 14:51:23,861 INFO main.train_one_fold]   Confusion: TP=5, TN=4, FP=1, FN=0
[2025-11-26 14:51:23,887 INFO main.train_one_fold] ✓ Saved best model: experiments/fp1_004_mdd_ec/fold_1_best.pth (combined=0.7294, chunk=0.8105, subject=0.9000)
[2025-11-26 14:51:23,887 INFO early_stopping.__call__] Validation improved from 0.6379 to 0.7294 (+0.0915) at epoch 4
[2025-11-26 14:51:28,022 INFO main.train_one_fold] TRAIN CHUNK | Fold 1 | Epoch 005/100 | Loss: 0.4506 | Acc: 0.8456 | Prec: 0.7965 | Recall: 0.8990 | Spec: 0.7989
[2025-11-26 14:51:28,381 INFO main.train_one_fold] EVAL CHUNK | Fold 1 | Epoch 005/100 | Loss: 0.4110 | Acc: 0.8529 | Prec: 0.8182 | Recall: 0.9000 | Spec: 0.8077
[2025-11-26 14:51:28,381 INFO main.train_one_fold]   Confusion: TP=135, TN=126, FP=30, FN=15
[2025-11-26 14:51:28,381 INFO main.train_one_fold] EVAL SUBJECT | Fold 1 | Epoch 005/100 | Loss: 0.4110 | Acc: 0.9000 | Prec: 0.8333 | Recall: 1.0000 | Spec: 0.8000
[2025-11-26 14:51:28,381 INFO main.train_one_fold]   Confusion: TP=5, TN=4, FP=1, FN=0
[2025-11-26 14:51:28,405 INFO main.train_one_fold] ✓ Saved best model: experiments/fp1_004_mdd_ec/fold_1_best.pth (combined=0.7676, chunk=0.8529, subject=0.9000)
[2025-11-26 14:51:28,405 INFO early_stopping.__call__] Validation improved from 0.7294 to 0.7676 (+0.0382) at epoch 5
[2025-11-26 14:51:34,372 INFO main.train_one_fold] TRAIN CHUNK | Fold 1 | Epoch 006/100 | Loss: 0.3430 | Acc: 0.8715 | Prec: 0.8147 | Recall: 0.9381 | Spec: 0.8131
[2025-11-26 14:51:34,741 INFO main.train_one_fold] EVAL CHUNK | Fold 1 | Epoch 006/100 | Loss: 0.4286 | Acc: 0.8562 | Prec: 0.8193 | Recall: 0.9067 | Spec: 0.8077
[2025-11-26 14:51:34,741 INFO main.train_one_fold]   Confusion: TP=136, TN=126, FP=30, FN=14
[2025-11-26 14:51:34,741 INFO main.train_one_fold] EVAL SUBJECT | Fold 1 | Epoch 006/100 | Loss: 0.4286 | Acc: 0.9000 | Prec: 0.8333 | Recall: 1.0000 | Spec: 0.8000
[2025-11-26 14:51:34,741 INFO main.train_one_fold]   Confusion: TP=5, TN=4, FP=1, FN=0
[2025-11-26 14:51:34,768 INFO main.train_one_fold] ✓ Saved best model: experiments/fp1_004_mdd_ec/fold_1_best.pth (combined=0.7706, chunk=0.8562, subject=0.9000)
[2025-11-26 14:51:34,768 INFO early_stopping.__call__] Validation improved from 0.7676 to 0.7706 (+0.0029) at epoch 6
[2025-11-26 14:51:38,800 INFO main.train_one_fold] TRAIN CHUNK | Fold 1 | Epoch 007/100 | Loss: 0.3244 | Acc: 0.8791 | Prec: 0.8191 | Recall: 0.9511 | Spec: 0.8160
[2025-11-26 14:51:39,155 INFO main.train_one_fold] EVAL CHUNK | Fold 1 | Epoch 007/100 | Loss: 0.4440 | Acc: 0.8562 | Prec: 0.8193 | Recall: 0.9067 | Spec: 0.8077
[2025-11-26 14:51:39,155 INFO main.train_one_fold]   Confusion: TP=136, TN=126, FP=30, FN=14
[2025-11-26 14:51:39,155 INFO main.train_one_fold] EVAL SUBJECT | Fold 1 | Epoch 007/100 | Loss: 0.4440 | Acc: 0.9000 | Prec: 0.8333 | Recall: 1.0000 | Spec: 0.8000
[2025-11-26 14:51:39,156 INFO main.train_one_fold]   Confusion: TP=5, TN=4, FP=1, FN=0
[2025-11-26 14:51:43,065 INFO main.train_one_fold] TRAIN CHUNK | Fold 1 | Epoch 008/100 | Loss: 0.3163 | Acc: 0.8798 | Prec: 0.8202 | Recall: 0.9511 | Spec: 0.8174
[2025-11-26 14:51:43,413 INFO main.train_one_fold] EVAL CHUNK | Fold 1 | Epoch 008/100 | Loss: 0.4499 | Acc: 0.8562 | Prec: 0.8193 | Recall: 0.9067 | Spec: 0.8077
[2025-11-26 14:51:43,414 INFO main.train_one_fold]   Confusion: TP=136, TN=126, FP=30, FN=14
[2025-11-26 14:51:43,414 INFO main.train_one_fold] EVAL SUBJECT | Fold 1 | Epoch 008/100 | Loss: 0.4499 | Acc: 0.9000 | Prec: 0.8333 | Recall: 1.0000 | Spec: 0.8000
[2025-11-26 14:51:43,414 INFO main.train_one_fold]   Confusion: TP=5, TN=4, FP=1, FN=0
[2025-11-26 14:51:47,330 INFO main.train_one_fold] TRAIN CHUNK | Fold 1 | Epoch 009/100 | Loss: 0.3071 | Acc: 0.8882 | Prec: 0.8257 | Recall: 0.9642 | Spec: 0.8217
[2025-11-26 14:51:47,681 INFO main.train_one_fold] EVAL CHUNK | Fold 1 | Epoch 009/100 | Loss: 0.4585 | Acc: 0.8529 | Prec: 0.8144 | Recall: 0.9067 | Spec: 0.8013
[2025-11-26 14:51:47,681 INFO main.train_one_fold]   Confusion: TP=136, TN=125, FP=31, FN=14
[2025-11-26 14:51:47,681 INFO main.train_one_fold] EVAL SUBJECT | Fold 1 | Epoch 009/100 | Loss: 0.4585 | Acc: 0.9000 | Prec: 0.8333 | Recall: 1.0000 | Spec: 0.8000
[2025-11-26 14:51:47,682 INFO main.train_one_fold]   Confusion: TP=5, TN=4, FP=1, FN=0
[2025-11-26 14:51:52,472 INFO main.train_one_fold] TRAIN CHUNK | Fold 1 | Epoch 010/100 | Loss: 0.3039 | Acc: 0.8867 | Prec: 0.8261 | Recall: 0.9593 | Spec: 0.8231
[2025-11-26 14:51:53,063 INFO main.train_one_fold] EVAL CHUNK | Fold 1 | Epoch 010/100 | Loss: 0.4626 | Acc: 0.8562 | Prec: 0.8193 | Recall: 0.9067 | Spec: 0.8077
[2025-11-26 14:51:53,063 INFO main.train_one_fold]   Confusion: TP=136, TN=126, FP=30, FN=14
[2025-11-26 14:51:53,064 INFO main.train_one_fold] EVAL SUBJECT | Fold 1 | Epoch 010/100 | Loss: 0.4626 | Acc: 0.9000 | Prec: 0.8333 | Recall: 1.0000 | Spec: 0.8000
[2025-11-26 14:51:53,064 INFO main.train_one_fold]   Confusion: TP=5, TN=4, FP=1, FN=0
[2025-11-26 14:51:53,088 INFO main.train_one_fold] Saved checkpoint: experiments/fp1_004_mdd_ec/fold_1_epoch_010.pth
[2025-11-26 14:51:58,672 INFO main.train_one_fold] TRAIN CHUNK | Fold 1 | Epoch 011/100 | Loss: 0.3051 | Acc: 0.8867 | Prec: 0.8216 | Recall: 0.9674 | Spec: 0.8160
[2025-11-26 14:51:59,082 INFO main.train_one_fold] EVAL CHUNK | Fold 1 | Epoch 011/100 | Loss: 0.4627 | Acc: 0.8562 | Prec: 0.8193 | Recall: 0.9067 | Spec: 0.8077
[2025-11-26 14:51:59,082 INFO main.train_one_fold]   Confusion: TP=136, TN=126, FP=30, FN=14
[2025-11-26 14:51:59,082 INFO main.train_one_fold] EVAL SUBJECT | Fold 1 | Epoch 011/100 | Loss: 0.4627 | Acc: 0.9000 | Prec: 0.8333 | Recall: 1.0000 | Spec: 0.8000
[2025-11-26 14:51:59,082 INFO main.train_one_fold]   Confusion: TP=5, TN=4, FP=1, FN=0
[2025-11-26 14:52:03,912 INFO main.train_one_fold] TRAIN CHUNK | Fold 1 | Epoch 012/100 | Loss: 0.3051 | Acc: 0.8844 | Prec: 0.8235 | Recall: 0.9577 | Spec: 0.8203
[2025-11-26 14:52:04,308 INFO main.train_one_fold] EVAL CHUNK | Fold 1 | Epoch 012/100 | Loss: 0.4697 | Acc: 0.8562 | Prec: 0.8193 | Recall: 0.9067 | Spec: 0.8077
[2025-11-26 14:52:04,308 INFO main.train_one_fold]   Confusion: TP=136, TN=126, FP=30, FN=14
[2025-11-26 14:52:04,308 INFO main.train_one_fold] EVAL SUBJECT | Fold 1 | Epoch 012/100 | Loss: 0.4697 | Acc: 0.9000 | Prec: 0.8333 | Recall: 1.0000 | Spec: 0.8000
[2025-11-26 14:52:04,308 INFO main.train_one_fold]   Confusion: TP=5, TN=4, FP=1, FN=0
[2025-11-26 14:52:08,961 INFO main.train_one_fold] TRAIN CHUNK | Fold 1 | Epoch 013/100 | Loss: 0.2991 | Acc: 0.8913 | Prec: 0.8266 | Recall: 0.9707 | Spec: 0.8217
[2025-11-26 14:52:09,314 INFO main.train_one_fold] EVAL CHUNK | Fold 1 | Epoch 013/100 | Loss: 0.4734 | Acc: 0.8562 | Prec: 0.8193 | Recall: 0.9067 | Spec: 0.8077
[2025-11-26 14:52:09,314 INFO main.train_one_fold]   Confusion: TP=136, TN=126, FP=30, FN=14
[2025-11-26 14:52:09,315 INFO main.train_one_fold] EVAL SUBJECT | Fold 1 | Epoch 013/100 | Loss: 0.4734 | Acc: 0.9000 | Prec: 0.8333 | Recall: 1.0000 | Spec: 0.8000
[2025-11-26 14:52:09,315 INFO main.train_one_fold]   Confusion: TP=5, TN=4, FP=1, FN=0
[2025-11-26 14:52:13,263 INFO main.train_one_fold] TRAIN CHUNK | Fold 1 | Epoch 014/100 | Loss: 0.3021 | Acc: 0.8882 | Prec: 0.8275 | Recall: 0.9609 | Spec: 0.8245
[2025-11-26 14:52:13,657 INFO main.train_one_fold] EVAL CHUNK | Fold 1 | Epoch 014/100 | Loss: 0.4245 | Acc: 0.8562 | Prec: 0.8155 | Recall: 0.9133 | Spec: 0.8013
[2025-11-26 14:52:13,657 INFO main.train_one_fold]   Confusion: TP=137, TN=125, FP=31, FN=13
[2025-11-26 14:52:13,657 INFO main.train_one_fold] EVAL SUBJECT | Fold 1 | Epoch 014/100 | Loss: 0.4245 | Acc: 0.9000 | Prec: 0.8333 | Recall: 1.0000 | Spec: 0.8000
[2025-11-26 14:52:13,657 INFO main.train_one_fold]   Confusion: TP=5, TN=4, FP=1, FN=0
[2025-11-26 14:52:21,055 INFO main.train_one_fold] TRAIN CHUNK | Fold 1 | Epoch 015/100 | Loss: 0.3029 | Acc: 0.8905 | Prec: 0.8255 | Recall: 0.9707 | Spec: 0.8203
[2025-11-26 14:52:21,608 INFO main.train_one_fold] EVAL CHUNK | Fold 1 | Epoch 015/100 | Loss: 0.4365 | Acc: 0.8529 | Prec: 0.8144 | Recall: 0.9067 | Spec: 0.8013
[2025-11-26 14:52:21,608 INFO main.train_one_fold]   Confusion: TP=136, TN=125, FP=31, FN=14
[2025-11-26 14:52:21,609 INFO main.train_one_fold] EVAL SUBJECT | Fold 1 | Epoch 015/100 | Loss: 0.4365 | Acc: 0.9000 | Prec: 0.8333 | Recall: 1.0000 | Spec: 0.8000
[2025-11-26 14:52:21,609 INFO main.train_one_fold]   Confusion: TP=5, TN=4, FP=1, FN=0
[2025-11-26 14:52:27,461 INFO main.train_one_fold] TRAIN CHUNK | Fold 1 | Epoch 016/100 | Loss: 0.2981 | Acc: 0.8905 | Prec: 0.8255 | Recall: 0.9707 | Spec: 0.8203
[2025-11-26 14:52:27,925 INFO main.train_one_fold] EVAL CHUNK | Fold 1 | Epoch 016/100 | Loss: 0.4686 | Acc: 0.8529 | Prec: 0.8144 | Recall: 0.9067 | Spec: 0.8013
[2025-11-26 14:52:27,926 INFO main.train_one_fold]   Confusion: TP=136, TN=125, FP=31, FN=14
[2025-11-26 14:52:27,926 INFO main.train_one_fold] EVAL SUBJECT | Fold 1 | Epoch 016/100 | Loss: 0.4686 | Acc: 0.9000 | Prec: 0.8333 | Recall: 1.0000 | Spec: 0.8000
[2025-11-26 14:52:27,926 INFO main.train_one_fold]   Confusion: TP=5, TN=4, FP=1, FN=0
[2025-11-26 14:52:34,563 INFO main.train_one_fold] TRAIN CHUNK | Fold 1 | Epoch 017/100 | Loss: 0.3034 | Acc: 0.8852 | Prec: 0.8256 | Recall: 0.9560 | Spec: 0.8231
[2025-11-26 14:52:35,276 INFO main.train_one_fold] EVAL CHUNK | Fold 1 | Epoch 017/100 | Loss: 0.4675 | Acc: 0.8562 | Prec: 0.8193 | Recall: 0.9067 | Spec: 0.8077
[2025-11-26 14:52:35,276 INFO main.train_one_fold]   Confusion: TP=136, TN=126, FP=30, FN=14
[2025-11-26 14:52:35,276 INFO main.train_one_fold] EVAL SUBJECT | Fold 1 | Epoch 017/100 | Loss: 0.4675 | Acc: 0.9000 | Prec: 0.8333 | Recall: 1.0000 | Spec: 0.8000
[2025-11-26 14:52:35,276 INFO main.train_one_fold]   Confusion: TP=5, TN=4, FP=1, FN=0
[2025-11-26 14:52:40,495 INFO main.train_one_fold] TRAIN CHUNK | Fold 1 | Epoch 018/100 | Loss: 0.2969 | Acc: 0.8935 | Prec: 0.8329 | Recall: 0.9658 | Spec: 0.8302
[2025-11-26 14:52:40,978 INFO main.train_one_fold] EVAL CHUNK | Fold 1 | Epoch 018/100 | Loss: 0.4577 | Acc: 0.8529 | Prec: 0.8144 | Recall: 0.9067 | Spec: 0.8013
[2025-11-26 14:52:40,979 INFO main.train_one_fold]   Confusion: TP=136, TN=125, FP=31, FN=14
[2025-11-26 14:52:40,979 INFO main.train_one_fold] EVAL SUBJECT | Fold 1 | Epoch 018/100 | Loss: 0.4577 | Acc: 0.9000 | Prec: 0.8333 | Recall: 1.0000 | Spec: 0.8000
[2025-11-26 14:52:40,979 INFO main.train_one_fold]   Confusion: TP=5, TN=4, FP=1, FN=0
[2025-11-26 14:52:46,032 INFO main.train_one_fold] TRAIN CHUNK | Fold 1 | Epoch 019/100 | Loss: 0.2917 | Acc: 0.8935 | Prec: 0.8319 | Recall: 0.9674 | Spec: 0.8288
[2025-11-26 14:52:46,487 INFO main.train_one_fold] EVAL CHUNK | Fold 1 | Epoch 019/100 | Loss: 0.4366 | Acc: 0.8529 | Prec: 0.8144 | Recall: 0.9067 | Spec: 0.8013
[2025-11-26 14:52:46,487 INFO main.train_one_fold]   Confusion: TP=136, TN=125, FP=31, FN=14
[2025-11-26 14:52:46,487 INFO main.train_one_fold] EVAL SUBJECT | Fold 1 | Epoch 019/100 | Loss: 0.4366 | Acc: 0.9000 | Prec: 0.8333 | Recall: 1.0000 | Spec: 0.8000
[2025-11-26 14:52:46,487 INFO main.train_one_fold]   Confusion: TP=5, TN=4, FP=1, FN=0
[2025-11-26 14:52:51,868 INFO main.train_one_fold] TRAIN CHUNK | Fold 1 | Epoch 020/100 | Loss: 0.2935 | Acc: 0.8905 | Prec: 0.8264 | Recall: 0.9691 | Spec: 0.8217
[2025-11-26 14:52:52,346 INFO main.train_one_fold] EVAL CHUNK | Fold 1 | Epoch 020/100 | Loss: 0.4448 | Acc: 0.8529 | Prec: 0.8144 | Recall: 0.9067 | Spec: 0.8013
[2025-11-26 14:52:52,346 INFO main.train_one_fold]   Confusion: TP=136, TN=125, FP=31, FN=14
[2025-11-26 14:52:52,346 INFO main.train_one_fold] EVAL SUBJECT | Fold 1 | Epoch 020/100 | Loss: 0.4448 | Acc: 0.9000 | Prec: 0.8333 | Recall: 1.0000 | Spec: 0.8000
[2025-11-26 14:52:52,346 INFO main.train_one_fold]   Confusion: TP=5, TN=4, FP=1, FN=0
[2025-11-26 14:52:52,366 INFO main.train_one_fold] Saved checkpoint: experiments/fp1_004_mdd_ec/fold_1_epoch_020.pth
[2025-11-26 14:52:57,629 INFO main.train_one_fold] TRAIN CHUNK | Fold 1 | Epoch 021/100 | Loss: 0.2941 | Acc: 0.8935 | Prec: 0.8273 | Recall: 0.9756 | Spec: 0.8217
[2025-11-26 14:52:58,160 INFO main.train_one_fold] EVAL CHUNK | Fold 1 | Epoch 021/100 | Loss: 0.4542 | Acc: 0.8529 | Prec: 0.8144 | Recall: 0.9067 | Spec: 0.8013
[2025-11-26 14:52:58,160 INFO main.train_one_fold]   Confusion: TP=136, TN=125, FP=31, FN=14
[2025-11-26 14:52:58,160 INFO main.train_one_fold] EVAL SUBJECT | Fold 1 | Epoch 021/100 | Loss: 0.4542 | Acc: 0.9000 | Prec: 0.8333 | Recall: 1.0000 | Spec: 0.8000
[2025-11-26 14:52:58,160 INFO main.train_one_fold]   Confusion: TP=5, TN=4, FP=1, FN=0
[2025-11-26 14:53:03,437 INFO main.train_one_fold] TRAIN CHUNK | Fold 1 | Epoch 022/100 | Loss: 0.2874 | Acc: 0.8943 | Prec: 0.8312 | Recall: 0.9707 | Spec: 0.8274
[2025-11-26 14:53:03,921 INFO main.train_one_fold] EVAL CHUNK | Fold 1 | Epoch 022/100 | Loss: 0.4346 | Acc: 0.8562 | Prec: 0.8193 | Recall: 0.9067 | Spec: 0.8077
[2025-11-26 14:53:03,921 INFO main.train_one_fold]   Confusion: TP=136, TN=126, FP=30, FN=14
[2025-11-26 14:53:03,921 INFO main.train_one_fold] EVAL SUBJECT | Fold 1 | Epoch 022/100 | Loss: 0.4346 | Acc: 0.9000 | Prec: 0.8333 | Recall: 1.0000 | Spec: 0.8000
[2025-11-26 14:53:03,921 INFO main.train_one_fold]   Confusion: TP=5, TN=4, FP=1, FN=0
[2025-11-26 14:53:09,700 INFO main.train_one_fold] TRAIN CHUNK | Fold 1 | Epoch 023/100 | Loss: 0.2955 | Acc: 0.8920 | Prec: 0.8315 | Recall: 0.9642 | Spec: 0.8288
[2025-11-26 14:53:10,215 INFO main.train_one_fold] EVAL CHUNK | Fold 1 | Epoch 023/100 | Loss: 0.4163 | Acc: 0.8529 | Prec: 0.8144 | Recall: 0.9067 | Spec: 0.8013
[2025-11-26 14:53:10,216 INFO main.train_one_fold]   Confusion: TP=136, TN=125, FP=31, FN=14
[2025-11-26 14:53:10,216 INFO main.train_one_fold] EVAL SUBJECT | Fold 1 | Epoch 023/100 | Loss: 0.4163 | Acc: 0.9000 | Prec: 0.8333 | Recall: 1.0000 | Spec: 0.8000
[2025-11-26 14:53:10,216 INFO main.train_one_fold]   Confusion: TP=5, TN=4, FP=1, FN=0
[2025-11-26 14:53:16,079 INFO main.train_one_fold] TRAIN CHUNK | Fold 1 | Epoch 024/100 | Loss: 0.2870 | Acc: 0.8928 | Prec: 0.8326 | Recall: 0.9642 | Spec: 0.8302
[2025-11-26 14:53:17,066 INFO main.train_one_fold] EVAL CHUNK | Fold 1 | Epoch 024/100 | Loss: 0.4272 | Acc: 0.8529 | Prec: 0.8144 | Recall: 0.9067 | Spec: 0.8013
[2025-11-26 14:53:17,066 INFO main.train_one_fold]   Confusion: TP=136, TN=125, FP=31, FN=14
[2025-11-26 14:53:17,069 INFO main.train_one_fold] EVAL SUBJECT | Fold 1 | Epoch 024/100 | Loss: 0.4272 | Acc: 0.9000 | Prec: 0.8333 | Recall: 1.0000 | Spec: 0.8000
[2025-11-26 14:53:17,069 INFO main.train_one_fold]   Confusion: TP=5, TN=4, FP=1, FN=0
[2025-11-26 14:53:26,750 INFO main.train_one_fold] TRAIN CHUNK | Fold 1 | Epoch 025/100 | Loss: 0.2939 | Acc: 0.8905 | Prec: 0.8264 | Recall: 0.9691 | Spec: 0.8217
[2025-11-26 14:53:27,652 INFO main.train_one_fold] EVAL CHUNK | Fold 1 | Epoch 025/100 | Loss: 0.4289 | Acc: 0.8529 | Prec: 0.8144 | Recall: 0.9067 | Spec: 0.8013
[2025-11-26 14:53:27,653 INFO main.train_one_fold]   Confusion: TP=136, TN=125, FP=31, FN=14
[2025-11-26 14:53:27,653 INFO main.train_one_fold] EVAL SUBJECT | Fold 1 | Epoch 025/100 | Loss: 0.4289 | Acc: 0.9000 | Prec: 0.8333 | Recall: 1.0000 | Spec: 0.8000
[2025-11-26 14:53:27,653 INFO main.train_one_fold]   Confusion: TP=5, TN=4, FP=1, FN=0
[2025-11-26 14:53:35,989 INFO main.train_one_fold] TRAIN CHUNK | Fold 1 | Epoch 026/100 | Loss: 0.2738 | Acc: 0.8966 | Prec: 0.8347 | Recall: 0.9707 | Spec: 0.8317
[2025-11-26 14:53:36,504 INFO main.train_one_fold] EVAL CHUNK | Fold 1 | Epoch 026/100 | Loss: 0.4227 | Acc: 0.8529 | Prec: 0.8144 | Recall: 0.9067 | Spec: 0.8013
[2025-11-26 14:53:36,504 INFO main.train_one_fold]   Confusion: TP=136, TN=125, FP=31, FN=14
[2025-11-26 14:53:36,504 INFO main.train_one_fold] EVAL SUBJECT | Fold 1 | Epoch 026/100 | Loss: 0.4227 | Acc: 0.9000 | Prec: 0.8333 | Recall: 1.0000 | Spec: 0.8000
[2025-11-26 14:53:36,504 INFO main.train_one_fold]   Confusion: TP=5, TN=4, FP=1, FN=0
[2025-11-26 14:53:36,504 INFO early_stopping.__call__] Early stopping triggered after 20 epochs without improvement. Best score: 0.7706 at epoch 6
[2025-11-26 14:53:36,504 INFO main.train_one_fold] Early stopping triggered at epoch 26
[2025-11-26 14:53:36,504 INFO main.train_one_fold] 
Fold 1 training completed. Best Combined Val Acc: 0.7706 at epoch 6
[2025-11-26 14:53:36,505 INFO main.train_cross_validation] ================================================================================
[2025-11-26 14:53:36,505 INFO main.train_cross_validation] FOLD 2/6
[2025-11-26 14:53:36,505 INFO main.train_cross_validation] ================================================================================
[2025-11-26 14:53:36,505 INFO main.get_datasets_for_fold] Train subjects (44): ['mdd:H S2', 'mdd:H S7', 'mdd:H S19', 'mdd:H S30', 'mdd:H S1', 'mdd:MDD S31', 'mdd:MDD S22', 'mdd:MDD S19', 'mdd:MDD S25', 'mdd:MDD S34', 'mdd:H S25', 'mdd:H S10', 'mdd:H S14', 'mdd:H S15', 'mdd:H S11', 'mdd:MDD S26', 'mdd:MDD S20', 'mdd:MDD S33', 'mdd:MDD S18', 'mdd:H S26', 'mdd:H S5', 'mdd:H S13', 'mdd:H S8', 'mdd:H S6', 'mdd:MDD S5', 'mdd:MDD S15', 'mdd:MDD S13', 'mdd:MDD S9', 'mdd:H S28', 'mdd:H S9', 'mdd:H S3', 'mdd:H S17', 'mdd:MDD S30', 'mdd:MDD S32', 'mdd:MDD S27', 'mdd:MDD S28', 'mdd:H S20', 'mdd:H S24', 'mdd:H S29', 'mdd:H S16', 'mdd:MDD S21', 'mdd:MDD S29', 'mdd:MDD S6', 'mdd:MDD S23']...
[2025-11-26 14:53:36,506 INFO main.get_datasets_for_fold] Val subjects (10): ['mdd:H S22', 'mdd:H S27', 'mdd:H S4', 'mdd:H S21', 'mdd:H S23', 'mdd:MDD S17', 'mdd:MDD S3', 'mdd:MDD S1', 'mdd:MDD S14', 'mdd:MDD S10']
[2025-11-26 14:53:36,507 INFO main.get_datasets_for_fold] Training chunks: 1332
[2025-11-26 14:53:36,508 INFO main.get_datasets_for_fold] Validation chunks: 289
[2025-11-26 14:53:36,525 INFO model.__init__] Initialized LSTM with input_size=1728, hidden_size=100, batch_first=True
[2025-11-26 14:53:36,527 INFO main.train_one_fold] Starting training for fold 2
[2025-11-26 14:53:42,883 INFO main.train_one_fold] TRAIN CHUNK | Fold 2 | Epoch 001/100 | Loss: 0.6965 | Acc: 0.4692 | Prec: 0.4692 | Recall: 1.0000 | Spec: 0.0000
[2025-11-26 14:53:43,473 INFO main.train_one_fold] EVAL CHUNK | Fold 2 | Epoch 001/100 | Loss: 0.6934 | Acc: 0.4810 | Prec: 0.4810 | Recall: 1.0000 | Spec: 0.0000
[2025-11-26 14:53:43,473 INFO main.train_one_fold]   Confusion: TP=139, TN=0, FP=150, FN=0
[2025-11-26 14:53:43,473 INFO main.train_one_fold] EVAL SUBJECT | Fold 2 | Epoch 001/100 | Loss: 0.6934 | Acc: 0.5000 | Prec: 0.5000 | Recall: 1.0000 | Spec: 0.0000
[2025-11-26 14:53:43,474 INFO main.train_one_fold]   Confusion: TP=5, TN=0, FP=5, FN=0
[2025-11-26 14:53:43,496 INFO main.train_one_fold] ✓ Saved best model: experiments/fp1_004_mdd_ec/fold_2_best.pth (combined=0.2405, chunk=0.4810, subject=0.5000)
[2025-11-26 14:53:43,496 INFO early_stopping.__call__] Early stopping initialized: best score 0.2405 at epoch 1
[2025-11-26 14:53:51,296 INFO main.train_one_fold] TRAIN CHUNK | Fold 2 | Epoch 002/100 | Loss: 0.6917 | Acc: 0.5315 | Prec: 0.5005 | Recall: 0.8288 | Spec: 0.2687
[2025-11-26 14:53:51,794 INFO main.train_one_fold] EVAL CHUNK | Fold 2 | Epoch 002/100 | Loss: 0.6866 | Acc: 0.5190 | Prec: 0.0000 | Recall: 0.0000 | Spec: 1.0000
[2025-11-26 14:53:51,795 INFO main.train_one_fold]   Confusion: TP=0, TN=150, FP=0, FN=139
[2025-11-26 14:53:51,795 INFO main.train_one_fold] EVAL SUBJECT | Fold 2 | Epoch 002/100 | Loss: 0.6866 | Acc: 0.5000 | Prec: 0.0000 | Recall: 0.0000 | Spec: 1.0000
[2025-11-26 14:53:51,795 INFO main.train_one_fold]   Confusion: TP=0, TN=5, FP=0, FN=5
[2025-11-26 14:53:51,832 INFO main.train_one_fold] ✓ Saved best model: experiments/fp1_004_mdd_ec/fold_2_best.pth (combined=0.2595, chunk=0.5190, subject=0.5000)
[2025-11-26 14:53:51,833 INFO early_stopping.__call__] Validation improved from 0.2405 to 0.2595 (+0.0190) at epoch 2
[2025-11-26 14:53:58,166 INFO main.train_one_fold] TRAIN CHUNK | Fold 2 | Epoch 003/100 | Loss: 0.6789 | Acc: 0.5983 | Prec: 0.6619 | Recall: 0.2944 | Spec: 0.8670
[2025-11-26 14:53:58,822 INFO main.train_one_fold] EVAL CHUNK | Fold 2 | Epoch 003/100 | Loss: 0.6084 | Acc: 0.8720 | Prec: 0.9811 | Recall: 0.7482 | Spec: 0.9867
[2025-11-26 14:53:58,822 INFO main.train_one_fold]   Confusion: TP=104, TN=148, FP=2, FN=35
[2025-11-26 14:53:58,822 INFO main.train_one_fold] EVAL SUBJECT | Fold 2 | Epoch 003/100 | Loss: 0.6084 | Acc: 0.9000 | Prec: 1.0000 | Recall: 0.8000 | Spec: 1.0000
[2025-11-26 14:53:58,822 INFO main.train_one_fold]   Confusion: TP=4, TN=5, FP=0, FN=1
[2025-11-26 14:53:58,849 INFO main.train_one_fold] ✓ Saved best model: experiments/fp1_004_mdd_ec/fold_2_best.pth (combined=0.7848, chunk=0.8720, subject=0.9000)
[2025-11-26 14:53:58,849 INFO early_stopping.__call__] Validation improved from 0.2595 to 0.7848 (+0.5253) at epoch 3
[2025-11-26 14:54:04,741 INFO main.train_one_fold] TRAIN CHUNK | Fold 2 | Epoch 004/100 | Loss: 0.5948 | Acc: 0.7335 | Prec: 0.7557 | Recall: 0.6384 | Spec: 0.8175
[2025-11-26 14:54:05,223 INFO main.train_one_fold] EVAL CHUNK | Fold 2 | Epoch 004/100 | Loss: 0.3755 | Acc: 0.8824 | Prec: 0.8182 | Recall: 0.9712 | Spec: 0.8000
[2025-11-26 14:54:05,223 INFO main.train_one_fold]   Confusion: TP=135, TN=120, FP=30, FN=4
[2025-11-26 14:54:05,223 INFO main.train_one_fold] EVAL SUBJECT | Fold 2 | Epoch 004/100 | Loss: 0.3755 | Acc: 0.9000 | Prec: 0.8333 | Recall: 1.0000 | Spec: 0.8000
[2025-11-26 14:54:05,223 INFO main.train_one_fold]   Confusion: TP=5, TN=4, FP=1, FN=0
[2025-11-26 14:54:05,257 INFO main.train_one_fold] ✓ Saved best model: experiments/fp1_004_mdd_ec/fold_2_best.pth (combined=0.7941, chunk=0.8824, subject=0.9000)
[2025-11-26 14:54:05,257 INFO early_stopping.__call__] Validation improved from 0.7848 to 0.7941 (+0.0093) at epoch 4
[2025-11-26 14:54:10,811 INFO main.train_one_fold] TRAIN CHUNK | Fold 2 | Epoch 005/100 | Loss: 0.4656 | Acc: 0.8206 | Prec: 0.7889 | Recall: 0.8432 | Spec: 0.8006
[2025-11-26 14:54:11,253 INFO main.train_one_fold] EVAL CHUNK | Fold 2 | Epoch 005/100 | Loss: 0.2956 | Acc: 0.8962 | Prec: 0.8225 | Recall: 1.0000 | Spec: 0.8000
[2025-11-26 14:54:11,254 INFO main.train_one_fold]   Confusion: TP=139, TN=120, FP=30, FN=0
[2025-11-26 14:54:11,254 INFO main.train_one_fold] EVAL SUBJECT | Fold 2 | Epoch 005/100 | Loss: 0.2956 | Acc: 0.9000 | Prec: 0.8333 | Recall: 1.0000 | Spec: 0.8000
[2025-11-26 14:54:11,254 INFO main.train_one_fold]   Confusion: TP=5, TN=4, FP=1, FN=0
[2025-11-26 14:54:11,281 INFO main.train_one_fold] ✓ Saved best model: experiments/fp1_004_mdd_ec/fold_2_best.pth (combined=0.8066, chunk=0.8962, subject=0.9000)
[2025-11-26 14:54:11,281 INFO early_stopping.__call__] Validation improved from 0.7941 to 0.8066 (+0.0125) at epoch 5
[2025-11-26 14:54:16,486 INFO main.train_one_fold] TRAIN CHUNK | Fold 2 | Epoch 006/100 | Loss: 0.3891 | Acc: 0.8551 | Prec: 0.8059 | Recall: 0.9104 | Spec: 0.8062
[2025-11-26 14:54:16,918 INFO main.train_one_fold] EVAL CHUNK | Fold 2 | Epoch 006/100 | Loss: 0.2902 | Acc: 0.8927 | Prec: 0.8176 | Recall: 1.0000 | Spec: 0.7933
[2025-11-26 14:54:16,918 INFO main.train_one_fold]   Confusion: TP=139, TN=119, FP=31, FN=0
[2025-11-26 14:54:16,919 INFO main.train_one_fold] EVAL SUBJECT | Fold 2 | Epoch 006/100 | Loss: 0.2902 | Acc: 0.9000 | Prec: 0.8333 | Recall: 1.0000 | Spec: 0.8000
[2025-11-26 14:54:16,919 INFO main.train_one_fold]   Confusion: TP=5, TN=4, FP=1, FN=0
[2025-11-26 14:54:22,034 INFO main.train_one_fold] TRAIN CHUNK | Fold 2 | Epoch 007/100 | Loss: 0.3549 | Acc: 0.8686 | Prec: 0.8142 | Recall: 0.9328 | Spec: 0.8119
[2025-11-26 14:54:22,535 INFO main.train_one_fold] EVAL CHUNK | Fold 2 | Epoch 007/100 | Loss: 0.2827 | Acc: 0.8962 | Prec: 0.8225 | Recall: 1.0000 | Spec: 0.8000
[2025-11-26 14:54:22,536 INFO main.train_one_fold]   Confusion: TP=139, TN=120, FP=30, FN=0
[2025-11-26 14:54:22,536 INFO main.train_one_fold] EVAL SUBJECT | Fold 2 | Epoch 007/100 | Loss: 0.2827 | Acc: 0.9000 | Prec: 0.8333 | Recall: 1.0000 | Spec: 0.8000
[2025-11-26 14:54:22,536 INFO main.train_one_fold]   Confusion: TP=5, TN=4, FP=1, FN=0
[2025-11-26 14:54:28,064 INFO main.train_one_fold] TRAIN CHUNK | Fold 2 | Epoch 008/100 | Loss: 0.3445 | Acc: 0.8724 | Prec: 0.8218 | Recall: 0.9296 | Spec: 0.8218
[2025-11-26 14:54:28,654 INFO main.train_one_fold] EVAL CHUNK | Fold 2 | Epoch 008/100 | Loss: 0.2760 | Acc: 0.8962 | Prec: 0.8225 | Recall: 1.0000 | Spec: 0.8000
[2025-11-26 14:54:28,654 INFO main.train_one_fold]   Confusion: TP=139, TN=120, FP=30, FN=0
[2025-11-26 14:54:28,654 INFO main.train_one_fold] EVAL SUBJECT | Fold 2 | Epoch 008/100 | Loss: 0.2760 | Acc: 0.9000 | Prec: 0.8333 | Recall: 1.0000 | Spec: 0.8000
[2025-11-26 14:54:28,654 INFO main.train_one_fold]   Confusion: TP=5, TN=4, FP=1, FN=0
[2025-11-26 14:54:35,297 INFO main.train_one_fold] TRAIN CHUNK | Fold 2 | Epoch 009/100 | Loss: 0.3475 | Acc: 0.8671 | Prec: 0.8137 | Recall: 0.9296 | Spec: 0.8119
[2025-11-26 14:54:35,940 INFO main.train_one_fold] EVAL CHUNK | Fold 2 | Epoch 009/100 | Loss: 0.2575 | Acc: 0.8962 | Prec: 0.8225 | Recall: 1.0000 | Spec: 0.8000
[2025-11-26 14:54:35,940 INFO main.train_one_fold]   Confusion: TP=139, TN=120, FP=30, FN=0
[2025-11-26 14:54:35,940 INFO main.train_one_fold] EVAL SUBJECT | Fold 2 | Epoch 009/100 | Loss: 0.2575 | Acc: 0.9000 | Prec: 0.8333 | Recall: 1.0000 | Spec: 0.8000
[2025-11-26 14:54:35,941 INFO main.train_one_fold]   Confusion: TP=5, TN=4, FP=1, FN=0
[2025-11-26 14:54:41,273 INFO main.train_one_fold] TRAIN CHUNK | Fold 2 | Epoch 010/100 | Loss: 0.3249 | Acc: 0.8746 | Prec: 0.8216 | Recall: 0.9360 | Spec: 0.8204
[2025-11-26 14:54:41,697 INFO main.train_one_fold] EVAL CHUNK | Fold 2 | Epoch 010/100 | Loss: 0.2657 | Acc: 0.8927 | Prec: 0.8176 | Recall: 1.0000 | Spec: 0.7933
[2025-11-26 14:54:41,697 INFO main.train_one_fold]   Confusion: TP=139, TN=119, FP=31, FN=0
[2025-11-26 14:54:41,697 INFO main.train_one_fold] EVAL SUBJECT | Fold 2 | Epoch 010/100 | Loss: 0.2657 | Acc: 0.9000 | Prec: 0.8333 | Recall: 1.0000 | Spec: 0.8000
[2025-11-26 14:54:41,697 INFO main.train_one_fold]   Confusion: TP=5, TN=4, FP=1, FN=0
[2025-11-26 14:54:41,720 INFO main.train_one_fold] Saved checkpoint: experiments/fp1_004_mdd_ec/fold_2_epoch_010.pth
[2025-11-26 14:54:47,229 INFO main.train_one_fold] TRAIN CHUNK | Fold 2 | Epoch 011/100 | Loss: 0.3292 | Acc: 0.8769 | Prec: 0.8260 | Recall: 0.9344 | Spec: 0.8260
[2025-11-26 14:54:47,694 INFO main.train_one_fold] EVAL CHUNK | Fold 2 | Epoch 011/100 | Loss: 0.2516 | Acc: 0.8962 | Prec: 0.8225 | Recall: 1.0000 | Spec: 0.8000
[2025-11-26 14:54:47,695 INFO main.train_one_fold]   Confusion: TP=139, TN=120, FP=30, FN=0
[2025-11-26 14:54:47,695 INFO main.train_one_fold] EVAL SUBJECT | Fold 2 | Epoch 011/100 | Loss: 0.2516 | Acc: 0.9000 | Prec: 0.8333 | Recall: 1.0000 | Spec: 0.8000
[2025-11-26 14:54:47,695 INFO main.train_one_fold]   Confusion: TP=5, TN=4, FP=1, FN=0
[2025-11-26 14:54:52,953 INFO main.train_one_fold] TRAIN CHUNK | Fold 2 | Epoch 012/100 | Loss: 0.3307 | Acc: 0.8731 | Prec: 0.8193 | Recall: 0.9360 | Spec: 0.8175
[2025-11-26 14:54:53,418 INFO main.train_one_fold] EVAL CHUNK | Fold 2 | Epoch 012/100 | Loss: 0.2620 | Acc: 0.8962 | Prec: 0.8225 | Recall: 1.0000 | Spec: 0.8000
[2025-11-26 14:54:53,419 INFO main.train_one_fold]   Confusion: TP=139, TN=120, FP=30, FN=0
[2025-11-26 14:54:53,419 INFO main.train_one_fold] EVAL SUBJECT | Fold 2 | Epoch 012/100 | Loss: 0.2620 | Acc: 0.9000 | Prec: 0.8333 | Recall: 1.0000 | Spec: 0.8000
[2025-11-26 14:54:53,419 INFO main.train_one_fold]   Confusion: TP=5, TN=4, FP=1, FN=0
[2025-11-26 14:54:58,619 INFO main.train_one_fold] TRAIN CHUNK | Fold 2 | Epoch 013/100 | Loss: 0.3250 | Acc: 0.8769 | Prec: 0.8224 | Recall: 0.9408 | Spec: 0.8204
[2025-11-26 14:54:59,166 INFO main.train_one_fold] EVAL CHUNK | Fold 2 | Epoch 013/100 | Loss: 0.2446 | Acc: 0.8962 | Prec: 0.8225 | Recall: 1.0000 | Spec: 0.8000
[2025-11-26 14:54:59,166 INFO main.train_one_fold]   Confusion: TP=139, TN=120, FP=30, FN=0
[2025-11-26 14:54:59,167 INFO main.train_one_fold] EVAL SUBJECT | Fold 2 | Epoch 013/100 | Loss: 0.2446 | Acc: 0.9000 | Prec: 0.8333 | Recall: 1.0000 | Spec: 0.8000
[2025-11-26 14:54:59,167 INFO main.train_one_fold]   Confusion: TP=5, TN=4, FP=1, FN=0
[2025-11-26 14:55:05,340 INFO main.train_one_fold] TRAIN CHUNK | Fold 2 | Epoch 014/100 | Loss: 0.3134 | Acc: 0.8784 | Prec: 0.8265 | Recall: 0.9376 | Spec: 0.8260
[2025-11-26 14:55:05,786 INFO main.train_one_fold] EVAL CHUNK | Fold 2 | Epoch 014/100 | Loss: 0.2433 | Acc: 0.8962 | Prec: 0.8225 | Recall: 1.0000 | Spec: 0.8000
[2025-11-26 14:55:05,786 INFO main.train_one_fold]   Confusion: TP=139, TN=120, FP=30, FN=0
[2025-11-26 14:55:05,787 INFO main.train_one_fold] EVAL SUBJECT | Fold 2 | Epoch 014/100 | Loss: 0.2433 | Acc: 0.9000 | Prec: 0.8333 | Recall: 1.0000 | Spec: 0.8000
[2025-11-26 14:55:05,787 INFO main.train_one_fold]   Confusion: TP=5, TN=4, FP=1, FN=0
[2025-11-26 14:55:11,253 INFO main.train_one_fold] TRAIN CHUNK | Fold 2 | Epoch 015/100 | Loss: 0.3292 | Acc: 0.8754 | Prec: 0.8183 | Recall: 0.9440 | Spec: 0.8147
[2025-11-26 14:55:11,744 INFO main.train_one_fold] EVAL CHUNK | Fold 2 | Epoch 015/100 | Loss: 0.2397 | Acc: 0.8962 | Prec: 0.8225 | Recall: 1.0000 | Spec: 0.8000
[2025-11-26 14:55:11,744 INFO main.train_one_fold]   Confusion: TP=139, TN=120, FP=30, FN=0
[2025-11-26 14:55:11,744 INFO main.train_one_fold] EVAL SUBJECT | Fold 2 | Epoch 015/100 | Loss: 0.2397 | Acc: 0.9000 | Prec: 0.8333 | Recall: 1.0000 | Spec: 0.8000
[2025-11-26 14:55:11,744 INFO main.train_one_fold]   Confusion: TP=5, TN=4, FP=1, FN=0
[2025-11-26 14:55:17,230 INFO main.train_one_fold] TRAIN CHUNK | Fold 2 | Epoch 016/100 | Loss: 0.3237 | Acc: 0.8761 | Prec: 0.8177 | Recall: 0.9472 | Spec: 0.8133
[2025-11-26 14:55:17,865 INFO main.train_one_fold] EVAL CHUNK | Fold 2 | Epoch 016/100 | Loss: 0.2350 | Acc: 0.8962 | Prec: 0.8225 | Recall: 1.0000 | Spec: 0.8000
[2025-11-26 14:55:17,865 INFO main.train_one_fold]   Confusion: TP=139, TN=120, FP=30, FN=0
[2025-11-26 14:55:17,865 INFO main.train_one_fold] EVAL SUBJECT | Fold 2 | Epoch 016/100 | Loss: 0.2350 | Acc: 0.9000 | Prec: 0.8333 | Recall: 1.0000 | Spec: 0.8000
[2025-11-26 14:55:17,865 INFO main.train_one_fold]   Confusion: TP=5, TN=4, FP=1, FN=0
[2025-11-26 14:55:23,181 INFO main.train_one_fold] TRAIN CHUNK | Fold 2 | Epoch 017/100 | Loss: 0.3180 | Acc: 0.8769 | Prec: 0.8233 | Recall: 0.9392 | Spec: 0.8218
[2025-11-26 14:55:23,624 INFO main.train_one_fold] EVAL CHUNK | Fold 2 | Epoch 017/100 | Loss: 0.2384 | Acc: 0.8962 | Prec: 0.8225 | Recall: 1.0000 | Spec: 0.8000
[2025-11-26 14:55:23,624 INFO main.train_one_fold]   Confusion: TP=139, TN=120, FP=30, FN=0
[2025-11-26 14:55:23,624 INFO main.train_one_fold] EVAL SUBJECT | Fold 2 | Epoch 017/100 | Loss: 0.2384 | Acc: 0.9000 | Prec: 0.8333 | Recall: 1.0000 | Spec: 0.8000
[2025-11-26 14:55:23,624 INFO main.train_one_fold]   Confusion: TP=5, TN=4, FP=1, FN=0
[2025-11-26 14:55:29,291 INFO main.train_one_fold] TRAIN CHUNK | Fold 2 | Epoch 018/100 | Loss: 0.3239 | Acc: 0.8746 | Prec: 0.8216 | Recall: 0.9360 | Spec: 0.8204
[2025-11-26 14:55:29,760 INFO main.train_one_fold] EVAL CHUNK | Fold 2 | Epoch 018/100 | Loss: 0.2399 | Acc: 0.8962 | Prec: 0.8225 | Recall: 1.0000 | Spec: 0.8000
[2025-11-26 14:55:29,760 INFO main.train_one_fold]   Confusion: TP=139, TN=120, FP=30, FN=0
[2025-11-26 14:55:29,761 INFO main.train_one_fold] EVAL SUBJECT | Fold 2 | Epoch 018/100 | Loss: 0.2399 | Acc: 0.9000 | Prec: 0.8333 | Recall: 1.0000 | Spec: 0.8000
[2025-11-26 14:55:29,761 INFO main.train_one_fold]   Confusion: TP=5, TN=4, FP=1, FN=0
[2025-11-26 14:55:35,311 INFO main.train_one_fold] TRAIN CHUNK | Fold 2 | Epoch 019/100 | Loss: 0.3157 | Acc: 0.8829 | Prec: 0.8317 | Recall: 0.9408 | Spec: 0.8317
[2025-11-26 14:55:35,763 INFO main.train_one_fold] EVAL CHUNK | Fold 2 | Epoch 019/100 | Loss: 0.2338 | Acc: 0.8962 | Prec: 0.8225 | Recall: 1.0000 | Spec: 0.8000
[2025-11-26 14:55:35,763 INFO main.train_one_fold]   Confusion: TP=139, TN=120, FP=30, FN=0
[2025-11-26 14:55:35,763 INFO main.train_one_fold] EVAL SUBJECT | Fold 2 | Epoch 019/100 | Loss: 0.2338 | Acc: 0.9000 | Prec: 0.8333 | Recall: 1.0000 | Spec: 0.8000
[2025-11-26 14:55:35,763 INFO main.train_one_fold]   Confusion: TP=5, TN=4, FP=1, FN=0
[2025-11-26 14:55:40,832 INFO main.train_one_fold] TRAIN CHUNK | Fold 2 | Epoch 020/100 | Loss: 0.3168 | Acc: 0.8806 | Prec: 0.8282 | Recall: 0.9408 | Spec: 0.8274
[2025-11-26 14:55:41,264 INFO main.train_one_fold] EVAL CHUNK | Fold 2 | Epoch 020/100 | Loss: 0.2487 | Acc: 0.8927 | Prec: 0.8176 | Recall: 1.0000 | Spec: 0.7933
[2025-11-26 14:55:41,265 INFO main.train_one_fold]   Confusion: TP=139, TN=119, FP=31, FN=0
[2025-11-26 14:55:41,265 INFO main.train_one_fold] EVAL SUBJECT | Fold 2 | Epoch 020/100 | Loss: 0.2487 | Acc: 0.9000 | Prec: 0.8333 | Recall: 1.0000 | Spec: 0.8000
[2025-11-26 14:55:41,265 INFO main.train_one_fold]   Confusion: TP=5, TN=4, FP=1, FN=0
[2025-11-26 14:55:41,288 INFO main.train_one_fold] Saved checkpoint: experiments/fp1_004_mdd_ec/fold_2_epoch_020.pth
[2025-11-26 14:55:48,242 INFO main.train_one_fold] TRAIN CHUNK | Fold 2 | Epoch 021/100 | Loss: 0.3178 | Acc: 0.8791 | Prec: 0.8240 | Recall: 0.9440 | Spec: 0.8218
[2025-11-26 14:55:48,771 INFO main.train_one_fold] EVAL CHUNK | Fold 2 | Epoch 021/100 | Loss: 0.2305 | Acc: 0.8997 | Prec: 0.8274 | Recall: 1.0000 | Spec: 0.8067
[2025-11-26 14:55:48,772 INFO main.train_one_fold]   Confusion: TP=139, TN=121, FP=29, FN=0
[2025-11-26 14:55:48,772 INFO main.train_one_fold] EVAL SUBJECT | Fold 2 | Epoch 021/100 | Loss: 0.2305 | Acc: 0.9000 | Prec: 0.8333 | Recall: 1.0000 | Spec: 0.8000
[2025-11-26 14:55:48,772 INFO main.train_one_fold]   Confusion: TP=5, TN=4, FP=1, FN=0
[2025-11-26 14:55:48,806 INFO main.train_one_fold] ✓ Saved best model: experiments/fp1_004_mdd_ec/fold_2_best.pth (combined=0.8097, chunk=0.8997, subject=0.9000)
[2025-11-26 14:55:48,807 INFO early_stopping.__call__] Validation improved from 0.8066 to 0.8097 (+0.0031) at epoch 21
[2025-11-26 14:55:54,499 INFO main.train_one_fold] TRAIN CHUNK | Fold 2 | Epoch 022/100 | Loss: 0.3171 | Acc: 0.8829 | Prec: 0.8252 | Recall: 0.9520 | Spec: 0.8218
[2025-11-26 14:55:54,930 INFO main.train_one_fold] EVAL CHUNK | Fold 2 | Epoch 022/100 | Loss: 0.2485 | Acc: 0.8927 | Prec: 0.8176 | Recall: 1.0000 | Spec: 0.7933
[2025-11-26 14:55:54,930 INFO main.train_one_fold]   Confusion: TP=139, TN=119, FP=31, FN=0
[2025-11-26 14:55:54,931 INFO main.train_one_fold] EVAL SUBJECT | Fold 2 | Epoch 022/100 | Loss: 0.2485 | Acc: 0.9000 | Prec: 0.8333 | Recall: 1.0000 | Spec: 0.8000
[2025-11-26 14:55:54,931 INFO main.train_one_fold]   Confusion: TP=5, TN=4, FP=1, FN=0
[2025-11-26 14:56:00,339 INFO main.train_one_fold] TRAIN CHUNK | Fold 2 | Epoch 023/100 | Loss: 0.3139 | Acc: 0.8821 | Prec: 0.8268 | Recall: 0.9472 | Spec: 0.8246
[2025-11-26 14:56:00,793 INFO main.train_one_fold] EVAL CHUNK | Fold 2 | Epoch 023/100 | Loss: 0.2293 | Acc: 0.8962 | Prec: 0.8225 | Recall: 1.0000 | Spec: 0.8000
[2025-11-26 14:56:00,794 INFO main.train_one_fold]   Confusion: TP=139, TN=120, FP=30, FN=0
[2025-11-26 14:56:00,794 INFO main.train_one_fold] EVAL SUBJECT | Fold 2 | Epoch 023/100 | Loss: 0.2293 | Acc: 0.9000 | Prec: 0.8333 | Recall: 1.0000 | Spec: 0.8000
[2025-11-26 14:56:00,794 INFO main.train_one_fold]   Confusion: TP=5, TN=4, FP=1, FN=0
[2025-11-26 14:56:05,813 INFO main.train_one_fold] TRAIN CHUNK | Fold 2 | Epoch 024/100 | Loss: 0.3130 | Acc: 0.8791 | Prec: 0.8231 | Recall: 0.9456 | Spec: 0.8204
[2025-11-26 14:56:06,232 INFO main.train_one_fold] EVAL CHUNK | Fold 2 | Epoch 024/100 | Loss: 0.2223 | Acc: 0.8997 | Prec: 0.8274 | Recall: 1.0000 | Spec: 0.8067
[2025-11-26 14:56:06,232 INFO main.train_one_fold]   Confusion: TP=139, TN=121, FP=29, FN=0
[2025-11-26 14:56:06,232 INFO main.train_one_fold] EVAL SUBJECT | Fold 2 | Epoch 024/100 | Loss: 0.2223 | Acc: 0.9000 | Prec: 0.8333 | Recall: 1.0000 | Spec: 0.8000
[2025-11-26 14:56:06,232 INFO main.train_one_fold]   Confusion: TP=5, TN=4, FP=1, FN=0
[2025-11-26 14:56:11,081 INFO main.train_one_fold] TRAIN CHUNK | Fold 2 | Epoch 025/100 | Loss: 0.3052 | Acc: 0.8829 | Prec: 0.8317 | Recall: 0.9408 | Spec: 0.8317
[2025-11-26 14:56:11,507 INFO main.train_one_fold] EVAL CHUNK | Fold 2 | Epoch 025/100 | Loss: 0.2169 | Acc: 0.8962 | Prec: 0.8225 | Recall: 1.0000 | Spec: 0.8000
[2025-11-26 14:56:11,507 INFO main.train_one_fold]   Confusion: TP=139, TN=120, FP=30, FN=0
[2025-11-26 14:56:11,507 INFO main.train_one_fold] EVAL SUBJECT | Fold 2 | Epoch 025/100 | Loss: 0.2169 | Acc: 0.9000 | Prec: 0.8333 | Recall: 1.0000 | Spec: 0.8000
[2025-11-26 14:56:11,508 INFO main.train_one_fold]   Confusion: TP=5, TN=4, FP=1, FN=0
[2025-11-26 14:56:17,762 INFO main.train_one_fold] TRAIN CHUNK | Fold 2 | Epoch 026/100 | Loss: 0.3053 | Acc: 0.8844 | Prec: 0.8275 | Recall: 0.9520 | Spec: 0.8246
[2025-11-26 14:56:18,248 INFO main.train_one_fold] EVAL CHUNK | Fold 2 | Epoch 026/100 | Loss: 0.2293 | Acc: 0.8962 | Prec: 0.8225 | Recall: 1.0000 | Spec: 0.8000
[2025-11-26 14:56:18,248 INFO main.train_one_fold]   Confusion: TP=139, TN=120, FP=30, FN=0
[2025-11-26 14:56:18,248 INFO main.train_one_fold] EVAL SUBJECT | Fold 2 | Epoch 026/100 | Loss: 0.2293 | Acc: 0.9000 | Prec: 0.8333 | Recall: 1.0000 | Spec: 0.8000
[2025-11-26 14:56:18,249 INFO main.train_one_fold]   Confusion: TP=5, TN=4, FP=1, FN=0
[2025-11-26 14:56:23,410 INFO main.train_one_fold] TRAIN CHUNK | Fold 2 | Epoch 027/100 | Loss: 0.3098 | Acc: 0.8836 | Prec: 0.8310 | Recall: 0.9440 | Spec: 0.8303
[2025-11-26 14:56:23,852 INFO main.train_one_fold] EVAL CHUNK | Fold 2 | Epoch 027/100 | Loss: 0.2117 | Acc: 0.8997 | Prec: 0.8274 | Recall: 1.0000 | Spec: 0.8067
[2025-11-26 14:56:23,852 INFO main.train_one_fold]   Confusion: TP=139, TN=121, FP=29, FN=0
[2025-11-26 14:56:23,852 INFO main.train_one_fold] EVAL SUBJECT | Fold 2 | Epoch 027/100 | Loss: 0.2117 | Acc: 0.9000 | Prec: 0.8333 | Recall: 1.0000 | Spec: 0.8000
[2025-11-26 14:56:23,852 INFO main.train_one_fold]   Confusion: TP=5, TN=4, FP=1, FN=0
[2025-11-26 14:56:29,203 INFO main.train_one_fold] TRAIN CHUNK | Fold 2 | Epoch 028/100 | Loss: 0.3051 | Acc: 0.8836 | Prec: 0.8273 | Recall: 0.9504 | Spec: 0.8246
[2025-11-26 14:56:29,631 INFO main.train_one_fold] EVAL CHUNK | Fold 2 | Epoch 028/100 | Loss: 0.2088 | Acc: 0.8997 | Prec: 0.8274 | Recall: 1.0000 | Spec: 0.8067
[2025-11-26 14:56:29,631 INFO main.train_one_fold]   Confusion: TP=139, TN=121, FP=29, FN=0
[2025-11-26 14:56:29,631 INFO main.train_one_fold] EVAL SUBJECT | Fold 2 | Epoch 028/100 | Loss: 0.2088 | Acc: 0.9000 | Prec: 0.8333 | Recall: 1.0000 | Spec: 0.8000
[2025-11-26 14:56:29,631 INFO main.train_one_fold]   Confusion: TP=5, TN=4, FP=1, FN=0
[2025-11-26 14:56:36,095 INFO main.train_one_fold] TRAIN CHUNK | Fold 2 | Epoch 029/100 | Loss: 0.3092 | Acc: 0.8806 | Prec: 0.8300 | Recall: 0.9376 | Spec: 0.8303
[2025-11-26 14:56:36,704 INFO main.train_one_fold] EVAL CHUNK | Fold 2 | Epoch 029/100 | Loss: 0.1963 | Acc: 0.9066 | Prec: 0.8373 | Recall: 1.0000 | Spec: 0.8200
[2025-11-26 14:56:36,705 INFO main.train_one_fold]   Confusion: TP=139, TN=123, FP=27, FN=0
[2025-11-26 14:56:36,705 INFO main.train_one_fold] EVAL SUBJECT | Fold 2 | Epoch 029/100 | Loss: 0.1963 | Acc: 0.9000 | Prec: 0.8333 | Recall: 1.0000 | Spec: 0.8000
[2025-11-26 14:56:36,705 INFO main.train_one_fold]   Confusion: TP=5, TN=4, FP=1, FN=0
[2025-11-26 14:56:36,745 INFO main.train_one_fold] ✓ Saved best model: experiments/fp1_004_mdd_ec/fold_2_best.pth (combined=0.8159, chunk=0.9066, subject=0.9000)
[2025-11-26 14:56:36,745 INFO early_stopping.__call__] Validation improved from 0.8097 to 0.8159 (+0.0062) at epoch 29
[2025-11-26 14:56:43,549 INFO main.train_one_fold] TRAIN CHUNK | Fold 2 | Epoch 030/100 | Loss: 0.2966 | Acc: 0.8821 | Prec: 0.8296 | Recall: 0.9424 | Spec: 0.8289
[2025-11-26 14:56:43,984 INFO main.train_one_fold] EVAL CHUNK | Fold 2 | Epoch 030/100 | Loss: 0.1975 | Acc: 0.9031 | Prec: 0.8323 | Recall: 1.0000 | Spec: 0.8133
[2025-11-26 14:56:43,984 INFO main.train_one_fold]   Confusion: TP=139, TN=122, FP=28, FN=0
[2025-11-26 14:56:43,984 INFO main.train_one_fold] EVAL SUBJECT | Fold 2 | Epoch 030/100 | Loss: 0.1975 | Acc: 0.9000 | Prec: 0.8333 | Recall: 1.0000 | Spec: 0.8000
[2025-11-26 14:56:43,984 INFO main.train_one_fold]   Confusion: TP=5, TN=4, FP=1, FN=0
[2025-11-26 14:56:44,003 INFO main.train_one_fold] Saved checkpoint: experiments/fp1_004_mdd_ec/fold_2_epoch_030.pth
[2025-11-26 14:56:48,882 INFO main.train_one_fold] TRAIN CHUNK | Fold 2 | Epoch 031/100 | Loss: 0.3008 | Acc: 0.8836 | Prec: 0.8310 | Recall: 0.9440 | Spec: 0.8303
[2025-11-26 14:56:49,300 INFO main.train_one_fold] EVAL CHUNK | Fold 2 | Epoch 031/100 | Loss: 0.1919 | Acc: 0.9066 | Prec: 0.8373 | Recall: 1.0000 | Spec: 0.8200
[2025-11-26 14:56:49,301 INFO main.train_one_fold]   Confusion: TP=139, TN=123, FP=27, FN=0
[2025-11-26 14:56:49,301 INFO main.train_one_fold] EVAL SUBJECT | Fold 2 | Epoch 031/100 | Loss: 0.1919 | Acc: 0.9000 | Prec: 0.8333 | Recall: 1.0000 | Spec: 0.8000
[2025-11-26 14:56:49,301 INFO main.train_one_fold]   Confusion: TP=5, TN=4, FP=1, FN=0
[2025-11-26 14:56:54,377 INFO main.train_one_fold] TRAIN CHUNK | Fold 2 | Epoch 032/100 | Loss: 0.2951 | Acc: 0.8821 | Prec: 0.8314 | Recall: 0.9392 | Spec: 0.8317
[2025-11-26 14:56:54,841 INFO main.train_one_fold] EVAL CHUNK | Fold 2 | Epoch 032/100 | Loss: 0.1711 | Acc: 0.9100 | Prec: 0.8424 | Recall: 1.0000 | Spec: 0.8267
[2025-11-26 14:56:54,841 INFO main.train_one_fold]   Confusion: TP=139, TN=124, FP=26, FN=0
[2025-11-26 14:56:54,841 INFO main.train_one_fold] EVAL SUBJECT | Fold 2 | Epoch 032/100 | Loss: 0.1711 | Acc: 0.9000 | Prec: 0.8333 | Recall: 1.0000 | Spec: 0.8000
[2025-11-26 14:56:54,841 INFO main.train_one_fold]   Confusion: TP=5, TN=4, FP=1, FN=0
[2025-11-26 14:56:54,870 INFO main.train_one_fold] ✓ Saved best model: experiments/fp1_004_mdd_ec/fold_2_best.pth (combined=0.8190, chunk=0.9100, subject=0.9000)
[2025-11-26 14:56:54,871 INFO early_stopping.__call__] Validation improved from 0.8159 to 0.8190 (+0.0031) at epoch 32
[2025-11-26 14:57:00,142 INFO main.train_one_fold] TRAIN CHUNK | Fold 2 | Epoch 033/100 | Loss: 0.2896 | Acc: 0.8874 | Prec: 0.8369 | Recall: 0.9440 | Spec: 0.8373
[2025-11-26 14:57:00,684 INFO main.train_one_fold] EVAL CHUNK | Fold 2 | Epoch 033/100 | Loss: 0.1823 | Acc: 0.9031 | Prec: 0.8323 | Recall: 1.0000 | Spec: 0.8133
[2025-11-26 14:57:00,684 INFO main.train_one_fold]   Confusion: TP=139, TN=122, FP=28, FN=0
[2025-11-26 14:57:00,685 INFO main.train_one_fold] EVAL SUBJECT | Fold 2 | Epoch 033/100 | Loss: 0.1823 | Acc: 0.9000 | Prec: 0.8333 | Recall: 1.0000 | Spec: 0.8000
[2025-11-26 14:57:00,685 INFO main.train_one_fold]   Confusion: TP=5, TN=4, FP=1, FN=0
[2025-11-26 14:57:08,120 INFO main.train_one_fold] TRAIN CHUNK | Fold 2 | Epoch 034/100 | Loss: 0.3010 | Acc: 0.8829 | Prec: 0.8326 | Recall: 0.9392 | Spec: 0.8331
[2025-11-26 14:57:08,544 INFO main.train_one_fold] EVAL CHUNK | Fold 2 | Epoch 034/100 | Loss: 0.1664 | Acc: 0.9204 | Prec: 0.8580 | Recall: 1.0000 | Spec: 0.8467
[2025-11-26 14:57:08,544 INFO main.train_one_fold]   Confusion: TP=139, TN=127, FP=23, FN=0
[2025-11-26 14:57:08,544 INFO main.train_one_fold] EVAL SUBJECT | Fold 2 | Epoch 034/100 | Loss: 0.1664 | Acc: 0.9000 | Prec: 0.8333 | Recall: 1.0000 | Spec: 0.8000
[2025-11-26 14:57:08,544 INFO main.train_one_fold]   Confusion: TP=5, TN=4, FP=1, FN=0
[2025-11-26 14:57:08,571 INFO main.train_one_fold] ✓ Saved best model: experiments/fp1_004_mdd_ec/fold_2_best.pth (combined=0.8284, chunk=0.9204, subject=0.9000)
[2025-11-26 14:57:08,571 INFO early_stopping.__call__] Validation improved from 0.8190 to 0.8284 (+0.0093) at epoch 34
[2025-11-26 14:57:14,019 INFO main.train_one_fold] TRAIN CHUNK | Fold 2 | Epoch 035/100 | Loss: 0.2905 | Acc: 0.8814 | Prec: 0.8331 | Recall: 0.9344 | Spec: 0.8345
[2025-11-26 14:57:14,530 INFO main.train_one_fold] EVAL CHUNK | Fold 2 | Epoch 035/100 | Loss: 0.1869 | Acc: 0.9170 | Prec: 0.8528 | Recall: 1.0000 | Spec: 0.8400
[2025-11-26 14:57:14,531 INFO main.train_one_fold]   Confusion: TP=139, TN=126, FP=24, FN=0
[2025-11-26 14:57:14,531 INFO main.train_one_fold] EVAL SUBJECT | Fold 2 | Epoch 035/100 | Loss: 0.1869 | Acc: 0.9000 | Prec: 0.8333 | Recall: 1.0000 | Spec: 0.8000
[2025-11-26 14:57:14,531 INFO main.train_one_fold]   Confusion: TP=5, TN=4, FP=1, FN=0
[2025-11-26 14:57:22,333 INFO main.train_one_fold] TRAIN CHUNK | Fold 2 | Epoch 036/100 | Loss: 0.2861 | Acc: 0.8851 | Prec: 0.8343 | Recall: 0.9424 | Spec: 0.8345
[2025-11-26 14:57:22,750 INFO main.train_one_fold] EVAL CHUNK | Fold 2 | Epoch 036/100 | Loss: 0.1578 | Acc: 0.9204 | Prec: 0.8580 | Recall: 1.0000 | Spec: 0.8467
[2025-11-26 14:57:22,750 INFO main.train_one_fold]   Confusion: TP=139, TN=127, FP=23, FN=0
[2025-11-26 14:57:22,751 INFO main.train_one_fold] EVAL SUBJECT | Fold 2 | Epoch 036/100 | Loss: 0.1578 | Acc: 0.9000 | Prec: 0.8333 | Recall: 1.0000 | Spec: 0.8000
[2025-11-26 14:57:22,751 INFO main.train_one_fold]   Confusion: TP=5, TN=4, FP=1, FN=0
[2025-11-26 14:57:29,049 INFO main.train_one_fold] TRAIN CHUNK | Fold 2 | Epoch 037/100 | Loss: 0.2874 | Acc: 0.8859 | Prec: 0.8433 | Recall: 0.9296 | Spec: 0.8472
[2025-11-26 14:57:29,543 INFO main.train_one_fold] EVAL CHUNK | Fold 2 | Epoch 037/100 | Loss: 0.1799 | Acc: 0.9066 | Prec: 0.8373 | Recall: 1.0000 | Spec: 0.8200
[2025-11-26 14:57:29,543 INFO main.train_one_fold]   Confusion: TP=139, TN=123, FP=27, FN=0
[2025-11-26 14:57:29,543 INFO main.train_one_fold] EVAL SUBJECT | Fold 2 | Epoch 037/100 | Loss: 0.1799 | Acc: 0.9000 | Prec: 0.8333 | Recall: 1.0000 | Spec: 0.8000
[2025-11-26 14:57:29,543 INFO main.train_one_fold]   Confusion: TP=5, TN=4, FP=1, FN=0
[2025-11-26 14:57:35,434 INFO main.train_one_fold] TRAIN CHUNK | Fold 2 | Epoch 038/100 | Loss: 0.2933 | Acc: 0.8821 | Prec: 0.8343 | Recall: 0.9344 | Spec: 0.8359
[2025-11-26 14:57:36,028 INFO main.train_one_fold] EVAL CHUNK | Fold 2 | Epoch 038/100 | Loss: 0.1508 | Acc: 0.9239 | Prec: 0.8634 | Recall: 1.0000 | Spec: 0.8533
[2025-11-26 14:57:36,028 INFO main.train_one_fold]   Confusion: TP=139, TN=128, FP=22, FN=0
[2025-11-26 14:57:36,028 INFO main.train_one_fold] EVAL SUBJECT | Fold 2 | Epoch 038/100 | Loss: 0.1508 | Acc: 0.9000 | Prec: 0.8333 | Recall: 1.0000 | Spec: 0.8000
[2025-11-26 14:57:36,028 INFO main.train_one_fold]   Confusion: TP=5, TN=4, FP=1, FN=0
[2025-11-26 14:57:36,056 INFO main.train_one_fold] ✓ Saved best model: experiments/fp1_004_mdd_ec/fold_2_best.pth (combined=0.8315, chunk=0.9239, subject=0.9000)
[2025-11-26 14:57:36,057 INFO early_stopping.__call__] Validation improved from 0.8284 to 0.8315 (+0.0031) at epoch 38
[2025-11-26 14:57:41,684 INFO main.train_one_fold] TRAIN CHUNK | Fold 2 | Epoch 039/100 | Loss: 0.2820 | Acc: 0.8919 | Prec: 0.8421 | Recall: 0.9472 | Spec: 0.8430
[2025-11-26 14:57:42,203 INFO main.train_one_fold] EVAL CHUNK | Fold 2 | Epoch 039/100 | Loss: 0.1645 | Acc: 0.9135 | Prec: 0.8476 | Recall: 1.0000 | Spec: 0.8333
[2025-11-26 14:57:42,204 INFO main.train_one_fold]   Confusion: TP=139, TN=125, FP=25, FN=0
[2025-11-26 14:57:42,204 INFO main.train_one_fold] EVAL SUBJECT | Fold 2 | Epoch 039/100 | Loss: 0.1645 | Acc: 0.9000 | Prec: 0.8333 | Recall: 1.0000 | Spec: 0.8000
[2025-11-26 14:57:42,204 INFO main.train_one_fold]   Confusion: TP=5, TN=4, FP=1, FN=0
[2025-11-26 14:57:48,204 INFO main.train_one_fold] TRAIN CHUNK | Fold 2 | Epoch 040/100 | Loss: 0.2821 | Acc: 0.8874 | Prec: 0.8378 | Recall: 0.9424 | Spec: 0.8388
[2025-11-26 14:57:48,707 INFO main.train_one_fold] EVAL CHUNK | Fold 2 | Epoch 040/100 | Loss: 0.1433 | Acc: 0.9446 | Prec: 0.8968 | Recall: 1.0000 | Spec: 0.8933
[2025-11-26 14:57:48,708 INFO main.train_one_fold]   Confusion: TP=139, TN=134, FP=16, FN=0
[2025-11-26 14:57:48,708 INFO main.train_one_fold] EVAL SUBJECT | Fold 2 | Epoch 040/100 | Loss: 0.1433 | Acc: 0.9000 | Prec: 0.8333 | Recall: 1.0000 | Spec: 0.8000
[2025-11-26 14:57:48,708 INFO main.train_one_fold]   Confusion: TP=5, TN=4, FP=1, FN=0
[2025-11-26 14:57:48,741 INFO main.train_one_fold] ✓ Saved best model: experiments/fp1_004_mdd_ec/fold_2_best.pth (combined=0.8502, chunk=0.9446, subject=0.9000)
[2025-11-26 14:57:48,742 INFO early_stopping.__call__] Validation improved from 0.8315 to 0.8502 (+0.0187) at epoch 40
[2025-11-26 14:57:48,764 INFO main.train_one_fold] Saved checkpoint: experiments/fp1_004_mdd_ec/fold_2_epoch_040.pth
[2025-11-26 14:57:54,216 INFO main.train_one_fold] TRAIN CHUNK | Fold 2 | Epoch 041/100 | Loss: 0.2875 | Acc: 0.8776 | Prec: 0.8358 | Recall: 0.9200 | Spec: 0.8402
[2025-11-26 14:57:54,750 INFO main.train_one_fold] EVAL CHUNK | Fold 2 | Epoch 041/100 | Loss: 0.1280 | Acc: 0.9585 | Prec: 0.9205 | Recall: 1.0000 | Spec: 0.9200
[2025-11-26 14:57:54,750 INFO main.train_one_fold]   Confusion: TP=139, TN=138, FP=12, FN=0
[2025-11-26 14:57:54,750 INFO main.train_one_fold] EVAL SUBJECT | Fold 2 | Epoch 041/100 | Loss: 0.1280 | Acc: 1.0000 | Prec: 1.0000 | Recall: 1.0000 | Spec: 1.0000
[2025-11-26 14:57:54,751 INFO main.train_one_fold]   Confusion: TP=5, TN=5, FP=0, FN=0
[2025-11-26 14:57:54,794 INFO main.train_one_fold] ✓ Saved best model: experiments/fp1_004_mdd_ec/fold_2_best.pth (combined=0.9585, chunk=0.9585, subject=1.0000)
[2025-11-26 14:57:54,794 INFO early_stopping.__call__] Validation improved from 0.8502 to 0.9585 (+0.1083) at epoch 41
[2025-11-26 14:58:00,819 INFO main.train_one_fold] TRAIN CHUNK | Fold 2 | Epoch 042/100 | Loss: 0.2843 | Acc: 0.8911 | Prec: 0.8409 | Recall: 0.9472 | Spec: 0.8416
[2025-11-26 14:58:01,287 INFO main.train_one_fold] EVAL CHUNK | Fold 2 | Epoch 042/100 | Loss: 0.1652 | Acc: 0.9100 | Prec: 0.8424 | Recall: 1.0000 | Spec: 0.8267
[2025-11-26 14:58:01,287 INFO main.train_one_fold]   Confusion: TP=139, TN=124, FP=26, FN=0
[2025-11-26 14:58:01,287 INFO main.train_one_fold] EVAL SUBJECT | Fold 2 | Epoch 042/100 | Loss: 0.1652 | Acc: 0.9000 | Prec: 0.8333 | Recall: 1.0000 | Spec: 0.8000
[2025-11-26 14:58:01,287 INFO main.train_one_fold]   Confusion: TP=5, TN=4, FP=1, FN=0
[2025-11-26 14:58:08,174 INFO main.train_one_fold] TRAIN CHUNK | Fold 2 | Epoch 043/100 | Loss: 0.2713 | Acc: 0.8904 | Prec: 0.8388 | Recall: 0.9488 | Spec: 0.8388
[2025-11-26 14:58:08,671 INFO main.train_one_fold] EVAL CHUNK | Fold 2 | Epoch 043/100 | Loss: 0.1264 | Acc: 0.9481 | Prec: 0.9026 | Recall: 1.0000 | Spec: 0.9000
[2025-11-26 14:58:08,671 INFO main.train_one_fold]   Confusion: TP=139, TN=135, FP=15, FN=0
[2025-11-26 14:58:08,671 INFO main.train_one_fold] EVAL SUBJECT | Fold 2 | Epoch 043/100 | Loss: 0.1264 | Acc: 1.0000 | Prec: 1.0000 | Recall: 1.0000 | Spec: 1.0000
[2025-11-26 14:58:08,671 INFO main.train_one_fold]   Confusion: TP=5, TN=5, FP=0, FN=0
[2025-11-26 14:58:13,995 INFO main.train_one_fold] TRAIN CHUNK | Fold 2 | Epoch 044/100 | Loss: 0.2748 | Acc: 0.8874 | Prec: 0.8447 | Recall: 0.9312 | Spec: 0.8487
[2025-11-26 14:58:15,688 INFO main.train_one_fold] EVAL CHUNK | Fold 2 | Epoch 044/100 | Loss: 0.1392 | Acc: 0.9412 | Prec: 0.8910 | Recall: 1.0000 | Spec: 0.8867
[2025-11-26 14:58:15,689 INFO main.train_one_fold]   Confusion: TP=139, TN=133, FP=17, FN=0
[2025-11-26 14:58:15,689 INFO main.train_one_fold] EVAL SUBJECT | Fold 2 | Epoch 044/100 | Loss: 0.1392 | Acc: 0.9000 | Prec: 0.8333 | Recall: 1.0000 | Spec: 0.8000
[2025-11-26 14:58:15,689 INFO main.train_one_fold]   Confusion: TP=5, TN=4, FP=1, FN=0
[2025-11-26 14:58:22,477 INFO main.train_one_fold] TRAIN CHUNK | Fold 2 | Epoch 045/100 | Loss: 0.2652 | Acc: 0.8949 | Prec: 0.8520 | Recall: 0.9392 | Spec: 0.8557
[2025-11-26 14:58:22,912 INFO main.train_one_fold] EVAL CHUNK | Fold 2 | Epoch 045/100 | Loss: 0.1341 | Acc: 0.9516 | Prec: 0.9085 | Recall: 1.0000 | Spec: 0.9067
[2025-11-26 14:58:22,912 INFO main.train_one_fold]   Confusion: TP=139, TN=136, FP=14, FN=0
[2025-11-26 14:58:22,912 INFO main.train_one_fold] EVAL SUBJECT | Fold 2 | Epoch 045/100 | Loss: 0.1341 | Acc: 1.0000 | Prec: 1.0000 | Recall: 1.0000 | Spec: 1.0000
[2025-11-26 14:58:22,913 INFO main.train_one_fold]   Confusion: TP=5, TN=5, FP=0, FN=0
[2025-11-26 14:58:28,702 INFO main.train_one_fold] TRAIN CHUNK | Fold 2 | Epoch 046/100 | Loss: 0.2699 | Acc: 0.8919 | Prec: 0.8460 | Recall: 0.9408 | Spec: 0.8487
[2025-11-26 14:58:29,293 INFO main.train_one_fold] EVAL CHUNK | Fold 2 | Epoch 046/100 | Loss: 0.1332 | Acc: 0.9619 | Prec: 0.9267 | Recall: 1.0000 | Spec: 0.9267
[2025-11-26 14:58:29,294 INFO main.train_one_fold]   Confusion: TP=139, TN=139, FP=11, FN=0
[2025-11-26 14:58:29,294 INFO main.train_one_fold] EVAL SUBJECT | Fold 2 | Epoch 046/100 | Loss: 0.1332 | Acc: 1.0000 | Prec: 1.0000 | Recall: 1.0000 | Spec: 1.0000
[2025-11-26 14:58:29,294 INFO main.train_one_fold]   Confusion: TP=5, TN=5, FP=0, FN=0
[2025-11-26 14:58:29,342 INFO main.train_one_fold] ✓ Saved best model: experiments/fp1_004_mdd_ec/fold_2_best.pth (combined=0.9619, chunk=0.9619, subject=1.0000)
[2025-11-26 14:58:29,342 INFO early_stopping.__call__] Validation improved from 0.9585 to 0.9619 (+0.0035) at epoch 46
[2025-11-26 14:58:37,215 INFO main.train_one_fold] TRAIN CHUNK | Fold 2 | Epoch 047/100 | Loss: 0.2636 | Acc: 0.8934 | Prec: 0.8515 | Recall: 0.9360 | Spec: 0.8557
[2025-11-26 14:58:37,720 INFO main.train_one_fold] EVAL CHUNK | Fold 2 | Epoch 047/100 | Loss: 0.1238 | Acc: 0.9585 | Prec: 0.9205 | Recall: 1.0000 | Spec: 0.9200
[2025-11-26 14:58:37,720 INFO main.train_one_fold]   Confusion: TP=139, TN=138, FP=12, FN=0
[2025-11-26 14:58:37,721 INFO main.train_one_fold] EVAL SUBJECT | Fold 2 | Epoch 047/100 | Loss: 0.1238 | Acc: 1.0000 | Prec: 1.0000 | Recall: 1.0000 | Spec: 1.0000
[2025-11-26 14:58:37,721 INFO main.train_one_fold]   Confusion: TP=5, TN=5, FP=0, FN=0
[2025-11-26 14:58:43,248 INFO main.train_one_fold] TRAIN CHUNK | Fold 2 | Epoch 048/100 | Loss: 0.2589 | Acc: 0.8911 | Prec: 0.8540 | Recall: 0.9264 | Spec: 0.8600
[2025-11-26 14:58:43,754 INFO main.train_one_fold] EVAL CHUNK | Fold 2 | Epoch 048/100 | Loss: 0.1427 | Acc: 0.9585 | Prec: 0.9205 | Recall: 1.0000 | Spec: 0.9200
[2025-11-26 14:58:43,754 INFO main.train_one_fold]   Confusion: TP=139, TN=138, FP=12, FN=0
[2025-11-26 14:58:43,754 INFO main.train_one_fold] EVAL SUBJECT | Fold 2 | Epoch 048/100 | Loss: 0.1427 | Acc: 1.0000 | Prec: 1.0000 | Recall: 1.0000 | Spec: 1.0000
[2025-11-26 14:58:43,754 INFO main.train_one_fold]   Confusion: TP=5, TN=5, FP=0, FN=0
[2025-11-26 14:58:48,940 INFO main.train_one_fold] TRAIN CHUNK | Fold 2 | Epoch 049/100 | Loss: 0.2670 | Acc: 0.8934 | Prec: 0.8495 | Recall: 0.9392 | Spec: 0.8529
[2025-11-26 14:58:49,395 INFO main.train_one_fold] EVAL CHUNK | Fold 2 | Epoch 049/100 | Loss: 0.1407 | Acc: 0.9654 | Prec: 0.9329 | Recall: 1.0000 | Spec: 0.9333
[2025-11-26 14:58:49,395 INFO main.train_one_fold]   Confusion: TP=139, TN=140, FP=10, FN=0
[2025-11-26 14:58:49,395 INFO main.train_one_fold] EVAL SUBJECT | Fold 2 | Epoch 049/100 | Loss: 0.1407 | Acc: 1.0000 | Prec: 1.0000 | Recall: 1.0000 | Spec: 1.0000
[2025-11-26 14:58:49,396 INFO main.train_one_fold]   Confusion: TP=5, TN=5, FP=0, FN=0
[2025-11-26 14:58:49,426 INFO main.train_one_fold] ✓ Saved best model: experiments/fp1_004_mdd_ec/fold_2_best.pth (combined=0.9654, chunk=0.9654, subject=1.0000)
[2025-11-26 14:58:49,426 INFO early_stopping.__call__] Validation improved from 0.9619 to 0.9654 (+0.0035) at epoch 49
[2025-11-26 14:58:55,019 INFO main.train_one_fold] TRAIN CHUNK | Fold 2 | Epoch 050/100 | Loss: 0.2653 | Acc: 0.8994 | Prec: 0.8648 | Recall: 0.9312 | Spec: 0.8713
[2025-11-26 14:58:55,481 INFO main.train_one_fold] EVAL CHUNK | Fold 2 | Epoch 050/100 | Loss: 0.1226 | Acc: 0.9619 | Prec: 0.9267 | Recall: 1.0000 | Spec: 0.9267
[2025-11-26 14:58:55,481 INFO main.train_one_fold]   Confusion: TP=139, TN=139, FP=11, FN=0
[2025-11-26 14:58:55,482 INFO main.train_one_fold] EVAL SUBJECT | Fold 2 | Epoch 050/100 | Loss: 0.1226 | Acc: 1.0000 | Prec: 1.0000 | Recall: 1.0000 | Spec: 1.0000
[2025-11-26 14:58:55,482 INFO main.train_one_fold]   Confusion: TP=5, TN=5, FP=0, FN=0
[2025-11-26 14:58:55,511 INFO main.train_one_fold] Saved checkpoint: experiments/fp1_004_mdd_ec/fold_2_epoch_050.pth
[2025-11-26 14:59:00,824 INFO main.train_one_fold] TRAIN CHUNK | Fold 2 | Epoch 051/100 | Loss: 0.2658 | Acc: 0.8919 | Prec: 0.8552 | Recall: 0.9264 | Spec: 0.8614
[2025-11-26 14:59:01,360 INFO main.train_one_fold] EVAL CHUNK | Fold 2 | Epoch 051/100 | Loss: 0.1334 | Acc: 0.9619 | Prec: 0.9267 | Recall: 1.0000 | Spec: 0.9267
[2025-11-26 14:59:01,360 INFO main.train_one_fold]   Confusion: TP=139, TN=139, FP=11, FN=0
[2025-11-26 14:59:01,360 INFO main.train_one_fold] EVAL SUBJECT | Fold 2 | Epoch 051/100 | Loss: 0.1334 | Acc: 1.0000 | Prec: 1.0000 | Recall: 1.0000 | Spec: 1.0000
[2025-11-26 14:59:01,360 INFO main.train_one_fold]   Confusion: TP=5, TN=5, FP=0, FN=0
[2025-11-26 14:59:06,506 INFO main.train_one_fold] TRAIN CHUNK | Fold 2 | Epoch 052/100 | Loss: 0.2516 | Acc: 0.8994 | Prec: 0.8616 | Recall: 0.9360 | Spec: 0.8670
[2025-11-26 14:59:06,986 INFO main.train_one_fold] EVAL CHUNK | Fold 2 | Epoch 052/100 | Loss: 0.1212 | Acc: 0.9654 | Prec: 0.9329 | Recall: 1.0000 | Spec: 0.9333
[2025-11-26 14:59:06,987 INFO main.train_one_fold]   Confusion: TP=139, TN=140, FP=10, FN=0
[2025-11-26 14:59:06,987 INFO main.train_one_fold] EVAL SUBJECT | Fold 2 | Epoch 052/100 | Loss: 0.1212 | Acc: 1.0000 | Prec: 1.0000 | Recall: 1.0000 | Spec: 1.0000
[2025-11-26 14:59:06,987 INFO main.train_one_fold]   Confusion: TP=5, TN=5, FP=0, FN=0
[2025-11-26 14:59:12,412 INFO main.train_one_fold] TRAIN CHUNK | Fold 2 | Epoch 053/100 | Loss: 0.2530 | Acc: 0.8956 | Prec: 0.8563 | Recall: 0.9344 | Spec: 0.8614
[2025-11-26 14:59:12,862 INFO main.train_one_fold] EVAL CHUNK | Fold 2 | Epoch 053/100 | Loss: 0.1093 | Acc: 0.9723 | Prec: 0.9456 | Recall: 1.0000 | Spec: 0.9467
[2025-11-26 14:59:12,862 INFO main.train_one_fold]   Confusion: TP=139, TN=142, FP=8, FN=0
[2025-11-26 14:59:12,862 INFO main.train_one_fold] EVAL SUBJECT | Fold 2 | Epoch 053/100 | Loss: 0.1093 | Acc: 1.0000 | Prec: 1.0000 | Recall: 1.0000 | Spec: 1.0000
[2025-11-26 14:59:12,862 INFO main.train_one_fold]   Confusion: TP=5, TN=5, FP=0, FN=0
[2025-11-26 14:59:12,888 INFO main.train_one_fold] ✓ Saved best model: experiments/fp1_004_mdd_ec/fold_2_best.pth (combined=0.9723, chunk=0.9723, subject=1.0000)
[2025-11-26 14:59:12,889 INFO early_stopping.__call__] Validation improved from 0.9654 to 0.9723 (+0.0069) at epoch 53
[2025-11-26 14:59:18,748 INFO main.train_one_fold] TRAIN CHUNK | Fold 2 | Epoch 054/100 | Loss: 0.2532 | Acc: 0.8979 | Prec: 0.8569 | Recall: 0.9392 | Spec: 0.8614
[2025-11-26 14:59:19,323 INFO main.train_one_fold] EVAL CHUNK | Fold 2 | Epoch 054/100 | Loss: 0.1071 | Acc: 0.9723 | Prec: 0.9456 | Recall: 1.0000 | Spec: 0.9467
[2025-11-26 14:59:19,324 INFO main.train_one_fold]   Confusion: TP=139, TN=142, FP=8, FN=0
[2025-11-26 14:59:19,324 INFO main.train_one_fold] EVAL SUBJECT | Fold 2 | Epoch 054/100 | Loss: 0.1071 | Acc: 1.0000 | Prec: 1.0000 | Recall: 1.0000 | Spec: 1.0000
[2025-11-26 14:59:19,325 INFO main.train_one_fold]   Confusion: TP=5, TN=5, FP=0, FN=0
[2025-11-26 14:59:25,940 INFO main.train_one_fold] TRAIN CHUNK | Fold 2 | Epoch 055/100 | Loss: 0.2572 | Acc: 0.9002 | Prec: 0.8607 | Recall: 0.9392 | Spec: 0.8656
[2025-11-26 14:59:26,510 INFO main.train_one_fold] EVAL CHUNK | Fold 2 | Epoch 055/100 | Loss: 0.1220 | Acc: 0.9585 | Prec: 0.9205 | Recall: 1.0000 | Spec: 0.9200
[2025-11-26 14:59:26,510 INFO main.train_one_fold]   Confusion: TP=139, TN=138, FP=12, FN=0
[2025-11-26 14:59:26,510 INFO main.train_one_fold] EVAL SUBJECT | Fold 2 | Epoch 055/100 | Loss: 0.1220 | Acc: 1.0000 | Prec: 1.0000 | Recall: 1.0000 | Spec: 1.0000
[2025-11-26 14:59:26,510 INFO main.train_one_fold]   Confusion: TP=5, TN=5, FP=0, FN=0
[2025-11-26 14:59:32,369 INFO main.train_one_fold] TRAIN CHUNK | Fold 2 | Epoch 056/100 | Loss: 0.2522 | Acc: 0.8964 | Prec: 0.8651 | Recall: 0.9232 | Spec: 0.8727
[2025-11-26 14:59:32,937 INFO main.train_one_fold] EVAL CHUNK | Fold 2 | Epoch 056/100 | Loss: 0.1056 | Acc: 0.9723 | Prec: 0.9456 | Recall: 1.0000 | Spec: 0.9467
[2025-11-26 14:59:32,937 INFO main.train_one_fold]   Confusion: TP=139, TN=142, FP=8, FN=0
[2025-11-26 14:59:32,937 INFO main.train_one_fold] EVAL SUBJECT | Fold 2 | Epoch 056/100 | Loss: 0.1056 | Acc: 1.0000 | Prec: 1.0000 | Recall: 1.0000 | Spec: 1.0000
[2025-11-26 14:59:32,937 INFO main.train_one_fold]   Confusion: TP=5, TN=5, FP=0, FN=0
[2025-11-26 14:59:42,400 INFO main.train_one_fold] TRAIN CHUNK | Fold 2 | Epoch 057/100 | Loss: 0.2503 | Acc: 0.8979 | Prec: 0.8644 | Recall: 0.9280 | Spec: 0.8713
[2025-11-26 14:59:43,056 INFO main.train_one_fold] EVAL CHUNK | Fold 2 | Epoch 057/100 | Loss: 0.1181 | Acc: 0.9619 | Prec: 0.9267 | Recall: 1.0000 | Spec: 0.9267
[2025-11-26 14:59:43,056 INFO main.train_one_fold]   Confusion: TP=139, TN=139, FP=11, FN=0
[2025-11-26 14:59:43,057 INFO main.train_one_fold] EVAL SUBJECT | Fold 2 | Epoch 057/100 | Loss: 0.1181 | Acc: 1.0000 | Prec: 1.0000 | Recall: 1.0000 | Spec: 1.0000
[2025-11-26 14:59:43,057 INFO main.train_one_fold]   Confusion: TP=5, TN=5, FP=0, FN=0
[2025-11-26 14:59:52,327 INFO main.train_one_fold] TRAIN CHUNK | Fold 2 | Epoch 058/100 | Loss: 0.2488 | Acc: 0.9032 | Prec: 0.8615 | Recall: 0.9456 | Spec: 0.8656
[2025-11-26 14:59:53,004 INFO main.train_one_fold] EVAL CHUNK | Fold 2 | Epoch 058/100 | Loss: 0.1144 | Acc: 0.9723 | Prec: 0.9456 | Recall: 1.0000 | Spec: 0.9467
[2025-11-26 14:59:53,005 INFO main.train_one_fold]   Confusion: TP=139, TN=142, FP=8, FN=0
[2025-11-26 14:59:53,005 INFO main.train_one_fold] EVAL SUBJECT | Fold 2 | Epoch 058/100 | Loss: 0.1144 | Acc: 1.0000 | Prec: 1.0000 | Recall: 1.0000 | Spec: 1.0000
[2025-11-26 14:59:53,005 INFO main.train_one_fold]   Confusion: TP=5, TN=5, FP=0, FN=0
[2025-11-26 15:00:00,681 INFO main.train_one_fold] TRAIN CHUNK | Fold 2 | Epoch 059/100 | Loss: 0.2538 | Acc: 0.8964 | Prec: 0.8673 | Recall: 0.9200 | Spec: 0.8755
[2025-11-26 15:00:01,340 INFO main.train_one_fold] EVAL CHUNK | Fold 2 | Epoch 059/100 | Loss: 0.0995 | Acc: 0.9723 | Prec: 0.9456 | Recall: 1.0000 | Spec: 0.9467
[2025-11-26 15:00:01,340 INFO main.train_one_fold]   Confusion: TP=139, TN=142, FP=8, FN=0
[2025-11-26 15:00:01,340 INFO main.train_one_fold] EVAL SUBJECT | Fold 2 | Epoch 059/100 | Loss: 0.0995 | Acc: 1.0000 | Prec: 1.0000 | Recall: 1.0000 | Spec: 1.0000
[2025-11-26 15:00:01,341 INFO main.train_one_fold]   Confusion: TP=5, TN=5, FP=0, FN=0
[2025-11-26 15:00:07,474 INFO main.train_one_fold] TRAIN CHUNK | Fold 2 | Epoch 060/100 | Loss: 0.2536 | Acc: 0.8904 | Prec: 0.8527 | Recall: 0.9264 | Spec: 0.8586
[2025-11-26 15:00:07,996 INFO main.train_one_fold] EVAL CHUNK | Fold 2 | Epoch 060/100 | Loss: 0.1024 | Acc: 0.9723 | Prec: 0.9456 | Recall: 1.0000 | Spec: 0.9467
[2025-11-26 15:00:07,996 INFO main.train_one_fold]   Confusion: TP=139, TN=142, FP=8, FN=0
[2025-11-26 15:00:07,996 INFO main.train_one_fold] EVAL SUBJECT | Fold 2 | Epoch 060/100 | Loss: 0.1024 | Acc: 1.0000 | Prec: 1.0000 | Recall: 1.0000 | Spec: 1.0000
[2025-11-26 15:00:07,996 INFO main.train_one_fold]   Confusion: TP=5, TN=5, FP=0, FN=0
[2025-11-26 15:00:08,017 INFO main.train_one_fold] Saved checkpoint: experiments/fp1_004_mdd_ec/fold_2_epoch_060.pth
[2025-11-26 15:00:13,662 INFO main.train_one_fold] TRAIN CHUNK | Fold 2 | Epoch 061/100 | Loss: 0.2559 | Acc: 0.9002 | Prec: 0.8586 | Recall: 0.9424 | Spec: 0.8628
[2025-11-26 15:00:14,198 INFO main.train_one_fold] EVAL CHUNK | Fold 2 | Epoch 061/100 | Loss: 0.1037 | Acc: 0.9619 | Prec: 0.9267 | Recall: 1.0000 | Spec: 0.9267
[2025-11-26 15:00:14,198 INFO main.train_one_fold]   Confusion: TP=139, TN=139, FP=11, FN=0
[2025-11-26 15:00:14,198 INFO main.train_one_fold] EVAL SUBJECT | Fold 2 | Epoch 061/100 | Loss: 0.1037 | Acc: 1.0000 | Prec: 1.0000 | Recall: 1.0000 | Spec: 1.0000
[2025-11-26 15:00:14,198 INFO main.train_one_fold]   Confusion: TP=5, TN=5, FP=0, FN=0
[2025-11-26 15:00:20,101 INFO main.train_one_fold] TRAIN CHUNK | Fold 2 | Epoch 062/100 | Loss: 0.2325 | Acc: 0.9047 | Prec: 0.8683 | Recall: 0.9392 | Spec: 0.8741
[2025-11-26 15:00:20,691 INFO main.train_one_fold] EVAL CHUNK | Fold 2 | Epoch 062/100 | Loss: 0.1087 | Acc: 0.9723 | Prec: 0.9456 | Recall: 1.0000 | Spec: 0.9467
[2025-11-26 15:00:20,691 INFO main.train_one_fold]   Confusion: TP=139, TN=142, FP=8, FN=0
[2025-11-26 15:00:20,691 INFO main.train_one_fold] EVAL SUBJECT | Fold 2 | Epoch 062/100 | Loss: 0.1087 | Acc: 1.0000 | Prec: 1.0000 | Recall: 1.0000 | Spec: 1.0000
[2025-11-26 15:00:20,692 INFO main.train_one_fold]   Confusion: TP=5, TN=5, FP=0, FN=0
[2025-11-26 15:00:26,567 INFO main.train_one_fold] TRAIN CHUNK | Fold 2 | Epoch 063/100 | Loss: 0.2545 | Acc: 0.9002 | Prec: 0.8705 | Recall: 0.9248 | Spec: 0.8784
[2025-11-26 15:00:27,015 INFO main.train_one_fold] EVAL CHUNK | Fold 2 | Epoch 063/100 | Loss: 0.1198 | Acc: 0.9689 | Prec: 0.9514 | Recall: 0.9856 | Spec: 0.9533
[2025-11-26 15:00:27,015 INFO main.train_one_fold]   Confusion: TP=137, TN=143, FP=7, FN=2
[2025-11-26 15:00:27,016 INFO main.train_one_fold] EVAL SUBJECT | Fold 2 | Epoch 063/100 | Loss: 0.1198 | Acc: 1.0000 | Prec: 1.0000 | Recall: 1.0000 | Spec: 1.0000
[2025-11-26 15:00:27,016 INFO main.train_one_fold]   Confusion: TP=5, TN=5, FP=0, FN=0
[2025-11-26 15:00:32,608 INFO main.train_one_fold] TRAIN CHUNK | Fold 2 | Epoch 064/100 | Loss: 0.2423 | Acc: 0.9024 | Prec: 0.8656 | Recall: 0.9376 | Spec: 0.8713
[2025-11-26 15:00:33,065 INFO main.train_one_fold] EVAL CHUNK | Fold 2 | Epoch 064/100 | Loss: 0.1059 | Acc: 0.9654 | Prec: 0.9329 | Recall: 1.0000 | Spec: 0.9333
[2025-11-26 15:00:33,065 INFO main.train_one_fold]   Confusion: TP=139, TN=140, FP=10, FN=0
[2025-11-26 15:00:33,065 INFO main.train_one_fold] EVAL SUBJECT | Fold 2 | Epoch 064/100 | Loss: 0.1059 | Acc: 1.0000 | Prec: 1.0000 | Recall: 1.0000 | Spec: 1.0000
[2025-11-26 15:00:33,065 INFO main.train_one_fold]   Confusion: TP=5, TN=5, FP=0, FN=0
[2025-11-26 15:00:39,966 INFO main.train_one_fold] TRAIN CHUNK | Fold 2 | Epoch 065/100 | Loss: 0.2358 | Acc: 0.9024 | Prec: 0.8634 | Recall: 0.9408 | Spec: 0.8685
[2025-11-26 15:00:40,475 INFO main.train_one_fold] EVAL CHUNK | Fold 2 | Epoch 065/100 | Loss: 0.1043 | Acc: 0.9723 | Prec: 0.9456 | Recall: 1.0000 | Spec: 0.9467
[2025-11-26 15:00:40,476 INFO main.train_one_fold]   Confusion: TP=139, TN=142, FP=8, FN=0
[2025-11-26 15:00:40,476 INFO main.train_one_fold] EVAL SUBJECT | Fold 2 | Epoch 065/100 | Loss: 0.1043 | Acc: 1.0000 | Prec: 1.0000 | Recall: 1.0000 | Spec: 1.0000
[2025-11-26 15:00:40,476 INFO main.train_one_fold]   Confusion: TP=5, TN=5, FP=0, FN=0
[2025-11-26 15:00:46,935 INFO main.train_one_fold] TRAIN CHUNK | Fold 2 | Epoch 066/100 | Loss: 0.2287 | Acc: 0.9114 | Prec: 0.8801 | Recall: 0.9392 | Spec: 0.8868
[2025-11-26 15:00:47,539 INFO main.train_one_fold] EVAL CHUNK | Fold 2 | Epoch 066/100 | Loss: 0.0985 | Acc: 0.9689 | Prec: 0.9392 | Recall: 1.0000 | Spec: 0.9400
[2025-11-26 15:00:47,539 INFO main.train_one_fold]   Confusion: TP=139, TN=141, FP=9, FN=0
[2025-11-26 15:00:47,539 INFO main.train_one_fold] EVAL SUBJECT | Fold 2 | Epoch 066/100 | Loss: 0.0985 | Acc: 1.0000 | Prec: 1.0000 | Recall: 1.0000 | Spec: 1.0000
[2025-11-26 15:00:47,539 INFO main.train_one_fold]   Confusion: TP=5, TN=5, FP=0, FN=0
[2025-11-26 15:00:54,328 INFO main.train_one_fold] TRAIN CHUNK | Fold 2 | Epoch 067/100 | Loss: 0.2379 | Acc: 0.9032 | Prec: 0.8680 | Recall: 0.9360 | Spec: 0.8741
[2025-11-26 15:00:54,943 INFO main.train_one_fold] EVAL CHUNK | Fold 2 | Epoch 067/100 | Loss: 0.0921 | Acc: 0.9723 | Prec: 0.9456 | Recall: 1.0000 | Spec: 0.9467
[2025-11-26 15:00:54,943 INFO main.train_one_fold]   Confusion: TP=139, TN=142, FP=8, FN=0
[2025-11-26 15:00:54,943 INFO main.train_one_fold] EVAL SUBJECT | Fold 2 | Epoch 067/100 | Loss: 0.0921 | Acc: 1.0000 | Prec: 1.0000 | Recall: 1.0000 | Spec: 1.0000
[2025-11-26 15:00:54,943 INFO main.train_one_fold]   Confusion: TP=5, TN=5, FP=0, FN=0
[2025-11-26 15:00:59,990 INFO main.train_one_fold] TRAIN CHUNK | Fold 2 | Epoch 068/100 | Loss: 0.2459 | Acc: 0.8986 | Prec: 0.8624 | Recall: 0.9328 | Spec: 0.8685
[2025-11-26 15:01:00,432 INFO main.train_one_fold] EVAL CHUNK | Fold 2 | Epoch 068/100 | Loss: 0.0902 | Acc: 0.9792 | Prec: 0.9650 | Recall: 0.9928 | Spec: 0.9667
[2025-11-26 15:01:00,432 INFO main.train_one_fold]   Confusion: TP=138, TN=145, FP=5, FN=1
[2025-11-26 15:01:00,432 INFO main.train_one_fold] EVAL SUBJECT | Fold 2 | Epoch 068/100 | Loss: 0.0902 | Acc: 1.0000 | Prec: 1.0000 | Recall: 1.0000 | Spec: 1.0000
[2025-11-26 15:01:00,432 INFO main.train_one_fold]   Confusion: TP=5, TN=5, FP=0, FN=0
[2025-11-26 15:01:00,463 INFO main.train_one_fold] ✓ Saved best model: experiments/fp1_004_mdd_ec/fold_2_best.pth (combined=0.9792, chunk=0.9792, subject=1.0000)
[2025-11-26 15:01:00,464 INFO early_stopping.__call__] Validation improved from 0.9723 to 0.9792 (+0.0069) at epoch 68
[2025-11-26 15:01:05,429 INFO main.train_one_fold] TRAIN CHUNK | Fold 2 | Epoch 069/100 | Loss: 0.2404 | Acc: 0.9009 | Prec: 0.8685 | Recall: 0.9296 | Spec: 0.8755
[2025-11-26 15:01:05,845 INFO main.train_one_fold] EVAL CHUNK | Fold 2 | Epoch 069/100 | Loss: 0.0979 | Acc: 0.9689 | Prec: 0.9392 | Recall: 1.0000 | Spec: 0.9400
[2025-11-26 15:01:05,845 INFO main.train_one_fold]   Confusion: TP=139, TN=141, FP=9, FN=0
[2025-11-26 15:01:05,846 INFO main.train_one_fold] EVAL SUBJECT | Fold 2 | Epoch 069/100 | Loss: 0.0979 | Acc: 1.0000 | Prec: 1.0000 | Recall: 1.0000 | Spec: 1.0000
[2025-11-26 15:01:05,846 INFO main.train_one_fold]   Confusion: TP=5, TN=5, FP=0, FN=0
[2025-11-26 15:01:11,061 INFO main.train_one_fold] TRAIN CHUNK | Fold 2 | Epoch 070/100 | Loss: 0.2357 | Acc: 0.9009 | Prec: 0.8763 | Recall: 0.9184 | Spec: 0.8854
[2025-11-26 15:01:11,578 INFO main.train_one_fold] EVAL CHUNK | Fold 2 | Epoch 070/100 | Loss: 0.0969 | Acc: 0.9585 | Prec: 0.9262 | Recall: 0.9928 | Spec: 0.9267
[2025-11-26 15:01:11,578 INFO main.train_one_fold]   Confusion: TP=138, TN=139, FP=11, FN=1
[2025-11-26 15:01:11,578 INFO main.train_one_fold] EVAL SUBJECT | Fold 2 | Epoch 070/100 | Loss: 0.0969 | Acc: 1.0000 | Prec: 1.0000 | Recall: 1.0000 | Spec: 1.0000
[2025-11-26 15:01:11,578 INFO main.train_one_fold]   Confusion: TP=5, TN=5, FP=0, FN=0
[2025-11-26 15:01:11,601 INFO main.train_one_fold] Saved checkpoint: experiments/fp1_004_mdd_ec/fold_2_epoch_070.pth
[2025-11-26 15:01:18,097 INFO main.train_one_fold] TRAIN CHUNK | Fold 2 | Epoch 071/100 | Loss: 0.2374 | Acc: 0.9069 | Prec: 0.8801 | Recall: 0.9280 | Spec: 0.8883
[2025-11-26 15:01:18,505 INFO main.train_one_fold] EVAL CHUNK | Fold 2 | Epoch 071/100 | Loss: 0.0852 | Acc: 0.9654 | Prec: 0.9329 | Recall: 1.0000 | Spec: 0.9333
[2025-11-26 15:01:18,506 INFO main.train_one_fold]   Confusion: TP=139, TN=140, FP=10, FN=0
[2025-11-26 15:01:18,506 INFO main.train_one_fold] EVAL SUBJECT | Fold 2 | Epoch 071/100 | Loss: 0.0852 | Acc: 1.0000 | Prec: 1.0000 | Recall: 1.0000 | Spec: 1.0000
[2025-11-26 15:01:18,506 INFO main.train_one_fold]   Confusion: TP=5, TN=5, FP=0, FN=0
[2025-11-26 15:01:23,378 INFO main.train_one_fold] TRAIN CHUNK | Fold 2 | Epoch 072/100 | Loss: 0.2290 | Acc: 0.9084 | Prec: 0.8748 | Recall: 0.9392 | Spec: 0.8812
[2025-11-26 15:01:23,793 INFO main.train_one_fold] EVAL CHUNK | Fold 2 | Epoch 072/100 | Loss: 0.1021 | Acc: 0.9654 | Prec: 0.9708 | Recall: 0.9568 | Spec: 0.9733
[2025-11-26 15:01:23,793 INFO main.train_one_fold]   Confusion: TP=133, TN=146, FP=4, FN=6
[2025-11-26 15:01:23,793 INFO main.train_one_fold] EVAL SUBJECT | Fold 2 | Epoch 072/100 | Loss: 0.1021 | Acc: 1.0000 | Prec: 1.0000 | Recall: 1.0000 | Spec: 1.0000
[2025-11-26 15:01:23,793 INFO main.train_one_fold]   Confusion: TP=5, TN=5, FP=0, FN=0
[2025-11-26 15:01:28,929 INFO main.train_one_fold] TRAIN CHUNK | Fold 2 | Epoch 073/100 | Loss: 0.2342 | Acc: 0.9032 | Prec: 0.8758 | Recall: 0.9248 | Spec: 0.8840
[2025-11-26 15:01:29,435 INFO main.train_one_fold] EVAL CHUNK | Fold 2 | Epoch 073/100 | Loss: 0.1053 | Acc: 0.9619 | Prec: 0.9706 | Recall: 0.9496 | Spec: 0.9733
[2025-11-26 15:01:29,436 INFO main.train_one_fold]   Confusion: TP=132, TN=146, FP=4, FN=7
[2025-11-26 15:01:29,436 INFO main.train_one_fold] EVAL SUBJECT | Fold 2 | Epoch 073/100 | Loss: 0.1053 | Acc: 1.0000 | Prec: 1.0000 | Recall: 1.0000 | Spec: 1.0000
[2025-11-26 15:01:29,436 INFO main.train_one_fold]   Confusion: TP=5, TN=5, FP=0, FN=0
[2025-11-26 15:01:35,178 INFO main.train_one_fold] TRAIN CHUNK | Fold 2 | Epoch 074/100 | Loss: 0.2336 | Acc: 0.9009 | Prec: 0.8798 | Recall: 0.9136 | Spec: 0.8897
[2025-11-26 15:01:35,682 INFO main.train_one_fold] EVAL CHUNK | Fold 2 | Epoch 074/100 | Loss: 0.0897 | Acc: 0.9723 | Prec: 0.9580 | Recall: 0.9856 | Spec: 0.9600
[2025-11-26 15:01:35,685 INFO main.train_one_fold]   Confusion: TP=137, TN=144, FP=6, FN=2
[2025-11-26 15:01:35,686 INFO main.train_one_fold] EVAL SUBJECT | Fold 2 | Epoch 074/100 | Loss: 0.0897 | Acc: 1.0000 | Prec: 1.0000 | Recall: 1.0000 | Spec: 1.0000
[2025-11-26 15:01:35,686 INFO main.train_one_fold]   Confusion: TP=5, TN=5, FP=0, FN=0
[2025-11-26 15:01:42,146 INFO main.train_one_fold] TRAIN CHUNK | Fold 2 | Epoch 075/100 | Loss: 0.2351 | Acc: 0.8979 | Prec: 0.8699 | Recall: 0.9200 | Spec: 0.8784
[2025-11-26 15:01:42,776 INFO main.train_one_fold] EVAL CHUNK | Fold 2 | Epoch 075/100 | Loss: 0.1126 | Acc: 0.9585 | Prec: 0.9441 | Recall: 0.9712 | Spec: 0.9467
[2025-11-26 15:01:42,776 INFO main.train_one_fold]   Confusion: TP=135, TN=142, FP=8, FN=4
[2025-11-26 15:01:42,777 INFO main.train_one_fold] EVAL SUBJECT | Fold 2 | Epoch 075/100 | Loss: 0.1126 | Acc: 1.0000 | Prec: 1.0000 | Recall: 1.0000 | Spec: 1.0000
[2025-11-26 15:01:42,777 INFO main.train_one_fold]   Confusion: TP=5, TN=5, FP=0, FN=0
[2025-11-26 15:01:50,181 INFO main.train_one_fold] TRAIN CHUNK | Fold 2 | Epoch 076/100 | Loss: 0.2315 | Acc: 0.9092 | Prec: 0.8865 | Recall: 0.9248 | Spec: 0.8953
[2025-11-26 15:01:50,824 INFO main.train_one_fold] EVAL CHUNK | Fold 2 | Epoch 076/100 | Loss: 0.0980 | Acc: 0.9585 | Prec: 0.9262 | Recall: 0.9928 | Spec: 0.9267
[2025-11-26 15:01:50,824 INFO main.train_one_fold]   Confusion: TP=138, TN=139, FP=11, FN=1
[2025-11-26 15:01:50,825 INFO main.train_one_fold] EVAL SUBJECT | Fold 2 | Epoch 076/100 | Loss: 0.0980 | Acc: 1.0000 | Prec: 1.0000 | Recall: 1.0000 | Spec: 1.0000
[2025-11-26 15:01:50,825 INFO main.train_one_fold]   Confusion: TP=5, TN=5, FP=0, FN=0
[2025-11-26 15:01:57,738 INFO main.train_one_fold] TRAIN CHUNK | Fold 2 | Epoch 077/100 | Loss: 0.2281 | Acc: 0.9047 | Prec: 0.8831 | Recall: 0.9184 | Spec: 0.8925
[2025-11-26 15:01:58,212 INFO main.train_one_fold] EVAL CHUNK | Fold 2 | Epoch 077/100 | Loss: 0.0883 | Acc: 0.9654 | Prec: 0.9640 | Recall: 0.9640 | Spec: 0.9667
[2025-11-26 15:01:58,212 INFO main.train_one_fold]   Confusion: TP=134, TN=145, FP=5, FN=5
[2025-11-26 15:01:58,212 INFO main.train_one_fold] EVAL SUBJECT | Fold 2 | Epoch 077/100 | Loss: 0.0883 | Acc: 1.0000 | Prec: 1.0000 | Recall: 1.0000 | Spec: 1.0000
[2025-11-26 15:01:58,212 INFO main.train_one_fold]   Confusion: TP=5, TN=5, FP=0, FN=0
[2025-11-26 15:02:03,318 INFO main.train_one_fold] TRAIN CHUNK | Fold 2 | Epoch 078/100 | Loss: 0.2234 | Acc: 0.9129 | Prec: 0.8934 | Recall: 0.9248 | Spec: 0.9024
[2025-11-26 15:02:03,762 INFO main.train_one_fold] EVAL CHUNK | Fold 2 | Epoch 078/100 | Loss: 0.0965 | Acc: 0.9516 | Prec: 0.9371 | Recall: 0.9640 | Spec: 0.9400
[2025-11-26 15:02:03,762 INFO main.train_one_fold]   Confusion: TP=134, TN=141, FP=9, FN=5
[2025-11-26 15:02:03,762 INFO main.train_one_fold] EVAL SUBJECT | Fold 2 | Epoch 078/100 | Loss: 0.0965 | Acc: 1.0000 | Prec: 1.0000 | Recall: 1.0000 | Spec: 1.0000
[2025-11-26 15:02:03,763 INFO main.train_one_fold]   Confusion: TP=5, TN=5, FP=0, FN=0
[2025-11-26 15:02:10,890 INFO main.train_one_fold] TRAIN CHUNK | Fold 2 | Epoch 079/100 | Loss: 0.2282 | Acc: 0.9054 | Prec: 0.8821 | Recall: 0.9216 | Spec: 0.8911
[2025-11-26 15:02:11,339 INFO main.train_one_fold] EVAL CHUNK | Fold 2 | Epoch 079/100 | Loss: 0.1043 | Acc: 0.9619 | Prec: 0.9706 | Recall: 0.9496 | Spec: 0.9733
[2025-11-26 15:02:11,339 INFO main.train_one_fold]   Confusion: TP=132, TN=146, FP=4, FN=7
[2025-11-26 15:02:11,339 INFO main.train_one_fold] EVAL SUBJECT | Fold 2 | Epoch 079/100 | Loss: 0.1043 | Acc: 1.0000 | Prec: 1.0000 | Recall: 1.0000 | Spec: 1.0000
[2025-11-26 15:02:11,340 INFO main.train_one_fold]   Confusion: TP=5, TN=5, FP=0, FN=0
[2025-11-26 15:02:17,840 INFO main.train_one_fold] TRAIN CHUNK | Fold 2 | Epoch 080/100 | Loss: 0.2239 | Acc: 0.9054 | Prec: 0.8844 | Recall: 0.9184 | Spec: 0.8939
[2025-11-26 15:02:19,367 INFO main.train_one_fold] EVAL CHUNK | Fold 2 | Epoch 080/100 | Loss: 0.0853 | Acc: 0.9689 | Prec: 0.9452 | Recall: 0.9928 | Spec: 0.9467
[2025-11-26 15:02:19,371 INFO main.train_one_fold]   Confusion: TP=138, TN=142, FP=8, FN=1
[2025-11-26 15:02:19,371 INFO main.train_one_fold] EVAL SUBJECT | Fold 2 | Epoch 080/100 | Loss: 0.0853 | Acc: 1.0000 | Prec: 1.0000 | Recall: 1.0000 | Spec: 1.0000
[2025-11-26 15:02:19,372 INFO main.train_one_fold]   Confusion: TP=5, TN=5, FP=0, FN=0
[2025-11-26 15:02:19,419 INFO main.train_one_fold] Saved checkpoint: experiments/fp1_004_mdd_ec/fold_2_epoch_080.pth
[2025-11-26 15:02:27,487 INFO main.train_one_fold] TRAIN CHUNK | Fold 2 | Epoch 081/100 | Loss: 0.2262 | Acc: 0.9054 | Prec: 0.8786 | Recall: 0.9264 | Spec: 0.8868
[2025-11-26 15:02:27,895 INFO main.train_one_fold] EVAL CHUNK | Fold 2 | Epoch 081/100 | Loss: 0.0881 | Acc: 0.9654 | Prec: 0.9574 | Recall: 0.9712 | Spec: 0.9600
[2025-11-26 15:02:27,896 INFO main.train_one_fold]   Confusion: TP=135, TN=144, FP=6, FN=4
[2025-11-26 15:02:27,896 INFO main.train_one_fold] EVAL SUBJECT | Fold 2 | Epoch 081/100 | Loss: 0.0881 | Acc: 1.0000 | Prec: 1.0000 | Recall: 1.0000 | Spec: 1.0000
[2025-11-26 15:02:27,896 INFO main.train_one_fold]   Confusion: TP=5, TN=5, FP=0, FN=0
[2025-11-26 15:02:34,498 INFO main.train_one_fold] TRAIN CHUNK | Fold 2 | Epoch 082/100 | Loss: 0.2250 | Acc: 0.9092 | Prec: 0.8889 | Recall: 0.9216 | Spec: 0.8982
[2025-11-26 15:02:35,103 INFO main.train_one_fold] EVAL CHUNK | Fold 2 | Epoch 082/100 | Loss: 0.0924 | Acc: 0.9585 | Prec: 0.9441 | Recall: 0.9712 | Spec: 0.9467
[2025-11-26 15:02:35,103 INFO main.train_one_fold]   Confusion: TP=135, TN=142, FP=8, FN=4
[2025-11-26 15:02:35,103 INFO main.train_one_fold] EVAL SUBJECT | Fold 2 | Epoch 082/100 | Loss: 0.0924 | Acc: 1.0000 | Prec: 1.0000 | Recall: 1.0000 | Spec: 1.0000
[2025-11-26 15:02:35,103 INFO main.train_one_fold]   Confusion: TP=5, TN=5, FP=0, FN=0
[2025-11-26 15:02:40,222 INFO main.train_one_fold] TRAIN CHUNK | Fold 2 | Epoch 083/100 | Loss: 0.2195 | Acc: 0.9047 | Prec: 0.8843 | Recall: 0.9168 | Spec: 0.8939
[2025-11-26 15:02:40,642 INFO main.train_one_fold] EVAL CHUNK | Fold 2 | Epoch 083/100 | Loss: 0.1187 | Acc: 0.9481 | Prec: 0.9627 | Recall: 0.9281 | Spec: 0.9667
[2025-11-26 15:02:40,642 INFO main.train_one_fold]   Confusion: TP=129, TN=145, FP=5, FN=10
[2025-11-26 15:02:40,643 INFO main.train_one_fold] EVAL SUBJECT | Fold 2 | Epoch 083/100 | Loss: 0.1187 | Acc: 1.0000 | Prec: 1.0000 | Recall: 1.0000 | Spec: 1.0000
[2025-11-26 15:02:40,643 INFO main.train_one_fold]   Confusion: TP=5, TN=5, FP=0, FN=0
[2025-11-26 15:02:45,710 INFO main.train_one_fold] TRAIN CHUNK | Fold 2 | Epoch 084/100 | Loss: 0.2305 | Acc: 0.9047 | Prec: 0.8866 | Recall: 0.9136 | Spec: 0.8967
[2025-11-26 15:02:46,133 INFO main.train_one_fold] EVAL CHUNK | Fold 2 | Epoch 084/100 | Loss: 0.0968 | Acc: 0.9654 | Prec: 0.9708 | Recall: 0.9568 | Spec: 0.9733
[2025-11-26 15:02:46,133 INFO main.train_one_fold]   Confusion: TP=133, TN=146, FP=4, FN=6
[2025-11-26 15:02:46,133 INFO main.train_one_fold] EVAL SUBJECT | Fold 2 | Epoch 084/100 | Loss: 0.0968 | Acc: 1.0000 | Prec: 1.0000 | Recall: 1.0000 | Spec: 1.0000
[2025-11-26 15:02:46,133 INFO main.train_one_fold]   Confusion: TP=5, TN=5, FP=0, FN=0
[2025-11-26 15:02:51,888 INFO main.train_one_fold] TRAIN CHUNK | Fold 2 | Epoch 085/100 | Loss: 0.2339 | Acc: 0.9062 | Prec: 0.8834 | Recall: 0.9216 | Spec: 0.8925
[2025-11-26 15:02:52,296 INFO main.train_one_fold] EVAL CHUNK | Fold 2 | Epoch 085/100 | Loss: 0.1077 | Acc: 0.9585 | Prec: 0.9441 | Recall: 0.9712 | Spec: 0.9467
[2025-11-26 15:02:52,296 INFO main.train_one_fold]   Confusion: TP=135, TN=142, FP=8, FN=4
[2025-11-26 15:02:52,296 INFO main.train_one_fold] EVAL SUBJECT | Fold 2 | Epoch 085/100 | Loss: 0.1077 | Acc: 1.0000 | Prec: 1.0000 | Recall: 1.0000 | Spec: 1.0000
[2025-11-26 15:02:52,296 INFO main.train_one_fold]   Confusion: TP=5, TN=5, FP=0, FN=0
[2025-11-26 15:02:57,418 INFO main.train_one_fold] TRAIN CHUNK | Fold 2 | Epoch 086/100 | Loss: 0.2158 | Acc: 0.9129 | Prec: 0.8885 | Recall: 0.9312 | Spec: 0.8967
[2025-11-26 15:02:57,848 INFO main.train_one_fold] EVAL CHUNK | Fold 2 | Epoch 086/100 | Loss: 0.1114 | Acc: 0.9481 | Prec: 0.9627 | Recall: 0.9281 | Spec: 0.9667
[2025-11-26 15:02:57,848 INFO main.train_one_fold]   Confusion: TP=129, TN=145, FP=5, FN=10
[2025-11-26 15:02:57,848 INFO main.train_one_fold] EVAL SUBJECT | Fold 2 | Epoch 086/100 | Loss: 0.1114 | Acc: 1.0000 | Prec: 1.0000 | Recall: 1.0000 | Spec: 1.0000
[2025-11-26 15:02:57,848 INFO main.train_one_fold]   Confusion: TP=5, TN=5, FP=0, FN=0
[2025-11-26 15:03:03,708 INFO main.train_one_fold] TRAIN CHUNK | Fold 2 | Epoch 087/100 | Loss: 0.1966 | Acc: 0.9159 | Prec: 0.8928 | Recall: 0.9328 | Spec: 0.9010
[2025-11-26 15:03:04,117 INFO main.train_one_fold] EVAL CHUNK | Fold 2 | Epoch 087/100 | Loss: 0.0900 | Acc: 0.9550 | Prec: 0.9375 | Recall: 0.9712 | Spec: 0.9400
[2025-11-26 15:03:04,117 INFO main.train_one_fold]   Confusion: TP=135, TN=141, FP=9, FN=4
[2025-11-26 15:03:04,117 INFO main.train_one_fold] EVAL SUBJECT | Fold 2 | Epoch 087/100 | Loss: 0.0900 | Acc: 1.0000 | Prec: 1.0000 | Recall: 1.0000 | Spec: 1.0000
[2025-11-26 15:03:04,117 INFO main.train_one_fold]   Confusion: TP=5, TN=5, FP=0, FN=0
[2025-11-26 15:03:09,451 INFO main.train_one_fold] TRAIN CHUNK | Fold 2 | Epoch 088/100 | Loss: 0.2172 | Acc: 0.9129 | Prec: 0.8946 | Recall: 0.9232 | Spec: 0.9038
[2025-11-26 15:03:10,051 INFO main.train_one_fold] EVAL CHUNK | Fold 2 | Epoch 088/100 | Loss: 0.0954 | Acc: 0.9585 | Prec: 0.9635 | Recall: 0.9496 | Spec: 0.9667
[2025-11-26 15:03:10,052 INFO main.train_one_fold]   Confusion: TP=132, TN=145, FP=5, FN=7
[2025-11-26 15:03:10,052 INFO main.train_one_fold] EVAL SUBJECT | Fold 2 | Epoch 088/100 | Loss: 0.0954 | Acc: 1.0000 | Prec: 1.0000 | Recall: 1.0000 | Spec: 1.0000
[2025-11-26 15:03:10,052 INFO main.train_one_fold]   Confusion: TP=5, TN=5, FP=0, FN=0
[2025-11-26 15:03:10,052 INFO early_stopping.__call__] Early stopping triggered after 20 epochs without improvement. Best score: 0.9792 at epoch 68
[2025-11-26 15:03:10,052 INFO main.train_one_fold] Early stopping triggered at epoch 88
[2025-11-26 15:03:10,052 INFO main.train_one_fold] 
Fold 2 training completed. Best Combined Val Acc: 0.9792 at epoch 68
[2025-11-26 15:03:10,052 INFO main.train_cross_validation] ================================================================================
[2025-11-26 15:03:10,053 INFO main.train_cross_validation] FOLD 3/6
[2025-11-26 15:03:10,053 INFO main.train_cross_validation] ================================================================================
[2025-11-26 15:03:10,053 INFO main.get_datasets_for_fold] Train subjects (45): ['mdd:H S2', 'mdd:H S7', 'mdd:H S19', 'mdd:H S30', 'mdd:H S1', 'mdd:MDD S31', 'mdd:MDD S22', 'mdd:MDD S19', 'mdd:MDD S25', 'mdd:MDD S34', 'mdd:H S22', 'mdd:H S27', 'mdd:H S4', 'mdd:H S21', 'mdd:H S23', 'mdd:MDD S17', 'mdd:MDD S3', 'mdd:MDD S1', 'mdd:MDD S14', 'mdd:MDD S10', 'mdd:H S26', 'mdd:H S5', 'mdd:H S13', 'mdd:H S8', 'mdd:H S6', 'mdd:MDD S5', 'mdd:MDD S15', 'mdd:MDD S13', 'mdd:MDD S9', 'mdd:H S28', 'mdd:H S9', 'mdd:H S3', 'mdd:H S17', 'mdd:MDD S30', 'mdd:MDD S32', 'mdd:MDD S27', 'mdd:MDD S28', 'mdd:H S20', 'mdd:H S24', 'mdd:H S29', 'mdd:H S16', 'mdd:MDD S21', 'mdd:MDD S29', 'mdd:MDD S6', 'mdd:MDD S23']...
[2025-11-26 15:03:10,053 INFO main.get_datasets_for_fold] Val subjects (9): ['mdd:H S25', 'mdd:H S10', 'mdd:H S14', 'mdd:H S15', 'mdd:H S11', 'mdd:MDD S26', 'mdd:MDD S20', 'mdd:MDD S33', 'mdd:MDD S18']
[2025-11-26 15:03:10,054 INFO main.get_datasets_for_fold] Training chunks: 1343
[2025-11-26 15:03:10,054 INFO main.get_datasets_for_fold] Validation chunks: 278
[2025-11-26 15:03:10,068 INFO model.__init__] Initialized LSTM with input_size=1728, hidden_size=100, batch_first=True
[2025-11-26 15:03:10,070 INFO main.train_one_fold] Starting training for fold 3
[2025-11-26 15:03:17,280 INFO main.train_one_fold] TRAIN CHUNK | Fold 3 | Epoch 001/100 | Loss: 0.7024 | Acc: 0.4795 | Prec: 0.4795 | Recall: 1.0000 | Spec: 0.0000
[2025-11-26 15:03:17,871 INFO main.train_one_fold] EVAL CHUNK | Fold 3 | Epoch 001/100 | Loss: 0.7072 | Acc: 0.4317 | Prec: 0.4317 | Recall: 1.0000 | Spec: 0.0000
[2025-11-26 15:03:17,871 INFO main.train_one_fold]   Confusion: TP=120, TN=0, FP=158, FN=0
[2025-11-26 15:03:17,871 INFO main.train_one_fold] EVAL SUBJECT | Fold 3 | Epoch 001/100 | Loss: 0.7072 | Acc: 0.4444 | Prec: 0.4444 | Recall: 1.0000 | Spec: 0.0000
[2025-11-26 15:03:17,871 INFO main.train_one_fold]   Confusion: TP=4, TN=0, FP=5, FN=0
[2025-11-26 15:03:17,895 INFO main.train_one_fold] ✓ Saved best model: experiments/fp1_004_mdd_ec/fold_3_best.pth (combined=0.1918, chunk=0.4317, subject=0.4444)
[2025-11-26 15:03:17,895 INFO early_stopping.__call__] Early stopping initialized: best score 0.1918 at epoch 1
[2025-11-26 15:03:26,866 INFO main.train_one_fold] TRAIN CHUNK | Fold 3 | Epoch 002/100 | Loss: 0.6979 | Acc: 0.4795 | Prec: 0.4795 | Recall: 1.0000 | Spec: 0.0000
[2025-11-26 15:03:27,354 INFO main.train_one_fold] EVAL CHUNK | Fold 3 | Epoch 002/100 | Loss: 0.6983 | Acc: 0.4317 | Prec: 0.4317 | Recall: 1.0000 | Spec: 0.0000
[2025-11-26 15:03:27,355 INFO main.train_one_fold]   Confusion: TP=120, TN=0, FP=158, FN=0
[2025-11-26 15:03:27,355 INFO main.train_one_fold] EVAL SUBJECT | Fold 3 | Epoch 002/100 | Loss: 0.6983 | Acc: 0.4444 | Prec: 0.4444 | Recall: 1.0000 | Spec: 0.0000
[2025-11-26 15:03:27,355 INFO main.train_one_fold]   Confusion: TP=4, TN=0, FP=5, FN=0
[2025-11-26 15:03:35,468 INFO main.train_one_fold] TRAIN CHUNK | Fold 3 | Epoch 003/100 | Loss: 0.6888 | Acc: 0.5570 | Prec: 0.5220 | Recall: 0.9037 | Spec: 0.2375
[2025-11-26 15:03:35,876 INFO main.train_one_fold] EVAL CHUNK | Fold 3 | Epoch 003/100 | Loss: 0.6701 | Acc: 0.6727 | Prec: 1.0000 | Recall: 0.2417 | Spec: 1.0000
[2025-11-26 15:03:35,876 INFO main.train_one_fold]   Confusion: TP=29, TN=158, FP=0, FN=91
[2025-11-26 15:03:35,876 INFO main.train_one_fold] EVAL SUBJECT | Fold 3 | Epoch 003/100 | Loss: 0.6701 | Acc: 0.6667 | Prec: 1.0000 | Recall: 0.2500 | Spec: 1.0000
[2025-11-26 15:03:35,876 INFO main.train_one_fold]   Confusion: TP=1, TN=5, FP=0, FN=3
[2025-11-26 15:03:35,904 INFO main.train_one_fold] ✓ Saved best model: experiments/fp1_004_mdd_ec/fold_3_best.pth (combined=0.4484, chunk=0.6727, subject=0.6667)
[2025-11-26 15:03:35,904 INFO early_stopping.__call__] Validation improved from 0.1918 to 0.4484 (+0.2566) at epoch 3
[2025-11-26 15:03:40,666 INFO main.train_one_fold] TRAIN CHUNK | Fold 3 | Epoch 004/100 | Loss: 0.6119 | Acc: 0.7565 | Prec: 0.7603 | Recall: 0.7189 | Spec: 0.7911
[2025-11-26 15:03:41,065 INFO main.train_one_fold] EVAL CHUNK | Fold 3 | Epoch 004/100 | Loss: 0.4541 | Acc: 0.8669 | Prec: 0.7943 | Recall: 0.9333 | Spec: 0.8165
[2025-11-26 15:03:41,065 INFO main.train_one_fold]   Confusion: TP=112, TN=129, FP=29, FN=8
[2025-11-26 15:03:41,065 INFO main.train_one_fold] EVAL SUBJECT | Fold 3 | Epoch 004/100 | Loss: 0.4541 | Acc: 0.8889 | Prec: 0.8000 | Recall: 1.0000 | Spec: 0.8000
[2025-11-26 15:03:41,065 INFO main.train_one_fold]   Confusion: TP=4, TN=4, FP=1, FN=0
[2025-11-26 15:03:41,099 INFO main.train_one_fold] ✓ Saved best model: experiments/fp1_004_mdd_ec/fold_3_best.pth (combined=0.7706, chunk=0.8669, subject=0.8889)
[2025-11-26 15:03:41,099 INFO early_stopping.__call__] Validation improved from 0.4484 to 0.7706 (+0.3221) at epoch 4
[2025-11-26 15:03:46,009 INFO main.train_one_fold] TRAIN CHUNK | Fold 3 | Epoch 005/100 | Loss: 0.4575 | Acc: 0.8302 | Prec: 0.8050 | Recall: 0.8525 | Spec: 0.8097
[2025-11-26 15:03:46,428 INFO main.train_one_fold] EVAL CHUNK | Fold 3 | Epoch 005/100 | Loss: 0.3563 | Acc: 0.8849 | Prec: 0.7933 | Recall: 0.9917 | Spec: 0.8038
[2025-11-26 15:03:46,429 INFO main.train_one_fold]   Confusion: TP=119, TN=127, FP=31, FN=1
[2025-11-26 15:03:46,429 INFO main.train_one_fold] EVAL SUBJECT | Fold 3 | Epoch 005/100 | Loss: 0.3563 | Acc: 0.8889 | Prec: 0.8000 | Recall: 1.0000 | Spec: 0.8000
[2025-11-26 15:03:46,429 INFO main.train_one_fold]   Confusion: TP=4, TN=4, FP=1, FN=0
[2025-11-26 15:03:46,456 INFO main.train_one_fold] ✓ Saved best model: experiments/fp1_004_mdd_ec/fold_3_best.pth (combined=0.7866, chunk=0.8849, subject=0.8889)
[2025-11-26 15:03:46,457 INFO early_stopping.__call__] Validation improved from 0.7706 to 0.7866 (+0.0160) at epoch 5
[2025-11-26 15:03:52,230 INFO main.train_one_fold] TRAIN CHUNK | Fold 3 | Epoch 006/100 | Loss: 0.3764 | Acc: 0.8526 | Prec: 0.8097 | Recall: 0.9053 | Spec: 0.8040
[2025-11-26 15:03:52,628 INFO main.train_one_fold] EVAL CHUNK | Fold 3 | Epoch 006/100 | Loss: 0.3137 | Acc: 0.8921 | Prec: 0.8000 | Recall: 1.0000 | Spec: 0.8101
[2025-11-26 15:03:52,628 INFO main.train_one_fold]   Confusion: TP=120, TN=128, FP=30, FN=0
[2025-11-26 15:03:52,628 INFO main.train_one_fold] EVAL SUBJECT | Fold 3 | Epoch 006/100 | Loss: 0.3137 | Acc: 0.8889 | Prec: 0.8000 | Recall: 1.0000 | Spec: 0.8000
[2025-11-26 15:03:52,629 INFO main.train_one_fold]   Confusion: TP=4, TN=4, FP=1, FN=0
[2025-11-26 15:03:52,655 INFO main.train_one_fold] ✓ Saved best model: experiments/fp1_004_mdd_ec/fold_3_best.pth (combined=0.7930, chunk=0.8921, subject=0.8889)
[2025-11-26 15:03:52,656 INFO early_stopping.__call__] Validation improved from 0.7866 to 0.7930 (+0.0064) at epoch 6
[2025-11-26 15:03:57,636 INFO main.train_one_fold] TRAIN CHUNK | Fold 3 | Epoch 007/100 | Loss: 0.3328 | Acc: 0.8764 | Prec: 0.8357 | Recall: 0.9239 | Spec: 0.8326
[2025-11-26 15:03:58,051 INFO main.train_one_fold] EVAL CHUNK | Fold 3 | Epoch 007/100 | Loss: 0.3151 | Acc: 0.8921 | Prec: 0.8000 | Recall: 1.0000 | Spec: 0.8101
[2025-11-26 15:03:58,051 INFO main.train_one_fold]   Confusion: TP=120, TN=128, FP=30, FN=0
[2025-11-26 15:03:58,052 INFO main.train_one_fold] EVAL SUBJECT | Fold 3 | Epoch 007/100 | Loss: 0.3151 | Acc: 0.8889 | Prec: 0.8000 | Recall: 1.0000 | Spec: 0.8000
[2025-11-26 15:03:58,052 INFO main.train_one_fold]   Confusion: TP=4, TN=4, FP=1, FN=0
[2025-11-26 15:04:03,695 INFO main.train_one_fold] TRAIN CHUNK | Fold 3 | Epoch 008/100 | Loss: 0.3383 | Acc: 0.8727 | Prec: 0.8345 | Recall: 0.9161 | Spec: 0.8326
[2025-11-26 15:04:04,309 INFO main.train_one_fold] EVAL CHUNK | Fold 3 | Epoch 008/100 | Loss: 0.2995 | Acc: 0.8921 | Prec: 0.8000 | Recall: 1.0000 | Spec: 0.8101
[2025-11-26 15:04:04,309 INFO main.train_one_fold]   Confusion: TP=120, TN=128, FP=30, FN=0
[2025-11-26 15:04:04,310 INFO main.train_one_fold] EVAL SUBJECT | Fold 3 | Epoch 008/100 | Loss: 0.2995 | Acc: 0.8889 | Prec: 0.8000 | Recall: 1.0000 | Spec: 0.8000
[2025-11-26 15:04:04,310 INFO main.train_one_fold]   Confusion: TP=4, TN=4, FP=1, FN=0
[2025-11-26 15:04:09,703 INFO main.train_one_fold] TRAIN CHUNK | Fold 3 | Epoch 009/100 | Loss: 0.3265 | Acc: 0.8757 | Prec: 0.8354 | Recall: 0.9224 | Spec: 0.8326
[2025-11-26 15:04:10,133 INFO main.train_one_fold] EVAL CHUNK | Fold 3 | Epoch 009/100 | Loss: 0.3044 | Acc: 0.8921 | Prec: 0.8000 | Recall: 1.0000 | Spec: 0.8101
[2025-11-26 15:04:10,133 INFO main.train_one_fold]   Confusion: TP=120, TN=128, FP=30, FN=0
[2025-11-26 15:04:10,133 INFO main.train_one_fold] EVAL SUBJECT | Fold 3 | Epoch 009/100 | Loss: 0.3044 | Acc: 0.8889 | Prec: 0.8000 | Recall: 1.0000 | Spec: 0.8000
[2025-11-26 15:04:10,133 INFO main.train_one_fold]   Confusion: TP=4, TN=4, FP=1, FN=0
[2025-11-26 15:04:17,062 INFO main.train_one_fold] TRAIN CHUNK | Fold 3 | Epoch 010/100 | Loss: 0.3163 | Acc: 0.8771 | Prec: 0.8350 | Recall: 0.9270 | Spec: 0.8312
[2025-11-26 15:04:17,659 INFO main.train_one_fold] EVAL CHUNK | Fold 3 | Epoch 010/100 | Loss: 0.3209 | Acc: 0.8885 | Prec: 0.7947 | Recall: 1.0000 | Spec: 0.8038
[2025-11-26 15:04:17,659 INFO main.train_one_fold]   Confusion: TP=120, TN=127, FP=31, FN=0
[2025-11-26 15:04:17,659 INFO main.train_one_fold] EVAL SUBJECT | Fold 3 | Epoch 010/100 | Loss: 0.3209 | Acc: 0.8889 | Prec: 0.8000 | Recall: 1.0000 | Spec: 0.8000
[2025-11-26 15:04:17,659 INFO main.train_one_fold]   Confusion: TP=4, TN=4, FP=1, FN=0
[2025-11-26 15:04:17,687 INFO main.train_one_fold] Saved checkpoint: experiments/fp1_004_mdd_ec/fold_3_epoch_010.pth
[2025-11-26 15:04:23,152 INFO main.train_one_fold] TRAIN CHUNK | Fold 3 | Epoch 011/100 | Loss: 0.3125 | Acc: 0.8771 | Prec: 0.8359 | Recall: 0.9255 | Spec: 0.8326
[2025-11-26 15:04:23,537 INFO main.train_one_fold] EVAL CHUNK | Fold 3 | Epoch 011/100 | Loss: 0.3177 | Acc: 0.8885 | Prec: 0.7947 | Recall: 1.0000 | Spec: 0.8038
[2025-11-26 15:04:23,537 INFO main.train_one_fold]   Confusion: TP=120, TN=127, FP=31, FN=0
[2025-11-26 15:04:23,538 INFO main.train_one_fold] EVAL SUBJECT | Fold 3 | Epoch 011/100 | Loss: 0.3177 | Acc: 0.8889 | Prec: 0.8000 | Recall: 1.0000 | Spec: 0.8000
[2025-11-26 15:04:23,538 INFO main.train_one_fold]   Confusion: TP=4, TN=4, FP=1, FN=0
[2025-11-26 15:04:28,207 INFO main.train_one_fold] TRAIN CHUNK | Fold 3 | Epoch 012/100 | Loss: 0.3075 | Acc: 0.8816 | Prec: 0.8450 | Recall: 0.9224 | Spec: 0.8441
[2025-11-26 15:04:28,596 INFO main.train_one_fold] EVAL CHUNK | Fold 3 | Epoch 012/100 | Loss: 0.3263 | Acc: 0.8885 | Prec: 0.7947 | Recall: 1.0000 | Spec: 0.8038
[2025-11-26 15:04:28,596 INFO main.train_one_fold]   Confusion: TP=120, TN=127, FP=31, FN=0
[2025-11-26 15:04:28,596 INFO main.train_one_fold] EVAL SUBJECT | Fold 3 | Epoch 012/100 | Loss: 0.3263 | Acc: 0.8889 | Prec: 0.8000 | Recall: 1.0000 | Spec: 0.8000
[2025-11-26 15:04:28,596 INFO main.train_one_fold]   Confusion: TP=4, TN=4, FP=1, FN=0
[2025-11-26 15:04:33,692 INFO main.train_one_fold] TRAIN CHUNK | Fold 3 | Epoch 013/100 | Loss: 0.3100 | Acc: 0.8786 | Prec: 0.8326 | Recall: 0.9348 | Spec: 0.8269
[2025-11-26 15:04:34,075 INFO main.train_one_fold] EVAL CHUNK | Fold 3 | Epoch 013/100 | Loss: 0.3118 | Acc: 0.8921 | Prec: 0.8000 | Recall: 1.0000 | Spec: 0.8101
[2025-11-26 15:04:34,076 INFO main.train_one_fold]   Confusion: TP=120, TN=128, FP=30, FN=0
[2025-11-26 15:04:34,076 INFO main.train_one_fold] EVAL SUBJECT | Fold 3 | Epoch 013/100 | Loss: 0.3118 | Acc: 0.8889 | Prec: 0.8000 | Recall: 1.0000 | Spec: 0.8000
[2025-11-26 15:04:34,076 INFO main.train_one_fold]   Confusion: TP=4, TN=4, FP=1, FN=0
[2025-11-26 15:04:39,382 INFO main.train_one_fold] TRAIN CHUNK | Fold 3 | Epoch 014/100 | Loss: 0.3060 | Acc: 0.8853 | Prec: 0.8431 | Recall: 0.9348 | Spec: 0.8398
[2025-11-26 15:04:39,917 INFO main.train_one_fold] EVAL CHUNK | Fold 3 | Epoch 014/100 | Loss: 0.3053 | Acc: 0.8921 | Prec: 0.8000 | Recall: 1.0000 | Spec: 0.8101
[2025-11-26 15:04:39,918 INFO main.train_one_fold]   Confusion: TP=120, TN=128, FP=30, FN=0
[2025-11-26 15:04:39,918 INFO main.train_one_fold] EVAL SUBJECT | Fold 3 | Epoch 014/100 | Loss: 0.3053 | Acc: 0.8889 | Prec: 0.8000 | Recall: 1.0000 | Spec: 0.8000
[2025-11-26 15:04:39,918 INFO main.train_one_fold]   Confusion: TP=4, TN=4, FP=1, FN=0
[2025-11-26 15:04:48,696 INFO main.train_one_fold] TRAIN CHUNK | Fold 3 | Epoch 015/100 | Loss: 0.2977 | Acc: 0.8779 | Prec: 0.8380 | Recall: 0.9239 | Spec: 0.8355
[2025-11-26 15:04:49,331 INFO main.train_one_fold] EVAL CHUNK | Fold 3 | Epoch 015/100 | Loss: 0.3234 | Acc: 0.8921 | Prec: 0.8000 | Recall: 1.0000 | Spec: 0.8101
[2025-11-26 15:04:49,331 INFO main.train_one_fold]   Confusion: TP=120, TN=128, FP=30, FN=0
[2025-11-26 15:04:49,331 INFO main.train_one_fold] EVAL SUBJECT | Fold 3 | Epoch 015/100 | Loss: 0.3234 | Acc: 0.8889 | Prec: 0.8000 | Recall: 1.0000 | Spec: 0.8000
[2025-11-26 15:04:49,331 INFO main.train_one_fold]   Confusion: TP=4, TN=4, FP=1, FN=0
[2025-11-26 15:04:56,326 INFO main.train_one_fold] TRAIN CHUNK | Fold 3 | Epoch 016/100 | Loss: 0.2904 | Acc: 0.8891 | Prec: 0.8481 | Recall: 0.9363 | Spec: 0.8455
[2025-11-26 15:04:56,766 INFO main.train_one_fold] EVAL CHUNK | Fold 3 | Epoch 016/100 | Loss: 0.3321 | Acc: 0.8885 | Prec: 0.7947 | Recall: 1.0000 | Spec: 0.8038
[2025-11-26 15:04:56,767 INFO main.train_one_fold]   Confusion: TP=120, TN=127, FP=31, FN=0
[2025-11-26 15:04:56,767 INFO main.train_one_fold] EVAL SUBJECT | Fold 3 | Epoch 016/100 | Loss: 0.3321 | Acc: 0.8889 | Prec: 0.8000 | Recall: 1.0000 | Spec: 0.8000
[2025-11-26 15:04:56,767 INFO main.train_one_fold]   Confusion: TP=4, TN=4, FP=1, FN=0
[2025-11-26 15:05:01,739 INFO main.train_one_fold] TRAIN CHUNK | Fold 3 | Epoch 017/100 | Loss: 0.2880 | Acc: 0.8913 | Prec: 0.8527 | Recall: 0.9348 | Spec: 0.8512
[2025-11-26 15:05:02,131 INFO main.train_one_fold] EVAL CHUNK | Fold 3 | Epoch 017/100 | Loss: 0.3218 | Acc: 0.8921 | Prec: 0.8000 | Recall: 1.0000 | Spec: 0.8101
[2025-11-26 15:05:02,132 INFO main.train_one_fold]   Confusion: TP=120, TN=128, FP=30, FN=0
[2025-11-26 15:05:02,132 INFO main.train_one_fold] EVAL SUBJECT | Fold 3 | Epoch 017/100 | Loss: 0.3218 | Acc: 0.8889 | Prec: 0.8000 | Recall: 1.0000 | Spec: 0.8000
[2025-11-26 15:05:02,132 INFO main.train_one_fold]   Confusion: TP=4, TN=4, FP=1, FN=0
[2025-11-26 15:05:07,323 INFO main.train_one_fold] TRAIN CHUNK | Fold 3 | Epoch 018/100 | Loss: 0.2916 | Acc: 0.8809 | Prec: 0.8487 | Recall: 0.9146 | Spec: 0.8498
[2025-11-26 15:05:07,775 INFO main.train_one_fold] EVAL CHUNK | Fold 3 | Epoch 018/100 | Loss: 0.3389 | Acc: 0.8885 | Prec: 0.7947 | Recall: 1.0000 | Spec: 0.8038
[2025-11-26 15:05:07,776 INFO main.train_one_fold]   Confusion: TP=120, TN=127, FP=31, FN=0
[2025-11-26 15:05:07,776 INFO main.train_one_fold] EVAL SUBJECT | Fold 3 | Epoch 018/100 | Loss: 0.3389 | Acc: 0.8889 | Prec: 0.8000 | Recall: 1.0000 | Spec: 0.8000
[2025-11-26 15:05:07,776 INFO main.train_one_fold]   Confusion: TP=4, TN=4, FP=1, FN=0
[2025-11-26 15:05:13,240 INFO main.train_one_fold] TRAIN CHUNK | Fold 3 | Epoch 019/100 | Loss: 0.2827 | Acc: 0.8898 | Prec: 0.8513 | Recall: 0.9332 | Spec: 0.8498
[2025-11-26 15:05:13,665 INFO main.train_one_fold] EVAL CHUNK | Fold 3 | Epoch 019/100 | Loss: 0.3381 | Acc: 0.8885 | Prec: 0.7947 | Recall: 1.0000 | Spec: 0.8038
[2025-11-26 15:05:13,666 INFO main.train_one_fold]   Confusion: TP=120, TN=127, FP=31, FN=0
[2025-11-26 15:05:13,666 INFO main.train_one_fold] EVAL SUBJECT | Fold 3 | Epoch 019/100 | Loss: 0.3381 | Acc: 0.8889 | Prec: 0.8000 | Recall: 1.0000 | Spec: 0.8000
[2025-11-26 15:05:13,666 INFO main.train_one_fold]   Confusion: TP=4, TN=4, FP=1, FN=0
[2025-11-26 15:05:18,883 INFO main.train_one_fold] TRAIN CHUNK | Fold 3 | Epoch 020/100 | Loss: 0.2849 | Acc: 0.8853 | Prec: 0.8520 | Recall: 0.9208 | Spec: 0.8526
[2025-11-26 15:05:19,281 INFO main.train_one_fold] EVAL CHUNK | Fold 3 | Epoch 020/100 | Loss: 0.3308 | Acc: 0.8921 | Prec: 0.8000 | Recall: 1.0000 | Spec: 0.8101
[2025-11-26 15:05:19,282 INFO main.train_one_fold]   Confusion: TP=120, TN=128, FP=30, FN=0
[2025-11-26 15:05:19,282 INFO main.train_one_fold] EVAL SUBJECT | Fold 3 | Epoch 020/100 | Loss: 0.3308 | Acc: 0.8889 | Prec: 0.8000 | Recall: 1.0000 | Spec: 0.8000
[2025-11-26 15:05:19,282 INFO main.train_one_fold]   Confusion: TP=4, TN=4, FP=1, FN=0
[2025-11-26 15:05:19,301 INFO main.train_one_fold] Saved checkpoint: experiments/fp1_004_mdd_ec/fold_3_epoch_020.pth
[2025-11-26 15:05:25,259 INFO main.train_one_fold] TRAIN CHUNK | Fold 3 | Epoch 021/100 | Loss: 0.2799 | Acc: 0.8913 | Prec: 0.8578 | Recall: 0.9270 | Spec: 0.8584
[2025-11-26 15:05:25,677 INFO main.train_one_fold] EVAL CHUNK | Fold 3 | Epoch 021/100 | Loss: 0.3401 | Acc: 0.8921 | Prec: 0.8000 | Recall: 1.0000 | Spec: 0.8101
[2025-11-26 15:05:25,678 INFO main.train_one_fold]   Confusion: TP=120, TN=128, FP=30, FN=0
[2025-11-26 15:05:25,678 INFO main.train_one_fold] EVAL SUBJECT | Fold 3 | Epoch 021/100 | Loss: 0.3401 | Acc: 0.8889 | Prec: 0.8000 | Recall: 1.0000 | Spec: 0.8000
[2025-11-26 15:05:25,678 INFO main.train_one_fold]   Confusion: TP=4, TN=4, FP=1, FN=0
[2025-11-26 15:05:30,784 INFO main.train_one_fold] TRAIN CHUNK | Fold 3 | Epoch 022/100 | Loss: 0.2712 | Acc: 0.8935 | Prec: 0.8553 | Recall: 0.9363 | Spec: 0.8541
[2025-11-26 15:05:31,168 INFO main.train_one_fold] EVAL CHUNK | Fold 3 | Epoch 022/100 | Loss: 0.3331 | Acc: 0.8885 | Prec: 0.7987 | Recall: 0.9917 | Spec: 0.8101
[2025-11-26 15:05:31,168 INFO main.train_one_fold]   Confusion: TP=119, TN=128, FP=30, FN=1
[2025-11-26 15:05:31,169 INFO main.train_one_fold] EVAL SUBJECT | Fold 3 | Epoch 022/100 | Loss: 0.3331 | Acc: 0.8889 | Prec: 0.8000 | Recall: 1.0000 | Spec: 0.8000
[2025-11-26 15:05:31,169 INFO main.train_one_fold]   Confusion: TP=4, TN=4, FP=1, FN=0
[2025-11-26 15:05:36,309 INFO main.train_one_fold] TRAIN CHUNK | Fold 3 | Epoch 023/100 | Loss: 0.2709 | Acc: 0.8913 | Prec: 0.8619 | Recall: 0.9208 | Spec: 0.8641
[2025-11-26 15:05:36,815 INFO main.train_one_fold] EVAL CHUNK | Fold 3 | Epoch 023/100 | Loss: 0.3453 | Acc: 0.8885 | Prec: 0.7947 | Recall: 1.0000 | Spec: 0.8038
[2025-11-26 15:05:36,815 INFO main.train_one_fold]   Confusion: TP=120, TN=127, FP=31, FN=0
[2025-11-26 15:05:36,815 INFO main.train_one_fold] EVAL SUBJECT | Fold 3 | Epoch 023/100 | Loss: 0.3453 | Acc: 0.8889 | Prec: 0.8000 | Recall: 1.0000 | Spec: 0.8000
[2025-11-26 15:05:36,816 INFO main.train_one_fold]   Confusion: TP=4, TN=4, FP=1, FN=0
[2025-11-26 15:05:43,220 INFO main.train_one_fold] TRAIN CHUNK | Fold 3 | Epoch 024/100 | Loss: 0.2591 | Acc: 0.8928 | Prec: 0.8582 | Recall: 0.9301 | Spec: 0.8584
[2025-11-26 15:05:43,705 INFO main.train_one_fold] EVAL CHUNK | Fold 3 | Epoch 024/100 | Loss: 0.3596 | Acc: 0.8885 | Prec: 0.7947 | Recall: 1.0000 | Spec: 0.8038
[2025-11-26 15:05:43,706 INFO main.train_one_fold]   Confusion: TP=120, TN=127, FP=31, FN=0
[2025-11-26 15:05:43,706 INFO main.train_one_fold] EVAL SUBJECT | Fold 3 | Epoch 024/100 | Loss: 0.3596 | Acc: 0.8889 | Prec: 0.8000 | Recall: 1.0000 | Spec: 0.8000
[2025-11-26 15:05:43,706 INFO main.train_one_fold]   Confusion: TP=4, TN=4, FP=1, FN=0
[2025-11-26 15:05:52,367 INFO main.train_one_fold] TRAIN CHUNK | Fold 3 | Epoch 025/100 | Loss: 0.2584 | Acc: 0.8995 | Prec: 0.8651 | Recall: 0.9363 | Spec: 0.8655
[2025-11-26 15:05:52,988 INFO main.train_one_fold] EVAL CHUNK | Fold 3 | Epoch 025/100 | Loss: 0.3876 | Acc: 0.8885 | Prec: 0.7947 | Recall: 1.0000 | Spec: 0.8038
[2025-11-26 15:05:52,989 INFO main.train_one_fold]   Confusion: TP=120, TN=127, FP=31, FN=0
[2025-11-26 15:05:52,989 INFO main.train_one_fold] EVAL SUBJECT | Fold 3 | Epoch 025/100 | Loss: 0.3876 | Acc: 0.8889 | Prec: 0.8000 | Recall: 1.0000 | Spec: 0.8000
[2025-11-26 15:05:52,989 INFO main.train_one_fold]   Confusion: TP=4, TN=4, FP=1, FN=0
[2025-11-26 15:05:59,025 INFO main.train_one_fold] TRAIN CHUNK | Fold 3 | Epoch 026/100 | Loss: 0.2509 | Acc: 0.8958 | Prec: 0.8631 | Recall: 0.9301 | Spec: 0.8641
[2025-11-26 15:05:59,516 INFO main.train_one_fold] EVAL CHUNK | Fold 3 | Epoch 026/100 | Loss: 0.3592 | Acc: 0.8885 | Prec: 0.7947 | Recall: 1.0000 | Spec: 0.8038
[2025-11-26 15:05:59,516 INFO main.train_one_fold]   Confusion: TP=120, TN=127, FP=31, FN=0
[2025-11-26 15:05:59,516 INFO main.train_one_fold] EVAL SUBJECT | Fold 3 | Epoch 026/100 | Loss: 0.3592 | Acc: 0.8889 | Prec: 0.8000 | Recall: 1.0000 | Spec: 0.8000
[2025-11-26 15:05:59,516 INFO main.train_one_fold]   Confusion: TP=4, TN=4, FP=1, FN=0
[2025-11-26 15:05:59,516 INFO early_stopping.__call__] Early stopping triggered after 20 epochs without improvement. Best score: 0.7930 at epoch 6
[2025-11-26 15:05:59,517 INFO main.train_one_fold] Early stopping triggered at epoch 26
[2025-11-26 15:05:59,517 INFO main.train_one_fold] 
Fold 3 training completed. Best Combined Val Acc: 0.7930 at epoch 6
[2025-11-26 15:05:59,517 INFO main.train_cross_validation] ================================================================================
[2025-11-26 15:05:59,517 INFO main.train_cross_validation] FOLD 4/6
[2025-11-26 15:05:59,517 INFO main.train_cross_validation] ================================================================================
[2025-11-26 15:05:59,517 INFO main.get_datasets_for_fold] Train subjects (45): ['mdd:H S2', 'mdd:H S7', 'mdd:H S19', 'mdd:H S30', 'mdd:H S1', 'mdd:MDD S31', 'mdd:MDD S22', 'mdd:MDD S19', 'mdd:MDD S25', 'mdd:MDD S34', 'mdd:H S22', 'mdd:H S27', 'mdd:H S4', 'mdd:H S21', 'mdd:H S23', 'mdd:MDD S17', 'mdd:MDD S3', 'mdd:MDD S1', 'mdd:MDD S14', 'mdd:MDD S10', 'mdd:H S25', 'mdd:H S10', 'mdd:H S14', 'mdd:H S15', 'mdd:H S11', 'mdd:MDD S26', 'mdd:MDD S20', 'mdd:MDD S33', 'mdd:MDD S18', 'mdd:H S28', 'mdd:H S9', 'mdd:H S3', 'mdd:H S17', 'mdd:MDD S30', 'mdd:MDD S32', 'mdd:MDD S27', 'mdd:MDD S28', 'mdd:H S20', 'mdd:H S24', 'mdd:H S29', 'mdd:H S16', 'mdd:MDD S21', 'mdd:MDD S29', 'mdd:MDD S6', 'mdd:MDD S23']...
[2025-11-26 15:05:59,517 INFO main.get_datasets_for_fold] Val subjects (9): ['mdd:H S26', 'mdd:H S5', 'mdd:H S13', 'mdd:H S8', 'mdd:H S6', 'mdd:MDD S5', 'mdd:MDD S15', 'mdd:MDD S13', 'mdd:MDD S9']
[2025-11-26 15:05:59,518 INFO main.get_datasets_for_fold] Training chunks: 1350
[2025-11-26 15:05:59,518 INFO main.get_datasets_for_fold] Validation chunks: 271
[2025-11-26 15:05:59,530 INFO model.__init__] Initialized LSTM with input_size=1728, hidden_size=100, batch_first=True
[2025-11-26 15:05:59,531 INFO main.train_one_fold] Starting training for fold 4
[2025-11-26 15:06:05,320 INFO main.train_one_fold] TRAIN CHUNK | Fold 4 | Epoch 001/100 | Loss: 0.7095 | Acc: 0.4770 | Prec: 0.4770 | Recall: 1.0000 | Spec: 0.0000
[2025-11-26 15:06:05,882 INFO main.train_one_fold] EVAL CHUNK | Fold 4 | Epoch 001/100 | Loss: 0.7144 | Acc: 0.4428 | Prec: 0.4428 | Recall: 1.0000 | Spec: 0.0000
[2025-11-26 15:06:05,882 INFO main.train_one_fold]   Confusion: TP=120, TN=0, FP=151, FN=0
[2025-11-26 15:06:05,882 INFO main.train_one_fold] EVAL SUBJECT | Fold 4 | Epoch 001/100 | Loss: 0.7144 | Acc: 0.4444 | Prec: 0.4444 | Recall: 1.0000 | Spec: 0.0000
[2025-11-26 15:06:05,883 INFO main.train_one_fold]   Confusion: TP=4, TN=0, FP=5, FN=0
[2025-11-26 15:06:05,903 INFO main.train_one_fold] ✓ Saved best model: experiments/fp1_004_mdd_ec/fold_4_best.pth (combined=0.1968, chunk=0.4428, subject=0.4444)
[2025-11-26 15:06:05,904 INFO early_stopping.__call__] Early stopping initialized: best score 0.1968 at epoch 1
[2025-11-26 15:06:12,195 INFO main.train_one_fold] TRAIN CHUNK | Fold 4 | Epoch 002/100 | Loss: 0.7000 | Acc: 0.4859 | Prec: 0.4806 | Recall: 0.9627 | Spec: 0.0510
[2025-11-26 15:06:12,715 INFO main.train_one_fold] EVAL CHUNK | Fold 4 | Epoch 002/100 | Loss: 0.6887 | Acc: 0.7712 | Prec: 0.6933 | Recall: 0.8667 | Spec: 0.6954
[2025-11-26 15:06:12,715 INFO main.train_one_fold]   Confusion: TP=104, TN=105, FP=46, FN=16
[2025-11-26 15:06:12,715 INFO main.train_one_fold] EVAL SUBJECT | Fold 4 | Epoch 002/100 | Loss: 0.6887 | Acc: 0.6667 | Prec: 0.6000 | Recall: 0.7500 | Spec: 0.6000
[2025-11-26 15:06:12,716 INFO main.train_one_fold]   Confusion: TP=3, TN=3, FP=2, FN=1
[2025-11-26 15:06:12,753 INFO main.train_one_fold] ✓ Saved best model: experiments/fp1_004_mdd_ec/fold_4_best.pth (combined=0.5141, chunk=0.7712, subject=0.6667)
[2025-11-26 15:06:12,753 INFO early_stopping.__call__] Validation improved from 0.1968 to 0.5141 (+0.3173) at epoch 2
[2025-11-26 15:06:19,514 INFO main.train_one_fold] TRAIN CHUNK | Fold 4 | Epoch 003/100 | Loss: 0.6853 | Acc: 0.5622 | Prec: 0.5477 | Recall: 0.4720 | Spec: 0.6445
[2025-11-26 15:06:19,945 INFO main.train_one_fold] EVAL CHUNK | Fold 4 | Epoch 003/100 | Loss: 0.6547 | Acc: 0.5609 | Prec: 1.0000 | Recall: 0.0083 | Spec: 1.0000
[2025-11-26 15:06:19,945 INFO main.train_one_fold]   Confusion: TP=1, TN=151, FP=0, FN=119
[2025-11-26 15:06:19,946 INFO main.train_one_fold] EVAL SUBJECT | Fold 4 | Epoch 003/100 | Loss: 0.6547 | Acc: 0.5556 | Prec: 0.0000 | Recall: 0.0000 | Spec: 1.0000
[2025-11-26 15:06:19,946 INFO main.train_one_fold]   Confusion: TP=0, TN=5, FP=0, FN=4
[2025-11-26 15:06:25,829 INFO main.train_one_fold] TRAIN CHUNK | Fold 4 | Epoch 004/100 | Loss: 0.6572 | Acc: 0.6585 | Prec: 0.6951 | Recall: 0.5062 | Spec: 0.7975
[2025-11-26 15:06:26,363 INFO main.train_one_fold] EVAL CHUNK | Fold 4 | Epoch 004/100 | Loss: 0.5287 | Acc: 0.7454 | Prec: 1.0000 | Recall: 0.4250 | Spec: 1.0000
[2025-11-26 15:06:26,363 INFO main.train_one_fold]   Confusion: TP=51, TN=151, FP=0, FN=69
[2025-11-26 15:06:26,363 INFO main.train_one_fold] EVAL SUBJECT | Fold 4 | Epoch 004/100 | Loss: 0.5287 | Acc: 0.6667 | Prec: 1.0000 | Recall: 0.2500 | Spec: 1.0000
[2025-11-26 15:06:26,363 INFO main.train_one_fold]   Confusion: TP=1, TN=5, FP=0, FN=3
[2025-11-26 15:06:33,071 INFO main.train_one_fold] TRAIN CHUNK | Fold 4 | Epoch 005/100 | Loss: 0.5784 | Acc: 0.7526 | Prec: 0.8125 | Recall: 0.6258 | Spec: 0.8683
[2025-11-26 15:06:33,447 INFO main.train_one_fold] EVAL CHUNK | Fold 4 | Epoch 005/100 | Loss: 0.3525 | Acc: 0.9004 | Prec: 1.0000 | Recall: 0.7750 | Spec: 1.0000
[2025-11-26 15:06:33,448 INFO main.train_one_fold]   Confusion: TP=93, TN=151, FP=0, FN=27
[2025-11-26 15:06:33,448 INFO main.train_one_fold] EVAL SUBJECT | Fold 4 | Epoch 005/100 | Loss: 0.3525 | Acc: 0.8889 | Prec: 1.0000 | Recall: 0.7500 | Spec: 1.0000
[2025-11-26 15:06:33,448 INFO main.train_one_fold]   Confusion: TP=3, TN=5, FP=0, FN=1
[2025-11-26 15:06:33,473 INFO main.train_one_fold] ✓ Saved best model: experiments/fp1_004_mdd_ec/fold_4_best.pth (combined=0.8003, chunk=0.9004, subject=0.8889)
[2025-11-26 15:06:33,474 INFO early_stopping.__call__] Validation improved from 0.5141 to 0.8003 (+0.2862) at epoch 5
[2025-11-26 15:06:38,297 INFO main.train_one_fold] TRAIN CHUNK | Fold 4 | Epoch 006/100 | Loss: 0.4594 | Acc: 0.8207 | Prec: 0.7855 | Recall: 0.8587 | Spec: 0.7861
[2025-11-26 15:06:38,671 INFO main.train_one_fold] EVAL CHUNK | Fold 4 | Epoch 006/100 | Loss: 0.2660 | Acc: 0.9446 | Prec: 1.0000 | Recall: 0.8750 | Spec: 1.0000
[2025-11-26 15:06:38,671 INFO main.train_one_fold]   Confusion: TP=105, TN=151, FP=0, FN=15
[2025-11-26 15:06:38,671 INFO main.train_one_fold] EVAL SUBJECT | Fold 4 | Epoch 006/100 | Loss: 0.2660 | Acc: 0.8889 | Prec: 1.0000 | Recall: 0.7500 | Spec: 1.0000
[2025-11-26 15:06:38,671 INFO main.train_one_fold]   Confusion: TP=3, TN=5, FP=0, FN=1
[2025-11-26 15:06:38,698 INFO main.train_one_fold] ✓ Saved best model: experiments/fp1_004_mdd_ec/fold_4_best.pth (combined=0.8397, chunk=0.9446, subject=0.8889)
[2025-11-26 15:06:38,699 INFO early_stopping.__call__] Validation improved from 0.8003 to 0.8397 (+0.0394) at epoch 6
[2025-11-26 15:06:43,557 INFO main.train_one_fold] TRAIN CHUNK | Fold 4 | Epoch 007/100 | Loss: 0.3866 | Acc: 0.8467 | Prec: 0.7909 | Recall: 0.9224 | Spec: 0.7776
[2025-11-26 15:06:43,952 INFO main.train_one_fold] EVAL CHUNK | Fold 4 | Epoch 007/100 | Loss: 0.3111 | Acc: 0.9225 | Prec: 1.0000 | Recall: 0.8250 | Spec: 1.0000
[2025-11-26 15:06:43,953 INFO main.train_one_fold]   Confusion: TP=99, TN=151, FP=0, FN=21
[2025-11-26 15:06:43,953 INFO main.train_one_fold] EVAL SUBJECT | Fold 4 | Epoch 007/100 | Loss: 0.3111 | Acc: 0.8889 | Prec: 1.0000 | Recall: 0.7500 | Spec: 1.0000
[2025-11-26 15:06:43,953 INFO main.train_one_fold]   Confusion: TP=3, TN=5, FP=0, FN=1
[2025-11-26 15:06:49,028 INFO main.train_one_fold] TRAIN CHUNK | Fold 4 | Epoch 008/100 | Loss: 0.3560 | Acc: 0.8652 | Prec: 0.8064 | Recall: 0.9441 | Spec: 0.7932
[2025-11-26 15:06:49,414 INFO main.train_one_fold] EVAL CHUNK | Fold 4 | Epoch 008/100 | Loss: 0.3208 | Acc: 0.9299 | Prec: 1.0000 | Recall: 0.8417 | Spec: 1.0000
[2025-11-26 15:06:49,415 INFO main.train_one_fold]   Confusion: TP=101, TN=151, FP=0, FN=19
[2025-11-26 15:06:49,415 INFO main.train_one_fold] EVAL SUBJECT | Fold 4 | Epoch 008/100 | Loss: 0.3208 | Acc: 0.8889 | Prec: 1.0000 | Recall: 0.7500 | Spec: 1.0000
[2025-11-26 15:06:49,415 INFO main.train_one_fold]   Confusion: TP=3, TN=5, FP=0, FN=1
[2025-11-26 15:06:55,132 INFO main.train_one_fold] TRAIN CHUNK | Fold 4 | Epoch 009/100 | Loss: 0.3427 | Acc: 0.8674 | Prec: 0.8039 | Recall: 0.9550 | Spec: 0.7875
[2025-11-26 15:06:55,544 INFO main.train_one_fold] EVAL CHUNK | Fold 4 | Epoch 009/100 | Loss: 0.4342 | Acc: 0.8893 | Prec: 1.0000 | Recall: 0.7500 | Spec: 1.0000
[2025-11-26 15:06:55,544 INFO main.train_one_fold]   Confusion: TP=90, TN=151, FP=0, FN=30
[2025-11-26 15:06:55,544 INFO main.train_one_fold] EVAL SUBJECT | Fold 4 | Epoch 009/100 | Loss: 0.4342 | Acc: 0.8889 | Prec: 1.0000 | Recall: 0.7500 | Spec: 1.0000
[2025-11-26 15:06:55,545 INFO main.train_one_fold]   Confusion: TP=3, TN=5, FP=0, FN=1
[2025-11-26 15:07:00,916 INFO main.train_one_fold] TRAIN CHUNK | Fold 4 | Epoch 010/100 | Loss: 0.3390 | Acc: 0.8667 | Prec: 0.8110 | Recall: 0.9394 | Spec: 0.8003
[2025-11-26 15:07:01,295 INFO main.train_one_fold] EVAL CHUNK | Fold 4 | Epoch 010/100 | Loss: 0.3577 | Acc: 0.9041 | Prec: 1.0000 | Recall: 0.7833 | Spec: 1.0000
[2025-11-26 15:07:01,295 INFO main.train_one_fold]   Confusion: TP=94, TN=151, FP=0, FN=26
[2025-11-26 15:07:01,295 INFO main.train_one_fold] EVAL SUBJECT | Fold 4 | Epoch 010/100 | Loss: 0.3577 | Acc: 0.8889 | Prec: 1.0000 | Recall: 0.7500 | Spec: 1.0000
[2025-11-26 15:07:01,295 INFO main.train_one_fold]   Confusion: TP=3, TN=5, FP=0, FN=1
[2025-11-26 15:07:01,314 INFO main.train_one_fold] Saved checkpoint: experiments/fp1_004_mdd_ec/fold_4_epoch_010.pth
[2025-11-26 15:07:06,630 INFO main.train_one_fold] TRAIN CHUNK | Fold 4 | Epoch 011/100 | Loss: 0.3302 | Acc: 0.8770 | Prec: 0.8153 | Recall: 0.9596 | Spec: 0.8017
[2025-11-26 15:07:07,079 INFO main.train_one_fold] EVAL CHUNK | Fold 4 | Epoch 011/100 | Loss: 0.3711 | Acc: 0.8930 | Prec: 1.0000 | Recall: 0.7583 | Spec: 1.0000
[2025-11-26 15:07:07,079 INFO main.train_one_fold]   Confusion: TP=91, TN=151, FP=0, FN=29
[2025-11-26 15:07:07,079 INFO main.train_one_fold] EVAL SUBJECT | Fold 4 | Epoch 011/100 | Loss: 0.3711 | Acc: 0.8889 | Prec: 1.0000 | Recall: 0.7500 | Spec: 1.0000
[2025-11-26 15:07:07,079 INFO main.train_one_fold]   Confusion: TP=3, TN=5, FP=0, FN=1
[2025-11-26 15:07:12,243 INFO main.train_one_fold] TRAIN CHUNK | Fold 4 | Epoch 012/100 | Loss: 0.3276 | Acc: 0.8741 | Prec: 0.8168 | Recall: 0.9488 | Spec: 0.8059
[2025-11-26 15:07:12,732 INFO main.train_one_fold] EVAL CHUNK | Fold 4 | Epoch 012/100 | Loss: 0.3644 | Acc: 0.9004 | Prec: 1.0000 | Recall: 0.7750 | Spec: 1.0000
[2025-11-26 15:07:12,732 INFO main.train_one_fold]   Confusion: TP=93, TN=151, FP=0, FN=27
[2025-11-26 15:07:12,733 INFO main.train_one_fold] EVAL SUBJECT | Fold 4 | Epoch 012/100 | Loss: 0.3644 | Acc: 0.8889 | Prec: 1.0000 | Recall: 0.7500 | Spec: 1.0000
[2025-11-26 15:07:12,733 INFO main.train_one_fold]   Confusion: TP=3, TN=5, FP=0, FN=1
[2025-11-26 15:07:17,596 INFO main.train_one_fold] TRAIN CHUNK | Fold 4 | Epoch 013/100 | Loss: 0.3216 | Acc: 0.8770 | Prec: 0.8221 | Recall: 0.9472 | Spec: 0.8130
[2025-11-26 15:07:17,976 INFO main.train_one_fold] EVAL CHUNK | Fold 4 | Epoch 013/100 | Loss: 0.4043 | Acc: 0.8819 | Prec: 1.0000 | Recall: 0.7333 | Spec: 1.0000
[2025-11-26 15:07:17,976 INFO main.train_one_fold]   Confusion: TP=88, TN=151, FP=0, FN=32
[2025-11-26 15:07:17,976 INFO main.train_one_fold] EVAL SUBJECT | Fold 4 | Epoch 013/100 | Loss: 0.4043 | Acc: 0.8889 | Prec: 1.0000 | Recall: 0.7500 | Spec: 1.0000
[2025-11-26 15:07:17,976 INFO main.train_one_fold]   Confusion: TP=3, TN=5, FP=0, FN=1
[2025-11-26 15:07:22,723 INFO main.train_one_fold] TRAIN CHUNK | Fold 4 | Epoch 014/100 | Loss: 0.3358 | Acc: 0.8689 | Prec: 0.8151 | Recall: 0.9379 | Spec: 0.8059
[2025-11-26 15:07:23,094 INFO main.train_one_fold] EVAL CHUNK | Fold 4 | Epoch 014/100 | Loss: 0.4182 | Acc: 0.8745 | Prec: 1.0000 | Recall: 0.7167 | Spec: 1.0000
[2025-11-26 15:07:23,094 INFO main.train_one_fold]   Confusion: TP=86, TN=151, FP=0, FN=34
[2025-11-26 15:07:23,094 INFO main.train_one_fold] EVAL SUBJECT | Fold 4 | Epoch 014/100 | Loss: 0.4182 | Acc: 0.8889 | Prec: 1.0000 | Recall: 0.7500 | Spec: 1.0000
[2025-11-26 15:07:23,094 INFO main.train_one_fold]   Confusion: TP=3, TN=5, FP=0, FN=1
[2025-11-26 15:07:27,961 INFO main.train_one_fold] TRAIN CHUNK | Fold 4 | Epoch 015/100 | Loss: 0.3148 | Acc: 0.8785 | Prec: 0.8279 | Recall: 0.9410 | Spec: 0.8215
[2025-11-26 15:07:28,336 INFO main.train_one_fold] EVAL CHUNK | Fold 4 | Epoch 015/100 | Loss: 0.3953 | Acc: 0.8893 | Prec: 1.0000 | Recall: 0.7500 | Spec: 1.0000
[2025-11-26 15:07:28,336 INFO main.train_one_fold]   Confusion: TP=90, TN=151, FP=0, FN=30
[2025-11-26 15:07:28,337 INFO main.train_one_fold] EVAL SUBJECT | Fold 4 | Epoch 015/100 | Loss: 0.3953 | Acc: 0.8889 | Prec: 1.0000 | Recall: 0.7500 | Spec: 1.0000
[2025-11-26 15:07:28,337 INFO main.train_one_fold]   Confusion: TP=3, TN=5, FP=0, FN=1
[2025-11-26 15:07:33,274 INFO main.train_one_fold] TRAIN CHUNK | Fold 4 | Epoch 016/100 | Loss: 0.3066 | Acc: 0.8859 | Prec: 0.8329 | Recall: 0.9519 | Spec: 0.8258
[2025-11-26 15:07:33,649 INFO main.train_one_fold] EVAL CHUNK | Fold 4 | Epoch 016/100 | Loss: 0.4282 | Acc: 0.8782 | Prec: 1.0000 | Recall: 0.7250 | Spec: 1.0000
[2025-11-26 15:07:33,649 INFO main.train_one_fold]   Confusion: TP=87, TN=151, FP=0, FN=33
[2025-11-26 15:07:33,649 INFO main.train_one_fold] EVAL SUBJECT | Fold 4 | Epoch 016/100 | Loss: 0.4282 | Acc: 0.8889 | Prec: 1.0000 | Recall: 0.7500 | Spec: 1.0000
[2025-11-26 15:07:33,650 INFO main.train_one_fold]   Confusion: TP=3, TN=5, FP=0, FN=1
[2025-11-26 15:07:38,714 INFO main.train_one_fold] TRAIN CHUNK | Fold 4 | Epoch 017/100 | Loss: 0.3045 | Acc: 0.8881 | Prec: 0.8381 | Recall: 0.9488 | Spec: 0.8329
[2025-11-26 15:07:39,096 INFO main.train_one_fold] EVAL CHUNK | Fold 4 | Epoch 017/100 | Loss: 0.3841 | Acc: 0.8782 | Prec: 1.0000 | Recall: 0.7250 | Spec: 1.0000
[2025-11-26 15:07:39,097 INFO main.train_one_fold]   Confusion: TP=87, TN=151, FP=0, FN=33
[2025-11-26 15:07:39,097 INFO main.train_one_fold] EVAL SUBJECT | Fold 4 | Epoch 017/100 | Loss: 0.3841 | Acc: 0.8889 | Prec: 1.0000 | Recall: 0.7500 | Spec: 1.0000
[2025-11-26 15:07:39,097 INFO main.train_one_fold]   Confusion: TP=3, TN=5, FP=0, FN=1
[2025-11-26 15:07:44,027 INFO main.train_one_fold] TRAIN CHUNK | Fold 4 | Epoch 018/100 | Loss: 0.2955 | Acc: 0.8963 | Prec: 0.8510 | Recall: 0.9488 | Spec: 0.8484
[2025-11-26 15:07:44,429 INFO main.train_one_fold] EVAL CHUNK | Fold 4 | Epoch 018/100 | Loss: 0.3958 | Acc: 0.8819 | Prec: 1.0000 | Recall: 0.7333 | Spec: 1.0000
[2025-11-26 15:07:44,429 INFO main.train_one_fold]   Confusion: TP=88, TN=151, FP=0, FN=32
[2025-11-26 15:07:44,429 INFO main.train_one_fold] EVAL SUBJECT | Fold 4 | Epoch 018/100 | Loss: 0.3958 | Acc: 0.8889 | Prec: 1.0000 | Recall: 0.7500 | Spec: 1.0000
[2025-11-26 15:07:44,429 INFO main.train_one_fold]   Confusion: TP=3, TN=5, FP=0, FN=1
[2025-11-26 15:07:50,023 INFO main.train_one_fold] TRAIN CHUNK | Fold 4 | Epoch 019/100 | Loss: 0.2891 | Acc: 0.8970 | Prec: 0.8561 | Recall: 0.9425 | Spec: 0.8555
[2025-11-26 15:07:50,398 INFO main.train_one_fold] EVAL CHUNK | Fold 4 | Epoch 019/100 | Loss: 0.5063 | Acc: 0.8450 | Prec: 1.0000 | Recall: 0.6500 | Spec: 1.0000
[2025-11-26 15:07:50,398 INFO main.train_one_fold]   Confusion: TP=78, TN=151, FP=0, FN=42
[2025-11-26 15:07:50,399 INFO main.train_one_fold] EVAL SUBJECT | Fold 4 | Epoch 019/100 | Loss: 0.5063 | Acc: 0.8889 | Prec: 1.0000 | Recall: 0.7500 | Spec: 1.0000
[2025-11-26 15:07:50,399 INFO main.train_one_fold]   Confusion: TP=3, TN=5, FP=0, FN=1
[2025-11-26 15:07:55,846 INFO main.train_one_fold] TRAIN CHUNK | Fold 4 | Epoch 020/100 | Loss: 0.2864 | Acc: 0.8933 | Prec: 0.8415 | Recall: 0.9565 | Spec: 0.8357
[2025-11-26 15:07:56,317 INFO main.train_one_fold] EVAL CHUNK | Fold 4 | Epoch 020/100 | Loss: 0.5426 | Acc: 0.8044 | Prec: 1.0000 | Recall: 0.5583 | Spec: 1.0000
[2025-11-26 15:07:56,317 INFO main.train_one_fold]   Confusion: TP=67, TN=151, FP=0, FN=53
[2025-11-26 15:07:56,317 INFO main.train_one_fold] EVAL SUBJECT | Fold 4 | Epoch 020/100 | Loss: 0.5426 | Acc: 0.7778 | Prec: 1.0000 | Recall: 0.5000 | Spec: 1.0000
[2025-11-26 15:07:56,318 INFO main.train_one_fold]   Confusion: TP=2, TN=5, FP=0, FN=2
[2025-11-26 15:07:56,344 INFO main.train_one_fold] Saved checkpoint: experiments/fp1_004_mdd_ec/fold_4_epoch_020.pth
[2025-11-26 15:08:02,436 INFO main.train_one_fold] TRAIN CHUNK | Fold 4 | Epoch 021/100 | Loss: 0.2810 | Acc: 0.8896 | Prec: 0.8561 | Recall: 0.9239 | Spec: 0.8584
[2025-11-26 15:08:03,166 INFO main.train_one_fold] EVAL CHUNK | Fold 4 | Epoch 021/100 | Loss: 0.4424 | Acc: 0.8561 | Prec: 1.0000 | Recall: 0.6750 | Spec: 1.0000
[2025-11-26 15:08:03,169 INFO main.train_one_fold]   Confusion: TP=81, TN=151, FP=0, FN=39
[2025-11-26 15:08:03,169 INFO main.train_one_fold] EVAL SUBJECT | Fold 4 | Epoch 021/100 | Loss: 0.4424 | Acc: 0.8889 | Prec: 1.0000 | Recall: 0.7500 | Spec: 1.0000
[2025-11-26 15:08:03,170 INFO main.train_one_fold]   Confusion: TP=3, TN=5, FP=0, FN=1
[2025-11-26 15:08:09,999 INFO main.train_one_fold] TRAIN CHUNK | Fold 4 | Epoch 022/100 | Loss: 0.2678 | Acc: 0.9037 | Prec: 0.8651 | Recall: 0.9457 | Spec: 0.8654
[2025-11-26 15:08:10,433 INFO main.train_one_fold] EVAL CHUNK | Fold 4 | Epoch 022/100 | Loss: 0.4717 | Acc: 0.8376 | Prec: 1.0000 | Recall: 0.6333 | Spec: 1.0000
[2025-11-26 15:08:10,433 INFO main.train_one_fold]   Confusion: TP=76, TN=151, FP=0, FN=44
[2025-11-26 15:08:10,433 INFO main.train_one_fold] EVAL SUBJECT | Fold 4 | Epoch 022/100 | Loss: 0.4717 | Acc: 0.7778 | Prec: 1.0000 | Recall: 0.5000 | Spec: 1.0000
[2025-11-26 15:08:10,434 INFO main.train_one_fold]   Confusion: TP=2, TN=5, FP=0, FN=2
[2025-11-26 15:08:17,306 INFO main.train_one_fold] TRAIN CHUNK | Fold 4 | Epoch 023/100 | Loss: 0.2626 | Acc: 0.9067 | Prec: 0.8627 | Recall: 0.9565 | Spec: 0.8612
[2025-11-26 15:08:17,811 INFO main.train_one_fold] EVAL CHUNK | Fold 4 | Epoch 023/100 | Loss: 0.5644 | Acc: 0.8007 | Prec: 1.0000 | Recall: 0.5500 | Spec: 1.0000
[2025-11-26 15:08:17,811 INFO main.train_one_fold]   Confusion: TP=66, TN=151, FP=0, FN=54
[2025-11-26 15:08:17,811 INFO main.train_one_fold] EVAL SUBJECT | Fold 4 | Epoch 023/100 | Loss: 0.5644 | Acc: 0.7778 | Prec: 1.0000 | Recall: 0.5000 | Spec: 1.0000
[2025-11-26 15:08:17,811 INFO main.train_one_fold]   Confusion: TP=2, TN=5, FP=0, FN=2
[2025-11-26 15:08:24,439 INFO main.train_one_fold] TRAIN CHUNK | Fold 4 | Epoch 024/100 | Loss: 0.2541 | Acc: 0.9163 | Prec: 0.8887 | Recall: 0.9425 | Spec: 0.8924
[2025-11-26 15:08:25,070 INFO main.train_one_fold] EVAL CHUNK | Fold 4 | Epoch 024/100 | Loss: 0.5070 | Acc: 0.8303 | Prec: 0.9868 | Recall: 0.6250 | Spec: 0.9934
[2025-11-26 15:08:25,070 INFO main.train_one_fold]   Confusion: TP=75, TN=150, FP=1, FN=45
[2025-11-26 15:08:25,070 INFO main.train_one_fold] EVAL SUBJECT | Fold 4 | Epoch 024/100 | Loss: 0.5070 | Acc: 0.7778 | Prec: 1.0000 | Recall: 0.5000 | Spec: 1.0000
[2025-11-26 15:08:25,071 INFO main.train_one_fold]   Confusion: TP=2, TN=5, FP=0, FN=2
[2025-11-26 15:08:30,561 INFO main.train_one_fold] TRAIN CHUNK | Fold 4 | Epoch 025/100 | Loss: 0.2562 | Acc: 0.9096 | Prec: 0.8772 | Recall: 0.9425 | Spec: 0.8796
[2025-11-26 15:08:30,985 INFO main.train_one_fold] EVAL CHUNK | Fold 4 | Epoch 025/100 | Loss: 0.5538 | Acc: 0.8229 | Prec: 1.0000 | Recall: 0.6000 | Spec: 1.0000
[2025-11-26 15:08:30,986 INFO main.train_one_fold]   Confusion: TP=72, TN=151, FP=0, FN=48
[2025-11-26 15:08:30,986 INFO main.train_one_fold] EVAL SUBJECT | Fold 4 | Epoch 025/100 | Loss: 0.5538 | Acc: 0.7778 | Prec: 1.0000 | Recall: 0.5000 | Spec: 1.0000
[2025-11-26 15:08:30,986 INFO main.train_one_fold]   Confusion: TP=2, TN=5, FP=0, FN=2
[2025-11-26 15:08:36,478 INFO main.train_one_fold] TRAIN CHUNK | Fold 4 | Epoch 026/100 | Loss: 0.2482 | Acc: 0.9163 | Prec: 0.8809 | Recall: 0.9534 | Spec: 0.8824
[2025-11-26 15:08:36,876 INFO main.train_one_fold] EVAL CHUNK | Fold 4 | Epoch 026/100 | Loss: 0.5909 | Acc: 0.8155 | Prec: 1.0000 | Recall: 0.5833 | Spec: 1.0000
[2025-11-26 15:08:36,876 INFO main.train_one_fold]   Confusion: TP=70, TN=151, FP=0, FN=50
[2025-11-26 15:08:36,876 INFO main.train_one_fold] EVAL SUBJECT | Fold 4 | Epoch 026/100 | Loss: 0.5909 | Acc: 0.7778 | Prec: 1.0000 | Recall: 0.5000 | Spec: 1.0000
[2025-11-26 15:08:36,876 INFO main.train_one_fold]   Confusion: TP=2, TN=5, FP=0, FN=2
[2025-11-26 15:08:36,876 INFO early_stopping.__call__] Early stopping triggered after 20 epochs without improvement. Best score: 0.8397 at epoch 6
[2025-11-26 15:08:36,876 INFO main.train_one_fold] Early stopping triggered at epoch 26
[2025-11-26 15:08:36,876 INFO main.train_one_fold] 
Fold 4 training completed. Best Combined Val Acc: 0.8397 at epoch 6
[2025-11-26 15:08:36,876 INFO main.train_cross_validation] ================================================================================
[2025-11-26 15:08:36,876 INFO main.train_cross_validation] FOLD 5/6
[2025-11-26 15:08:36,876 INFO main.train_cross_validation] ================================================================================
[2025-11-26 15:08:36,877 INFO main.get_datasets_for_fold] Train subjects (46): ['mdd:H S2', 'mdd:H S7', 'mdd:H S19', 'mdd:H S30', 'mdd:H S1', 'mdd:MDD S31', 'mdd:MDD S22', 'mdd:MDD S19', 'mdd:MDD S25', 'mdd:MDD S34', 'mdd:H S22', 'mdd:H S27', 'mdd:H S4', 'mdd:H S21', 'mdd:H S23', 'mdd:MDD S17', 'mdd:MDD S3', 'mdd:MDD S1', 'mdd:MDD S14', 'mdd:MDD S10', 'mdd:H S25', 'mdd:H S10', 'mdd:H S14', 'mdd:H S15', 'mdd:H S11', 'mdd:MDD S26', 'mdd:MDD S20', 'mdd:MDD S33', 'mdd:MDD S18', 'mdd:H S26', 'mdd:H S5', 'mdd:H S13', 'mdd:H S8', 'mdd:H S6', 'mdd:MDD S5', 'mdd:MDD S15', 'mdd:MDD S13', 'mdd:MDD S9', 'mdd:H S20', 'mdd:H S24', 'mdd:H S29', 'mdd:H S16', 'mdd:MDD S21', 'mdd:MDD S29', 'mdd:MDD S6', 'mdd:MDD S23']...
[2025-11-26 15:08:36,877 INFO main.get_datasets_for_fold] Val subjects (8): ['mdd:H S28', 'mdd:H S9', 'mdd:H S3', 'mdd:H S17', 'mdd:MDD S30', 'mdd:MDD S32', 'mdd:MDD S27', 'mdd:MDD S28']
[2025-11-26 15:08:36,878 INFO main.get_datasets_for_fold] Training chunks: 1386
[2025-11-26 15:08:36,878 INFO main.get_datasets_for_fold] Validation chunks: 235
[2025-11-26 15:08:36,890 INFO model.__init__] Initialized LSTM with input_size=1728, hidden_size=100, batch_first=True
[2025-11-26 15:08:36,892 INFO main.train_one_fold] Starting training for fold 5
[2025-11-26 15:08:42,696 INFO main.train_one_fold] TRAIN CHUNK | Fold 5 | Epoch 001/100 | Loss: 0.6918 | Acc: 0.5310 | Prec: 0.0000 | Recall: 0.0000 | Spec: 1.0000
[2025-11-26 15:08:43,035 INFO main.train_one_fold] EVAL CHUNK | Fold 5 | Epoch 001/100 | Loss: 0.6947 | Acc: 0.5149 | Prec: 0.0000 | Recall: 0.0000 | Spec: 1.0000
[2025-11-26 15:08:43,035 INFO main.train_one_fold]   Confusion: TP=0, TN=121, FP=0, FN=114
[2025-11-26 15:08:43,035 INFO main.train_one_fold] EVAL SUBJECT | Fold 5 | Epoch 001/100 | Loss: 0.6947 | Acc: 0.5000 | Prec: 0.0000 | Recall: 0.0000 | Spec: 1.0000
[2025-11-26 15:08:43,035 INFO main.train_one_fold]   Confusion: TP=0, TN=4, FP=0, FN=4
[2025-11-26 15:08:43,059 INFO main.train_one_fold] ✓ Saved best model: experiments/fp1_004_mdd_ec/fold_5_best.pth (combined=0.2574, chunk=0.5149, subject=0.5000)
[2025-11-26 15:08:43,059 INFO early_stopping.__call__] Early stopping initialized: best score 0.2574 at epoch 1
[2025-11-26 15:08:48,409 INFO main.train_one_fold] TRAIN CHUNK | Fold 5 | Epoch 002/100 | Loss: 0.6899 | Acc: 0.5310 | Prec: 0.0000 | Recall: 0.0000 | Spec: 1.0000
[2025-11-26 15:08:48,868 INFO main.train_one_fold] EVAL CHUNK | Fold 5 | Epoch 002/100 | Loss: 0.6905 | Acc: 0.5149 | Prec: 0.0000 | Recall: 0.0000 | Spec: 1.0000
[2025-11-26 15:08:48,868 INFO main.train_one_fold]   Confusion: TP=0, TN=121, FP=0, FN=114
[2025-11-26 15:08:48,869 INFO main.train_one_fold] EVAL SUBJECT | Fold 5 | Epoch 002/100 | Loss: 0.6905 | Acc: 0.5000 | Prec: 0.0000 | Recall: 0.0000 | Spec: 1.0000
[2025-11-26 15:08:48,869 INFO main.train_one_fold]   Confusion: TP=0, TN=4, FP=0, FN=4
[2025-11-26 15:08:54,618 INFO main.train_one_fold] TRAIN CHUNK | Fold 5 | Epoch 003/100 | Loss: 0.6741 | Acc: 0.5491 | Prec: 0.9032 | Recall: 0.0431 | Spec: 0.9959
[2025-11-26 15:08:54,968 INFO main.train_one_fold] EVAL CHUNK | Fold 5 | Epoch 003/100 | Loss: 0.6251 | Acc: 0.6638 | Prec: 1.0000 | Recall: 0.3070 | Spec: 1.0000
[2025-11-26 15:08:54,968 INFO main.train_one_fold]   Confusion: TP=35, TN=121, FP=0, FN=79
[2025-11-26 15:08:54,968 INFO main.train_one_fold] EVAL SUBJECT | Fold 5 | Epoch 003/100 | Loss: 0.6251 | Acc: 0.7500 | Prec: 1.0000 | Recall: 0.5000 | Spec: 1.0000
[2025-11-26 15:08:54,968 INFO main.train_one_fold]   Confusion: TP=2, TN=4, FP=0, FN=2
[2025-11-26 15:08:55,002 INFO main.train_one_fold] ✓ Saved best model: experiments/fp1_004_mdd_ec/fold_5_best.pth (combined=0.4979, chunk=0.6638, subject=0.7500)
[2025-11-26 15:08:55,002 INFO early_stopping.__call__] Validation improved from 0.2574 to 0.4979 (+0.2404) at epoch 3
[2025-11-26 15:09:00,209 INFO main.train_one_fold] TRAIN CHUNK | Fold 5 | Epoch 004/100 | Loss: 0.5600 | Acc: 0.7460 | Prec: 0.8016 | Recall: 0.6092 | Spec: 0.8668
[2025-11-26 15:09:00,540 INFO main.train_one_fold] EVAL CHUNK | Fold 5 | Epoch 004/100 | Loss: 0.3822 | Acc: 0.8511 | Prec: 0.8160 | Recall: 0.8947 | Spec: 0.8099
[2025-11-26 15:09:00,541 INFO main.train_one_fold]   Confusion: TP=102, TN=98, FP=23, FN=12
[2025-11-26 15:09:00,541 INFO main.train_one_fold] EVAL SUBJECT | Fold 5 | Epoch 004/100 | Loss: 0.3822 | Acc: 0.8750 | Prec: 0.8000 | Recall: 1.0000 | Spec: 0.7500
[2025-11-26 15:09:00,541 INFO main.train_one_fold]   Confusion: TP=4, TN=3, FP=1, FN=0
[2025-11-26 15:09:00,566 INFO main.train_one_fold] ✓ Saved best model: experiments/fp1_004_mdd_ec/fold_5_best.pth (combined=0.7447, chunk=0.8511, subject=0.8750)
[2025-11-26 15:09:00,567 INFO early_stopping.__call__] Validation improved from 0.4979 to 0.7447 (+0.2468) at epoch 4
[2025-11-26 15:09:09,747 INFO main.train_one_fold] TRAIN CHUNK | Fold 5 | Epoch 005/100 | Loss: 0.4108 | Acc: 0.8304 | Prec: 0.7927 | Recall: 0.8646 | Spec: 0.8003
[2025-11-26 15:09:10,276 INFO main.train_one_fold] EVAL CHUNK | Fold 5 | Epoch 005/100 | Loss: 0.3219 | Acc: 0.8681 | Prec: 0.7943 | Recall: 0.9825 | Spec: 0.7603
[2025-11-26 15:09:10,277 INFO main.train_one_fold]   Confusion: TP=112, TN=92, FP=29, FN=2
[2025-11-26 15:09:10,277 INFO main.train_one_fold] EVAL SUBJECT | Fold 5 | Epoch 005/100 | Loss: 0.3219 | Acc: 0.8750 | Prec: 0.8000 | Recall: 1.0000 | Spec: 0.7500
[2025-11-26 15:09:10,277 INFO main.train_one_fold]   Confusion: TP=4, TN=3, FP=1, FN=0
[2025-11-26 15:09:10,314 INFO main.train_one_fold] ✓ Saved best model: experiments/fp1_004_mdd_ec/fold_5_best.pth (combined=0.7596, chunk=0.8681, subject=0.8750)
[2025-11-26 15:09:10,315 INFO early_stopping.__call__] Validation improved from 0.7447 to 0.7596 (+0.0149) at epoch 5
[2025-11-26 15:09:16,241 INFO main.train_one_fold] TRAIN CHUNK | Fold 5 | Epoch 006/100 | Loss: 0.3592 | Acc: 0.8608 | Prec: 0.7987 | Recall: 0.9400 | Spec: 0.7908
[2025-11-26 15:09:16,773 INFO main.train_one_fold] EVAL CHUNK | Fold 5 | Epoch 006/100 | Loss: 0.1656 | Acc: 0.9745 | Prec: 0.9655 | Recall: 0.9825 | Spec: 0.9669
[2025-11-26 15:09:16,773 INFO main.train_one_fold]   Confusion: TP=112, TN=117, FP=4, FN=2
[2025-11-26 15:09:16,774 INFO main.train_one_fold] EVAL SUBJECT | Fold 5 | Epoch 006/100 | Loss: 0.1656 | Acc: 1.0000 | Prec: 1.0000 | Recall: 1.0000 | Spec: 1.0000
[2025-11-26 15:09:16,774 INFO main.train_one_fold]   Confusion: TP=4, TN=4, FP=0, FN=0
[2025-11-26 15:09:16,812 INFO main.train_one_fold] ✓ Saved best model: experiments/fp1_004_mdd_ec/fold_5_best.pth (combined=0.9745, chunk=0.9745, subject=1.0000)
[2025-11-26 15:09:16,812 INFO early_stopping.__call__] Validation improved from 0.7596 to 0.9745 (+0.2149) at epoch 6
[2025-11-26 15:09:22,688 INFO main.train_one_fold] TRAIN CHUNK | Fold 5 | Epoch 007/100 | Loss: 0.3371 | Acc: 0.8694 | Prec: 0.8090 | Recall: 0.9446 | Spec: 0.8030
[2025-11-26 15:09:23,016 INFO main.train_one_fold] EVAL CHUNK | Fold 5 | Epoch 007/100 | Loss: 0.1503 | Acc: 0.9915 | Prec: 1.0000 | Recall: 0.9825 | Spec: 1.0000
[2025-11-26 15:09:23,016 INFO main.train_one_fold]   Confusion: TP=112, TN=121, FP=0, FN=2
[2025-11-26 15:09:23,017 INFO main.train_one_fold] EVAL SUBJECT | Fold 5 | Epoch 007/100 | Loss: 0.1503 | Acc: 1.0000 | Prec: 1.0000 | Recall: 1.0000 | Spec: 1.0000
[2025-11-26 15:09:23,017 INFO main.train_one_fold]   Confusion: TP=4, TN=4, FP=0, FN=0
[2025-11-26 15:09:23,045 INFO main.train_one_fold] ✓ Saved best model: experiments/fp1_004_mdd_ec/fold_5_best.pth (combined=0.9915, chunk=0.9915, subject=1.0000)
[2025-11-26 15:09:23,045 INFO early_stopping.__call__] Validation improved from 0.9745 to 0.9915 (+0.0170) at epoch 7
[2025-11-26 15:09:29,118 INFO main.train_one_fold] TRAIN CHUNK | Fold 5 | Epoch 008/100 | Loss: 0.3400 | Acc: 0.8608 | Prec: 0.8075 | Recall: 0.9231 | Spec: 0.8057
[2025-11-26 15:09:29,616 INFO main.train_one_fold] EVAL CHUNK | Fold 5 | Epoch 008/100 | Loss: 0.1552 | Acc: 0.9872 | Prec: 0.9912 | Recall: 0.9825 | Spec: 0.9917
[2025-11-26 15:09:29,617 INFO main.train_one_fold]   Confusion: TP=112, TN=120, FP=1, FN=2
[2025-11-26 15:09:29,617 INFO main.train_one_fold] EVAL SUBJECT | Fold 5 | Epoch 008/100 | Loss: 0.1552 | Acc: 1.0000 | Prec: 1.0000 | Recall: 1.0000 | Spec: 1.0000
[2025-11-26 15:09:29,617 INFO main.train_one_fold]   Confusion: TP=4, TN=4, FP=0, FN=0
[2025-11-26 15:09:38,149 INFO main.train_one_fold] TRAIN CHUNK | Fold 5 | Epoch 009/100 | Loss: 0.3432 | Acc: 0.8687 | Prec: 0.8047 | Recall: 0.9508 | Spec: 0.7962
[2025-11-26 15:09:38,672 INFO main.train_one_fold] EVAL CHUNK | Fold 5 | Epoch 009/100 | Loss: 0.1588 | Acc: 0.9872 | Prec: 1.0000 | Recall: 0.9737 | Spec: 1.0000
[2025-11-26 15:09:38,672 INFO main.train_one_fold]   Confusion: TP=111, TN=121, FP=0, FN=3
[2025-11-26 15:09:38,672 INFO main.train_one_fold] EVAL SUBJECT | Fold 5 | Epoch 009/100 | Loss: 0.1588 | Acc: 1.0000 | Prec: 1.0000 | Recall: 1.0000 | Spec: 1.0000
[2025-11-26 15:09:38,673 INFO main.train_one_fold]   Confusion: TP=4, TN=4, FP=0, FN=0
[2025-11-26 15:09:46,628 INFO main.train_one_fold] TRAIN CHUNK | Fold 5 | Epoch 010/100 | Loss: 0.3189 | Acc: 0.8709 | Prec: 0.8127 | Recall: 0.9415 | Spec: 0.8084
[2025-11-26 15:09:47,212 INFO main.train_one_fold] EVAL CHUNK | Fold 5 | Epoch 010/100 | Loss: 0.1656 | Acc: 0.9702 | Prec: 1.0000 | Recall: 0.9386 | Spec: 1.0000
[2025-11-26 15:09:47,212 INFO main.train_one_fold]   Confusion: TP=107, TN=121, FP=0, FN=7
[2025-11-26 15:09:47,212 INFO main.train_one_fold] EVAL SUBJECT | Fold 5 | Epoch 010/100 | Loss: 0.1656 | Acc: 1.0000 | Prec: 1.0000 | Recall: 1.0000 | Spec: 1.0000
[2025-11-26 15:09:47,212 INFO main.train_one_fold]   Confusion: TP=4, TN=4, FP=0, FN=0
[2025-11-26 15:09:47,232 INFO main.train_one_fold] Saved checkpoint: experiments/fp1_004_mdd_ec/fold_5_epoch_010.pth
[2025-11-26 15:09:55,399 INFO main.train_one_fold] TRAIN CHUNK | Fold 5 | Epoch 011/100 | Loss: 0.3322 | Acc: 0.8737 | Prec: 0.8146 | Recall: 0.9462 | Spec: 0.8098
[2025-11-26 15:09:55,974 INFO main.train_one_fold] EVAL CHUNK | Fold 5 | Epoch 011/100 | Loss: 0.2026 | Acc: 0.9319 | Prec: 1.0000 | Recall: 0.8596 | Spec: 1.0000
[2025-11-26 15:09:55,974 INFO main.train_one_fold]   Confusion: TP=98, TN=121, FP=0, FN=16
[2025-11-26 15:09:55,974 INFO main.train_one_fold] EVAL SUBJECT | Fold 5 | Epoch 011/100 | Loss: 0.2026 | Acc: 1.0000 | Prec: 1.0000 | Recall: 1.0000 | Spec: 1.0000
[2025-11-26 15:09:55,974 INFO main.train_one_fold]   Confusion: TP=4, TN=4, FP=0, FN=0
[2025-11-26 15:10:04,474 INFO main.train_one_fold] TRAIN CHUNK | Fold 5 | Epoch 012/100 | Loss: 0.3190 | Acc: 0.8680 | Prec: 0.8134 | Recall: 0.9323 | Spec: 0.8111
[2025-11-26 15:10:05,063 INFO main.train_one_fold] EVAL CHUNK | Fold 5 | Epoch 012/100 | Loss: 0.1891 | Acc: 0.9574 | Prec: 1.0000 | Recall: 0.9123 | Spec: 1.0000
[2025-11-26 15:10:05,064 INFO main.train_one_fold]   Confusion: TP=104, TN=121, FP=0, FN=10
[2025-11-26 15:10:05,064 INFO main.train_one_fold] EVAL SUBJECT | Fold 5 | Epoch 012/100 | Loss: 0.1891 | Acc: 1.0000 | Prec: 1.0000 | Recall: 1.0000 | Spec: 1.0000
[2025-11-26 15:10:05,064 INFO main.train_one_fold]   Confusion: TP=4, TN=4, FP=0, FN=0
[2025-11-26 15:10:13,833 INFO main.train_one_fold] TRAIN CHUNK | Fold 5 | Epoch 013/100 | Loss: 0.3188 | Acc: 0.8694 | Prec: 0.8106 | Recall: 0.9415 | Spec: 0.8057
[2025-11-26 15:10:14,324 INFO main.train_one_fold] EVAL CHUNK | Fold 5 | Epoch 013/100 | Loss: 0.2305 | Acc: 0.9106 | Prec: 1.0000 | Recall: 0.8158 | Spec: 1.0000
[2025-11-26 15:10:14,324 INFO main.train_one_fold]   Confusion: TP=93, TN=121, FP=0, FN=21
[2025-11-26 15:10:14,324 INFO main.train_one_fold] EVAL SUBJECT | Fold 5 | Epoch 013/100 | Loss: 0.2305 | Acc: 1.0000 | Prec: 1.0000 | Recall: 1.0000 | Spec: 1.0000
[2025-11-26 15:10:14,324 INFO main.train_one_fold]   Confusion: TP=4, TN=4, FP=0, FN=0
[2025-11-26 15:10:22,495 INFO main.train_one_fold] TRAIN CHUNK | Fold 5 | Epoch 014/100 | Loss: 0.3167 | Acc: 0.8694 | Prec: 0.8173 | Recall: 0.9292 | Spec: 0.8166
[2025-11-26 15:10:23,084 INFO main.train_one_fold] EVAL CHUNK | Fold 5 | Epoch 014/100 | Loss: 0.1817 | Acc: 0.9489 | Prec: 0.9904 | Recall: 0.9035 | Spec: 0.9917
[2025-11-26 15:10:23,085 INFO main.train_one_fold]   Confusion: TP=103, TN=120, FP=1, FN=11
[2025-11-26 15:10:23,085 INFO main.train_one_fold] EVAL SUBJECT | Fold 5 | Epoch 014/100 | Loss: 0.1817 | Acc: 1.0000 | Prec: 1.0000 | Recall: 1.0000 | Spec: 1.0000
[2025-11-26 15:10:23,085 INFO main.train_one_fold]   Confusion: TP=4, TN=4, FP=0, FN=0
[2025-11-26 15:10:30,110 INFO main.train_one_fold] TRAIN CHUNK | Fold 5 | Epoch 015/100 | Loss: 0.3098 | Acc: 0.8824 | Prec: 0.8286 | Recall: 0.9446 | Spec: 0.8274
[2025-11-26 15:10:30,575 INFO main.train_one_fold] EVAL CHUNK | Fold 5 | Epoch 015/100 | Loss: 0.3218 | Acc: 0.9021 | Prec: 1.0000 | Recall: 0.7982 | Spec: 1.0000
[2025-11-26 15:10:30,575 INFO main.train_one_fold]   Confusion: TP=91, TN=121, FP=0, FN=23
[2025-11-26 15:10:30,575 INFO main.train_one_fold] EVAL SUBJECT | Fold 5 | Epoch 015/100 | Loss: 0.3218 | Acc: 0.8750 | Prec: 1.0000 | Recall: 0.7500 | Spec: 1.0000
[2025-11-26 15:10:30,575 INFO main.train_one_fold]   Confusion: TP=3, TN=4, FP=0, FN=1
[2025-11-26 15:10:36,878 INFO main.train_one_fold] TRAIN CHUNK | Fold 5 | Epoch 016/100 | Loss: 0.3150 | Acc: 0.8730 | Prec: 0.8152 | Recall: 0.9431 | Spec: 0.8111
[2025-11-26 15:10:37,223 INFO main.train_one_fold] EVAL CHUNK | Fold 5 | Epoch 016/100 | Loss: 0.3323 | Acc: 0.8979 | Prec: 1.0000 | Recall: 0.7895 | Spec: 1.0000
[2025-11-26 15:10:37,223 INFO main.train_one_fold]   Confusion: TP=90, TN=121, FP=0, FN=24
[2025-11-26 15:10:37,224 INFO main.train_one_fold] EVAL SUBJECT | Fold 5 | Epoch 016/100 | Loss: 0.3323 | Acc: 0.8750 | Prec: 1.0000 | Recall: 0.7500 | Spec: 1.0000
[2025-11-26 15:10:37,224 INFO main.train_one_fold]   Confusion: TP=3, TN=4, FP=0, FN=1
[2025-11-26 15:10:42,811 INFO main.train_one_fold] TRAIN CHUNK | Fold 5 | Epoch 017/100 | Loss: 0.3170 | Acc: 0.8759 | Prec: 0.8187 | Recall: 0.9446 | Spec: 0.8152
[2025-11-26 15:10:43,163 INFO main.train_one_fold] EVAL CHUNK | Fold 5 | Epoch 017/100 | Loss: 0.2988 | Acc: 0.8979 | Prec: 1.0000 | Recall: 0.7895 | Spec: 1.0000
[2025-11-26 15:10:43,163 INFO main.train_one_fold]   Confusion: TP=90, TN=121, FP=0, FN=24
[2025-11-26 15:10:43,163 INFO main.train_one_fold] EVAL SUBJECT | Fold 5 | Epoch 017/100 | Loss: 0.2988 | Acc: 0.8750 | Prec: 1.0000 | Recall: 0.7500 | Spec: 1.0000
[2025-11-26 15:10:43,163 INFO main.train_one_fold]   Confusion: TP=3, TN=4, FP=0, FN=1
[2025-11-26 15:10:51,595 INFO main.train_one_fold] TRAIN CHUNK | Fold 5 | Epoch 018/100 | Loss: 0.2948 | Acc: 0.8781 | Prec: 0.8194 | Recall: 0.9492 | Spec: 0.8152
[2025-11-26 15:10:52,900 INFO main.train_one_fold] EVAL CHUNK | Fold 5 | Epoch 018/100 | Loss: 0.4279 | Acc: 0.8638 | Prec: 1.0000 | Recall: 0.7193 | Spec: 1.0000
[2025-11-26 15:10:52,901 INFO main.train_one_fold]   Confusion: TP=82, TN=121, FP=0, FN=32
[2025-11-26 15:10:52,901 INFO main.train_one_fold] EVAL SUBJECT | Fold 5 | Epoch 018/100 | Loss: 0.4279 | Acc: 0.8750 | Prec: 1.0000 | Recall: 0.7500 | Spec: 1.0000
[2025-11-26 15:10:52,901 INFO main.train_one_fold]   Confusion: TP=3, TN=4, FP=0, FN=1
[2025-11-26 15:10:59,494 INFO main.train_one_fold] TRAIN CHUNK | Fold 5 | Epoch 019/100 | Loss: 0.3004 | Acc: 0.8788 | Prec: 0.8222 | Recall: 0.9462 | Spec: 0.8193
[2025-11-26 15:10:59,882 INFO main.train_one_fold] EVAL CHUNK | Fold 5 | Epoch 019/100 | Loss: 0.4143 | Acc: 0.8681 | Prec: 1.0000 | Recall: 0.7281 | Spec: 1.0000
[2025-11-26 15:10:59,883 INFO main.train_one_fold]   Confusion: TP=83, TN=121, FP=0, FN=31
[2025-11-26 15:10:59,883 INFO main.train_one_fold] EVAL SUBJECT | Fold 5 | Epoch 019/100 | Loss: 0.4143 | Acc: 0.8750 | Prec: 1.0000 | Recall: 0.7500 | Spec: 1.0000
[2025-11-26 15:10:59,883 INFO main.train_one_fold]   Confusion: TP=3, TN=4, FP=0, FN=1
[2025-11-26 15:11:06,217 INFO main.train_one_fold] TRAIN CHUNK | Fold 5 | Epoch 020/100 | Loss: 0.3124 | Acc: 0.8788 | Prec: 0.8301 | Recall: 0.9323 | Spec: 0.8315
[2025-11-26 15:11:06,608 INFO main.train_one_fold] EVAL CHUNK | Fold 5 | Epoch 020/100 | Loss: 0.3338 | Acc: 0.8809 | Prec: 1.0000 | Recall: 0.7544 | Spec: 1.0000
[2025-11-26 15:11:06,609 INFO main.train_one_fold]   Confusion: TP=86, TN=121, FP=0, FN=28
[2025-11-26 15:11:06,609 INFO main.train_one_fold] EVAL SUBJECT | Fold 5 | Epoch 020/100 | Loss: 0.3338 | Acc: 0.8750 | Prec: 1.0000 | Recall: 0.7500 | Spec: 1.0000
[2025-11-26 15:11:06,609 INFO main.train_one_fold]   Confusion: TP=3, TN=4, FP=0, FN=1
[2025-11-26 15:11:06,628 INFO main.train_one_fold] Saved checkpoint: experiments/fp1_004_mdd_ec/fold_5_epoch_020.pth
[2025-11-26 15:11:12,633 INFO main.train_one_fold] TRAIN CHUNK | Fold 5 | Epoch 021/100 | Loss: 0.2945 | Acc: 0.8773 | Prec: 0.8252 | Recall: 0.9369 | Spec: 0.8247
[2025-11-26 15:11:13,525 INFO main.train_one_fold] EVAL CHUNK | Fold 5 | Epoch 021/100 | Loss: 0.4023 | Acc: 0.8723 | Prec: 1.0000 | Recall: 0.7368 | Spec: 1.0000
[2025-11-26 15:11:13,525 INFO main.train_one_fold]   Confusion: TP=84, TN=121, FP=0, FN=30
[2025-11-26 15:11:13,525 INFO main.train_one_fold] EVAL SUBJECT | Fold 5 | Epoch 021/100 | Loss: 0.4023 | Acc: 0.8750 | Prec: 1.0000 | Recall: 0.7500 | Spec: 1.0000
[2025-11-26 15:11:13,525 INFO main.train_one_fold]   Confusion: TP=3, TN=4, FP=0, FN=1
[2025-11-26 15:11:19,617 INFO main.train_one_fold] TRAIN CHUNK | Fold 5 | Epoch 022/100 | Loss: 0.3019 | Acc: 0.8824 | Prec: 0.8295 | Recall: 0.9431 | Spec: 0.8288
[2025-11-26 15:11:19,955 INFO main.train_one_fold] EVAL CHUNK | Fold 5 | Epoch 022/100 | Loss: 0.4113 | Acc: 0.8723 | Prec: 1.0000 | Recall: 0.7368 | Spec: 1.0000
[2025-11-26 15:11:19,955 INFO main.train_one_fold]   Confusion: TP=84, TN=121, FP=0, FN=30
[2025-11-26 15:11:19,955 INFO main.train_one_fold] EVAL SUBJECT | Fold 5 | Epoch 022/100 | Loss: 0.4113 | Acc: 0.8750 | Prec: 1.0000 | Recall: 0.7500 | Spec: 1.0000
[2025-11-26 15:11:19,955 INFO main.train_one_fold]   Confusion: TP=3, TN=4, FP=0, FN=1
[2025-11-26 15:11:25,078 INFO main.train_one_fold] TRAIN CHUNK | Fold 5 | Epoch 023/100 | Loss: 0.2885 | Acc: 0.8860 | Prec: 0.8351 | Recall: 0.9431 | Spec: 0.8356
[2025-11-26 15:11:25,416 INFO main.train_one_fold] EVAL CHUNK | Fold 5 | Epoch 023/100 | Loss: 0.3126 | Acc: 0.8936 | Prec: 1.0000 | Recall: 0.7807 | Spec: 1.0000
[2025-11-26 15:11:25,417 INFO main.train_one_fold]   Confusion: TP=89, TN=121, FP=0, FN=25
[2025-11-26 15:11:25,417 INFO main.train_one_fold] EVAL SUBJECT | Fold 5 | Epoch 023/100 | Loss: 0.3126 | Acc: 0.8750 | Prec: 1.0000 | Recall: 0.7500 | Spec: 1.0000
[2025-11-26 15:11:25,417 INFO main.train_one_fold]   Confusion: TP=3, TN=4, FP=0, FN=1
[2025-11-26 15:11:31,363 INFO main.train_one_fold] TRAIN CHUNK | Fold 5 | Epoch 024/100 | Loss: 0.2807 | Acc: 0.8860 | Prec: 0.8333 | Recall: 0.9462 | Spec: 0.8329
[2025-11-26 15:11:31,695 INFO main.train_one_fold] EVAL CHUNK | Fold 5 | Epoch 024/100 | Loss: 0.3820 | Acc: 0.8809 | Prec: 1.0000 | Recall: 0.7544 | Spec: 1.0000
[2025-11-26 15:11:31,695 INFO main.train_one_fold]   Confusion: TP=86, TN=121, FP=0, FN=28
[2025-11-26 15:11:31,695 INFO main.train_one_fold] EVAL SUBJECT | Fold 5 | Epoch 024/100 | Loss: 0.3820 | Acc: 0.8750 | Prec: 1.0000 | Recall: 0.7500 | Spec: 1.0000
[2025-11-26 15:11:31,695 INFO main.train_one_fold]   Confusion: TP=3, TN=4, FP=0, FN=1
[2025-11-26 15:11:36,647 INFO main.train_one_fold] TRAIN CHUNK | Fold 5 | Epoch 025/100 | Loss: 0.2904 | Acc: 0.8795 | Prec: 0.8268 | Recall: 0.9400 | Spec: 0.8261
[2025-11-26 15:11:36,975 INFO main.train_one_fold] EVAL CHUNK | Fold 5 | Epoch 025/100 | Loss: 0.3773 | Acc: 0.8723 | Prec: 1.0000 | Recall: 0.7368 | Spec: 1.0000
[2025-11-26 15:11:36,975 INFO main.train_one_fold]   Confusion: TP=84, TN=121, FP=0, FN=30
[2025-11-26 15:11:36,975 INFO main.train_one_fold] EVAL SUBJECT | Fold 5 | Epoch 025/100 | Loss: 0.3773 | Acc: 0.8750 | Prec: 1.0000 | Recall: 0.7500 | Spec: 1.0000
[2025-11-26 15:11:36,975 INFO main.train_one_fold]   Confusion: TP=3, TN=4, FP=0, FN=1
[2025-11-26 15:11:42,007 INFO main.train_one_fold] TRAIN CHUNK | Fold 5 | Epoch 026/100 | Loss: 0.2774 | Acc: 0.8831 | Prec: 0.8342 | Recall: 0.9369 | Spec: 0.8356
[2025-11-26 15:11:42,366 INFO main.train_one_fold] EVAL CHUNK | Fold 5 | Epoch 026/100 | Loss: 0.3398 | Acc: 0.8894 | Prec: 1.0000 | Recall: 0.7719 | Spec: 1.0000
[2025-11-26 15:11:42,366 INFO main.train_one_fold]   Confusion: TP=88, TN=121, FP=0, FN=26
[2025-11-26 15:11:42,366 INFO main.train_one_fold] EVAL SUBJECT | Fold 5 | Epoch 026/100 | Loss: 0.3398 | Acc: 0.8750 | Prec: 1.0000 | Recall: 0.7500 | Spec: 1.0000
[2025-11-26 15:11:42,366 INFO main.train_one_fold]   Confusion: TP=3, TN=4, FP=0, FN=1
[2025-11-26 15:11:48,576 INFO main.train_one_fold] TRAIN CHUNK | Fold 5 | Epoch 027/100 | Loss: 0.2848 | Acc: 0.8817 | Prec: 0.8302 | Recall: 0.9400 | Spec: 0.8302
[2025-11-26 15:11:48,904 INFO main.train_one_fold] EVAL CHUNK | Fold 5 | Epoch 027/100 | Loss: 0.3085 | Acc: 0.8851 | Prec: 1.0000 | Recall: 0.7632 | Spec: 1.0000
[2025-11-26 15:11:48,904 INFO main.train_one_fold]   Confusion: TP=87, TN=121, FP=0, FN=27
[2025-11-26 15:11:48,904 INFO main.train_one_fold] EVAL SUBJECT | Fold 5 | Epoch 027/100 | Loss: 0.3085 | Acc: 0.8750 | Prec: 1.0000 | Recall: 0.7500 | Spec: 1.0000
[2025-11-26 15:11:48,904 INFO main.train_one_fold]   Confusion: TP=3, TN=4, FP=0, FN=1
[2025-11-26 15:11:48,905 INFO early_stopping.__call__] Early stopping triggered after 20 epochs without improvement. Best score: 0.9915 at epoch 7
[2025-11-26 15:11:48,905 INFO main.train_one_fold] Early stopping triggered at epoch 27
[2025-11-26 15:11:48,905 INFO main.train_one_fold] 
Fold 5 training completed. Best Combined Val Acc: 0.9915 at epoch 7
[2025-11-26 15:11:48,905 INFO main.train_cross_validation] ================================================================================
[2025-11-26 15:11:48,905 INFO main.train_cross_validation] FOLD 6/6
[2025-11-26 15:11:48,905 INFO main.train_cross_validation] ================================================================================
[2025-11-26 15:11:48,905 INFO main.get_datasets_for_fold] Train subjects (46): ['mdd:H S2', 'mdd:H S7', 'mdd:H S19', 'mdd:H S30', 'mdd:H S1', 'mdd:MDD S31', 'mdd:MDD S22', 'mdd:MDD S19', 'mdd:MDD S25', 'mdd:MDD S34', 'mdd:H S22', 'mdd:H S27', 'mdd:H S4', 'mdd:H S21', 'mdd:H S23', 'mdd:MDD S17', 'mdd:MDD S3', 'mdd:MDD S1', 'mdd:MDD S14', 'mdd:MDD S10', 'mdd:H S25', 'mdd:H S10', 'mdd:H S14', 'mdd:H S15', 'mdd:H S11', 'mdd:MDD S26', 'mdd:MDD S20', 'mdd:MDD S33', 'mdd:MDD S18', 'mdd:H S26', 'mdd:H S5', 'mdd:H S13', 'mdd:H S8', 'mdd:H S6', 'mdd:MDD S5', 'mdd:MDD S15', 'mdd:MDD S13', 'mdd:MDD S9', 'mdd:H S28', 'mdd:H S9', 'mdd:H S3', 'mdd:H S17', 'mdd:MDD S30', 'mdd:MDD S32', 'mdd:MDD S27', 'mdd:MDD S28']...
[2025-11-26 15:11:48,905 INFO main.get_datasets_for_fold] Val subjects (8): ['mdd:H S20', 'mdd:H S24', 'mdd:H S29', 'mdd:H S16', 'mdd:MDD S21', 'mdd:MDD S29', 'mdd:MDD S6', 'mdd:MDD S23']
[2025-11-26 15:11:48,906 INFO main.get_datasets_for_fold] Training chunks: 1379
[2025-11-26 15:11:48,906 INFO main.get_datasets_for_fold] Validation chunks: 242
[2025-11-26 15:11:48,918 INFO model.__init__] Initialized LSTM with input_size=1728, hidden_size=100, batch_first=True
[2025-11-26 15:11:48,919 INFO main.train_one_fold] Starting training for fold 6
[2025-11-26 15:11:53,945 INFO main.train_one_fold] TRAIN CHUNK | Fold 6 | Epoch 001/100 | Loss: 0.6907 | Acc: 0.5337 | Prec: 0.0000 | Recall: 0.0000 | Spec: 1.0000
[2025-11-26 15:11:54,300 INFO main.train_one_fold] EVAL CHUNK | Fold 6 | Epoch 001/100 | Loss: 0.6940 | Acc: 0.5000 | Prec: 0.0000 | Recall: 0.0000 | Spec: 1.0000
[2025-11-26 15:11:54,300 INFO main.train_one_fold]   Confusion: TP=0, TN=121, FP=0, FN=121
[2025-11-26 15:11:54,301 INFO main.train_one_fold] EVAL SUBJECT | Fold 6 | Epoch 001/100 | Loss: 0.6940 | Acc: 0.5000 | Prec: 0.0000 | Recall: 0.0000 | Spec: 1.0000
[2025-11-26 15:11:54,301 INFO main.train_one_fold]   Confusion: TP=0, TN=4, FP=0, FN=4
[2025-11-26 15:11:54,319 INFO main.train_one_fold] ✓ Saved best model: experiments/fp1_004_mdd_ec/fold_6_best.pth (combined=0.2500, chunk=0.5000, subject=0.5000)
[2025-11-26 15:11:54,319 INFO early_stopping.__call__] Early stopping initialized: best score 0.2500 at epoch 1
[2025-11-26 15:12:01,230 INFO main.train_one_fold] TRAIN CHUNK | Fold 6 | Epoch 002/100 | Loss: 0.6862 | Acc: 0.5395 | Prec: 1.0000 | Recall: 0.0124 | Spec: 1.0000
[2025-11-26 15:12:01,637 INFO main.train_one_fold] EVAL CHUNK | Fold 6 | Epoch 002/100 | Loss: 0.6922 | Acc: 0.5000 | Prec: 0.0000 | Recall: 0.0000 | Spec: 1.0000
[2025-11-26 15:12:01,637 INFO main.train_one_fold]   Confusion: TP=0, TN=121, FP=0, FN=121
[2025-11-26 15:12:01,637 INFO main.train_one_fold] EVAL SUBJECT | Fold 6 | Epoch 002/100 | Loss: 0.6922 | Acc: 0.5000 | Prec: 0.0000 | Recall: 0.0000 | Spec: 1.0000
[2025-11-26 15:12:01,637 INFO main.train_one_fold]   Confusion: TP=0, TN=4, FP=0, FN=4
[2025-11-26 15:12:06,619 INFO main.train_one_fold] TRAIN CHUNK | Fold 6 | Epoch 003/100 | Loss: 0.6423 | Acc: 0.6628 | Prec: 0.8803 | Recall: 0.3204 | Spec: 0.9620
[2025-11-26 15:12:06,972 INFO main.train_one_fold] EVAL CHUNK | Fold 6 | Epoch 003/100 | Loss: 0.6703 | Acc: 0.6281 | Prec: 0.6054 | Recall: 0.7355 | Spec: 0.5207
[2025-11-26 15:12:06,972 INFO main.train_one_fold]   Confusion: TP=89, TN=63, FP=58, FN=32
[2025-11-26 15:12:06,972 INFO main.train_one_fold] EVAL SUBJECT | Fold 6 | Epoch 003/100 | Loss: 0.6703 | Acc: 0.6250 | Prec: 0.6000 | Recall: 0.7500 | Spec: 0.5000
[2025-11-26 15:12:06,973 INFO main.train_one_fold]   Confusion: TP=3, TN=2, FP=2, FN=1
[2025-11-26 15:12:07,001 INFO main.train_one_fold] ✓ Saved best model: experiments/fp1_004_mdd_ec/fold_6_best.pth (combined=0.3926, chunk=0.6281, subject=0.6250)
[2025-11-26 15:12:07,002 INFO early_stopping.__call__] Validation improved from 0.2500 to 0.3926 (+0.1426) at epoch 3
[2025-11-26 15:12:13,705 INFO main.train_one_fold] TRAIN CHUNK | Fold 6 | Epoch 004/100 | Loss: 0.4918 | Acc: 0.8151 | Prec: 0.8170 | Recall: 0.7776 | Spec: 0.8478
[2025-11-26 15:12:14,215 INFO main.train_one_fold] EVAL CHUNK | Fold 6 | Epoch 004/100 | Loss: 0.6613 | Acc: 0.6446 | Prec: 0.6174 | Recall: 0.7603 | Spec: 0.5289
[2025-11-26 15:12:14,215 INFO main.train_one_fold]   Confusion: TP=92, TN=64, FP=57, FN=29
[2025-11-26 15:12:14,216 INFO main.train_one_fold] EVAL SUBJECT | Fold 6 | Epoch 004/100 | Loss: 0.6613 | Acc: 0.6250 | Prec: 0.6000 | Recall: 0.7500 | Spec: 0.5000
[2025-11-26 15:12:14,216 INFO main.train_one_fold]   Confusion: TP=3, TN=2, FP=2, FN=1
[2025-11-26 15:12:14,246 INFO main.train_one_fold] ✓ Saved best model: experiments/fp1_004_mdd_ec/fold_6_best.pth (combined=0.4029, chunk=0.6446, subject=0.6250)
[2025-11-26 15:12:14,246 INFO early_stopping.__call__] Validation improved from 0.3926 to 0.4029 (+0.0103) at epoch 4
[2025-11-26 15:12:19,666 INFO main.train_one_fold] TRAIN CHUNK | Fold 6 | Epoch 005/100 | Loss: 0.3686 | Acc: 0.8608 | Prec: 0.8453 | Recall: 0.8585 | Spec: 0.8628
[2025-11-26 15:12:20,003 INFO main.train_one_fold] EVAL CHUNK | Fold 6 | Epoch 005/100 | Loss: 0.6348 | Acc: 0.7355 | Prec: 0.6610 | Recall: 0.9669 | Spec: 0.5041
[2025-11-26 15:12:20,004 INFO main.train_one_fold]   Confusion: TP=117, TN=61, FP=60, FN=4
[2025-11-26 15:12:20,004 INFO main.train_one_fold] EVAL SUBJECT | Fold 6 | Epoch 005/100 | Loss: 0.6348 | Acc: 0.7500 | Prec: 0.6667 | Recall: 1.0000 | Spec: 0.5000
[2025-11-26 15:12:20,004 INFO main.train_one_fold]   Confusion: TP=4, TN=2, FP=2, FN=0
[2025-11-26 15:12:20,028 INFO main.train_one_fold] ✓ Saved best model: experiments/fp1_004_mdd_ec/fold_6_best.pth (combined=0.5517, chunk=0.7355, subject=0.7500)
[2025-11-26 15:12:20,028 INFO early_stopping.__call__] Validation improved from 0.4029 to 0.5517 (+0.1488) at epoch 5
[2025-11-26 15:12:25,587 INFO main.train_one_fold] TRAIN CHUNK | Fold 6 | Epoch 006/100 | Loss: 0.2983 | Acc: 0.8869 | Prec: 0.8464 | Recall: 0.9253 | Spec: 0.8533
[2025-11-26 15:12:26,039 INFO main.train_one_fold] EVAL CHUNK | Fold 6 | Epoch 006/100 | Loss: 0.6975 | Acc: 0.7397 | Prec: 0.6648 | Recall: 0.9669 | Spec: 0.5124
[2025-11-26 15:12:26,040 INFO main.train_one_fold]   Confusion: TP=117, TN=62, FP=59, FN=4
[2025-11-26 15:12:26,040 INFO main.train_one_fold] EVAL SUBJECT | Fold 6 | Epoch 006/100 | Loss: 0.6975 | Acc: 0.7500 | Prec: 0.6667 | Recall: 1.0000 | Spec: 0.5000
[2025-11-26 15:12:26,040 INFO main.train_one_fold]   Confusion: TP=4, TN=2, FP=2, FN=0
[2025-11-26 15:12:26,072 INFO main.train_one_fold] ✓ Saved best model: experiments/fp1_004_mdd_ec/fold_6_best.pth (combined=0.5548, chunk=0.7397, subject=0.7500)
[2025-11-26 15:12:26,073 INFO early_stopping.__call__] Validation improved from 0.5517 to 0.5548 (+0.0031) at epoch 6
[2025-11-26 15:12:33,150 INFO main.train_one_fold] TRAIN CHUNK | Fold 6 | Epoch 007/100 | Loss: 0.2717 | Acc: 0.8949 | Prec: 0.8619 | Recall: 0.9222 | Spec: 0.8709
[2025-11-26 15:12:33,503 INFO main.train_one_fold] EVAL CHUNK | Fold 6 | Epoch 007/100 | Loss: 0.7246 | Acc: 0.7479 | Prec: 0.6685 | Recall: 0.9835 | Spec: 0.5124
[2025-11-26 15:12:33,503 INFO main.train_one_fold]   Confusion: TP=119, TN=62, FP=59, FN=2
[2025-11-26 15:12:33,503 INFO main.train_one_fold] EVAL SUBJECT | Fold 6 | Epoch 007/100 | Loss: 0.7246 | Acc: 0.7500 | Prec: 0.6667 | Recall: 1.0000 | Spec: 0.5000
[2025-11-26 15:12:33,503 INFO main.train_one_fold]   Confusion: TP=4, TN=2, FP=2, FN=0
[2025-11-26 15:12:33,529 INFO main.train_one_fold] ✓ Saved best model: experiments/fp1_004_mdd_ec/fold_6_best.pth (combined=0.5610, chunk=0.7479, subject=0.7500)
[2025-11-26 15:12:33,529 INFO early_stopping.__call__] Validation improved from 0.5548 to 0.5610 (+0.0062) at epoch 7
[2025-11-26 15:12:38,715 INFO main.train_one_fold] TRAIN CHUNK | Fold 6 | Epoch 008/100 | Loss: 0.2749 | Acc: 0.8898 | Prec: 0.8605 | Recall: 0.9114 | Spec: 0.8709
[2025-11-26 15:12:39,047 INFO main.train_one_fold] EVAL CHUNK | Fold 6 | Epoch 008/100 | Loss: 0.7621 | Acc: 0.7521 | Prec: 0.6704 | Recall: 0.9917 | Spec: 0.5124
[2025-11-26 15:12:39,047 INFO main.train_one_fold]   Confusion: TP=120, TN=62, FP=59, FN=1
[2025-11-26 15:12:39,047 INFO main.train_one_fold] EVAL SUBJECT | Fold 6 | Epoch 008/100 | Loss: 0.7621 | Acc: 0.7500 | Prec: 0.6667 | Recall: 1.0000 | Spec: 0.5000
[2025-11-26 15:12:39,048 INFO main.train_one_fold]   Confusion: TP=4, TN=2, FP=2, FN=0
[2025-11-26 15:12:39,072 INFO main.train_one_fold] ✓ Saved best model: experiments/fp1_004_mdd_ec/fold_6_best.pth (combined=0.5640, chunk=0.7521, subject=0.7500)
[2025-11-26 15:12:39,073 INFO early_stopping.__call__] Validation improved from 0.5610 to 0.5640 (+0.0031) at epoch 8
[2025-11-26 15:12:44,178 INFO main.train_one_fold] TRAIN CHUNK | Fold 6 | Epoch 009/100 | Loss: 0.2818 | Acc: 0.8891 | Prec: 0.8561 | Recall: 0.9160 | Spec: 0.8655
[2025-11-26 15:12:44,532 INFO main.train_one_fold] EVAL CHUNK | Fold 6 | Epoch 009/100 | Loss: 0.7530 | Acc: 0.7562 | Prec: 0.6722 | Recall: 1.0000 | Spec: 0.5124
[2025-11-26 15:12:44,533 INFO main.train_one_fold]   Confusion: TP=121, TN=62, FP=59, FN=0
[2025-11-26 15:12:44,533 INFO main.train_one_fold] EVAL SUBJECT | Fold 6 | Epoch 009/100 | Loss: 0.7530 | Acc: 0.7500 | Prec: 0.6667 | Recall: 1.0000 | Spec: 0.5000
[2025-11-26 15:12:44,533 INFO main.train_one_fold]   Confusion: TP=4, TN=2, FP=2, FN=0
[2025-11-26 15:12:44,558 INFO main.train_one_fold] ✓ Saved best model: experiments/fp1_004_mdd_ec/fold_6_best.pth (combined=0.5671, chunk=0.7562, subject=0.7500)
[2025-11-26 15:12:44,558 INFO early_stopping.__call__] Validation improved from 0.5640 to 0.5671 (+0.0031) at epoch 9
[2025-11-26 15:12:50,512 INFO main.train_one_fold] TRAIN CHUNK | Fold 6 | Epoch 010/100 | Loss: 0.2586 | Acc: 0.9057 | Prec: 0.8745 | Recall: 0.9316 | Spec: 0.8832
[2025-11-26 15:12:50,853 INFO main.train_one_fold] EVAL CHUNK | Fold 6 | Epoch 010/100 | Loss: 0.7750 | Acc: 0.7562 | Prec: 0.6722 | Recall: 1.0000 | Spec: 0.5124
[2025-11-26 15:12:50,853 INFO main.train_one_fold]   Confusion: TP=121, TN=62, FP=59, FN=0
[2025-11-26 15:12:50,854 INFO main.train_one_fold] EVAL SUBJECT | Fold 6 | Epoch 010/100 | Loss: 0.7750 | Acc: 0.7500 | Prec: 0.6667 | Recall: 1.0000 | Spec: 0.5000
[2025-11-26 15:12:50,854 INFO main.train_one_fold]   Confusion: TP=4, TN=2, FP=2, FN=0
[2025-11-26 15:12:50,882 INFO main.train_one_fold] Saved checkpoint: experiments/fp1_004_mdd_ec/fold_6_epoch_010.pth
[2025-11-26 15:12:57,496 INFO main.train_one_fold] TRAIN CHUNK | Fold 6 | Epoch 011/100 | Loss: 0.2658 | Acc: 0.8999 | Prec: 0.8719 | Recall: 0.9207 | Spec: 0.8818
[2025-11-26 15:12:57,928 INFO main.train_one_fold] EVAL CHUNK | Fold 6 | Epoch 011/100 | Loss: 0.7948 | Acc: 0.7479 | Prec: 0.6648 | Recall: 1.0000 | Spec: 0.4959
[2025-11-26 15:12:57,929 INFO main.train_one_fold]   Confusion: TP=121, TN=60, FP=61, FN=0
[2025-11-26 15:12:57,929 INFO main.train_one_fold] EVAL SUBJECT | Fold 6 | Epoch 011/100 | Loss: 0.7948 | Acc: 0.7500 | Prec: 0.6667 | Recall: 1.0000 | Spec: 0.5000
[2025-11-26 15:12:57,929 INFO main.train_one_fold]   Confusion: TP=4, TN=2, FP=2, FN=0
[2025-11-26 15:13:04,291 INFO main.train_one_fold] TRAIN CHUNK | Fold 6 | Epoch 012/100 | Loss: 0.2534 | Acc: 0.9057 | Prec: 0.8846 | Recall: 0.9176 | Spec: 0.8954
[2025-11-26 15:13:04,638 INFO main.train_one_fold] EVAL CHUNK | Fold 6 | Epoch 012/100 | Loss: 0.7971 | Acc: 0.7521 | Prec: 0.6704 | Recall: 0.9917 | Spec: 0.5124
[2025-11-26 15:13:04,638 INFO main.train_one_fold]   Confusion: TP=120, TN=62, FP=59, FN=1
[2025-11-26 15:13:04,639 INFO main.train_one_fold] EVAL SUBJECT | Fold 6 | Epoch 012/100 | Loss: 0.7971 | Acc: 0.7500 | Prec: 0.6667 | Recall: 1.0000 | Spec: 0.5000
[2025-11-26 15:13:04,639 INFO main.train_one_fold]   Confusion: TP=4, TN=2, FP=2, FN=0
[2025-11-26 15:13:10,532 INFO main.train_one_fold] TRAIN CHUNK | Fold 6 | Epoch 013/100 | Loss: 0.2526 | Acc: 0.9086 | Prec: 0.8807 | Recall: 0.9300 | Spec: 0.8899
[2025-11-26 15:13:11,077 INFO main.train_one_fold] EVAL CHUNK | Fold 6 | Epoch 013/100 | Loss: 0.8157 | Acc: 0.7521 | Prec: 0.6704 | Recall: 0.9917 | Spec: 0.5124
[2025-11-26 15:13:11,077 INFO main.train_one_fold]   Confusion: TP=120, TN=62, FP=59, FN=1
[2025-11-26 15:13:11,077 INFO main.train_one_fold] EVAL SUBJECT | Fold 6 | Epoch 013/100 | Loss: 0.8157 | Acc: 0.7500 | Prec: 0.6667 | Recall: 1.0000 | Spec: 0.5000
[2025-11-26 15:13:11,078 INFO main.train_one_fold]   Confusion: TP=4, TN=2, FP=2, FN=0
[2025-11-26 15:13:17,073 INFO main.train_one_fold] TRAIN CHUNK | Fold 6 | Epoch 014/100 | Loss: 0.2509 | Acc: 0.9101 | Prec: 0.8844 | Recall: 0.9285 | Spec: 0.8940
[2025-11-26 15:13:17,406 INFO main.train_one_fold] EVAL CHUNK | Fold 6 | Epoch 014/100 | Loss: 0.8169 | Acc: 0.7562 | Prec: 0.6722 | Recall: 1.0000 | Spec: 0.5124
[2025-11-26 15:13:17,420 INFO main.train_one_fold]   Confusion: TP=121, TN=62, FP=59, FN=0
[2025-11-26 15:13:17,420 INFO main.train_one_fold] EVAL SUBJECT | Fold 6 | Epoch 014/100 | Loss: 0.8169 | Acc: 0.7500 | Prec: 0.6667 | Recall: 1.0000 | Spec: 0.5000
[2025-11-26 15:13:17,421 INFO main.train_one_fold]   Confusion: TP=4, TN=2, FP=2, FN=0
[2025-11-26 15:13:24,553 INFO main.train_one_fold] TRAIN CHUNK | Fold 6 | Epoch 015/100 | Loss: 0.2387 | Acc: 0.9079 | Prec: 0.8862 | Recall: 0.9207 | Spec: 0.8967
[2025-11-26 15:13:24,933 INFO main.train_one_fold] EVAL CHUNK | Fold 6 | Epoch 015/100 | Loss: 0.8367 | Acc: 0.7438 | Prec: 0.6667 | Recall: 0.9752 | Spec: 0.5124
[2025-11-26 15:13:24,933 INFO main.train_one_fold]   Confusion: TP=118, TN=62, FP=59, FN=3
[2025-11-26 15:13:24,933 INFO main.train_one_fold] EVAL SUBJECT | Fold 6 | Epoch 015/100 | Loss: 0.8367 | Acc: 0.7500 | Prec: 0.6667 | Recall: 1.0000 | Spec: 0.5000
[2025-11-26 15:13:24,933 INFO main.train_one_fold]   Confusion: TP=4, TN=2, FP=2, FN=0
[2025-11-26 15:13:30,191 INFO main.train_one_fold] TRAIN CHUNK | Fold 6 | Epoch 016/100 | Loss: 0.2426 | Acc: 0.9072 | Prec: 0.8907 | Recall: 0.9129 | Spec: 0.9022
[2025-11-26 15:13:30,537 INFO main.train_one_fold] EVAL CHUNK | Fold 6 | Epoch 016/100 | Loss: 0.8493 | Acc: 0.7562 | Prec: 0.6722 | Recall: 1.0000 | Spec: 0.5124
[2025-11-26 15:13:30,537 INFO main.train_one_fold]   Confusion: TP=121, TN=62, FP=59, FN=0
[2025-11-26 15:13:30,537 INFO main.train_one_fold] EVAL SUBJECT | Fold 6 | Epoch 016/100 | Loss: 0.8493 | Acc: 0.7500 | Prec: 0.6667 | Recall: 1.0000 | Spec: 0.5000
[2025-11-26 15:13:30,537 INFO main.train_one_fold]   Confusion: TP=4, TN=2, FP=2, FN=0
[2025-11-26 15:13:36,490 INFO main.train_one_fold] TRAIN CHUNK | Fold 6 | Epoch 017/100 | Loss: 0.2255 | Acc: 0.9188 | Prec: 0.9091 | Recall: 0.9176 | Spec: 0.9198
[2025-11-26 15:13:36,838 INFO main.train_one_fold] EVAL CHUNK | Fold 6 | Epoch 017/100 | Loss: 0.8482 | Acc: 0.7479 | Prec: 0.6648 | Recall: 1.0000 | Spec: 0.4959
[2025-11-26 15:13:36,838 INFO main.train_one_fold]   Confusion: TP=121, TN=60, FP=61, FN=0
[2025-11-26 15:13:36,838 INFO main.train_one_fold] EVAL SUBJECT | Fold 6 | Epoch 017/100 | Loss: 0.8482 | Acc: 0.7500 | Prec: 0.6667 | Recall: 1.0000 | Spec: 0.5000
[2025-11-26 15:13:36,838 INFO main.train_one_fold]   Confusion: TP=4, TN=2, FP=2, FN=0
[2025-11-26 15:13:43,371 INFO main.train_one_fold] TRAIN CHUNK | Fold 6 | Epoch 018/100 | Loss: 0.2498 | Acc: 0.9094 | Prec: 0.8787 | Recall: 0.9347 | Spec: 0.8872
[2025-11-26 15:13:43,719 INFO main.train_one_fold] EVAL CHUNK | Fold 6 | Epoch 018/100 | Loss: 0.8324 | Acc: 0.7521 | Prec: 0.6704 | Recall: 0.9917 | Spec: 0.5124
[2025-11-26 15:13:43,719 INFO main.train_one_fold]   Confusion: TP=120, TN=62, FP=59, FN=1
[2025-11-26 15:13:43,719 INFO main.train_one_fold] EVAL SUBJECT | Fold 6 | Epoch 018/100 | Loss: 0.8324 | Acc: 0.7500 | Prec: 0.6667 | Recall: 1.0000 | Spec: 0.5000
[2025-11-26 15:13:43,719 INFO main.train_one_fold]   Confusion: TP=4, TN=2, FP=2, FN=0
[2025-11-26 15:13:49,393 INFO main.train_one_fold] TRAIN CHUNK | Fold 6 | Epoch 019/100 | Loss: 0.2387 | Acc: 0.9123 | Prec: 0.8884 | Recall: 0.9285 | Spec: 0.8981
[2025-11-26 15:13:49,924 INFO main.train_one_fold] EVAL CHUNK | Fold 6 | Epoch 019/100 | Loss: 0.8446 | Acc: 0.7562 | Prec: 0.6722 | Recall: 1.0000 | Spec: 0.5124
[2025-11-26 15:13:49,924 INFO main.train_one_fold]   Confusion: TP=121, TN=62, FP=59, FN=0
[2025-11-26 15:13:49,924 INFO main.train_one_fold] EVAL SUBJECT | Fold 6 | Epoch 019/100 | Loss: 0.8446 | Acc: 0.7500 | Prec: 0.6667 | Recall: 1.0000 | Spec: 0.5000
[2025-11-26 15:13:49,924 INFO main.train_one_fold]   Confusion: TP=4, TN=2, FP=2, FN=0
[2025-11-26 15:13:56,179 INFO main.train_one_fold] TRAIN CHUNK | Fold 6 | Epoch 020/100 | Loss: 0.2394 | Acc: 0.9065 | Prec: 0.8847 | Recall: 0.9191 | Spec: 0.8954
[2025-11-26 15:13:56,520 INFO main.train_one_fold] EVAL CHUNK | Fold 6 | Epoch 020/100 | Loss: 0.8162 | Acc: 0.7562 | Prec: 0.6722 | Recall: 1.0000 | Spec: 0.5124
[2025-11-26 15:13:56,520 INFO main.train_one_fold]   Confusion: TP=121, TN=62, FP=59, FN=0
[2025-11-26 15:13:56,521 INFO main.train_one_fold] EVAL SUBJECT | Fold 6 | Epoch 020/100 | Loss: 0.8162 | Acc: 0.7500 | Prec: 0.6667 | Recall: 1.0000 | Spec: 0.5000
[2025-11-26 15:13:56,521 INFO main.train_one_fold]   Confusion: TP=4, TN=2, FP=2, FN=0
[2025-11-26 15:13:56,544 INFO main.train_one_fold] Saved checkpoint: experiments/fp1_004_mdd_ec/fold_6_epoch_020.pth
[2025-11-26 15:14:03,491 INFO main.train_one_fold] TRAIN CHUNK | Fold 6 | Epoch 021/100 | Loss: 0.2491 | Acc: 0.9094 | Prec: 0.8809 | Recall: 0.9316 | Spec: 0.8899
[2025-11-26 15:14:03,855 INFO main.train_one_fold] EVAL CHUNK | Fold 6 | Epoch 021/100 | Loss: 0.7706 | Acc: 0.7521 | Prec: 0.6704 | Recall: 0.9917 | Spec: 0.5124
[2025-11-26 15:14:03,855 INFO main.train_one_fold]   Confusion: TP=120, TN=62, FP=59, FN=1
[2025-11-26 15:14:03,856 INFO main.train_one_fold] EVAL SUBJECT | Fold 6 | Epoch 021/100 | Loss: 0.7706 | Acc: 0.7500 | Prec: 0.6667 | Recall: 1.0000 | Spec: 0.5000
[2025-11-26 15:14:03,856 INFO main.train_one_fold]   Confusion: TP=4, TN=2, FP=2, FN=0
[2025-11-26 15:14:09,682 INFO main.train_one_fold] TRAIN CHUNK | Fold 6 | Epoch 022/100 | Loss: 0.2362 | Acc: 0.9144 | Prec: 0.8936 | Recall: 0.9269 | Spec: 0.9035
[2025-11-26 15:14:10,024 INFO main.train_one_fold] EVAL CHUNK | Fold 6 | Epoch 022/100 | Loss: 0.7794 | Acc: 0.7479 | Prec: 0.6685 | Recall: 0.9835 | Spec: 0.5124
[2025-11-26 15:14:10,024 INFO main.train_one_fold]   Confusion: TP=119, TN=62, FP=59, FN=2
[2025-11-26 15:14:10,024 INFO main.train_one_fold] EVAL SUBJECT | Fold 6 | Epoch 022/100 | Loss: 0.7794 | Acc: 0.7500 | Prec: 0.6667 | Recall: 1.0000 | Spec: 0.5000
[2025-11-26 15:14:10,024 INFO main.train_one_fold]   Confusion: TP=4, TN=2, FP=2, FN=0
[2025-11-26 15:14:15,526 INFO main.train_one_fold] TRAIN CHUNK | Fold 6 | Epoch 023/100 | Loss: 0.2348 | Acc: 0.9086 | Prec: 0.8911 | Recall: 0.9160 | Spec: 0.9022
[2025-11-26 15:14:15,893 INFO main.train_one_fold] EVAL CHUNK | Fold 6 | Epoch 023/100 | Loss: 0.8535 | Acc: 0.7562 | Prec: 0.6722 | Recall: 1.0000 | Spec: 0.5124
[2025-11-26 15:14:15,893 INFO main.train_one_fold]   Confusion: TP=121, TN=62, FP=59, FN=0
[2025-11-26 15:14:15,893 INFO main.train_one_fold] EVAL SUBJECT | Fold 6 | Epoch 023/100 | Loss: 0.8535 | Acc: 0.7500 | Prec: 0.6667 | Recall: 1.0000 | Spec: 0.5000
[2025-11-26 15:14:15,893 INFO main.train_one_fold]   Confusion: TP=4, TN=2, FP=2, FN=0
[2025-11-26 15:14:21,160 INFO main.train_one_fold] TRAIN CHUNK | Fold 6 | Epoch 024/100 | Loss: 0.2322 | Acc: 0.9195 | Prec: 0.8970 | Recall: 0.9347 | Spec: 0.9062
[2025-11-26 15:14:21,555 INFO main.train_one_fold] EVAL CHUNK | Fold 6 | Epoch 024/100 | Loss: 0.8540 | Acc: 0.7562 | Prec: 0.6722 | Recall: 1.0000 | Spec: 0.5124
[2025-11-26 15:14:21,555 INFO main.train_one_fold]   Confusion: TP=121, TN=62, FP=59, FN=0
[2025-11-26 15:14:21,555 INFO main.train_one_fold] EVAL SUBJECT | Fold 6 | Epoch 024/100 | Loss: 0.8540 | Acc: 0.7500 | Prec: 0.6667 | Recall: 1.0000 | Spec: 0.5000
[2025-11-26 15:14:21,555 INFO main.train_one_fold]   Confusion: TP=4, TN=2, FP=2, FN=0
[2025-11-26 15:14:26,756 INFO main.train_one_fold] TRAIN CHUNK | Fold 6 | Epoch 025/100 | Loss: 0.2193 | Acc: 0.9173 | Prec: 0.8907 | Recall: 0.9378 | Spec: 0.8995
[2025-11-26 15:14:27,106 INFO main.train_one_fold] EVAL CHUNK | Fold 6 | Epoch 025/100 | Loss: 0.8444 | Acc: 0.7521 | Prec: 0.6704 | Recall: 0.9917 | Spec: 0.5124
[2025-11-26 15:14:27,106 INFO main.train_one_fold]   Confusion: TP=120, TN=62, FP=59, FN=1
[2025-11-26 15:14:27,106 INFO main.train_one_fold] EVAL SUBJECT | Fold 6 | Epoch 025/100 | Loss: 0.8444 | Acc: 0.7500 | Prec: 0.6667 | Recall: 1.0000 | Spec: 0.5000
[2025-11-26 15:14:27,106 INFO main.train_one_fold]   Confusion: TP=4, TN=2, FP=2, FN=0
[2025-11-26 15:14:32,168 INFO main.train_one_fold] TRAIN CHUNK | Fold 6 | Epoch 026/100 | Loss: 0.2239 | Acc: 0.9166 | Prec: 0.9012 | Recall: 0.9222 | Spec: 0.9117
[2025-11-26 15:14:32,503 INFO main.train_one_fold] EVAL CHUNK | Fold 6 | Epoch 026/100 | Loss: 0.8552 | Acc: 0.7562 | Prec: 0.6722 | Recall: 1.0000 | Spec: 0.5124
[2025-11-26 15:14:32,504 INFO main.train_one_fold]   Confusion: TP=121, TN=62, FP=59, FN=0
[2025-11-26 15:14:32,504 INFO main.train_one_fold] EVAL SUBJECT | Fold 6 | Epoch 026/100 | Loss: 0.8552 | Acc: 0.7500 | Prec: 0.6667 | Recall: 1.0000 | Spec: 0.5000
[2025-11-26 15:14:32,504 INFO main.train_one_fold]   Confusion: TP=4, TN=2, FP=2, FN=0
[2025-11-26 15:14:37,511 INFO main.train_one_fold] TRAIN CHUNK | Fold 6 | Epoch 027/100 | Loss: 0.2240 | Acc: 0.9195 | Prec: 0.9055 | Recall: 0.9238 | Spec: 0.9158
[2025-11-26 15:14:37,849 INFO main.train_one_fold] EVAL CHUNK | Fold 6 | Epoch 027/100 | Loss: 0.8619 | Acc: 0.7562 | Prec: 0.6722 | Recall: 1.0000 | Spec: 0.5124
[2025-11-26 15:14:37,850 INFO main.train_one_fold]   Confusion: TP=121, TN=62, FP=59, FN=0
[2025-11-26 15:14:37,850 INFO main.train_one_fold] EVAL SUBJECT | Fold 6 | Epoch 027/100 | Loss: 0.8619 | Acc: 0.7500 | Prec: 0.6667 | Recall: 1.0000 | Spec: 0.5000
[2025-11-26 15:14:37,850 INFO main.train_one_fold]   Confusion: TP=4, TN=2, FP=2, FN=0
[2025-11-26 15:14:43,183 INFO main.train_one_fold] TRAIN CHUNK | Fold 6 | Epoch 028/100 | Loss: 0.2195 | Acc: 0.9195 | Prec: 0.8912 | Recall: 0.9425 | Spec: 0.8995
[2025-11-26 15:14:43,548 INFO main.train_one_fold] EVAL CHUNK | Fold 6 | Epoch 028/100 | Loss: 0.8462 | Acc: 0.7562 | Prec: 0.6722 | Recall: 1.0000 | Spec: 0.5124
[2025-11-26 15:14:43,548 INFO main.train_one_fold]   Confusion: TP=121, TN=62, FP=59, FN=0
[2025-11-26 15:14:43,548 INFO main.train_one_fold] EVAL SUBJECT | Fold 6 | Epoch 028/100 | Loss: 0.8462 | Acc: 0.7500 | Prec: 0.6667 | Recall: 1.0000 | Spec: 0.5000
[2025-11-26 15:14:43,549 INFO main.train_one_fold]   Confusion: TP=4, TN=2, FP=2, FN=0
[2025-11-26 15:14:49,775 INFO main.train_one_fold] TRAIN CHUNK | Fold 6 | Epoch 029/100 | Loss: 0.2230 | Acc: 0.9159 | Prec: 0.8951 | Recall: 0.9285 | Spec: 0.9049
[2025-11-26 15:14:50,120 INFO main.train_one_fold] EVAL CHUNK | Fold 6 | Epoch 029/100 | Loss: 0.8291 | Acc: 0.7562 | Prec: 0.6722 | Recall: 1.0000 | Spec: 0.5124
[2025-11-26 15:14:50,121 INFO main.train_one_fold]   Confusion: TP=121, TN=62, FP=59, FN=0
[2025-11-26 15:14:50,121 INFO main.train_one_fold] EVAL SUBJECT | Fold 6 | Epoch 029/100 | Loss: 0.8291 | Acc: 0.7500 | Prec: 0.6667 | Recall: 1.0000 | Spec: 0.5000
[2025-11-26 15:14:50,121 INFO main.train_one_fold]   Confusion: TP=4, TN=2, FP=2, FN=0
[2025-11-26 15:14:50,121 INFO early_stopping.__call__] Early stopping triggered after 20 epochs without improvement. Best score: 0.5671 at epoch 9
[2025-11-26 15:14:50,121 INFO main.train_one_fold] Early stopping triggered at epoch 29
[2025-11-26 15:14:50,121 INFO main.train_one_fold] 
Fold 6 training completed. Best Combined Val Acc: 0.5671 at epoch 9
[2025-11-26 15:14:50,121 INFO main.train_cross_validation] ================================================================================
[2025-11-26 15:14:50,121 INFO main.train_cross_validation] 6-FOLD CROSS-VALIDATION RESULTS
[2025-11-26 15:14:50,121 INFO main.train_cross_validation] ================================================================================
[2025-11-26 15:14:50,121 INFO main.train_cross_validation] 
Per-fold best validation accuracy:
[2025-11-26 15:14:50,121 INFO main.train_cross_validation]   Fold 1: 0.7706 (epoch 6)
[2025-11-26 15:14:50,121 INFO main.train_cross_validation]   Fold 2: 0.9792 (epoch 68)
[2025-11-26 15:14:50,122 INFO main.train_cross_validation]   Fold 3: 0.7930 (epoch 6)
[2025-11-26 15:14:50,122 INFO main.train_cross_validation]   Fold 4: 0.8397 (epoch 6)
[2025-11-26 15:14:50,122 INFO main.train_cross_validation]   Fold 5: 0.9915 (epoch 7)
[2025-11-26 15:14:50,122 INFO main.train_cross_validation]   Fold 6: 0.5671 (epoch 9)
[2025-11-26 15:14:50,122 INFO main.write_results] COMBINED Accuracy Mean: 0.8235 ± 0.1427, Min: 0.5671, Max: 0.9915

[2025-11-26 15:14:50,122 INFO main.write_results] CHUNK Accuracy Mean: 0.9033 ± 0.0809, Min: 0.7562, Max: 0.9915

[2025-11-26 15:14:50,123 INFO main.write_results] SUBJECT Accuracy Mean: 0.9046 ± 0.0843, Min: 0.7500, Max: 1.0000

[2025-11-26 15:14:50,123 INFO main.train_cross_validation] ================================================================================

[2025-11-26 15:14:50,124 INFO main.train] 
Results saved to experiments/fp1_004_mdd_ec/cv_results.txt
[2025-11-26 15:14:50,124 INFO main.train] Training completed!
