[2025-11-30 16:37:15,914 INFO main.setup_logging] Logging to console and file: experiments/cane_t7_ec+eo_005/training_ec+eo_T7_noica_20251130_163715.log
[2025-11-30 16:37:15,914 INFO main.train] Starting EEG Classification Training
[2025-11-30 16:37:15,915 INFO main.train] Hyperparameters:
[2025-11-30 16:37:15,915 INFO main.train]   Dataset: cane
[2025-11-30 16:37:15,915 INFO main.train]   Condition: ec+eo
[2025-11-30 16:37:15,915 INFO main.train]   Channel: T7
[2025-11-30 16:37:15,915 INFO main.train]   N-Fold CV: 6
[2025-11-30 16:37:15,915 INFO main.train]   Batch Size: 8
[2025-11-30 16:37:15,916 INFO main.train]   Learning Rate: 0.0001
[2025-11-30 16:37:15,916 INFO main.train]   Dropout: 0.6
[2025-11-30 16:37:15,916 INFO main.train]   Weight decay (L2 penalty): 0.0001
[2025-11-30 16:37:15,916 INFO main.train]   Max Epochs: 100
[2025-11-30 16:37:15,916 INFO main.train]   Validation Every: 1 epochs
[2025-11-30 16:37:15,916 INFO main.train]   Save Checkpoint Every: 10 epochs
[2025-11-30 16:37:15,916 INFO main.train]   Early Stopping Patience: 20 epochs
[2025-11-30 16:37:15,917 INFO main.train]   Skip ICA: True
[2025-11-30 16:37:15,917 INFO main.train]   Device: cpu
[2025-11-30 16:37:15,917 INFO main.train]   Checkpoint Directory: experiments/cane_t7_ec+eo_005
[2025-11-30 16:37:15,917 INFO main.train]   Log File: experiments/cane_t7_ec+eo_005/training_ec+eo_T7_noica_20251130_163715.log
[2025-11-30 16:37:15,917 INFO main.train_cross_validation] ================================================================================
[2025-11-30 16:37:15,918 INFO main.train_cross_validation] Starting 6-Fold Cross-Validation Training
[2025-11-30 16:37:15,918 INFO main.train_cross_validation] Dataset: cane, Condition(s): ['EC', 'EO']
[2025-11-30 16:37:15,918 INFO main.train_cross_validation] Batch Size: 8, LR: 0.0001
[2025-11-30 16:37:15,918 INFO main.train_cross_validation] Device: cpu
[2025-11-30 16:37:15,918 INFO main.train_cross_validation] Skip ICA: True
[2025-11-30 16:37:15,918 INFO main.train_cross_validation] ================================================================================
[2025-11-30 16:37:15,923 INFO dataset._discover_files] Discovered 37 CANE files
[2025-11-30 16:37:15,924 INFO dataset.__init__] Building chunk index for FlattenedSpectrogramDataset...
[2025-11-30 16:37:16,950 INFO dataset.verify_sampling_rate] Detected sampling rate: 498.97 Hz
[2025-11-30 16:37:17,169 INFO dataset.load_and_preprocess_cane_raw_file] Applied Common Average Reference
[2025-11-30 16:37:17,170 INFO dataset.load_and_preprocess_cane_raw_file] Picking T7 channel
[2025-11-30 16:37:17,225 INFO dataset.load_and_preprocess_cane_raw_file] Found 9 artifacts (0.01%)
[2025-11-30 16:37:17,263 INFO dataset.load_and_preprocess_cane_raw_file] Using sampling rate: 500 Hz
[2025-11-30 16:37:17,263 INFO dataset.load_and_preprocess_cane_raw_file] Chunk size: 5000 samples (10s)
[2025-11-30 16:37:17,412 INFO dataset.load_and_preprocess_cane_raw_file] Created 32 chunks of shape torch.Size([32, 1, 5000])
[2025-11-30 16:37:17,458 INFO dataset.convert_to_spectrograms] Created 32 spectrograms
[2025-11-30 16:37:18,312 INFO dataset.verify_sampling_rate] Detected sampling rate: 499.07 Hz
[2025-11-30 16:37:18,520 INFO dataset.load_and_preprocess_cane_raw_file] Applied Common Average Reference
[2025-11-30 16:37:18,522 INFO dataset.load_and_preprocess_cane_raw_file] Picking T7 channel
[2025-11-30 16:37:18,571 INFO dataset.load_and_preprocess_cane_raw_file] Using sampling rate: 500 Hz
[2025-11-30 16:37:18,571 INFO dataset.load_and_preprocess_cane_raw_file] Chunk size: 5000 samples (10s)
[2025-11-30 16:37:18,656 INFO dataset.load_and_preprocess_cane_raw_file] Created 31 chunks of shape torch.Size([31, 1, 5000])
[2025-11-30 16:37:18,713 INFO dataset.convert_to_spectrograms] Created 31 spectrograms
[2025-11-30 16:37:19,566 INFO dataset.verify_sampling_rate] Detected sampling rate: 498.67 Hz
[2025-11-30 16:37:19,747 INFO dataset.load_and_preprocess_cane_raw_file] Applied Common Average Reference
[2025-11-30 16:37:19,749 INFO dataset.load_and_preprocess_cane_raw_file] Picking T7 channel
[2025-11-30 16:37:19,785 INFO dataset.load_and_preprocess_cane_raw_file] Found 469 artifacts (0.30%)
[2025-11-30 16:37:20,527 INFO dataset.load_and_preprocess_cane_raw_file] Using sampling rate: 500 Hz
[2025-11-30 16:37:20,530 INFO dataset.load_and_preprocess_cane_raw_file] Chunk size: 5000 samples (10s)
[2025-11-30 16:37:20,600 INFO dataset.load_and_preprocess_cane_raw_file] Created 31 chunks of shape torch.Size([31, 1, 5000])
[2025-11-30 16:37:20,660 INFO dataset.convert_to_spectrograms] Created 31 spectrograms
[2025-11-30 16:37:21,459 INFO dataset.verify_sampling_rate] Detected sampling rate: 499.65 Hz
[2025-11-30 16:37:21,595 INFO dataset.load_and_preprocess_cane_raw_file] Applied Common Average Reference
[2025-11-30 16:37:21,596 INFO dataset.load_and_preprocess_cane_raw_file] Picking T7 channel
[2025-11-30 16:37:21,643 INFO dataset.load_and_preprocess_cane_raw_file] Using sampling rate: 500 Hz
[2025-11-30 16:37:21,644 INFO dataset.load_and_preprocess_cane_raw_file] Chunk size: 5000 samples (10s)
[2025-11-30 16:37:21,710 INFO dataset.load_and_preprocess_cane_raw_file] Created 30 chunks of shape torch.Size([30, 1, 5000])
[2025-11-30 16:37:21,750 INFO dataset.convert_to_spectrograms] Created 30 spectrograms
[2025-11-30 16:37:22,359 INFO dataset.verify_sampling_rate] Detected sampling rate: 499.17 Hz
[2025-11-30 16:37:22,493 INFO dataset.load_and_preprocess_cane_raw_file] Applied Common Average Reference
[2025-11-30 16:37:22,494 INFO dataset.load_and_preprocess_cane_raw_file] Picking T7 channel
[2025-11-30 16:37:22,511 INFO dataset.load_and_preprocess_cane_raw_file] Found 3402 artifacts (2.65%)
[2025-11-30 16:37:26,530 INFO dataset.load_and_preprocess_cane_raw_file] Using sampling rate: 500 Hz
[2025-11-30 16:37:26,530 INFO dataset.load_and_preprocess_cane_raw_file] Chunk size: 5000 samples (10s)
[2025-11-30 16:37:26,617 INFO dataset.load_and_preprocess_cane_raw_file] Created 25 chunks of shape torch.Size([25, 1, 5000])
[2025-11-30 16:37:26,657 INFO dataset.convert_to_spectrograms] Created 25 spectrograms
[2025-11-30 16:37:27,405 INFO dataset.verify_sampling_rate] Detected sampling rate: 499.41 Hz
[2025-11-30 16:37:27,537 INFO dataset.load_and_preprocess_cane_raw_file] Applied Common Average Reference
[2025-11-30 16:37:27,538 INFO dataset.load_and_preprocess_cane_raw_file] Picking T7 channel
[2025-11-30 16:37:27,556 INFO dataset.load_and_preprocess_cane_raw_file] Found 6 artifacts (0.00%)
[2025-11-30 16:37:27,588 INFO dataset.load_and_preprocess_cane_raw_file] Using sampling rate: 500 Hz
[2025-11-30 16:37:27,588 INFO dataset.load_and_preprocess_cane_raw_file] Chunk size: 5000 samples (10s)
[2025-11-30 16:37:27,660 INFO dataset.load_and_preprocess_cane_raw_file] Created 25 chunks of shape torch.Size([25, 1, 5000])
[2025-11-30 16:37:27,704 INFO dataset.convert_to_spectrograms] Created 25 spectrograms
[2025-11-30 16:37:28,553 INFO dataset.verify_sampling_rate] Detected sampling rate: 498.44 Hz
[2025-11-30 16:37:28,688 INFO dataset.load_and_preprocess_cane_raw_file] Applied Common Average Reference
[2025-11-30 16:37:28,692 INFO dataset.load_and_preprocess_cane_raw_file] Picking T7 channel
[2025-11-30 16:37:28,734 INFO dataset.load_and_preprocess_cane_raw_file] Found 345 artifacts (0.25%)
[2025-11-30 16:37:29,360 INFO dataset.load_and_preprocess_cane_raw_file] Using sampling rate: 500 Hz
[2025-11-30 16:37:29,363 INFO dataset.load_and_preprocess_cane_raw_file] Chunk size: 5000 samples (10s)
[2025-11-30 16:37:29,471 INFO dataset.load_and_preprocess_cane_raw_file] Created 27 chunks of shape torch.Size([27, 1, 5000])
[2025-11-30 16:37:29,524 INFO dataset.convert_to_spectrograms] Created 27 spectrograms
[2025-11-30 16:37:30,250 INFO dataset.verify_sampling_rate] Detected sampling rate: 499.12 Hz
[2025-11-30 16:37:30,420 INFO dataset.load_and_preprocess_cane_raw_file] Applied Common Average Reference
[2025-11-30 16:37:30,424 INFO dataset.load_and_preprocess_cane_raw_file] Picking T7 channel
[2025-11-30 16:37:30,515 INFO dataset.load_and_preprocess_cane_raw_file] Using sampling rate: 500 Hz
[2025-11-30 16:37:30,516 INFO dataset.load_and_preprocess_cane_raw_file] Chunk size: 5000 samples (10s)
[2025-11-30 16:37:30,870 INFO dataset.load_and_preprocess_cane_raw_file] Created 25 chunks of shape torch.Size([25, 1, 5000])
[2025-11-30 16:37:30,930 INFO dataset.convert_to_spectrograms] Created 25 spectrograms
[2025-11-30 16:37:31,757 INFO dataset.verify_sampling_rate] Detected sampling rate: 499.10 Hz
[2025-11-30 16:37:32,039 INFO dataset.load_and_preprocess_cane_raw_file] Applied Common Average Reference
[2025-11-30 16:37:32,070 INFO dataset.load_and_preprocess_cane_raw_file] Picking T7 channel
[2025-11-30 16:37:32,103 INFO dataset.load_and_preprocess_cane_raw_file] Found 59 artifacts (0.05%)
[2025-11-30 16:37:32,235 INFO dataset.load_and_preprocess_cane_raw_file] Using sampling rate: 500 Hz
[2025-11-30 16:37:32,235 INFO dataset.load_and_preprocess_cane_raw_file] Chunk size: 5000 samples (10s)
[2025-11-30 16:37:32,304 INFO dataset.load_and_preprocess_cane_raw_file] Created 25 chunks of shape torch.Size([25, 1, 5000])
[2025-11-30 16:37:32,358 INFO dataset.convert_to_spectrograms] Created 25 spectrograms
[2025-11-30 16:37:33,633 INFO dataset.verify_sampling_rate] Detected sampling rate: 499.21 Hz
[2025-11-30 16:37:33,776 INFO dataset.load_and_preprocess_cane_raw_file] Applied Common Average Reference
[2025-11-30 16:37:33,777 INFO dataset.load_and_preprocess_cane_raw_file] Picking T7 channel
[2025-11-30 16:37:33,799 INFO dataset.load_and_preprocess_cane_raw_file] Found 1609 artifacts (1.05%)
[2025-11-30 16:37:36,039 INFO dataset.load_and_preprocess_cane_raw_file] Using sampling rate: 500 Hz
[2025-11-30 16:37:36,039 INFO dataset.load_and_preprocess_cane_raw_file] Chunk size: 5000 samples (10s)
[2025-11-30 16:37:36,171 INFO dataset.load_and_preprocess_cane_raw_file] Created 30 chunks of shape torch.Size([30, 1, 5000])
[2025-11-30 16:37:36,250 INFO dataset.convert_to_spectrograms] Created 30 spectrograms
[2025-11-30 16:37:37,431 INFO dataset.verify_sampling_rate] Detected sampling rate: 495.81 Hz
[2025-11-30 16:37:37,683 INFO dataset.load_and_preprocess_cane_raw_file] Applied Common Average Reference
[2025-11-30 16:37:37,685 INFO dataset.load_and_preprocess_cane_raw_file] Picking T7 channel
[2025-11-30 16:37:37,775 INFO dataset.load_and_preprocess_cane_raw_file] Using sampling rate: 500 Hz
[2025-11-30 16:37:37,776 INFO dataset.load_and_preprocess_cane_raw_file] Chunk size: 5000 samples (10s)
[2025-11-30 16:37:37,863 INFO dataset.load_and_preprocess_cane_raw_file] Created 30 chunks of shape torch.Size([30, 1, 5000])
[2025-11-30 16:37:37,940 INFO dataset.convert_to_spectrograms] Created 30 spectrograms
[2025-11-30 16:37:39,268 INFO dataset.verify_sampling_rate] Detected sampling rate: 498.50 Hz
[2025-11-30 16:37:39,487 INFO dataset.load_and_preprocess_cane_raw_file] Applied Common Average Reference
[2025-11-30 16:37:39,489 INFO dataset.load_and_preprocess_cane_raw_file] Picking T7 channel
[2025-11-30 16:37:39,513 INFO dataset.load_and_preprocess_cane_raw_file] Found 2156 artifacts (1.15%)
[2025-11-30 16:37:42,319 INFO dataset.load_and_preprocess_cane_raw_file] Using sampling rate: 500 Hz
[2025-11-30 16:37:42,319 INFO dataset.load_and_preprocess_cane_raw_file] Chunk size: 5000 samples (10s)
[2025-11-30 16:37:42,406 INFO dataset.load_and_preprocess_cane_raw_file] Created 37 chunks of shape torch.Size([37, 1, 5000])
[2025-11-30 16:37:42,465 INFO dataset.convert_to_spectrograms] Created 37 spectrograms
[2025-11-30 16:37:43,461 INFO dataset.verify_sampling_rate] Detected sampling rate: 499.26 Hz
[2025-11-30 16:37:43,636 INFO dataset.load_and_preprocess_cane_raw_file] Applied Common Average Reference
[2025-11-30 16:37:43,639 INFO dataset.load_and_preprocess_cane_raw_file] Picking T7 channel
[2025-11-30 16:37:43,686 INFO dataset.load_and_preprocess_cane_raw_file] Found 915 artifacts (0.60%)
[2025-11-30 16:37:45,190 INFO dataset.load_and_preprocess_cane_raw_file] Using sampling rate: 500 Hz
[2025-11-30 16:37:45,191 INFO dataset.load_and_preprocess_cane_raw_file] Chunk size: 5000 samples (10s)
[2025-11-30 16:37:45,272 INFO dataset.load_and_preprocess_cane_raw_file] Created 30 chunks of shape torch.Size([30, 1, 5000])
[2025-11-30 16:37:45,337 INFO dataset.convert_to_spectrograms] Created 30 spectrograms
[2025-11-30 16:37:46,201 INFO dataset.verify_sampling_rate] Detected sampling rate: 499.51 Hz
[2025-11-30 16:37:46,358 INFO dataset.load_and_preprocess_cane_raw_file] Applied Common Average Reference
[2025-11-30 16:37:46,360 INFO dataset.load_and_preprocess_cane_raw_file] Picking T7 channel
[2025-11-30 16:37:46,419 INFO dataset.load_and_preprocess_cane_raw_file] Using sampling rate: 500 Hz
[2025-11-30 16:37:46,419 INFO dataset.load_and_preprocess_cane_raw_file] Chunk size: 5000 samples (10s)
[2025-11-30 16:37:46,508 INFO dataset.load_and_preprocess_cane_raw_file] Created 30 chunks of shape torch.Size([30, 1, 5000])
[2025-11-30 16:37:46,567 INFO dataset.convert_to_spectrograms] Created 30 spectrograms
[2025-11-30 16:37:47,479 INFO dataset.verify_sampling_rate] Detected sampling rate: 499.61 Hz
[2025-11-30 16:37:47,645 INFO dataset.load_and_preprocess_cane_raw_file] Applied Common Average Reference
[2025-11-30 16:37:47,647 INFO dataset.load_and_preprocess_cane_raw_file] Picking T7 channel
[2025-11-30 16:37:47,674 INFO dataset.load_and_preprocess_cane_raw_file] Found 2323 artifacts (1.48%)
[2025-11-30 16:37:50,399 INFO dataset.load_and_preprocess_cane_raw_file] Using sampling rate: 500 Hz
[2025-11-30 16:37:50,399 INFO dataset.load_and_preprocess_cane_raw_file] Chunk size: 5000 samples (10s)
[2025-11-30 16:37:50,478 INFO dataset.load_and_preprocess_cane_raw_file] Created 31 chunks of shape torch.Size([31, 1, 5000])
[2025-11-30 16:37:50,534 INFO dataset.convert_to_spectrograms] Created 31 spectrograms
[2025-11-30 16:37:51,519 INFO dataset.verify_sampling_rate] Detected sampling rate: 499.42 Hz
[2025-11-30 16:37:51,691 INFO dataset.load_and_preprocess_cane_raw_file] Applied Common Average Reference
[2025-11-30 16:37:51,692 INFO dataset.load_and_preprocess_cane_raw_file] Picking T7 channel
[2025-11-30 16:37:51,738 INFO dataset.load_and_preprocess_cane_raw_file] Using sampling rate: 500 Hz
[2025-11-30 16:37:51,738 INFO dataset.load_and_preprocess_cane_raw_file] Chunk size: 5000 samples (10s)
[2025-11-30 16:37:51,811 INFO dataset.load_and_preprocess_cane_raw_file] Created 30 chunks of shape torch.Size([30, 1, 5000])
[2025-11-30 16:37:51,855 INFO dataset.convert_to_spectrograms] Created 30 spectrograms
[2025-11-30 16:37:52,610 INFO dataset.verify_sampling_rate] Detected sampling rate: 499.74 Hz
[2025-11-30 16:37:52,772 INFO dataset.load_and_preprocess_cane_raw_file] Applied Common Average Reference
[2025-11-30 16:37:52,773 INFO dataset.load_and_preprocess_cane_raw_file] Picking T7 channel
[2025-11-30 16:37:52,809 INFO dataset.load_and_preprocess_cane_raw_file] Found 103 artifacts (0.07%)
[2025-11-30 16:37:52,979 INFO dataset.load_and_preprocess_cane_raw_file] Using sampling rate: 500 Hz
[2025-11-30 16:37:52,979 INFO dataset.load_and_preprocess_cane_raw_file] Chunk size: 5000 samples (10s)
[2025-11-30 16:37:53,049 INFO dataset.load_and_preprocess_cane_raw_file] Created 30 chunks of shape torch.Size([30, 1, 5000])
[2025-11-30 16:37:53,110 INFO dataset.convert_to_spectrograms] Created 30 spectrograms
[2025-11-30 16:37:53,881 INFO dataset.verify_sampling_rate] Detected sampling rate: 499.45 Hz
[2025-11-30 16:37:54,070 INFO dataset.load_and_preprocess_cane_raw_file] Applied Common Average Reference
[2025-11-30 16:37:54,071 INFO dataset.load_and_preprocess_cane_raw_file] Picking T7 channel
[2025-11-30 16:37:54,139 INFO dataset.load_and_preprocess_cane_raw_file] Using sampling rate: 500 Hz
[2025-11-30 16:37:54,140 INFO dataset.load_and_preprocess_cane_raw_file] Chunk size: 5000 samples (10s)
[2025-11-30 16:37:54,283 INFO dataset.load_and_preprocess_cane_raw_file] Created 30 chunks of shape torch.Size([30, 1, 5000])
[2025-11-30 16:37:54,367 INFO dataset.convert_to_spectrograms] Created 30 spectrograms
[2025-11-30 16:37:55,264 INFO dataset.verify_sampling_rate] Detected sampling rate: 499.60 Hz
[2025-11-30 16:37:55,430 INFO dataset.load_and_preprocess_cane_raw_file] Applied Common Average Reference
[2025-11-30 16:37:55,432 INFO dataset.load_and_preprocess_cane_raw_file] Picking T7 channel
[2025-11-30 16:37:55,474 INFO dataset.load_and_preprocess_cane_raw_file] Using sampling rate: 500 Hz
[2025-11-30 16:37:55,475 INFO dataset.load_and_preprocess_cane_raw_file] Chunk size: 5000 samples (10s)
[2025-11-30 16:37:55,565 INFO dataset.load_and_preprocess_cane_raw_file] Created 30 chunks of shape torch.Size([30, 1, 5000])
[2025-11-30 16:37:55,620 INFO dataset.convert_to_spectrograms] Created 30 spectrograms
[2025-11-30 16:37:56,516 INFO dataset.verify_sampling_rate] Detected sampling rate: 499.28 Hz
[2025-11-30 16:37:56,672 INFO dataset.load_and_preprocess_cane_raw_file] Applied Common Average Reference
[2025-11-30 16:37:56,673 INFO dataset.load_and_preprocess_cane_raw_file] Picking T7 channel
[2025-11-30 16:37:56,695 INFO dataset.load_and_preprocess_cane_raw_file] Found 531 artifacts (0.35%)
[2025-11-30 16:37:57,483 INFO dataset.load_and_preprocess_cane_raw_file] Using sampling rate: 500 Hz
[2025-11-30 16:37:57,483 INFO dataset.load_and_preprocess_cane_raw_file] Chunk size: 5000 samples (10s)
[2025-11-30 16:37:57,594 INFO dataset.load_and_preprocess_cane_raw_file] Created 30 chunks of shape torch.Size([30, 1, 5000])
[2025-11-30 16:37:57,651 INFO dataset.convert_to_spectrograms] Created 30 spectrograms
[2025-11-30 16:37:59,053 INFO dataset.verify_sampling_rate] Detected sampling rate: 497.83 Hz
[2025-11-30 16:37:59,441 INFO dataset.load_and_preprocess_cane_raw_file] Applied Common Average Reference
[2025-11-30 16:37:59,442 INFO dataset.load_and_preprocess_cane_raw_file] Picking T7 channel
[2025-11-30 16:37:59,459 INFO dataset.load_and_preprocess_cane_raw_file] Found 11 artifacts (0.01%)
[2025-11-30 16:37:59,492 INFO dataset.load_and_preprocess_cane_raw_file] Using sampling rate: 500 Hz
[2025-11-30 16:37:59,492 INFO dataset.load_and_preprocess_cane_raw_file] Chunk size: 5000 samples (10s)
[2025-11-30 16:37:59,545 INFO dataset.load_and_preprocess_cane_raw_file] Created 31 chunks of shape torch.Size([31, 1, 5000])
[2025-11-30 16:37:59,608 INFO dataset.convert_to_spectrograms] Created 31 spectrograms
[2025-11-30 16:38:00,372 INFO dataset.verify_sampling_rate] Detected sampling rate: 499.53 Hz
[2025-11-30 16:38:00,506 INFO dataset.load_and_preprocess_cane_raw_file] Applied Common Average Reference
[2025-11-30 16:38:00,507 INFO dataset.load_and_preprocess_cane_raw_file] Picking T7 channel
[2025-11-30 16:38:00,527 INFO dataset.load_and_preprocess_cane_raw_file] Found 195 artifacts (0.13%)
[2025-11-30 16:38:00,793 INFO dataset.load_and_preprocess_cane_raw_file] Using sampling rate: 500 Hz
[2025-11-30 16:38:00,794 INFO dataset.load_and_preprocess_cane_raw_file] Chunk size: 5000 samples (10s)
[2025-11-30 16:38:00,865 INFO dataset.load_and_preprocess_cane_raw_file] Created 30 chunks of shape torch.Size([30, 1, 5000])
[2025-11-30 16:38:00,923 INFO dataset.convert_to_spectrograms] Created 30 spectrograms
[2025-11-30 16:38:01,894 INFO dataset.verify_sampling_rate] Detected sampling rate: 499.58 Hz
[2025-11-30 16:38:02,502 INFO dataset.load_and_preprocess_cane_raw_file] Applied Common Average Reference
[2025-11-30 16:38:02,504 INFO dataset.load_and_preprocess_cane_raw_file] Picking T7 channel
[2025-11-30 16:38:02,527 INFO dataset.load_and_preprocess_cane_raw_file] Found 666 artifacts (0.43%)
[2025-11-30 16:38:03,428 INFO dataset.load_and_preprocess_cane_raw_file] Using sampling rate: 500 Hz
[2025-11-30 16:38:03,430 INFO dataset.load_and_preprocess_cane_raw_file] Chunk size: 5000 samples (10s)
[2025-11-30 16:38:03,504 INFO dataset.load_and_preprocess_cane_raw_file] Created 30 chunks of shape torch.Size([30, 1, 5000])
[2025-11-30 16:38:03,563 INFO dataset.convert_to_spectrograms] Created 30 spectrograms
[2025-11-30 16:38:04,598 INFO dataset.verify_sampling_rate] Detected sampling rate: 498.58 Hz
[2025-11-30 16:38:04,778 INFO dataset.load_and_preprocess_cane_raw_file] Applied Common Average Reference
[2025-11-30 16:38:04,780 INFO dataset.load_and_preprocess_cane_raw_file] Picking T7 channel
[2025-11-30 16:38:04,813 INFO dataset.load_and_preprocess_cane_raw_file] Found 53 artifacts (0.03%)
[2025-11-30 16:38:04,933 INFO dataset.load_and_preprocess_cane_raw_file] Using sampling rate: 500 Hz
[2025-11-30 16:38:04,934 INFO dataset.load_and_preprocess_cane_raw_file] Chunk size: 5000 samples (10s)
[2025-11-30 16:38:05,054 INFO dataset.load_and_preprocess_cane_raw_file] Created 33 chunks of shape torch.Size([33, 1, 5000])
[2025-11-30 16:38:05,142 INFO dataset.convert_to_spectrograms] Created 33 spectrograms
[2025-11-30 16:38:06,120 INFO dataset.verify_sampling_rate] Detected sampling rate: 499.56 Hz
[2025-11-30 16:38:06,269 INFO dataset.load_and_preprocess_cane_raw_file] Applied Common Average Reference
[2025-11-30 16:38:06,270 INFO dataset.load_and_preprocess_cane_raw_file] Picking T7 channel
[2025-11-30 16:38:06,292 INFO dataset.load_and_preprocess_cane_raw_file] Found 768 artifacts (0.50%)
[2025-11-30 16:38:07,235 INFO dataset.load_and_preprocess_cane_raw_file] Using sampling rate: 500 Hz
[2025-11-30 16:38:07,236 INFO dataset.load_and_preprocess_cane_raw_file] Chunk size: 5000 samples (10s)
[2025-11-30 16:38:07,325 INFO dataset.load_and_preprocess_cane_raw_file] Created 30 chunks of shape torch.Size([30, 1, 5000])
[2025-11-30 16:38:07,384 INFO dataset.convert_to_spectrograms] Created 30 spectrograms
[2025-11-30 16:38:08,461 INFO dataset.verify_sampling_rate] Detected sampling rate: 498.57 Hz
[2025-11-30 16:38:08,627 INFO dataset.load_and_preprocess_cane_raw_file] Applied Common Average Reference
[2025-11-30 16:38:08,629 INFO dataset.load_and_preprocess_cane_raw_file] Picking T7 channel
[2025-11-30 16:38:08,700 INFO dataset.load_and_preprocess_cane_raw_file] Using sampling rate: 500 Hz
[2025-11-30 16:38:08,701 INFO dataset.load_and_preprocess_cane_raw_file] Chunk size: 5000 samples (10s)
[2025-11-30 16:38:08,781 INFO dataset.load_and_preprocess_cane_raw_file] Created 26 chunks of shape torch.Size([26, 1, 5000])
[2025-11-30 16:38:08,872 INFO dataset.convert_to_spectrograms] Created 26 spectrograms
[2025-11-30 16:38:09,928 INFO dataset.verify_sampling_rate] Detected sampling rate: 499.57 Hz
[2025-11-30 16:38:10,091 INFO dataset.load_and_preprocess_cane_raw_file] Applied Common Average Reference
[2025-11-30 16:38:10,093 INFO dataset.load_and_preprocess_cane_raw_file] Picking T7 channel
[2025-11-30 16:38:10,141 INFO dataset.load_and_preprocess_cane_raw_file] Using sampling rate: 500 Hz
[2025-11-30 16:38:10,142 INFO dataset.load_and_preprocess_cane_raw_file] Chunk size: 5000 samples (10s)
[2025-11-30 16:38:10,227 INFO dataset.load_and_preprocess_cane_raw_file] Created 31 chunks of shape torch.Size([31, 1, 5000])
[2025-11-30 16:38:10,287 INFO dataset.convert_to_spectrograms] Created 31 spectrograms
[2025-11-30 16:38:11,296 INFO dataset.verify_sampling_rate] Detected sampling rate: 499.57 Hz
[2025-11-30 16:38:11,451 INFO dataset.load_and_preprocess_cane_raw_file] Applied Common Average Reference
[2025-11-30 16:38:11,452 INFO dataset.load_and_preprocess_cane_raw_file] Picking T7 channel
[2025-11-30 16:38:11,498 INFO dataset.load_and_preprocess_cane_raw_file] Using sampling rate: 500 Hz
[2025-11-30 16:38:11,498 INFO dataset.load_and_preprocess_cane_raw_file] Chunk size: 5000 samples (10s)
[2025-11-30 16:38:11,579 INFO dataset.load_and_preprocess_cane_raw_file] Created 30 chunks of shape torch.Size([30, 1, 5000])
[2025-11-30 16:38:11,639 INFO dataset.convert_to_spectrograms] Created 30 spectrograms
[2025-11-30 16:38:12,395 INFO dataset.verify_sampling_rate] Detected sampling rate: 498.36 Hz
[2025-11-30 16:38:12,523 INFO dataset.load_and_preprocess_cane_raw_file] Applied Common Average Reference
[2025-11-30 16:38:12,525 INFO dataset.load_and_preprocess_cane_raw_file] Picking T7 channel
[2025-11-30 16:38:12,546 INFO dataset.load_and_preprocess_cane_raw_file] Found 512 artifacts (0.40%)
[2025-11-30 16:38:13,268 INFO dataset.load_and_preprocess_cane_raw_file] Using sampling rate: 500 Hz
[2025-11-30 16:38:13,269 INFO dataset.load_and_preprocess_cane_raw_file] Chunk size: 5000 samples (10s)
[2025-11-30 16:38:13,333 INFO dataset.load_and_preprocess_cane_raw_file] Created 25 chunks of shape torch.Size([25, 1, 5000])
[2025-11-30 16:38:13,398 INFO dataset.convert_to_spectrograms] Created 25 spectrograms
[2025-11-30 16:38:14,708 INFO dataset.verify_sampling_rate] Detected sampling rate: 496.97 Hz
[2025-11-30 16:38:14,931 INFO dataset.load_and_preprocess_cane_raw_file] Applied Common Average Reference
[2025-11-30 16:38:14,933 INFO dataset.load_and_preprocess_cane_raw_file] Picking T7 channel
[2025-11-30 16:38:14,958 INFO dataset.load_and_preprocess_cane_raw_file] Found 757 artifacts (0.40%)
[2025-11-30 16:38:15,749 INFO dataset.load_and_preprocess_cane_raw_file] Using sampling rate: 500 Hz
[2025-11-30 16:38:15,749 INFO dataset.load_and_preprocess_cane_raw_file] Chunk size: 5000 samples (10s)
[2025-11-30 16:38:15,848 INFO dataset.load_and_preprocess_cane_raw_file] Created 37 chunks of shape torch.Size([37, 1, 5000])
[2025-11-30 16:38:15,909 INFO dataset.convert_to_spectrograms] Created 37 spectrograms
[2025-11-30 16:38:17,126 INFO dataset.verify_sampling_rate] Detected sampling rate: 499.05 Hz
[2025-11-30 16:38:17,361 INFO dataset.load_and_preprocess_cane_raw_file] Applied Common Average Reference
[2025-11-30 16:38:17,362 INFO dataset.load_and_preprocess_cane_raw_file] Picking T7 channel
[2025-11-30 16:38:17,393 INFO dataset.load_and_preprocess_cane_raw_file] Found 426 artifacts (0.19%)
[2025-11-30 16:38:17,867 INFO dataset.load_and_preprocess_cane_raw_file] Using sampling rate: 500 Hz
[2025-11-30 16:38:17,867 INFO dataset.load_and_preprocess_cane_raw_file] Chunk size: 5000 samples (10s)
[2025-11-30 16:38:17,969 INFO dataset.load_and_preprocess_cane_raw_file] Created 45 chunks of shape torch.Size([45, 1, 5000])
[2025-11-30 16:38:18,040 INFO dataset.convert_to_spectrograms] Created 45 spectrograms
[2025-11-30 16:38:19,122 INFO dataset.verify_sampling_rate] Detected sampling rate: 499.08 Hz
[2025-11-30 16:38:19,313 INFO dataset.load_and_preprocess_cane_raw_file] Applied Common Average Reference
[2025-11-30 16:38:19,314 INFO dataset.load_and_preprocess_cane_raw_file] Picking T7 channel
[2025-11-30 16:38:19,381 INFO dataset.load_and_preprocess_cane_raw_file] Using sampling rate: 500 Hz
[2025-11-30 16:38:19,382 INFO dataset.load_and_preprocess_cane_raw_file] Chunk size: 5000 samples (10s)
[2025-11-30 16:38:19,479 INFO dataset.load_and_preprocess_cane_raw_file] Created 41 chunks of shape torch.Size([41, 1, 5000])
[2025-11-30 16:38:19,567 INFO dataset.convert_to_spectrograms] Created 41 spectrograms
[2025-11-30 16:38:20,452 INFO dataset.verify_sampling_rate] Detected sampling rate: 499.56 Hz
[2025-11-30 16:38:20,608 INFO dataset.load_and_preprocess_cane_raw_file] Applied Common Average Reference
[2025-11-30 16:38:20,609 INFO dataset.load_and_preprocess_cane_raw_file] Picking T7 channel
[2025-11-30 16:38:20,634 INFO dataset.load_and_preprocess_cane_raw_file] Found 941 artifacts (0.59%)
[2025-11-30 16:38:21,861 INFO dataset.load_and_preprocess_cane_raw_file] Using sampling rate: 500 Hz
[2025-11-30 16:38:21,862 INFO dataset.load_and_preprocess_cane_raw_file] Chunk size: 5000 samples (10s)
[2025-11-30 16:38:21,938 INFO dataset.load_and_preprocess_cane_raw_file] Created 31 chunks of shape torch.Size([31, 1, 5000])
[2025-11-30 16:38:22,003 INFO dataset.convert_to_spectrograms] Created 31 spectrograms
[2025-11-30 16:38:22,877 INFO dataset.verify_sampling_rate] Detected sampling rate: 499.16 Hz
[2025-11-30 16:38:23,104 INFO dataset.load_and_preprocess_cane_raw_file] Applied Common Average Reference
[2025-11-30 16:38:23,106 INFO dataset.load_and_preprocess_cane_raw_file] Picking T7 channel
[2025-11-30 16:38:23,153 INFO dataset.load_and_preprocess_cane_raw_file] Using sampling rate: 500 Hz
[2025-11-30 16:38:23,154 INFO dataset.load_and_preprocess_cane_raw_file] Chunk size: 5000 samples (10s)
[2025-11-30 16:38:23,238 INFO dataset.load_and_preprocess_cane_raw_file] Created 30 chunks of shape torch.Size([30, 1, 5000])
[2025-11-30 16:38:23,297 INFO dataset.convert_to_spectrograms] Created 30 spectrograms
[2025-11-30 16:38:24,276 INFO dataset.verify_sampling_rate] Detected sampling rate: 499.21 Hz
[2025-11-30 16:38:24,436 INFO dataset.load_and_preprocess_cane_raw_file] Applied Common Average Reference
[2025-11-30 16:38:24,438 INFO dataset.load_and_preprocess_cane_raw_file] Picking T7 channel
[2025-11-30 16:38:24,494 INFO dataset.load_and_preprocess_cane_raw_file] Using sampling rate: 500 Hz
[2025-11-30 16:38:24,494 INFO dataset.load_and_preprocess_cane_raw_file] Chunk size: 5000 samples (10s)
[2025-11-30 16:38:24,567 INFO dataset.load_and_preprocess_cane_raw_file] Created 30 chunks of shape torch.Size([30, 1, 5000])
[2025-11-30 16:38:24,627 INFO dataset.convert_to_spectrograms] Created 30 spectrograms
[2025-11-30 16:38:25,869 INFO dataset.verify_sampling_rate] Detected sampling rate: 498.62 Hz
[2025-11-30 16:38:26,043 INFO dataset.load_and_preprocess_cane_raw_file] Applied Common Average Reference
[2025-11-30 16:38:26,045 INFO dataset.load_and_preprocess_cane_raw_file] Picking T7 channel
[2025-11-30 16:38:26,076 INFO dataset.load_and_preprocess_cane_raw_file] Found 8 artifacts (0.01%)
[2025-11-30 16:38:26,149 INFO dataset.load_and_preprocess_cane_raw_file] Using sampling rate: 500 Hz
[2025-11-30 16:38:26,150 INFO dataset.load_and_preprocess_cane_raw_file] Chunk size: 5000 samples (10s)
[2025-11-30 16:38:26,228 INFO dataset.load_and_preprocess_cane_raw_file] Created 30 chunks of shape torch.Size([30, 1, 5000])
[2025-11-30 16:38:26,305 INFO dataset.convert_to_spectrograms] Created 30 spectrograms
[2025-11-30 16:38:27,229 INFO dataset.verify_sampling_rate] Detected sampling rate: 498.62 Hz
[2025-11-30 16:38:27,399 INFO dataset.load_and_preprocess_cane_raw_file] Applied Common Average Reference
[2025-11-30 16:38:27,400 INFO dataset.load_and_preprocess_cane_raw_file] Picking T7 channel
[2025-11-30 16:38:27,426 INFO dataset.load_and_preprocess_cane_raw_file] Found 1442 artifacts (0.93%)
[2025-11-30 16:38:29,407 INFO dataset.load_and_preprocess_cane_raw_file] Using sampling rate: 500 Hz
[2025-11-30 16:38:29,411 INFO dataset.load_and_preprocess_cane_raw_file] Chunk size: 5000 samples (10s)
[2025-11-30 16:38:29,517 INFO dataset.load_and_preprocess_cane_raw_file] Created 31 chunks of shape torch.Size([31, 1, 5000])
[2025-11-30 16:38:29,584 INFO dataset.convert_to_spectrograms] Created 31 spectrograms
[2025-11-30 16:38:29,587 INFO dataset.__init__] Built index with 1130 total chunks
[2025-11-30 16:38:29,604 INFO dataset._discover_files] Discovered 36 CANE files
[2025-11-30 16:38:29,605 INFO dataset.__init__] Building chunk index for FlattenedSpectrogramDataset...
[2025-11-30 16:38:30,643 INFO dataset.verify_sampling_rate] Detected sampling rate: 499.15 Hz
[2025-11-30 16:38:30,783 INFO dataset.load_and_preprocess_cane_raw_file] Applied Common Average Reference
[2025-11-30 16:38:30,784 INFO dataset.load_and_preprocess_cane_raw_file] Picking T7 channel
[2025-11-30 16:38:30,808 INFO dataset.load_and_preprocess_cane_raw_file] Found 36 artifacts (0.02%)
[2025-11-30 16:38:30,884 INFO dataset.load_and_preprocess_cane_raw_file] Using sampling rate: 500 Hz
[2025-11-30 16:38:30,884 INFO dataset.load_and_preprocess_cane_raw_file] Chunk size: 5000 samples (10s)
[2025-11-30 16:38:30,972 INFO dataset.load_and_preprocess_cane_raw_file] Created 30 chunks of shape torch.Size([30, 1, 5000])
[2025-11-30 16:38:31,028 INFO dataset.convert_to_spectrograms] Created 30 spectrograms
[2025-11-30 16:38:31,913 INFO dataset.verify_sampling_rate] Detected sampling rate: 499.06 Hz
[2025-11-30 16:38:32,069 INFO dataset.load_and_preprocess_cane_raw_file] Applied Common Average Reference
[2025-11-30 16:38:32,070 INFO dataset.load_and_preprocess_cane_raw_file] Picking T7 channel
[2025-11-30 16:38:32,120 INFO dataset.load_and_preprocess_cane_raw_file] Using sampling rate: 500 Hz
[2025-11-30 16:38:32,120 INFO dataset.load_and_preprocess_cane_raw_file] Chunk size: 5000 samples (10s)
[2025-11-30 16:38:32,196 INFO dataset.load_and_preprocess_cane_raw_file] Created 30 chunks of shape torch.Size([30, 1, 5000])
[2025-11-30 16:38:32,251 INFO dataset.convert_to_spectrograms] Created 30 spectrograms
[2025-11-30 16:38:33,152 INFO dataset.verify_sampling_rate] Detected sampling rate: 498.81 Hz
[2025-11-30 16:38:33,312 INFO dataset.load_and_preprocess_cane_raw_file] Applied Common Average Reference
[2025-11-30 16:38:33,313 INFO dataset.load_and_preprocess_cane_raw_file] Picking T7 channel
[2025-11-30 16:38:33,340 INFO dataset.load_and_preprocess_cane_raw_file] Found 546 artifacts (0.34%)
[2025-11-30 16:38:33,897 INFO dataset.load_and_preprocess_cane_raw_file] Using sampling rate: 500 Hz
[2025-11-30 16:38:33,897 INFO dataset.load_and_preprocess_cane_raw_file] Chunk size: 5000 samples (10s)
[2025-11-30 16:38:33,967 INFO dataset.load_and_preprocess_cane_raw_file] Created 32 chunks of shape torch.Size([32, 1, 5000])
[2025-11-30 16:38:34,008 INFO dataset.convert_to_spectrograms] Created 32 spectrograms
[2025-11-30 16:38:34,793 INFO dataset.verify_sampling_rate] Detected sampling rate: 499.86 Hz
[2025-11-30 16:38:34,938 INFO dataset.load_and_preprocess_cane_raw_file] Applied Common Average Reference
[2025-11-30 16:38:34,940 INFO dataset.load_and_preprocess_cane_raw_file] Picking T7 channel
[2025-11-30 16:38:34,961 INFO dataset.load_and_preprocess_cane_raw_file] Found 603 artifacts (0.39%)
[2025-11-30 16:38:35,616 INFO dataset.load_and_preprocess_cane_raw_file] Using sampling rate: 500 Hz
[2025-11-30 16:38:35,616 INFO dataset.load_and_preprocess_cane_raw_file] Chunk size: 5000 samples (10s)
[2025-11-30 16:38:35,679 INFO dataset.load_and_preprocess_cane_raw_file] Created 30 chunks of shape torch.Size([30, 1, 5000])
[2025-11-30 16:38:35,719 INFO dataset.convert_to_spectrograms] Created 30 spectrograms
[2025-11-30 16:38:36,193 INFO dataset.verify_sampling_rate] Detected sampling rate: 499.24 Hz
[2025-11-30 16:38:36,287 INFO dataset.load_and_preprocess_cane_raw_file] Applied Common Average Reference
[2025-11-30 16:38:36,288 INFO dataset.load_and_preprocess_cane_raw_file] Picking T7 channel
[2025-11-30 16:38:36,305 INFO dataset.load_and_preprocess_cane_raw_file] Found 161 artifacts (0.13%)
[2025-11-30 16:38:36,470 INFO dataset.load_and_preprocess_cane_raw_file] Using sampling rate: 500 Hz
[2025-11-30 16:38:36,470 INFO dataset.load_and_preprocess_cane_raw_file] Chunk size: 5000 samples (10s)
[2025-11-30 16:38:36,521 INFO dataset.load_and_preprocess_cane_raw_file] Created 25 chunks of shape torch.Size([25, 1, 5000])
[2025-11-30 16:38:36,564 INFO dataset.convert_to_spectrograms] Created 25 spectrograms
[2025-11-30 16:38:37,253 INFO dataset.verify_sampling_rate] Detected sampling rate: 499.51 Hz
[2025-11-30 16:38:37,378 INFO dataset.load_and_preprocess_cane_raw_file] Applied Common Average Reference
[2025-11-30 16:38:37,380 INFO dataset.load_and_preprocess_cane_raw_file] Picking T7 channel
[2025-11-30 16:38:37,398 INFO dataset.load_and_preprocess_cane_raw_file] Found 4 artifacts (0.00%)
[2025-11-30 16:38:37,424 INFO dataset.load_and_preprocess_cane_raw_file] Using sampling rate: 500 Hz
[2025-11-30 16:38:37,425 INFO dataset.load_and_preprocess_cane_raw_file] Chunk size: 5000 samples (10s)
[2025-11-30 16:38:37,482 INFO dataset.load_and_preprocess_cane_raw_file] Created 25 chunks of shape torch.Size([25, 1, 5000])
[2025-11-30 16:38:37,529 INFO dataset.convert_to_spectrograms] Created 25 spectrograms
[2025-11-30 16:38:38,148 INFO dataset.verify_sampling_rate] Detected sampling rate: 498.47 Hz
[2025-11-30 16:38:38,285 INFO dataset.load_and_preprocess_cane_raw_file] Applied Common Average Reference
[2025-11-30 16:38:38,287 INFO dataset.load_and_preprocess_cane_raw_file] Picking T7 channel
[2025-11-30 16:38:38,307 INFO dataset.load_and_preprocess_cane_raw_file] Found 737 artifacts (0.57%)
[2025-11-30 16:38:39,178 INFO dataset.load_and_preprocess_cane_raw_file] Using sampling rate: 500 Hz
[2025-11-30 16:38:39,179 INFO dataset.load_and_preprocess_cane_raw_file] Chunk size: 5000 samples (10s)
[2025-11-30 16:38:39,230 INFO dataset.load_and_preprocess_cane_raw_file] Created 25 chunks of shape torch.Size([25, 1, 5000])
[2025-11-30 16:38:39,276 INFO dataset.convert_to_spectrograms] Created 25 spectrograms
[2025-11-30 16:38:39,838 INFO dataset.verify_sampling_rate] Detected sampling rate: 499.23 Hz
[2025-11-30 16:38:39,981 INFO dataset.load_and_preprocess_cane_raw_file] Applied Common Average Reference
[2025-11-30 16:38:39,982 INFO dataset.load_and_preprocess_cane_raw_file] Picking T7 channel
[2025-11-30 16:38:39,996 INFO dataset.load_and_preprocess_cane_raw_file] Found 31 artifacts (0.02%)
[2025-11-30 16:38:40,054 INFO dataset.load_and_preprocess_cane_raw_file] Using sampling rate: 500 Hz
[2025-11-30 16:38:40,054 INFO dataset.load_and_preprocess_cane_raw_file] Chunk size: 5000 samples (10s)
[2025-11-30 16:38:40,114 INFO dataset.load_and_preprocess_cane_raw_file] Created 26 chunks of shape torch.Size([26, 1, 5000])
[2025-11-30 16:38:40,146 INFO dataset.convert_to_spectrograms] Created 26 spectrograms
[2025-11-30 16:38:40,843 INFO dataset.verify_sampling_rate] Detected sampling rate: 499.20 Hz
[2025-11-30 16:38:40,928 INFO dataset.load_and_preprocess_cane_raw_file] Applied Common Average Reference
[2025-11-30 16:38:40,929 INFO dataset.load_and_preprocess_cane_raw_file] Picking T7 channel
[2025-11-30 16:38:40,941 INFO dataset.load_and_preprocess_cane_raw_file] Found 3 artifacts (0.00%)
[2025-11-30 16:38:40,957 INFO dataset.load_and_preprocess_cane_raw_file] Using sampling rate: 500 Hz
[2025-11-30 16:38:40,957 INFO dataset.load_and_preprocess_cane_raw_file] Chunk size: 5000 samples (10s)
[2025-11-30 16:38:41,018 INFO dataset.load_and_preprocess_cane_raw_file] Created 25 chunks of shape torch.Size([25, 1, 5000])
[2025-11-30 16:38:41,059 INFO dataset.convert_to_spectrograms] Created 25 spectrograms
[2025-11-30 16:38:41,760 INFO dataset.verify_sampling_rate] Detected sampling rate: 499.28 Hz
[2025-11-30 16:38:41,878 INFO dataset.load_and_preprocess_cane_raw_file] Applied Common Average Reference
[2025-11-30 16:38:41,879 INFO dataset.load_and_preprocess_cane_raw_file] Picking T7 channel
[2025-11-30 16:38:41,901 INFO dataset.load_and_preprocess_cane_raw_file] Found 14 artifacts (0.01%)
[2025-11-30 16:38:41,941 INFO dataset.load_and_preprocess_cane_raw_file] Using sampling rate: 500 Hz
[2025-11-30 16:38:41,942 INFO dataset.load_and_preprocess_cane_raw_file] Chunk size: 5000 samples (10s)
[2025-11-30 16:38:41,994 INFO dataset.load_and_preprocess_cane_raw_file] Created 30 chunks of shape torch.Size([30, 1, 5000])
[2025-11-30 16:38:42,040 INFO dataset.convert_to_spectrograms] Created 30 spectrograms
[2025-11-30 16:38:43,280 INFO dataset.verify_sampling_rate] Detected sampling rate: 498.55 Hz
[2025-11-30 16:38:43,453 INFO dataset.load_and_preprocess_cane_raw_file] Applied Common Average Reference
[2025-11-30 16:38:43,454 INFO dataset.load_and_preprocess_cane_raw_file] Picking T7 channel
[2025-11-30 16:38:43,486 INFO dataset.load_and_preprocess_cane_raw_file] Found 2366 artifacts (1.10%)
[2025-11-30 16:38:45,989 INFO dataset.load_and_preprocess_cane_raw_file] Using sampling rate: 500 Hz
[2025-11-30 16:38:45,989 INFO dataset.load_and_preprocess_cane_raw_file] Chunk size: 5000 samples (10s)
[2025-11-30 16:38:46,084 INFO dataset.load_and_preprocess_cane_raw_file] Created 42 chunks of shape torch.Size([42, 1, 5000])
[2025-11-30 16:38:46,148 INFO dataset.convert_to_spectrograms] Created 42 spectrograms
[2025-11-30 16:38:46,921 INFO dataset.verify_sampling_rate] Detected sampling rate: 491.57 Hz
[2025-11-30 16:38:47,055 INFO dataset.load_and_preprocess_cane_raw_file] Applied Common Average Reference
[2025-11-30 16:38:47,056 INFO dataset.load_and_preprocess_cane_raw_file] Picking T7 channel
[2025-11-30 16:38:47,076 INFO dataset.load_and_preprocess_cane_raw_file] Found 964 artifacts (0.64%)
[2025-11-30 16:38:48,184 INFO dataset.load_and_preprocess_cane_raw_file] Using sampling rate: 500 Hz
[2025-11-30 16:38:48,184 INFO dataset.load_and_preprocess_cane_raw_file] Chunk size: 5000 samples (10s)
[2025-11-30 16:38:48,256 INFO dataset.load_and_preprocess_cane_raw_file] Created 30 chunks of shape torch.Size([30, 1, 5000])
[2025-11-30 16:38:48,308 INFO dataset.convert_to_spectrograms] Created 30 spectrograms
[2025-11-30 16:38:49,211 INFO dataset.verify_sampling_rate] Detected sampling rate: 499.57 Hz
[2025-11-30 16:38:49,359 INFO dataset.load_and_preprocess_cane_raw_file] Applied Common Average Reference
[2025-11-30 16:38:49,360 INFO dataset.load_and_preprocess_cane_raw_file] Picking T7 channel
[2025-11-30 16:38:49,410 INFO dataset.load_and_preprocess_cane_raw_file] Using sampling rate: 500 Hz
[2025-11-30 16:38:49,411 INFO dataset.load_and_preprocess_cane_raw_file] Chunk size: 5000 samples (10s)
[2025-11-30 16:38:49,478 INFO dataset.load_and_preprocess_cane_raw_file] Created 30 chunks of shape torch.Size([30, 1, 5000])
[2025-11-30 16:38:49,537 INFO dataset.convert_to_spectrograms] Created 30 spectrograms
[2025-11-30 16:38:50,380 INFO dataset.verify_sampling_rate] Detected sampling rate: 499.69 Hz
[2025-11-30 16:38:50,520 INFO dataset.load_and_preprocess_cane_raw_file] Applied Common Average Reference
[2025-11-30 16:38:50,521 INFO dataset.load_and_preprocess_cane_raw_file] Picking T7 channel
[2025-11-30 16:38:50,549 INFO dataset.load_and_preprocess_cane_raw_file] Found 6 artifacts (0.00%)
[2025-11-30 16:38:50,583 INFO dataset.load_and_preprocess_cane_raw_file] Using sampling rate: 500 Hz
[2025-11-30 16:38:50,583 INFO dataset.load_and_preprocess_cane_raw_file] Chunk size: 5000 samples (10s)
[2025-11-30 16:38:50,662 INFO dataset.load_and_preprocess_cane_raw_file] Created 34 chunks of shape torch.Size([34, 1, 5000])
[2025-11-30 16:38:50,720 INFO dataset.convert_to_spectrograms] Created 34 spectrograms
[2025-11-30 16:38:51,677 INFO dataset.verify_sampling_rate] Detected sampling rate: 499.58 Hz
[2025-11-30 16:38:51,816 INFO dataset.load_and_preprocess_cane_raw_file] Applied Common Average Reference
[2025-11-30 16:38:51,817 INFO dataset.load_and_preprocess_cane_raw_file] Picking T7 channel
[2025-11-30 16:38:51,838 INFO dataset.load_and_preprocess_cane_raw_file] Found 4 artifacts (0.00%)
[2025-11-30 16:38:51,867 INFO dataset.load_and_preprocess_cane_raw_file] Using sampling rate: 500 Hz
[2025-11-30 16:38:51,867 INFO dataset.load_and_preprocess_cane_raw_file] Chunk size: 5000 samples (10s)
[2025-11-30 16:38:51,957 INFO dataset.load_and_preprocess_cane_raw_file] Created 30 chunks of shape torch.Size([30, 1, 5000])
[2025-11-30 16:38:52,024 INFO dataset.convert_to_spectrograms] Created 30 spectrograms
[2025-11-30 16:38:52,726 INFO dataset.verify_sampling_rate] Detected sampling rate: 499.94 Hz
[2025-11-30 16:38:52,837 INFO dataset.load_and_preprocess_cane_raw_file] Applied Common Average Reference
[2025-11-30 16:38:52,838 INFO dataset.load_and_preprocess_cane_raw_file] Picking T7 channel
[2025-11-30 16:38:52,861 INFO dataset.load_and_preprocess_cane_raw_file] Found 22 artifacts (0.01%)
[2025-11-30 16:38:52,911 INFO dataset.load_and_preprocess_cane_raw_file] Using sampling rate: 500 Hz
[2025-11-30 16:38:52,911 INFO dataset.load_and_preprocess_cane_raw_file] Chunk size: 5000 samples (10s)
[2025-11-30 16:38:52,996 INFO dataset.load_and_preprocess_cane_raw_file] Created 31 chunks of shape torch.Size([31, 1, 5000])
[2025-11-30 16:38:53,062 INFO dataset.convert_to_spectrograms] Created 31 spectrograms
[2025-11-30 16:38:53,915 INFO dataset.verify_sampling_rate] Detected sampling rate: 499.58 Hz
[2025-11-30 16:38:54,073 INFO dataset.load_and_preprocess_cane_raw_file] Applied Common Average Reference
[2025-11-30 16:38:54,078 INFO dataset.load_and_preprocess_cane_raw_file] Picking T7 channel
[2025-11-30 16:38:54,136 INFO dataset.load_and_preprocess_cane_raw_file] Using sampling rate: 500 Hz
[2025-11-30 16:38:54,137 INFO dataset.load_and_preprocess_cane_raw_file] Chunk size: 5000 samples (10s)
[2025-11-30 16:38:54,205 INFO dataset.load_and_preprocess_cane_raw_file] Created 30 chunks of shape torch.Size([30, 1, 5000])
[2025-11-30 16:38:54,249 INFO dataset.convert_to_spectrograms] Created 30 spectrograms
[2025-11-30 16:38:55,047 INFO dataset.verify_sampling_rate] Detected sampling rate: 499.71 Hz
[2025-11-30 16:38:55,208 INFO dataset.load_and_preprocess_cane_raw_file] Applied Common Average Reference
[2025-11-30 16:38:55,209 INFO dataset.load_and_preprocess_cane_raw_file] Picking T7 channel
[2025-11-30 16:38:55,255 INFO dataset.load_and_preprocess_cane_raw_file] Using sampling rate: 500 Hz
[2025-11-30 16:38:55,255 INFO dataset.load_and_preprocess_cane_raw_file] Chunk size: 5000 samples (10s)
[2025-11-30 16:38:55,339 INFO dataset.load_and_preprocess_cane_raw_file] Created 30 chunks of shape torch.Size([30, 1, 5000])
[2025-11-30 16:38:55,403 INFO dataset.convert_to_spectrograms] Created 30 spectrograms
[2025-11-30 16:38:56,320 INFO dataset.verify_sampling_rate] Detected sampling rate: 499.29 Hz
[2025-11-30 16:38:56,468 INFO dataset.load_and_preprocess_cane_raw_file] Applied Common Average Reference
[2025-11-30 16:38:56,469 INFO dataset.load_and_preprocess_cane_raw_file] Picking T7 channel
[2025-11-30 16:38:56,493 INFO dataset.load_and_preprocess_cane_raw_file] Found 122 artifacts (0.08%)
[2025-11-30 16:38:56,650 INFO dataset.load_and_preprocess_cane_raw_file] Using sampling rate: 500 Hz
[2025-11-30 16:38:56,651 INFO dataset.load_and_preprocess_cane_raw_file] Chunk size: 5000 samples (10s)
[2025-11-30 16:38:56,723 INFO dataset.load_and_preprocess_cane_raw_file] Created 30 chunks of shape torch.Size([30, 1, 5000])
[2025-11-30 16:38:56,791 INFO dataset.convert_to_spectrograms] Created 30 spectrograms
[2025-11-30 16:38:57,808 INFO dataset.verify_sampling_rate] Detected sampling rate: 499.93 Hz
[2025-11-30 16:38:57,974 INFO dataset.load_and_preprocess_cane_raw_file] Applied Common Average Reference
[2025-11-30 16:38:57,975 INFO dataset.load_and_preprocess_cane_raw_file] Picking T7 channel
[2025-11-30 16:38:58,016 INFO dataset.load_and_preprocess_cane_raw_file] Found 3333 artifacts (2.05%)
[2025-11-30 16:39:02,042 INFO dataset.load_and_preprocess_cane_raw_file] Using sampling rate: 500 Hz
[2025-11-30 16:39:02,044 INFO dataset.load_and_preprocess_cane_raw_file] Chunk size: 5000 samples (10s)
[2025-11-30 16:39:02,135 INFO dataset.load_and_preprocess_cane_raw_file] Created 32 chunks of shape torch.Size([32, 1, 5000])
[2025-11-30 16:39:02,196 INFO dataset.convert_to_spectrograms] Created 32 spectrograms
[2025-11-30 16:39:03,039 INFO dataset.verify_sampling_rate] Detected sampling rate: 499.64 Hz
[2025-11-30 16:39:03,198 INFO dataset.load_and_preprocess_cane_raw_file] Applied Common Average Reference
[2025-11-30 16:39:03,199 INFO dataset.load_and_preprocess_cane_raw_file] Picking T7 channel
[2025-11-30 16:39:03,220 INFO dataset.load_and_preprocess_cane_raw_file] Found 1 artifacts (0.00%)
[2025-11-30 16:39:03,248 INFO dataset.load_and_preprocess_cane_raw_file] Using sampling rate: 500 Hz
[2025-11-30 16:39:03,248 INFO dataset.load_and_preprocess_cane_raw_file] Chunk size: 5000 samples (10s)
[2025-11-30 16:39:03,337 INFO dataset.load_and_preprocess_cane_raw_file] Created 30 chunks of shape torch.Size([30, 1, 5000])
[2025-11-30 16:39:03,412 INFO dataset.convert_to_spectrograms] Created 30 spectrograms
[2025-11-30 16:39:04,453 INFO dataset.verify_sampling_rate] Detected sampling rate: 499.64 Hz
[2025-11-30 16:39:04,619 INFO dataset.load_and_preprocess_cane_raw_file] Applied Common Average Reference
[2025-11-30 16:39:04,620 INFO dataset.load_and_preprocess_cane_raw_file] Picking T7 channel
[2025-11-30 16:39:04,648 INFO dataset.load_and_preprocess_cane_raw_file] Found 11 artifacts (0.01%)
[2025-11-30 16:39:04,688 INFO dataset.load_and_preprocess_cane_raw_file] Using sampling rate: 500 Hz
[2025-11-30 16:39:04,688 INFO dataset.load_and_preprocess_cane_raw_file] Chunk size: 5000 samples (10s)
[2025-11-30 16:39:04,770 INFO dataset.load_and_preprocess_cane_raw_file] Created 32 chunks of shape torch.Size([32, 1, 5000])
[2025-11-30 16:39:04,831 INFO dataset.convert_to_spectrograms] Created 32 spectrograms
[2025-11-30 16:39:05,670 INFO dataset.verify_sampling_rate] Detected sampling rate: 498.79 Hz
[2025-11-30 16:39:05,841 INFO dataset.load_and_preprocess_cane_raw_file] Applied Common Average Reference
[2025-11-30 16:39:05,843 INFO dataset.load_and_preprocess_cane_raw_file] Picking T7 channel
[2025-11-30 16:39:05,922 INFO dataset.load_and_preprocess_cane_raw_file] Using sampling rate: 500 Hz
[2025-11-30 16:39:05,923 INFO dataset.load_and_preprocess_cane_raw_file] Chunk size: 5000 samples (10s)
[2025-11-30 16:39:06,037 INFO dataset.load_and_preprocess_cane_raw_file] Created 31 chunks of shape torch.Size([31, 1, 5000])
[2025-11-30 16:39:06,110 INFO dataset.convert_to_spectrograms] Created 31 spectrograms
[2025-11-30 16:39:07,123 INFO dataset.verify_sampling_rate] Detected sampling rate: 499.56 Hz
[2025-11-30 16:39:07,292 INFO dataset.load_and_preprocess_cane_raw_file] Applied Common Average Reference
[2025-11-30 16:39:07,294 INFO dataset.load_and_preprocess_cane_raw_file] Picking T7 channel
[2025-11-30 16:39:07,319 INFO dataset.load_and_preprocess_cane_raw_file] Found 233 artifacts (0.15%)
[2025-11-30 16:39:07,633 INFO dataset.load_and_preprocess_cane_raw_file] Using sampling rate: 500 Hz
[2025-11-30 16:39:07,633 INFO dataset.load_and_preprocess_cane_raw_file] Chunk size: 5000 samples (10s)
[2025-11-30 16:39:07,711 INFO dataset.load_and_preprocess_cane_raw_file] Created 30 chunks of shape torch.Size([30, 1, 5000])
[2025-11-30 16:39:07,774 INFO dataset.convert_to_spectrograms] Created 30 spectrograms
[2025-11-30 16:39:08,658 INFO dataset.verify_sampling_rate] Detected sampling rate: 498.69 Hz
[2025-11-30 16:39:08,910 INFO dataset.load_and_preprocess_cane_raw_file] Applied Common Average Reference
[2025-11-30 16:39:08,914 INFO dataset.load_and_preprocess_cane_raw_file] Picking T7 channel
[2025-11-30 16:39:09,024 INFO dataset.load_and_preprocess_cane_raw_file] Using sampling rate: 500 Hz
[2025-11-30 16:39:09,025 INFO dataset.load_and_preprocess_cane_raw_file] Chunk size: 5000 samples (10s)
[2025-11-30 16:39:09,132 INFO dataset.load_and_preprocess_cane_raw_file] Created 25 chunks of shape torch.Size([25, 1, 5000])
[2025-11-30 16:39:09,177 INFO dataset.convert_to_spectrograms] Created 25 spectrograms
[2025-11-30 16:39:09,958 INFO dataset.verify_sampling_rate] Detected sampling rate: 499.32 Hz
[2025-11-30 16:39:10,086 INFO dataset.load_and_preprocess_cane_raw_file] Applied Common Average Reference
[2025-11-30 16:39:10,087 INFO dataset.load_and_preprocess_cane_raw_file] Picking T7 channel
[2025-11-30 16:39:10,120 INFO dataset.load_and_preprocess_cane_raw_file] Using sampling rate: 500 Hz
[2025-11-30 16:39:10,120 INFO dataset.load_and_preprocess_cane_raw_file] Chunk size: 5000 samples (10s)
[2025-11-30 16:39:10,178 INFO dataset.load_and_preprocess_cane_raw_file] Created 25 chunks of shape torch.Size([25, 1, 5000])
[2025-11-30 16:39:10,278 INFO dataset.convert_to_spectrograms] Created 25 spectrograms
[2025-11-30 16:39:11,075 INFO dataset.verify_sampling_rate] Detected sampling rate: 499.57 Hz
[2025-11-30 16:39:11,203 INFO dataset.load_and_preprocess_cane_raw_file] Applied Common Average Reference
[2025-11-30 16:39:11,204 INFO dataset.load_and_preprocess_cane_raw_file] Picking T7 channel
[2025-11-30 16:39:11,246 INFO dataset.load_and_preprocess_cane_raw_file] Using sampling rate: 500 Hz
[2025-11-30 16:39:11,250 INFO dataset.load_and_preprocess_cane_raw_file] Chunk size: 5000 samples (10s)
[2025-11-30 16:39:11,330 INFO dataset.load_and_preprocess_cane_raw_file] Created 31 chunks of shape torch.Size([31, 1, 5000])
[2025-11-30 16:39:11,383 INFO dataset.convert_to_spectrograms] Created 31 spectrograms
[2025-11-30 16:39:12,228 INFO dataset.verify_sampling_rate] Detected sampling rate: 498.50 Hz
[2025-11-30 16:39:12,401 INFO dataset.load_and_preprocess_cane_raw_file] Applied Common Average Reference
[2025-11-30 16:39:12,402 INFO dataset.load_and_preprocess_cane_raw_file] Picking T7 channel
[2025-11-30 16:39:12,444 INFO dataset.load_and_preprocess_cane_raw_file] Using sampling rate: 500 Hz
[2025-11-30 16:39:12,445 INFO dataset.load_and_preprocess_cane_raw_file] Chunk size: 5000 samples (10s)
[2025-11-30 16:39:12,513 INFO dataset.load_and_preprocess_cane_raw_file] Created 32 chunks of shape torch.Size([32, 1, 5000])
[2025-11-30 16:39:12,554 INFO dataset.convert_to_spectrograms] Created 32 spectrograms
[2025-11-30 16:39:13,501 INFO dataset.verify_sampling_rate] Detected sampling rate: 498.62 Hz
[2025-11-30 16:39:13,647 INFO dataset.load_and_preprocess_cane_raw_file] Applied Common Average Reference
[2025-11-30 16:39:13,651 INFO dataset.load_and_preprocess_cane_raw_file] Picking T7 channel
[2025-11-30 16:39:13,686 INFO dataset.load_and_preprocess_cane_raw_file] Found 537 artifacts (0.29%)
[2025-11-30 16:39:14,288 INFO dataset.load_and_preprocess_cane_raw_file] Using sampling rate: 500 Hz
[2025-11-30 16:39:14,288 INFO dataset.load_and_preprocess_cane_raw_file] Chunk size: 5000 samples (10s)
[2025-11-30 16:39:14,354 INFO dataset.load_and_preprocess_cane_raw_file] Created 37 chunks of shape torch.Size([37, 1, 5000])
[2025-11-30 16:39:14,424 INFO dataset.convert_to_spectrograms] Created 37 spectrograms
[2025-11-30 16:39:15,435 INFO dataset.verify_sampling_rate] Detected sampling rate: 499.70 Hz
[2025-11-30 16:39:15,571 INFO dataset.load_and_preprocess_cane_raw_file] Applied Common Average Reference
[2025-11-30 16:39:15,572 INFO dataset.load_and_preprocess_cane_raw_file] Picking T7 channel
[2025-11-30 16:39:15,601 INFO dataset.load_and_preprocess_cane_raw_file] Found 1385 artifacts (0.63%)
[2025-11-30 16:39:16,863 INFO dataset.load_and_preprocess_cane_raw_file] Using sampling rate: 500 Hz
[2025-11-30 16:39:16,863 INFO dataset.load_and_preprocess_cane_raw_file] Chunk size: 5000 samples (10s)
[2025-11-30 16:39:16,939 INFO dataset.load_and_preprocess_cane_raw_file] Created 43 chunks of shape torch.Size([43, 1, 5000])
[2025-11-30 16:39:17,011 INFO dataset.convert_to_spectrograms] Created 43 spectrograms
[2025-11-30 16:39:17,910 INFO dataset.verify_sampling_rate] Detected sampling rate: 497.74 Hz
[2025-11-30 16:39:18,089 INFO dataset.load_and_preprocess_cane_raw_file] Applied Common Average Reference
[2025-11-30 16:39:18,090 INFO dataset.load_and_preprocess_cane_raw_file] Picking T7 channel
[2025-11-30 16:39:18,138 INFO dataset.load_and_preprocess_cane_raw_file] Using sampling rate: 500 Hz
[2025-11-30 16:39:18,139 INFO dataset.load_and_preprocess_cane_raw_file] Chunk size: 5000 samples (10s)
[2025-11-30 16:39:18,274 INFO dataset.load_and_preprocess_cane_raw_file] Created 38 chunks of shape torch.Size([38, 1, 5000])
[2025-11-30 16:39:18,462 INFO dataset.convert_to_spectrograms] Created 38 spectrograms
[2025-11-30 16:39:19,292 INFO dataset.verify_sampling_rate] Detected sampling rate: 499.84 Hz
[2025-11-30 16:39:19,436 INFO dataset.load_and_preprocess_cane_raw_file] Applied Common Average Reference
[2025-11-30 16:39:19,440 INFO dataset.load_and_preprocess_cane_raw_file] Picking T7 channel
[2025-11-30 16:39:19,463 INFO dataset.load_and_preprocess_cane_raw_file] Found 1209 artifacts (0.73%)
[2025-11-30 16:39:20,579 INFO dataset.load_and_preprocess_cane_raw_file] Using sampling rate: 500 Hz
[2025-11-30 16:39:20,580 INFO dataset.load_and_preprocess_cane_raw_file] Chunk size: 5000 samples (10s)
[2025-11-30 16:39:20,636 INFO dataset.load_and_preprocess_cane_raw_file] Created 33 chunks of shape torch.Size([33, 1, 5000])
[2025-11-30 16:39:20,677 INFO dataset.convert_to_spectrograms] Created 33 spectrograms
[2025-11-30 16:39:21,404 INFO dataset.verify_sampling_rate] Detected sampling rate: 499.26 Hz
[2025-11-30 16:39:21,525 INFO dataset.load_and_preprocess_cane_raw_file] Applied Common Average Reference
[2025-11-30 16:39:21,527 INFO dataset.load_and_preprocess_cane_raw_file] Picking T7 channel
[2025-11-30 16:39:21,581 INFO dataset.load_and_preprocess_cane_raw_file] Using sampling rate: 500 Hz
[2025-11-30 16:39:21,585 INFO dataset.load_and_preprocess_cane_raw_file] Chunk size: 5000 samples (10s)
[2025-11-30 16:39:21,646 INFO dataset.load_and_preprocess_cane_raw_file] Created 30 chunks of shape torch.Size([30, 1, 5000])
[2025-11-30 16:39:21,704 INFO dataset.convert_to_spectrograms] Created 30 spectrograms
[2025-11-30 16:39:22,468 INFO dataset.verify_sampling_rate] Detected sampling rate: 499.30 Hz
[2025-11-30 16:39:22,600 INFO dataset.load_and_preprocess_cane_raw_file] Applied Common Average Reference
[2025-11-30 16:39:22,605 INFO dataset.load_and_preprocess_cane_raw_file] Picking T7 channel
[2025-11-30 16:39:22,663 INFO dataset.load_and_preprocess_cane_raw_file] Using sampling rate: 500 Hz
[2025-11-30 16:39:22,663 INFO dataset.load_and_preprocess_cane_raw_file] Chunk size: 5000 samples (10s)
[2025-11-30 16:39:22,732 INFO dataset.load_and_preprocess_cane_raw_file] Created 30 chunks of shape torch.Size([30, 1, 5000])
[2025-11-30 16:39:22,777 INFO dataset.convert_to_spectrograms] Created 30 spectrograms
[2025-11-30 16:39:23,505 INFO dataset.verify_sampling_rate] Detected sampling rate: 498.70 Hz
[2025-11-30 16:39:23,616 INFO dataset.load_and_preprocess_cane_raw_file] Applied Common Average Reference
[2025-11-30 16:39:23,616 INFO dataset.load_and_preprocess_cane_raw_file] Picking T7 channel
[2025-11-30 16:39:23,634 INFO dataset.load_and_preprocess_cane_raw_file] Found 4 artifacts (0.00%)
[2025-11-30 16:39:23,661 INFO dataset.load_and_preprocess_cane_raw_file] Using sampling rate: 500 Hz
[2025-11-30 16:39:23,661 INFO dataset.load_and_preprocess_cane_raw_file] Chunk size: 5000 samples (10s)
[2025-11-30 16:39:23,721 INFO dataset.load_and_preprocess_cane_raw_file] Created 31 chunks of shape torch.Size([31, 1, 5000])
[2025-11-30 16:39:23,771 INFO dataset.convert_to_spectrograms] Created 31 spectrograms
[2025-11-30 16:39:24,477 INFO dataset.verify_sampling_rate] Detected sampling rate: 498.82 Hz
[2025-11-30 16:39:24,593 INFO dataset.load_and_preprocess_cane_raw_file] Applied Common Average Reference
[2025-11-30 16:39:24,594 INFO dataset.load_and_preprocess_cane_raw_file] Picking T7 channel
[2025-11-30 16:39:24,629 INFO dataset.load_and_preprocess_cane_raw_file] Using sampling rate: 500 Hz
[2025-11-30 16:39:24,629 INFO dataset.load_and_preprocess_cane_raw_file] Chunk size: 5000 samples (10s)
[2025-11-30 16:39:24,692 INFO dataset.load_and_preprocess_cane_raw_file] Created 30 chunks of shape torch.Size([30, 1, 5000])
[2025-11-30 16:39:24,738 INFO dataset.convert_to_spectrograms] Created 30 spectrograms
[2025-11-30 16:39:24,741 INFO dataset.__init__] Built index with 1105 total chunks
[2025-11-30 16:39:24,745 INFO main.train_cross_validation] CANE dataset: 37 normal, 36 anxious subjects
[2025-11-30 16:39:24,746 INFO main.train_cross_validation] ================================================================================
[2025-11-30 16:39:24,746 INFO main.train_cross_validation] FOLD 1/6
[2025-11-30 16:39:24,746 INFO main.train_cross_validation] ================================================================================
[2025-11-30 16:39:24,747 INFO main.get_datasets_for_fold] Train subjects (59): ['cane:H S1003 EO', 'cane:H S1003 EC', 'cane:H S1008 EO', 'cane:H S1008 EC', 'cane:H S1002 EO', 'cane:H S1002 EC', 'cane:AX S1084 EC', 'cane:AX S1084 EO', 'cane:AX S1023 EC', 'cane:AX S1023 EO', 'cane:AX S1009 EC', 'cane:AX S1009 EO', 'cane:H S1095 EC', 'cane:H S1095 EO', 'cane:H S1010 EC', 'cane:H S1010 EO', 'cane:H S1091 EC', 'cane:H S1091 EO', 'cane:AX S1007 EO', 'cane:AX S1007 EC', 'cane:AX S0074 EC', 'cane:AX S0074 EO', 'cane:AX S1065 EC', 'cane:AX S1065 EO', 'cane:H S1054 EC', 'cane:H S1054 EO', 'cane:H S1085 EO', 'cane:H S1085 EC', 'cane:H S1022 EC', 'cane:H S1022 EO', 'cane:AX S0041 EO', 'cane:AX S0041 EC', 'cane:AX S1050 EO', 'cane:AX S1050 EC', 'cane:AX S0057 EC', 'cane:AX S0057 EO', 'cane:H S0012 EO', 'cane:H S0012 EC', 'cane:H S0015 EC', 'cane:H S0015 EO', 'cane:H S0078 EO', 'cane:H S0078 EC', 'cane:AX S0072 EO', 'cane:AX S0072 EC', 'cane:AX S1006 EC', 'cane:AX S1006 EO', 'cane:AX S1087 EO', 'cane:AX S1087 EC', 'cane:H S1101 EO', 'cane:H S1101 EC', 'cane:H S0079 EC', 'cane:H S0079 EO', 'cane:H S1028 EC', 'cane:AX S1051 EC', 'cane:AX S1051 EO', 'cane:AX S0056 EO', 'cane:AX S0056 EC', 'cane:AX S1005 EO', 'cane:AX S1005 EC']...
[2025-11-30 16:39:24,747 INFO main.get_datasets_for_fold] Val subjects (14): ['cane:H S1096 EC', 'cane:H S1096 EO', 'cane:H S1060 EC', 'cane:H S1060 EO', 'cane:H S1001 EC', 'cane:H S1001 EO', 'cane:H S1033 EO', 'cane:H S1033 EC', 'cane:AX S1024 EO', 'cane:AX S1024 EC', 'cane:AX S0073 EO', 'cane:AX S0073 EC', 'cane:AX S1027 EO', 'cane:AX S1027 EC']
[2025-11-30 16:39:24,752 INFO main.get_datasets_for_fold] Training chunks: 1755
[2025-11-30 16:39:24,753 INFO main.get_datasets_for_fold] Validation chunks: 480
[2025-11-30 16:39:24,864 INFO model.__init__] Initialized LSTM with input_size=1728, hidden_size=100, batch_first=True
[2025-11-30 16:39:28,980 INFO main.train_one_fold] Starting training for fold 1
[2025-11-30 16:40:27,125 INFO main.train_one_fold] TRAIN CHUNK | Fold 1 | Epoch 001/100 | Loss: 0.6932 | Acc: 0.5094 | Prec: 0.5149 | Recall: 0.9275 | Spec: 0.0592
[2025-11-30 16:40:31,605 INFO main.train_one_fold] EVAL CHUNK | Fold 1 | Epoch 001/100 | Loss: 0.6938 | Acc: 0.4813 | Prec: 0.4813 | Recall: 1.0000 | Spec: 0.0000
[2025-11-30 16:40:31,615 INFO main.train_one_fold]   Confusion: TP=231, TN=0, FP=249, FN=0
[2025-11-30 16:40:31,615 INFO main.train_one_fold] EVAL SUBJECT | Fold 1 | Epoch 001/100 | Loss: 0.6938 | Acc: 0.4286 | Prec: 0.4286 | Recall: 1.0000 | Spec: 0.0000
[2025-11-30 16:40:31,615 INFO main.train_one_fold]   Confusion: TP=6, TN=0, FP=8, FN=0
[2025-11-30 16:40:31,615 INFO main.train_one_fold] EVAL EC vs EO | Fold 1 | Epoch 001/100 | EO chunk acc: 0.4286 | EC chunk acc: 0.4286
[2025-11-30 16:40:31,674 INFO main.train_one_fold] ✓ Saved best model: experiments/cane_t7_ec+eo_005/fold_1_best.pth (combined=0.2062, chunk=0.4813, subject=0.4286)
[2025-11-30 16:40:31,674 INFO early_stopping.__call__] Early stopping initialized: best score 0.4813 at epoch 1
[2025-11-30 16:41:32,150 INFO main.train_one_fold] TRAIN CHUNK | Fold 1 | Epoch 002/100 | Loss: 0.6928 | Acc: 0.5185 | Prec: 0.5199 | Recall: 0.9352 | Spec: 0.0698
[2025-11-30 16:41:38,423 INFO main.train_one_fold] EVAL CHUNK | Fold 1 | Epoch 002/100 | Loss: 0.6944 | Acc: 0.4813 | Prec: 0.4813 | Recall: 1.0000 | Spec: 0.0000
[2025-11-30 16:41:38,423 INFO main.train_one_fold]   Confusion: TP=231, TN=0, FP=249, FN=0
[2025-11-30 16:41:38,423 INFO main.train_one_fold] EVAL SUBJECT | Fold 1 | Epoch 002/100 | Loss: 0.6944 | Acc: 0.4286 | Prec: 0.4286 | Recall: 1.0000 | Spec: 0.0000
[2025-11-30 16:41:38,423 INFO main.train_one_fold]   Confusion: TP=6, TN=0, FP=8, FN=0
[2025-11-30 16:41:38,423 INFO main.train_one_fold] EVAL EC vs EO | Fold 1 | Epoch 002/100 | EO chunk acc: 0.4286 | EC chunk acc: 0.4286
[2025-11-30 16:42:47,573 INFO main.train_one_fold] TRAIN CHUNK | Fold 1 | Epoch 003/100 | Loss: 0.6925 | Acc: 0.5185 | Prec: 0.5195 | Recall: 0.9495 | Spec: 0.0544
[2025-11-30 16:42:52,447 INFO main.train_one_fold] EVAL CHUNK | Fold 1 | Epoch 003/100 | Loss: 0.6954 | Acc: 0.4813 | Prec: 0.4813 | Recall: 1.0000 | Spec: 0.0000
[2025-11-30 16:42:52,447 INFO main.train_one_fold]   Confusion: TP=231, TN=0, FP=249, FN=0
[2025-11-30 16:42:52,447 INFO main.train_one_fold] EVAL SUBJECT | Fold 1 | Epoch 003/100 | Loss: 0.6954 | Acc: 0.4286 | Prec: 0.4286 | Recall: 1.0000 | Spec: 0.0000
[2025-11-30 16:42:52,447 INFO main.train_one_fold]   Confusion: TP=6, TN=0, FP=8, FN=0
[2025-11-30 16:42:52,447 INFO main.train_one_fold] EVAL EC vs EO | Fold 1 | Epoch 003/100 | EO chunk acc: 0.4286 | EC chunk acc: 0.4286
[2025-11-30 16:43:32,617 INFO main.train_one_fold] TRAIN CHUNK | Fold 1 | Epoch 004/100 | Loss: 0.6927 | Acc: 0.5293 | Prec: 0.5249 | Recall: 0.9714 | Spec: 0.0533
[2025-11-30 16:43:34,350 INFO main.train_one_fold] EVAL CHUNK | Fold 1 | Epoch 004/100 | Loss: 0.6956 | Acc: 0.4813 | Prec: 0.4813 | Recall: 1.0000 | Spec: 0.0000
[2025-11-30 16:43:34,352 INFO main.train_one_fold]   Confusion: TP=231, TN=0, FP=249, FN=0
[2025-11-30 16:43:34,353 INFO main.train_one_fold] EVAL SUBJECT | Fold 1 | Epoch 004/100 | Loss: 0.6956 | Acc: 0.4286 | Prec: 0.4286 | Recall: 1.0000 | Spec: 0.0000
[2025-11-30 16:43:34,353 INFO main.train_one_fold]   Confusion: TP=6, TN=0, FP=8, FN=0
[2025-11-30 16:43:34,353 INFO main.train_one_fold] EVAL EC vs EO | Fold 1 | Epoch 004/100 | EO chunk acc: 0.4286 | EC chunk acc: 0.4286
[2025-11-30 16:44:33,784 INFO main.train_one_fold] TRAIN CHUNK | Fold 1 | Epoch 005/100 | Loss: 0.6920 | Acc: 0.5293 | Prec: 0.5258 | Recall: 0.9407 | Spec: 0.0864
[2025-11-30 16:44:39,089 INFO main.train_one_fold] EVAL CHUNK | Fold 1 | Epoch 005/100 | Loss: 0.6966 | Acc: 0.4813 | Prec: 0.4813 | Recall: 1.0000 | Spec: 0.0000
[2025-11-30 16:44:39,090 INFO main.train_one_fold]   Confusion: TP=231, TN=0, FP=249, FN=0
[2025-11-30 16:44:39,090 INFO main.train_one_fold] EVAL SUBJECT | Fold 1 | Epoch 005/100 | Loss: 0.6966 | Acc: 0.4286 | Prec: 0.4286 | Recall: 1.0000 | Spec: 0.0000
[2025-11-30 16:44:39,090 INFO main.train_one_fold]   Confusion: TP=6, TN=0, FP=8, FN=0
[2025-11-30 16:44:39,090 INFO main.train_one_fold] EVAL EC vs EO | Fold 1 | Epoch 005/100 | EO chunk acc: 0.4286 | EC chunk acc: 0.4286
[2025-11-30 16:45:41,181 INFO main.train_one_fold] TRAIN CHUNK | Fold 1 | Epoch 006/100 | Loss: 0.6911 | Acc: 0.5288 | Prec: 0.5288 | Recall: 0.8385 | Spec: 0.1953
[2025-11-30 16:45:50,622 INFO main.train_one_fold] EVAL CHUNK | Fold 1 | Epoch 006/100 | Loss: 0.6995 | Acc: 0.4813 | Prec: 0.4813 | Recall: 1.0000 | Spec: 0.0000
[2025-11-30 16:45:50,633 INFO main.train_one_fold]   Confusion: TP=231, TN=0, FP=249, FN=0
[2025-11-30 16:45:50,633 INFO main.train_one_fold] EVAL SUBJECT | Fold 1 | Epoch 006/100 | Loss: 0.6995 | Acc: 0.4286 | Prec: 0.4286 | Recall: 1.0000 | Spec: 0.0000
[2025-11-30 16:45:50,634 INFO main.train_one_fold]   Confusion: TP=6, TN=0, FP=8, FN=0
[2025-11-30 16:45:50,634 INFO main.train_one_fold] EVAL EC vs EO | Fold 1 | Epoch 006/100 | EO chunk acc: 0.4286 | EC chunk acc: 0.4286
[2025-11-30 16:47:07,521 INFO main.train_one_fold] TRAIN CHUNK | Fold 1 | Epoch 007/100 | Loss: 0.6915 | Acc: 0.5305 | Prec: 0.5277 | Recall: 0.8989 | Spec: 0.1337
[2025-11-30 16:47:10,608 INFO main.train_one_fold] EVAL CHUNK | Fold 1 | Epoch 007/100 | Loss: 0.7000 | Acc: 0.4167 | Prec: 0.4449 | Recall: 0.8571 | Spec: 0.0080
[2025-11-30 16:47:10,608 INFO main.train_one_fold]   Confusion: TP=198, TN=2, FP=247, FN=33
[2025-11-30 16:47:10,608 INFO main.train_one_fold] EVAL SUBJECT | Fold 1 | Epoch 007/100 | Loss: 0.7000 | Acc: 0.3571 | Prec: 0.3846 | Recall: 0.8333 | Spec: 0.0000
[2025-11-30 16:47:10,608 INFO main.train_one_fold]   Confusion: TP=5, TN=0, FP=8, FN=1
[2025-11-30 16:47:10,608 INFO main.train_one_fold] EVAL EC vs EO | Fold 1 | Epoch 007/100 | EO chunk acc: 0.4286 | EC chunk acc: 0.2857
[2025-11-30 16:47:52,881 INFO main.train_one_fold] TRAIN CHUNK | Fold 1 | Epoch 008/100 | Loss: 0.6895 | Acc: 0.5356 | Prec: 0.5464 | Recall: 0.6143 | Spec: 0.4509
[2025-11-30 16:47:56,703 INFO main.train_one_fold] EVAL CHUNK | Fold 1 | Epoch 008/100 | Loss: 0.7015 | Acc: 0.4813 | Prec: 0.4813 | Recall: 1.0000 | Spec: 0.0000
[2025-11-30 16:47:56,707 INFO main.train_one_fold]   Confusion: TP=231, TN=0, FP=249, FN=0
[2025-11-30 16:47:56,707 INFO main.train_one_fold] EVAL SUBJECT | Fold 1 | Epoch 008/100 | Loss: 0.7015 | Acc: 0.4286 | Prec: 0.4286 | Recall: 1.0000 | Spec: 0.0000
[2025-11-30 16:47:56,707 INFO main.train_one_fold]   Confusion: TP=6, TN=0, FP=8, FN=0
[2025-11-30 16:47:56,707 INFO main.train_one_fold] EVAL EC vs EO | Fold 1 | Epoch 008/100 | EO chunk acc: 0.4286 | EC chunk acc: 0.4286
[2025-11-30 16:48:46,603 INFO main.train_one_fold] TRAIN CHUNK | Fold 1 | Epoch 009/100 | Loss: 0.6877 | Acc: 0.5510 | Prec: 0.5430 | Recall: 0.8473 | Spec: 0.2320
[2025-11-30 16:48:51,159 INFO main.train_one_fold] EVAL CHUNK | Fold 1 | Epoch 009/100 | Loss: 0.7094 | Acc: 0.4229 | Prec: 0.4184 | Recall: 0.5108 | Spec: 0.3414
[2025-11-30 16:48:51,159 INFO main.train_one_fold]   Confusion: TP=118, TN=85, FP=164, FN=113
[2025-11-30 16:48:51,159 INFO main.train_one_fold] EVAL SUBJECT | Fold 1 | Epoch 009/100 | Loss: 0.7094 | Acc: 0.3571 | Prec: 0.2857 | Recall: 0.3333 | Spec: 0.3750
[2025-11-30 16:48:51,159 INFO main.train_one_fold]   Confusion: TP=2, TN=3, FP=5, FN=4
[2025-11-30 16:48:51,160 INFO main.train_one_fold] EVAL EC vs EO | Fold 1 | Epoch 009/100 | EO chunk acc: 0.2857 | EC chunk acc: 0.4286
[2025-11-30 16:49:34,087 INFO main.train_one_fold] TRAIN CHUNK | Fold 1 | Epoch 010/100 | Loss: 0.6847 | Acc: 0.5527 | Prec: 0.5500 | Recall: 0.7549 | Spec: 0.3349
[2025-11-30 16:49:37,170 INFO main.train_one_fold] EVAL CHUNK | Fold 1 | Epoch 010/100 | Loss: 0.7114 | Acc: 0.4771 | Prec: 0.4783 | Recall: 0.9524 | Spec: 0.0361
[2025-11-30 16:49:37,171 INFO main.train_one_fold]   Confusion: TP=220, TN=9, FP=240, FN=11
[2025-11-30 16:49:37,171 INFO main.train_one_fold] EVAL SUBJECT | Fold 1 | Epoch 010/100 | Loss: 0.7114 | Acc: 0.4286 | Prec: 0.4286 | Recall: 1.0000 | Spec: 0.0000
[2025-11-30 16:49:37,171 INFO main.train_one_fold]   Confusion: TP=6, TN=0, FP=8, FN=0
[2025-11-30 16:49:37,171 INFO main.train_one_fold] EVAL EC vs EO | Fold 1 | Epoch 010/100 | EO chunk acc: 0.4286 | EC chunk acc: 0.4286
[2025-11-30 16:49:37,196 INFO main.train_one_fold] Saved checkpoint: experiments/cane_t7_ec+eo_005/fold_1_epoch_010.pth
[2025-11-30 16:50:44,505 INFO main.train_one_fold] TRAIN CHUNK | Fold 1 | Epoch 011/100 | Loss: 0.6804 | Acc: 0.5675 | Prec: 0.5601 | Recall: 0.7736 | Spec: 0.3456
[2025-11-30 16:50:49,639 INFO main.train_one_fold] EVAL CHUNK | Fold 1 | Epoch 011/100 | Loss: 0.7252 | Acc: 0.3312 | Prec: 0.3645 | Recall: 0.5238 | Spec: 0.1526
[2025-11-30 16:50:49,639 INFO main.train_one_fold]   Confusion: TP=121, TN=38, FP=211, FN=110
[2025-11-30 16:50:49,639 INFO main.train_one_fold] EVAL SUBJECT | Fold 1 | Epoch 011/100 | Loss: 0.7252 | Acc: 0.2143 | Prec: 0.2222 | Recall: 0.3333 | Spec: 0.1250
[2025-11-30 16:50:49,639 INFO main.train_one_fold]   Confusion: TP=2, TN=1, FP=7, FN=4
[2025-11-30 16:50:49,639 INFO main.train_one_fold] EVAL EC vs EO | Fold 1 | Epoch 011/100 | EO chunk acc: 0.1429 | EC chunk acc: 0.2857
[2025-11-30 16:51:35,606 INFO main.train_one_fold] TRAIN CHUNK | Fold 1 | Epoch 012/100 | Loss: 0.6780 | Acc: 0.5761 | Prec: 0.5676 | Recall: 0.7659 | Spec: 0.3716
[2025-11-30 16:51:38,228 INFO main.train_one_fold] EVAL CHUNK | Fold 1 | Epoch 012/100 | Loss: 0.7215 | Acc: 0.3917 | Prec: 0.3755 | Recall: 0.3983 | Spec: 0.3855
[2025-11-30 16:51:38,228 INFO main.train_one_fold]   Confusion: TP=92, TN=96, FP=153, FN=139
[2025-11-30 16:51:38,228 INFO main.train_one_fold] EVAL SUBJECT | Fold 1 | Epoch 012/100 | Loss: 0.7215 | Acc: 0.2857 | Prec: 0.2500 | Recall: 0.3333 | Spec: 0.2500
[2025-11-30 16:51:38,228 INFO main.train_one_fold]   Confusion: TP=2, TN=2, FP=6, FN=4
[2025-11-30 16:51:38,229 INFO main.train_one_fold] EVAL EC vs EO | Fold 1 | Epoch 012/100 | EO chunk acc: 0.2857 | EC chunk acc: 0.2857
[2025-11-30 16:52:30,439 INFO main.train_one_fold] TRAIN CHUNK | Fold 1 | Epoch 013/100 | Loss: 0.6738 | Acc: 0.5789 | Prec: 0.5724 | Recall: 0.7429 | Spec: 0.4024
[2025-11-30 16:52:32,556 INFO main.train_one_fold] EVAL CHUNK | Fold 1 | Epoch 013/100 | Loss: 0.7401 | Acc: 0.4521 | Prec: 0.4518 | Recall: 0.6494 | Spec: 0.2691
[2025-11-30 16:52:32,557 INFO main.train_one_fold]   Confusion: TP=150, TN=67, FP=182, FN=81
[2025-11-30 16:52:32,557 INFO main.train_one_fold] EVAL SUBJECT | Fold 1 | Epoch 013/100 | Loss: 0.7401 | Acc: 0.4286 | Prec: 0.4000 | Recall: 0.6667 | Spec: 0.2500
[2025-11-30 16:52:32,557 INFO main.train_one_fold]   Confusion: TP=4, TN=2, FP=6, FN=2
[2025-11-30 16:52:32,557 INFO main.train_one_fold] EVAL EC vs EO | Fold 1 | Epoch 013/100 | EO chunk acc: 0.4286 | EC chunk acc: 0.4286
[2025-11-30 16:53:27,018 INFO main.train_one_fold] TRAIN CHUNK | Fold 1 | Epoch 014/100 | Loss: 0.6719 | Acc: 0.6011 | Prec: 0.5913 | Recall: 0.7473 | Spec: 0.4438
[2025-11-30 16:53:36,107 INFO main.train_one_fold] EVAL CHUNK | Fold 1 | Epoch 014/100 | Loss: 0.7362 | Acc: 0.4833 | Prec: 0.4743 | Recall: 0.6797 | Spec: 0.3012
[2025-11-30 16:53:36,107 INFO main.train_one_fold]   Confusion: TP=157, TN=75, FP=174, FN=74
[2025-11-30 16:53:36,108 INFO main.train_one_fold] EVAL SUBJECT | Fold 1 | Epoch 014/100 | Loss: 0.7362 | Acc: 0.4286 | Prec: 0.4000 | Recall: 0.6667 | Spec: 0.2500
[2025-11-30 16:53:36,108 INFO main.train_one_fold]   Confusion: TP=4, TN=2, FP=6, FN=2
[2025-11-30 16:53:36,121 INFO main.train_one_fold] EVAL EC vs EO | Fold 1 | Epoch 014/100 | EO chunk acc: 0.4286 | EC chunk acc: 0.4286
[2025-11-30 16:53:36,357 INFO main.train_one_fold] ✓ Saved best model: experiments/cane_t7_ec+eo_005/fold_1_best.pth (combined=0.2071, chunk=0.4833, subject=0.4286)
[2025-11-30 16:53:36,359 INFO early_stopping.__call__] Validation improved from 0.4813 to 0.4833 (+0.0021) at epoch 14
[2025-11-30 16:54:57,889 INFO main.train_one_fold] TRAIN CHUNK | Fold 1 | Epoch 015/100 | Loss: 0.6680 | Acc: 0.5949 | Prec: 0.5877 | Recall: 0.7330 | Spec: 0.4462
[2025-11-30 16:55:00,563 INFO main.train_one_fold] EVAL CHUNK | Fold 1 | Epoch 015/100 | Loss: 0.7395 | Acc: 0.5229 | Prec: 0.5038 | Recall: 0.5671 | Spec: 0.4819
[2025-11-30 16:55:00,564 INFO main.train_one_fold]   Confusion: TP=131, TN=120, FP=129, FN=100
[2025-11-30 16:55:00,564 INFO main.train_one_fold] EVAL SUBJECT | Fold 1 | Epoch 015/100 | Loss: 0.7395 | Acc: 0.5000 | Prec: 0.4444 | Recall: 0.6667 | Spec: 0.3750
[2025-11-30 16:55:00,564 INFO main.train_one_fold]   Confusion: TP=4, TN=3, FP=5, FN=2
[2025-11-30 16:55:00,564 INFO main.train_one_fold] EVAL EC vs EO | Fold 1 | Epoch 015/100 | EO chunk acc: 0.4286 | EC chunk acc: 0.5714
[2025-11-30 16:55:00,602 INFO main.train_one_fold] ✓ Saved best model: experiments/cane_t7_ec+eo_005/fold_1_best.pth (combined=0.2615, chunk=0.5229, subject=0.5000)
[2025-11-30 16:55:00,602 INFO early_stopping.__call__] Validation improved from 0.4833 to 0.5229 (+0.0396) at epoch 15
[2025-11-30 16:56:14,331 INFO main.train_one_fold] TRAIN CHUNK | Fold 1 | Epoch 016/100 | Loss: 0.6588 | Acc: 0.6068 | Prec: 0.5993 | Recall: 0.7297 | Spec: 0.4746
[2025-11-30 16:56:19,777 INFO main.train_one_fold] EVAL CHUNK | Fold 1 | Epoch 016/100 | Loss: 0.7395 | Acc: 0.5125 | Prec: 0.4942 | Recall: 0.5541 | Spec: 0.4739
[2025-11-30 16:56:19,778 INFO main.train_one_fold]   Confusion: TP=128, TN=118, FP=131, FN=103
[2025-11-30 16:56:19,778 INFO main.train_one_fold] EVAL SUBJECT | Fold 1 | Epoch 016/100 | Loss: 0.7395 | Acc: 0.5000 | Prec: 0.4444 | Recall: 0.6667 | Spec: 0.3750
[2025-11-30 16:56:19,778 INFO main.train_one_fold]   Confusion: TP=4, TN=3, FP=5, FN=2
[2025-11-30 16:56:19,778 INFO main.train_one_fold] EVAL EC vs EO | Fold 1 | Epoch 016/100 | EO chunk acc: 0.4286 | EC chunk acc: 0.5714
[2025-11-30 16:57:40,832 INFO main.train_one_fold] TRAIN CHUNK | Fold 1 | Epoch 017/100 | Loss: 0.6575 | Acc: 0.6040 | Prec: 0.5984 | Recall: 0.7187 | Spec: 0.4805
[2025-11-30 16:57:44,850 INFO main.train_one_fold] EVAL CHUNK | Fold 1 | Epoch 017/100 | Loss: 0.7427 | Acc: 0.4583 | Prec: 0.4088 | Recall: 0.2814 | Spec: 0.6225
[2025-11-30 16:57:44,850 INFO main.train_one_fold]   Confusion: TP=65, TN=155, FP=94, FN=166
[2025-11-30 16:57:44,850 INFO main.train_one_fold] EVAL SUBJECT | Fold 1 | Epoch 017/100 | Loss: 0.7427 | Acc: 0.4286 | Prec: 0.2500 | Recall: 0.1667 | Spec: 0.6250
[2025-11-30 16:57:44,851 INFO main.train_one_fold]   Confusion: TP=1, TN=5, FP=3, FN=5
[2025-11-30 16:57:44,851 INFO main.train_one_fold] EVAL EC vs EO | Fold 1 | Epoch 017/100 | EO chunk acc: 0.5714 | EC chunk acc: 0.2857
[2025-11-30 16:58:20,243 INFO main.train_one_fold] TRAIN CHUNK | Fold 1 | Epoch 018/100 | Loss: 0.6480 | Acc: 0.6330 | Prec: 0.6462 | Recall: 0.6462 | Spec: 0.6189
[2025-11-30 16:58:23,844 INFO main.train_one_fold] EVAL CHUNK | Fold 1 | Epoch 018/100 | Loss: 0.7601 | Acc: 0.4521 | Prec: 0.4184 | Recall: 0.3550 | Spec: 0.5422
[2025-11-30 16:58:23,844 INFO main.train_one_fold]   Confusion: TP=82, TN=135, FP=114, FN=149
[2025-11-30 16:58:23,845 INFO main.train_one_fold] EVAL SUBJECT | Fold 1 | Epoch 018/100 | Loss: 0.7601 | Acc: 0.2857 | Prec: 0.1667 | Recall: 0.1667 | Spec: 0.3750
[2025-11-30 16:58:23,845 INFO main.train_one_fold]   Confusion: TP=1, TN=3, FP=5, FN=5
[2025-11-30 16:58:23,845 INFO main.train_one_fold] EVAL EC vs EO | Fold 1 | Epoch 018/100 | EO chunk acc: 0.2857 | EC chunk acc: 0.2857
[2025-11-30 16:59:18,802 INFO main.train_one_fold] TRAIN CHUNK | Fold 1 | Epoch 019/100 | Loss: 0.6516 | Acc: 0.6245 | Prec: 0.6201 | Recall: 0.7121 | Spec: 0.5302
[2025-11-30 16:59:24,399 INFO main.train_one_fold] EVAL CHUNK | Fold 1 | Epoch 019/100 | Loss: 0.7463 | Acc: 0.4938 | Prec: 0.4483 | Recall: 0.2251 | Spec: 0.7430
[2025-11-30 16:59:24,399 INFO main.train_one_fold]   Confusion: TP=52, TN=185, FP=64, FN=179
[2025-11-30 16:59:24,399 INFO main.train_one_fold] EVAL SUBJECT | Fold 1 | Epoch 019/100 | Loss: 0.7463 | Acc: 0.5000 | Prec: 0.3333 | Recall: 0.1667 | Spec: 0.7500
[2025-11-30 16:59:24,399 INFO main.train_one_fold]   Confusion: TP=1, TN=6, FP=2, FN=5
[2025-11-30 16:59:24,399 INFO main.train_one_fold] EVAL EC vs EO | Fold 1 | Epoch 019/100 | EO chunk acc: 0.5714 | EC chunk acc: 0.4286
[2025-11-30 17:00:23,414 INFO main.train_one_fold] TRAIN CHUNK | Fold 1 | Epoch 020/100 | Loss: 0.6498 | Acc: 0.6336 | Prec: 0.6344 | Recall: 0.6923 | Spec: 0.5704
[2025-11-30 17:00:27,082 INFO main.train_one_fold] EVAL CHUNK | Fold 1 | Epoch 020/100 | Loss: 0.7539 | Acc: 0.4667 | Prec: 0.4251 | Recall: 0.3074 | Spec: 0.6145
[2025-11-30 17:00:27,082 INFO main.train_one_fold]   Confusion: TP=71, TN=153, FP=96, FN=160
[2025-11-30 17:00:27,082 INFO main.train_one_fold] EVAL SUBJECT | Fold 1 | Epoch 020/100 | Loss: 0.7539 | Acc: 0.4286 | Prec: 0.2500 | Recall: 0.1667 | Spec: 0.6250
[2025-11-30 17:00:27,082 INFO main.train_one_fold]   Confusion: TP=1, TN=5, FP=3, FN=5
[2025-11-30 17:00:27,082 INFO main.train_one_fold] EVAL EC vs EO | Fold 1 | Epoch 020/100 | EO chunk acc: 0.5714 | EC chunk acc: 0.2857
[2025-11-30 17:00:27,103 INFO main.train_one_fold] Saved checkpoint: experiments/cane_t7_ec+eo_005/fold_1_epoch_020.pth
[2025-11-30 17:01:59,765 INFO main.train_one_fold] TRAIN CHUNK | Fold 1 | Epoch 021/100 | Loss: 0.6421 | Acc: 0.6405 | Prec: 0.6473 | Recall: 0.6736 | Spec: 0.6047
[2025-11-30 17:02:05,040 INFO main.train_one_fold] EVAL CHUNK | Fold 1 | Epoch 021/100 | Loss: 0.7725 | Acc: 0.4771 | Prec: 0.4554 | Recall: 0.4416 | Spec: 0.5100
[2025-11-30 17:02:05,040 INFO main.train_one_fold]   Confusion: TP=102, TN=127, FP=122, FN=129
[2025-11-30 17:02:05,040 INFO main.train_one_fold] EVAL SUBJECT | Fold 1 | Epoch 021/100 | Loss: 0.7725 | Acc: 0.4286 | Prec: 0.3750 | Recall: 0.5000 | Spec: 0.3750
[2025-11-30 17:02:05,041 INFO main.train_one_fold]   Confusion: TP=3, TN=3, FP=5, FN=3
[2025-11-30 17:02:05,041 INFO main.train_one_fold] EVAL EC vs EO | Fold 1 | Epoch 021/100 | EO chunk acc: 0.4286 | EC chunk acc: 0.4286
[2025-11-30 17:03:20,697 INFO main.train_one_fold] TRAIN CHUNK | Fold 1 | Epoch 022/100 | Loss: 0.6413 | Acc: 0.6427 | Prec: 0.6469 | Recall: 0.6846 | Spec: 0.5976
[2025-11-30 17:03:24,158 INFO main.train_one_fold] EVAL CHUNK | Fold 1 | Epoch 022/100 | Loss: 0.7268 | Acc: 0.5125 | Prec: 0.4894 | Recall: 0.2987 | Spec: 0.7108
[2025-11-30 17:03:24,175 INFO main.train_one_fold]   Confusion: TP=69, TN=177, FP=72, FN=162
[2025-11-30 17:03:24,175 INFO main.train_one_fold] EVAL SUBJECT | Fold 1 | Epoch 022/100 | Loss: 0.7268 | Acc: 0.4286 | Prec: 0.2500 | Recall: 0.1667 | Spec: 0.6250
[2025-11-30 17:03:24,175 INFO main.train_one_fold]   Confusion: TP=1, TN=5, FP=3, FN=5
[2025-11-30 17:03:24,175 INFO main.train_one_fold] EVAL EC vs EO | Fold 1 | Epoch 022/100 | EO chunk acc: 0.5714 | EC chunk acc: 0.2857
[2025-11-30 17:05:06,518 INFO main.train_one_fold] TRAIN CHUNK | Fold 1 | Epoch 023/100 | Loss: 0.6209 | Acc: 0.6650 | Prec: 0.6773 | Recall: 0.6758 | Spec: 0.6533
[2025-11-30 17:05:14,758 INFO main.train_one_fold] EVAL CHUNK | Fold 1 | Epoch 023/100 | Loss: 0.7119 | Acc: 0.5583 | Prec: 0.6610 | Recall: 0.1688 | Spec: 0.9197
[2025-11-30 17:05:14,760 INFO main.train_one_fold]   Confusion: TP=39, TN=229, FP=20, FN=192
[2025-11-30 17:05:14,760 INFO main.train_one_fold] EVAL SUBJECT | Fold 1 | Epoch 023/100 | Loss: 0.7119 | Acc: 0.6429 | Prec: 1.0000 | Recall: 0.1667 | Spec: 1.0000
[2025-11-30 17:05:14,760 INFO main.train_one_fold]   Confusion: TP=1, TN=8, FP=0, FN=5
[2025-11-30 17:05:14,760 INFO main.train_one_fold] EVAL EC vs EO | Fold 1 | Epoch 023/100 | EO chunk acc: 0.7143 | EC chunk acc: 0.5714
[2025-11-30 17:05:14,824 INFO main.train_one_fold] ✓ Saved best model: experiments/cane_t7_ec+eo_005/fold_1_best.pth (combined=0.3589, chunk=0.5583, subject=0.6429)
[2025-11-30 17:05:14,825 INFO early_stopping.__call__] Validation improved from 0.5229 to 0.5583 (+0.0354) at epoch 23
[2025-11-30 17:06:45,510 INFO main.train_one_fold] TRAIN CHUNK | Fold 1 | Epoch 024/100 | Loss: 0.6272 | Acc: 0.6558 | Prec: 0.6711 | Recall: 0.6593 | Spec: 0.6521
[2025-11-30 17:06:53,901 INFO main.train_one_fold] EVAL CHUNK | Fold 1 | Epoch 024/100 | Loss: 0.7429 | Acc: 0.5188 | Prec: 0.5000 | Recall: 0.3853 | Spec: 0.6426
[2025-11-30 17:06:53,904 INFO main.train_one_fold]   Confusion: TP=89, TN=160, FP=89, FN=142
[2025-11-30 17:06:53,904 INFO main.train_one_fold] EVAL SUBJECT | Fold 1 | Epoch 024/100 | Loss: 0.7429 | Acc: 0.5000 | Prec: 0.4000 | Recall: 0.3333 | Spec: 0.6250
[2025-11-30 17:06:53,904 INFO main.train_one_fold]   Confusion: TP=2, TN=5, FP=3, FN=4
[2025-11-30 17:06:53,905 INFO main.train_one_fold] EVAL EC vs EO | Fold 1 | Epoch 024/100 | EO chunk acc: 0.5714 | EC chunk acc: 0.4286
[2025-11-30 17:08:10,212 INFO main.train_one_fold] TRAIN CHUNK | Fold 1 | Epoch 025/100 | Loss: 0.6088 | Acc: 0.6769 | Prec: 0.6951 | Recall: 0.6714 | Spec: 0.6828
[2025-11-30 17:08:13,549 INFO main.train_one_fold] EVAL CHUNK | Fold 1 | Epoch 025/100 | Loss: 0.7193 | Acc: 0.5604 | Prec: 0.5633 | Recall: 0.3853 | Spec: 0.7229
[2025-11-30 17:08:13,549 INFO main.train_one_fold]   Confusion: TP=89, TN=180, FP=69, FN=142
[2025-11-30 17:08:13,549 INFO main.train_one_fold] EVAL SUBJECT | Fold 1 | Epoch 025/100 | Loss: 0.7193 | Acc: 0.5000 | Prec: 0.4000 | Recall: 0.3333 | Spec: 0.6250
[2025-11-30 17:08:13,549 INFO main.train_one_fold]   Confusion: TP=2, TN=5, FP=3, FN=4
[2025-11-30 17:08:13,549 INFO main.train_one_fold] EVAL EC vs EO | Fold 1 | Epoch 025/100 | EO chunk acc: 0.5714 | EC chunk acc: 0.4286
[2025-11-30 17:08:13,549 INFO early_stopping.__call__] Validation improved from 0.5583 to 0.5604 (+0.0021) at epoch 25
[2025-11-30 17:10:04,589 INFO main.train_one_fold] TRAIN CHUNK | Fold 1 | Epoch 026/100 | Loss: 0.6276 | Acc: 0.6473 | Prec: 0.6615 | Recall: 0.6549 | Spec: 0.6391
[2025-11-30 17:10:09,582 INFO main.train_one_fold] EVAL CHUNK | Fold 1 | Epoch 026/100 | Loss: 0.6905 | Acc: 0.6021 | Prec: 0.6515 | Recall: 0.3723 | Spec: 0.8153
[2025-11-30 17:10:09,583 INFO main.train_one_fold]   Confusion: TP=86, TN=203, FP=46, FN=145
[2025-11-30 17:10:09,583 INFO main.train_one_fold] EVAL SUBJECT | Fold 1 | Epoch 026/100 | Loss: 0.6905 | Acc: 0.6429 | Prec: 0.6667 | Recall: 0.3333 | Spec: 0.8750
[2025-11-30 17:10:09,583 INFO main.train_one_fold]   Confusion: TP=2, TN=7, FP=1, FN=4
[2025-11-30 17:10:09,583 INFO main.train_one_fold] EVAL EC vs EO | Fold 1 | Epoch 026/100 | EO chunk acc: 0.7143 | EC chunk acc: 0.5714
[2025-11-30 17:10:09,621 INFO main.train_one_fold] ✓ Saved best model: experiments/cane_t7_ec+eo_005/fold_1_best.pth (combined=0.3871, chunk=0.6021, subject=0.6429)
[2025-11-30 17:10:09,622 INFO early_stopping.__call__] Validation improved from 0.5604 to 0.6021 (+0.0417) at epoch 26
[2025-11-30 17:11:58,057 INFO main.train_one_fold] TRAIN CHUNK | Fold 1 | Epoch 027/100 | Loss: 0.6146 | Acc: 0.6775 | Prec: 0.6907 | Recall: 0.6846 | Spec: 0.6698
[2025-11-30 17:12:03,397 INFO main.train_one_fold] EVAL CHUNK | Fold 1 | Epoch 027/100 | Loss: 0.6959 | Acc: 0.5958 | Prec: 0.6312 | Recall: 0.3853 | Spec: 0.7912
[2025-11-30 17:12:03,397 INFO main.train_one_fold]   Confusion: TP=89, TN=197, FP=52, FN=142
[2025-11-30 17:12:03,398 INFO main.train_one_fold] EVAL SUBJECT | Fold 1 | Epoch 027/100 | Loss: 0.6959 | Acc: 0.6429 | Prec: 0.6667 | Recall: 0.3333 | Spec: 0.8750
[2025-11-30 17:12:03,398 INFO main.train_one_fold]   Confusion: TP=2, TN=7, FP=1, FN=4
[2025-11-30 17:12:03,398 INFO main.train_one_fold] EVAL EC vs EO | Fold 1 | Epoch 027/100 | EO chunk acc: 0.7143 | EC chunk acc: 0.5714
[2025-11-30 17:14:07,844 INFO main.train_one_fold] TRAIN CHUNK | Fold 1 | Epoch 028/100 | Loss: 0.6121 | Acc: 0.6661 | Prec: 0.6824 | Recall: 0.6659 | Spec: 0.6663
[2025-11-30 17:14:15,142 INFO main.train_one_fold] EVAL CHUNK | Fold 1 | Epoch 028/100 | Loss: 0.7223 | Acc: 0.5437 | Prec: 0.5303 | Recall: 0.4545 | Spec: 0.6265
[2025-11-30 17:14:15,142 INFO main.train_one_fold]   Confusion: TP=105, TN=156, FP=93, FN=126
[2025-11-30 17:14:15,143 INFO main.train_one_fold] EVAL SUBJECT | Fold 1 | Epoch 028/100 | Loss: 0.7223 | Acc: 0.5714 | Prec: 0.5000 | Recall: 0.5000 | Spec: 0.6250
[2025-11-30 17:14:15,143 INFO main.train_one_fold]   Confusion: TP=3, TN=5, FP=3, FN=3
[2025-11-30 17:14:15,143 INFO main.train_one_fold] EVAL EC vs EO | Fold 1 | Epoch 028/100 | EO chunk acc: 0.7143 | EC chunk acc: 0.4286
[2025-11-30 17:16:30,957 INFO main.train_one_fold] TRAIN CHUNK | Fold 1 | Epoch 029/100 | Loss: 0.6115 | Acc: 0.6598 | Prec: 0.6733 | Recall: 0.6681 | Spec: 0.6509
[2025-11-30 17:16:40,350 INFO main.train_one_fold] EVAL CHUNK | Fold 1 | Epoch 029/100 | Loss: 0.6964 | Acc: 0.5625 | Prec: 0.5556 | Recall: 0.4545 | Spec: 0.6627
[2025-11-30 17:16:40,357 INFO main.train_one_fold]   Confusion: TP=105, TN=165, FP=84, FN=126
[2025-11-30 17:16:40,357 INFO main.train_one_fold] EVAL SUBJECT | Fold 1 | Epoch 029/100 | Loss: 0.6964 | Acc: 0.5714 | Prec: 0.5000 | Recall: 0.5000 | Spec: 0.6250
[2025-11-30 17:16:40,357 INFO main.train_one_fold]   Confusion: TP=3, TN=5, FP=3, FN=3
[2025-11-30 17:16:40,358 INFO main.train_one_fold] EVAL EC vs EO | Fold 1 | Epoch 029/100 | EO chunk acc: 0.7143 | EC chunk acc: 0.4286
[2025-11-30 17:18:39,551 INFO main.train_one_fold] TRAIN CHUNK | Fold 1 | Epoch 030/100 | Loss: 0.6066 | Acc: 0.6735 | Prec: 0.6985 | Recall: 0.6516 | Spec: 0.6970
[2025-11-30 17:18:45,851 INFO main.train_one_fold] EVAL CHUNK | Fold 1 | Epoch 030/100 | Loss: 0.7016 | Acc: 0.5667 | Prec: 0.5540 | Recall: 0.5108 | Spec: 0.6185
[2025-11-30 17:18:45,851 INFO main.train_one_fold]   Confusion: TP=118, TN=154, FP=95, FN=113
[2025-11-30 17:18:45,851 INFO main.train_one_fold] EVAL SUBJECT | Fold 1 | Epoch 030/100 | Loss: 0.7016 | Acc: 0.5000 | Prec: 0.4286 | Recall: 0.5000 | Spec: 0.5000
[2025-11-30 17:18:45,851 INFO main.train_one_fold]   Confusion: TP=3, TN=4, FP=4, FN=3
[2025-11-30 17:18:45,851 INFO main.train_one_fold] EVAL EC vs EO | Fold 1 | Epoch 030/100 | EO chunk acc: 0.5714 | EC chunk acc: 0.4286
[2025-11-30 17:18:45,876 INFO main.train_one_fold] Saved checkpoint: experiments/cane_t7_ec+eo_005/fold_1_epoch_030.pth
[2025-11-30 17:20:33,462 INFO main.train_one_fold] TRAIN CHUNK | Fold 1 | Epoch 031/100 | Loss: 0.6035 | Acc: 0.6826 | Prec: 0.7079 | Recall: 0.6604 | Spec: 0.7065
[2025-11-30 17:20:39,949 INFO main.train_one_fold] EVAL CHUNK | Fold 1 | Epoch 031/100 | Loss: 0.6711 | Acc: 0.6312 | Prec: 0.7045 | Recall: 0.4026 | Spec: 0.8434
[2025-11-30 17:20:39,949 INFO main.train_one_fold]   Confusion: TP=93, TN=210, FP=39, FN=138
[2025-11-30 17:20:39,949 INFO main.train_one_fold] EVAL SUBJECT | Fold 1 | Epoch 031/100 | Loss: 0.6711 | Acc: 0.7143 | Prec: 0.7500 | Recall: 0.5000 | Spec: 0.8750
[2025-11-30 17:20:39,949 INFO main.train_one_fold]   Confusion: TP=3, TN=7, FP=1, FN=3
[2025-11-30 17:20:39,949 INFO main.train_one_fold] EVAL EC vs EO | Fold 1 | Epoch 031/100 | EO chunk acc: 0.8571 | EC chunk acc: 0.5714
[2025-11-30 17:20:40,011 INFO main.train_one_fold] ✓ Saved best model: experiments/cane_t7_ec+eo_005/fold_1_best.pth (combined=0.4509, chunk=0.6312, subject=0.7143)
[2025-11-30 17:20:40,011 INFO early_stopping.__call__] Validation improved from 0.6021 to 0.6312 (+0.0292) at epoch 31
[2025-11-30 17:22:37,431 INFO main.train_one_fold] TRAIN CHUNK | Fold 1 | Epoch 032/100 | Loss: 0.5955 | Acc: 0.6838 | Prec: 0.7010 | Recall: 0.6802 | Spec: 0.6876
[2025-11-30 17:22:41,887 INFO main.train_one_fold] EVAL CHUNK | Fold 1 | Epoch 032/100 | Loss: 0.6544 | Acc: 0.6646 | Prec: 0.7778 | Recall: 0.4242 | Spec: 0.8876
[2025-11-30 17:22:41,890 INFO main.train_one_fold]   Confusion: TP=98, TN=221, FP=28, FN=133
[2025-11-30 17:22:41,890 INFO main.train_one_fold] EVAL SUBJECT | Fold 1 | Epoch 032/100 | Loss: 0.6544 | Acc: 0.7857 | Prec: 1.0000 | Recall: 0.5000 | Spec: 1.0000
[2025-11-30 17:22:41,890 INFO main.train_one_fold]   Confusion: TP=3, TN=8, FP=0, FN=3
[2025-11-30 17:22:41,890 INFO main.train_one_fold] EVAL EC vs EO | Fold 1 | Epoch 032/100 | EO chunk acc: 0.8571 | EC chunk acc: 0.7143
[2025-11-30 17:22:41,929 INFO main.train_one_fold] ✓ Saved best model: experiments/cane_t7_ec+eo_005/fold_1_best.pth (combined=0.5222, chunk=0.6646, subject=0.7857)
[2025-11-30 17:22:41,929 INFO early_stopping.__call__] Validation improved from 0.6312 to 0.6646 (+0.0333) at epoch 32
[2025-11-30 17:24:19,433 INFO main.train_one_fold] TRAIN CHUNK | Fold 1 | Epoch 033/100 | Loss: 0.5986 | Acc: 0.6855 | Prec: 0.7020 | Recall: 0.6835 | Spec: 0.6876
[2025-11-30 17:24:27,057 INFO main.train_one_fold] EVAL CHUNK | Fold 1 | Epoch 033/100 | Loss: 0.6853 | Acc: 0.6146 | Prec: 0.6353 | Recall: 0.4675 | Spec: 0.7510
[2025-11-30 17:24:27,057 INFO main.train_one_fold]   Confusion: TP=108, TN=187, FP=62, FN=123
[2025-11-30 17:24:27,057 INFO main.train_one_fold] EVAL SUBJECT | Fold 1 | Epoch 033/100 | Loss: 0.6853 | Acc: 0.6429 | Prec: 0.6000 | Recall: 0.5000 | Spec: 0.7500
[2025-11-30 17:24:27,057 INFO main.train_one_fold]   Confusion: TP=3, TN=6, FP=2, FN=3
[2025-11-30 17:24:27,057 INFO main.train_one_fold] EVAL EC vs EO | Fold 1 | Epoch 033/100 | EO chunk acc: 0.8571 | EC chunk acc: 0.4286
[2025-11-30 17:26:30,235 INFO main.train_one_fold] TRAIN CHUNK | Fold 1 | Epoch 034/100 | Loss: 0.5905 | Acc: 0.6946 | Prec: 0.7055 | Recall: 0.7055 | Spec: 0.6828
[2025-11-30 17:26:35,820 INFO main.train_one_fold] EVAL CHUNK | Fold 1 | Epoch 034/100 | Loss: 0.6778 | Acc: 0.6396 | Prec: 0.6986 | Recall: 0.4416 | Spec: 0.8233
[2025-11-30 17:26:35,820 INFO main.train_one_fold]   Confusion: TP=102, TN=205, FP=44, FN=129
[2025-11-30 17:26:35,820 INFO main.train_one_fold] EVAL SUBJECT | Fold 1 | Epoch 034/100 | Loss: 0.6778 | Acc: 0.7143 | Prec: 0.7500 | Recall: 0.5000 | Spec: 0.8750
[2025-11-30 17:26:35,826 INFO main.train_one_fold]   Confusion: TP=3, TN=7, FP=1, FN=3
[2025-11-30 17:26:35,826 INFO main.train_one_fold] EVAL EC vs EO | Fold 1 | Epoch 034/100 | EO chunk acc: 0.8571 | EC chunk acc: 0.5714
[2025-11-30 17:28:23,537 INFO main.train_one_fold] TRAIN CHUNK | Fold 1 | Epoch 035/100 | Loss: 0.5795 | Acc: 0.6969 | Prec: 0.7081 | Recall: 0.7066 | Spec: 0.6864
[2025-11-30 17:28:29,243 INFO main.train_one_fold] EVAL CHUNK | Fold 1 | Epoch 035/100 | Loss: 0.6834 | Acc: 0.6292 | Prec: 0.6417 | Recall: 0.5195 | Spec: 0.7309
[2025-11-30 17:28:29,243 INFO main.train_one_fold]   Confusion: TP=120, TN=182, FP=67, FN=111
[2025-11-30 17:28:29,243 INFO main.train_one_fold] EVAL SUBJECT | Fold 1 | Epoch 035/100 | Loss: 0.6834 | Acc: 0.6429 | Prec: 0.6000 | Recall: 0.5000 | Spec: 0.7500
[2025-11-30 17:28:29,243 INFO main.train_one_fold]   Confusion: TP=3, TN=6, FP=2, FN=3
[2025-11-30 17:28:29,243 INFO main.train_one_fold] EVAL EC vs EO | Fold 1 | Epoch 035/100 | EO chunk acc: 0.8571 | EC chunk acc: 0.4286
[2025-11-30 17:30:26,576 INFO main.train_one_fold] TRAIN CHUNK | Fold 1 | Epoch 036/100 | Loss: 0.5741 | Acc: 0.7066 | Prec: 0.7182 | Recall: 0.7143 | Spec: 0.6982
[2025-11-30 17:30:32,361 INFO main.train_one_fold] EVAL CHUNK | Fold 1 | Epoch 036/100 | Loss: 0.6739 | Acc: 0.6312 | Prec: 0.6588 | Recall: 0.4848 | Spec: 0.7671
[2025-11-30 17:30:32,361 INFO main.train_one_fold]   Confusion: TP=112, TN=191, FP=58, FN=119
[2025-11-30 17:30:32,361 INFO main.train_one_fold] EVAL SUBJECT | Fold 1 | Epoch 036/100 | Loss: 0.6739 | Acc: 0.6429 | Prec: 0.6000 | Recall: 0.5000 | Spec: 0.7500
[2025-11-30 17:30:32,361 INFO main.train_one_fold]   Confusion: TP=3, TN=6, FP=2, FN=3
[2025-11-30 17:30:32,361 INFO main.train_one_fold] EVAL EC vs EO | Fold 1 | Epoch 036/100 | EO chunk acc: 0.8571 | EC chunk acc: 0.4286
[2025-11-30 17:32:18,476 INFO main.train_one_fold] TRAIN CHUNK | Fold 1 | Epoch 037/100 | Loss: 0.5745 | Acc: 0.7031 | Prec: 0.7144 | Recall: 0.7121 | Spec: 0.6935
[2025-11-30 17:32:24,087 INFO main.train_one_fold] EVAL CHUNK | Fold 1 | Epoch 037/100 | Loss: 0.6504 | Acc: 0.6771 | Prec: 0.7794 | Recall: 0.4589 | Spec: 0.8795
[2025-11-30 17:32:24,090 INFO main.train_one_fold]   Confusion: TP=106, TN=219, FP=30, FN=125
[2025-11-30 17:32:24,090 INFO main.train_one_fold] EVAL SUBJECT | Fold 1 | Epoch 037/100 | Loss: 0.6504 | Acc: 0.7857 | Prec: 1.0000 | Recall: 0.5000 | Spec: 1.0000
[2025-11-30 17:32:24,091 INFO main.train_one_fold]   Confusion: TP=3, TN=8, FP=0, FN=3
[2025-11-30 17:32:24,091 INFO main.train_one_fold] EVAL EC vs EO | Fold 1 | Epoch 037/100 | EO chunk acc: 0.8571 | EC chunk acc: 0.7143
[2025-11-30 17:32:24,146 INFO main.train_one_fold] ✓ Saved best model: experiments/cane_t7_ec+eo_005/fold_1_best.pth (combined=0.5320, chunk=0.6771, subject=0.7857)
[2025-11-30 17:32:24,146 INFO early_stopping.__call__] Validation improved from 0.6646 to 0.6771 (+0.0125) at epoch 37
[2025-11-30 17:34:15,868 INFO main.train_one_fold] TRAIN CHUNK | Fold 1 | Epoch 038/100 | Loss: 0.5639 | Acc: 0.7248 | Prec: 0.7497 | Recall: 0.7044 | Spec: 0.7467
[2025-11-30 17:34:20,461 INFO main.train_one_fold] EVAL CHUNK | Fold 1 | Epoch 038/100 | Loss: 0.6703 | Acc: 0.6458 | Prec: 0.6968 | Recall: 0.4675 | Spec: 0.8112
[2025-11-30 17:34:20,462 INFO main.train_one_fold]   Confusion: TP=108, TN=202, FP=47, FN=123
[2025-11-30 17:34:20,462 INFO main.train_one_fold] EVAL SUBJECT | Fold 1 | Epoch 038/100 | Loss: 0.6703 | Acc: 0.7143 | Prec: 0.7500 | Recall: 0.5000 | Spec: 0.8750
[2025-11-30 17:34:20,462 INFO main.train_one_fold]   Confusion: TP=3, TN=7, FP=1, FN=3
[2025-11-30 17:34:20,462 INFO main.train_one_fold] EVAL EC vs EO | Fold 1 | Epoch 038/100 | EO chunk acc: 0.8571 | EC chunk acc: 0.5714
[2025-11-30 17:35:50,809 INFO main.train_one_fold] TRAIN CHUNK | Fold 1 | Epoch 039/100 | Loss: 0.5629 | Acc: 0.7179 | Prec: 0.7382 | Recall: 0.7066 | Spec: 0.7302
[2025-11-30 17:35:56,216 INFO main.train_one_fold] EVAL CHUNK | Fold 1 | Epoch 039/100 | Loss: 0.6561 | Acc: 0.6604 | Prec: 0.7394 | Recall: 0.4545 | Spec: 0.8514
[2025-11-30 17:35:56,216 INFO main.train_one_fold]   Confusion: TP=105, TN=212, FP=37, FN=126
[2025-11-30 17:35:56,217 INFO main.train_one_fold] EVAL SUBJECT | Fold 1 | Epoch 039/100 | Loss: 0.6561 | Acc: 0.7857 | Prec: 1.0000 | Recall: 0.5000 | Spec: 1.0000
[2025-11-30 17:35:56,217 INFO main.train_one_fold]   Confusion: TP=3, TN=8, FP=0, FN=3
[2025-11-30 17:35:56,217 INFO main.train_one_fold] EVAL EC vs EO | Fold 1 | Epoch 039/100 | EO chunk acc: 0.8571 | EC chunk acc: 0.7143
[2025-11-30 17:37:20,745 INFO main.train_one_fold] TRAIN CHUNK | Fold 1 | Epoch 040/100 | Loss: 0.5521 | Acc: 0.7276 | Prec: 0.7535 | Recall: 0.7055 | Spec: 0.7515
[2025-11-30 17:37:24,462 INFO main.train_one_fold] EVAL CHUNK | Fold 1 | Epoch 040/100 | Loss: 0.6778 | Acc: 0.6458 | Prec: 0.6723 | Recall: 0.5152 | Spec: 0.7671
[2025-11-30 17:37:24,462 INFO main.train_one_fold]   Confusion: TP=119, TN=191, FP=58, FN=112
[2025-11-30 17:37:24,462 INFO main.train_one_fold] EVAL SUBJECT | Fold 1 | Epoch 040/100 | Loss: 0.6778 | Acc: 0.6429 | Prec: 0.6000 | Recall: 0.5000 | Spec: 0.7500
[2025-11-30 17:37:24,463 INFO main.train_one_fold]   Confusion: TP=3, TN=6, FP=2, FN=3
[2025-11-30 17:37:24,463 INFO main.train_one_fold] EVAL EC vs EO | Fold 1 | Epoch 040/100 | EO chunk acc: 0.8571 | EC chunk acc: 0.4286
[2025-11-30 17:37:24,478 INFO main.train_one_fold] Saved checkpoint: experiments/cane_t7_ec+eo_005/fold_1_epoch_040.pth
[2025-11-30 17:38:53,534 INFO main.train_one_fold] TRAIN CHUNK | Fold 1 | Epoch 041/100 | Loss: 0.5473 | Acc: 0.7254 | Prec: 0.7500 | Recall: 0.7055 | Spec: 0.7467
[2025-11-30 17:38:58,262 INFO main.train_one_fold] EVAL CHUNK | Fold 1 | Epoch 041/100 | Loss: 0.7147 | Acc: 0.6354 | Prec: 0.6628 | Recall: 0.4935 | Spec: 0.7671
[2025-11-30 17:38:58,262 INFO main.train_one_fold]   Confusion: TP=114, TN=191, FP=58, FN=117
[2025-11-30 17:38:58,263 INFO main.train_one_fold] EVAL SUBJECT | Fold 1 | Epoch 041/100 | Loss: 0.7147 | Acc: 0.6429 | Prec: 0.6000 | Recall: 0.5000 | Spec: 0.7500
[2025-11-30 17:38:58,263 INFO main.train_one_fold]   Confusion: TP=3, TN=6, FP=2, FN=3
[2025-11-30 17:38:58,263 INFO main.train_one_fold] EVAL EC vs EO | Fold 1 | Epoch 041/100 | EO chunk acc: 0.8571 | EC chunk acc: 0.4286
[2025-11-30 17:40:27,511 INFO main.train_one_fold] TRAIN CHUNK | Fold 1 | Epoch 042/100 | Loss: 0.5419 | Acc: 0.7430 | Prec: 0.7629 | Recall: 0.7319 | Spec: 0.7550
[2025-11-30 17:40:32,385 INFO main.train_one_fold] EVAL CHUNK | Fold 1 | Epoch 042/100 | Loss: 0.6843 | Acc: 0.6813 | Prec: 0.7708 | Recall: 0.4805 | Spec: 0.8675
[2025-11-30 17:40:32,385 INFO main.train_one_fold]   Confusion: TP=111, TN=216, FP=33, FN=120
[2025-11-30 17:40:32,385 INFO main.train_one_fold] EVAL SUBJECT | Fold 1 | Epoch 042/100 | Loss: 0.6843 | Acc: 0.7143 | Prec: 0.7500 | Recall: 0.5000 | Spec: 0.8750
[2025-11-30 17:40:32,385 INFO main.train_one_fold]   Confusion: TP=3, TN=7, FP=1, FN=3
[2025-11-30 17:40:32,385 INFO main.train_one_fold] EVAL EC vs EO | Fold 1 | Epoch 042/100 | EO chunk acc: 0.8571 | EC chunk acc: 0.5714
[2025-11-30 17:40:32,386 INFO early_stopping.__call__] Validation improved from 0.6771 to 0.6813 (+0.0042) at epoch 42
[2025-11-30 17:41:52,029 INFO main.train_one_fold] TRAIN CHUNK | Fold 1 | Epoch 043/100 | Loss: 0.5461 | Acc: 0.7356 | Prec: 0.7557 | Recall: 0.7242 | Spec: 0.7479
[2025-11-30 17:41:55,795 INFO main.train_one_fold] EVAL CHUNK | Fold 1 | Epoch 043/100 | Loss: 0.6868 | Acc: 0.6521 | Prec: 0.7388 | Recall: 0.4286 | Spec: 0.8594
[2025-11-30 17:41:55,799 INFO main.train_one_fold]   Confusion: TP=99, TN=214, FP=35, FN=132
[2025-11-30 17:41:55,799 INFO main.train_one_fold] EVAL SUBJECT | Fold 1 | Epoch 043/100 | Loss: 0.6868 | Acc: 0.7857 | Prec: 1.0000 | Recall: 0.5000 | Spec: 1.0000
[2025-11-30 17:41:55,799 INFO main.train_one_fold]   Confusion: TP=3, TN=8, FP=0, FN=3
[2025-11-30 17:41:55,799 INFO main.train_one_fold] EVAL EC vs EO | Fold 1 | Epoch 043/100 | EO chunk acc: 0.8571 | EC chunk acc: 0.7143
[2025-11-30 17:43:24,023 INFO main.train_one_fold] TRAIN CHUNK | Fold 1 | Epoch 044/100 | Loss: 0.5372 | Acc: 0.7368 | Prec: 0.7551 | Recall: 0.7286 | Spec: 0.7456
[2025-11-30 17:43:27,428 INFO main.train_one_fold] EVAL CHUNK | Fold 1 | Epoch 044/100 | Loss: 0.6816 | Acc: 0.6354 | Prec: 0.6573 | Recall: 0.5065 | Spec: 0.7550
[2025-11-30 17:43:27,428 INFO main.train_one_fold]   Confusion: TP=117, TN=188, FP=61, FN=114
[2025-11-30 17:43:27,428 INFO main.train_one_fold] EVAL SUBJECT | Fold 1 | Epoch 044/100 | Loss: 0.6816 | Acc: 0.6429 | Prec: 0.6000 | Recall: 0.5000 | Spec: 0.7500
[2025-11-30 17:43:27,428 INFO main.train_one_fold]   Confusion: TP=3, TN=6, FP=2, FN=3
[2025-11-30 17:43:27,428 INFO main.train_one_fold] EVAL EC vs EO | Fold 1 | Epoch 044/100 | EO chunk acc: 0.8571 | EC chunk acc: 0.4286
[2025-11-30 17:45:24,937 INFO main.train_one_fold] TRAIN CHUNK | Fold 1 | Epoch 045/100 | Loss: 0.5305 | Acc: 0.7453 | Prec: 0.7575 | Recall: 0.7484 | Spec: 0.7420
[2025-11-30 17:45:31,766 INFO main.train_one_fold] EVAL CHUNK | Fold 1 | Epoch 045/100 | Loss: 0.6905 | Acc: 0.6583 | Prec: 0.7055 | Recall: 0.4978 | Spec: 0.8072
[2025-11-30 17:45:31,770 INFO main.train_one_fold]   Confusion: TP=115, TN=201, FP=48, FN=116
[2025-11-30 17:45:31,770 INFO main.train_one_fold] EVAL SUBJECT | Fold 1 | Epoch 045/100 | Loss: 0.6905 | Acc: 0.7143 | Prec: 0.7500 | Recall: 0.5000 | Spec: 0.8750
[2025-11-30 17:45:31,770 INFO main.train_one_fold]   Confusion: TP=3, TN=7, FP=1, FN=3
[2025-11-30 17:45:31,770 INFO main.train_one_fold] EVAL EC vs EO | Fold 1 | Epoch 045/100 | EO chunk acc: 0.8571 | EC chunk acc: 0.5714
[2025-11-30 17:47:23,603 INFO main.train_one_fold] TRAIN CHUNK | Fold 1 | Epoch 046/100 | Loss: 0.5265 | Acc: 0.7504 | Prec: 0.7706 | Recall: 0.7385 | Spec: 0.7633
[2025-11-30 17:47:34,599 INFO main.train_one_fold] EVAL CHUNK | Fold 1 | Epoch 046/100 | Loss: 0.7150 | Acc: 0.6479 | Prec: 0.6824 | Recall: 0.5022 | Spec: 0.7831
[2025-11-30 17:47:34,600 INFO main.train_one_fold]   Confusion: TP=116, TN=195, FP=54, FN=115
[2025-11-30 17:47:34,600 INFO main.train_one_fold] EVAL SUBJECT | Fold 1 | Epoch 046/100 | Loss: 0.7150 | Acc: 0.7143 | Prec: 0.7500 | Recall: 0.5000 | Spec: 0.8750
[2025-11-30 17:47:34,600 INFO main.train_one_fold]   Confusion: TP=3, TN=7, FP=1, FN=3
[2025-11-30 17:47:34,600 INFO main.train_one_fold] EVAL EC vs EO | Fold 1 | Epoch 046/100 | EO chunk acc: 0.8571 | EC chunk acc: 0.5714
[2025-11-30 17:49:32,704 INFO main.train_one_fold] TRAIN CHUNK | Fold 1 | Epoch 047/100 | Loss: 0.5164 | Acc: 0.7464 | Prec: 0.7651 | Recall: 0.7374 | Spec: 0.7562
[2025-11-30 17:49:37,769 INFO main.train_one_fold] EVAL CHUNK | Fold 1 | Epoch 047/100 | Loss: 0.7321 | Acc: 0.6333 | Prec: 0.6410 | Recall: 0.5411 | Spec: 0.7189
[2025-11-30 17:49:37,769 INFO main.train_one_fold]   Confusion: TP=125, TN=179, FP=70, FN=106
[2025-11-30 17:49:37,769 INFO main.train_one_fold] EVAL SUBJECT | Fold 1 | Epoch 047/100 | Loss: 0.7321 | Acc: 0.6429 | Prec: 0.6000 | Recall: 0.5000 | Spec: 0.7500
[2025-11-30 17:49:37,769 INFO main.train_one_fold]   Confusion: TP=3, TN=6, FP=2, FN=3
[2025-11-30 17:49:37,769 INFO main.train_one_fold] EVAL EC vs EO | Fold 1 | Epoch 047/100 | EO chunk acc: 0.8571 | EC chunk acc: 0.4286
[2025-11-30 17:51:39,214 INFO main.train_one_fold] TRAIN CHUNK | Fold 1 | Epoch 048/100 | Loss: 0.5191 | Acc: 0.7436 | Prec: 0.7527 | Recall: 0.7527 | Spec: 0.7337
[2025-11-30 17:51:46,377 INFO main.train_one_fold] EVAL CHUNK | Fold 1 | Epoch 048/100 | Loss: 0.7624 | Acc: 0.6062 | Prec: 0.6117 | Recall: 0.4978 | Spec: 0.7068
[2025-11-30 17:51:46,377 INFO main.train_one_fold]   Confusion: TP=115, TN=176, FP=73, FN=116
[2025-11-30 17:51:46,377 INFO main.train_one_fold] EVAL SUBJECT | Fold 1 | Epoch 048/100 | Loss: 0.7624 | Acc: 0.6429 | Prec: 0.6000 | Recall: 0.5000 | Spec: 0.7500
[2025-11-30 17:51:46,377 INFO main.train_one_fold]   Confusion: TP=3, TN=6, FP=2, FN=3
[2025-11-30 17:51:46,377 INFO main.train_one_fold] EVAL EC vs EO | Fold 1 | Epoch 048/100 | EO chunk acc: 0.8571 | EC chunk acc: 0.4286
[2025-11-30 17:53:46,487 INFO main.train_one_fold] TRAIN CHUNK | Fold 1 | Epoch 049/100 | Loss: 0.5124 | Acc: 0.7550 | Prec: 0.7697 | Recall: 0.7527 | Spec: 0.7574
[2025-11-30 17:53:54,841 INFO main.train_one_fold] EVAL CHUNK | Fold 1 | Epoch 049/100 | Loss: 0.7545 | Acc: 0.6687 | Prec: 0.7951 | Recall: 0.4199 | Spec: 0.8996
[2025-11-30 17:53:54,841 INFO main.train_one_fold]   Confusion: TP=97, TN=224, FP=25, FN=134
[2025-11-30 17:53:54,841 INFO main.train_one_fold] EVAL SUBJECT | Fold 1 | Epoch 049/100 | Loss: 0.7545 | Acc: 0.7857 | Prec: 1.0000 | Recall: 0.5000 | Spec: 1.0000
[2025-11-30 17:53:54,842 INFO main.train_one_fold]   Confusion: TP=3, TN=8, FP=0, FN=3
[2025-11-30 17:53:54,842 INFO main.train_one_fold] EVAL EC vs EO | Fold 1 | Epoch 049/100 | EO chunk acc: 0.8571 | EC chunk acc: 0.7143
[2025-11-30 17:55:54,590 INFO main.train_one_fold] TRAIN CHUNK | Fold 1 | Epoch 050/100 | Loss: 0.5171 | Acc: 0.7470 | Prec: 0.7600 | Recall: 0.7484 | Spec: 0.7456
[2025-11-30 17:56:03,757 INFO main.train_one_fold] EVAL CHUNK | Fold 1 | Epoch 050/100 | Loss: 0.7642 | Acc: 0.6229 | Prec: 0.6543 | Recall: 0.4589 | Spec: 0.7751
[2025-11-30 17:56:03,760 INFO main.train_one_fold]   Confusion: TP=106, TN=193, FP=56, FN=125
[2025-11-30 17:56:03,760 INFO main.train_one_fold] EVAL SUBJECT | Fold 1 | Epoch 050/100 | Loss: 0.7642 | Acc: 0.7143 | Prec: 0.7500 | Recall: 0.5000 | Spec: 0.8750
[2025-11-30 17:56:03,764 INFO main.train_one_fold]   Confusion: TP=3, TN=7, FP=1, FN=3
[2025-11-30 17:56:03,764 INFO main.train_one_fold] EVAL EC vs EO | Fold 1 | Epoch 050/100 | EO chunk acc: 0.8571 | EC chunk acc: 0.5714
[2025-11-30 17:56:03,799 INFO main.train_one_fold] Saved checkpoint: experiments/cane_t7_ec+eo_005/fold_1_epoch_050.pth
[2025-11-30 17:57:52,327 INFO main.train_one_fold] TRAIN CHUNK | Fold 1 | Epoch 051/100 | Loss: 0.5069 | Acc: 0.7595 | Prec: 0.7635 | Recall: 0.7769 | Spec: 0.7408
[2025-11-30 17:57:57,423 INFO main.train_one_fold] EVAL CHUNK | Fold 1 | Epoch 051/100 | Loss: 0.8185 | Acc: 0.5750 | Prec: 0.5714 | Recall: 0.4675 | Spec: 0.6747
[2025-11-30 17:57:57,424 INFO main.train_one_fold]   Confusion: TP=108, TN=168, FP=81, FN=123
[2025-11-30 17:57:57,424 INFO main.train_one_fold] EVAL SUBJECT | Fold 1 | Epoch 051/100 | Loss: 0.8185 | Acc: 0.5714 | Prec: 0.5000 | Recall: 0.5000 | Spec: 0.6250
[2025-11-30 17:57:57,424 INFO main.train_one_fold]   Confusion: TP=3, TN=5, FP=3, FN=3
[2025-11-30 17:57:57,424 INFO main.train_one_fold] EVAL EC vs EO | Fold 1 | Epoch 051/100 | EO chunk acc: 0.7143 | EC chunk acc: 0.4286
[2025-11-30 18:01:55,271 INFO main.train_one_fold] TRAIN CHUNK | Fold 1 | Epoch 052/100 | Loss: 0.5105 | Acc: 0.7607 | Prec: 0.7623 | Recall: 0.7824 | Spec: 0.7373
[2025-11-30 18:02:02,648 INFO main.train_one_fold] EVAL CHUNK | Fold 1 | Epoch 052/100 | Loss: 0.8222 | Acc: 0.6292 | Prec: 0.6828 | Recall: 0.4286 | Spec: 0.8153
[2025-11-30 18:02:02,649 INFO main.train_one_fold]   Confusion: TP=99, TN=203, FP=46, FN=132
[2025-11-30 18:02:02,649 INFO main.train_one_fold] EVAL SUBJECT | Fold 1 | Epoch 052/100 | Loss: 0.8222 | Acc: 0.7143 | Prec: 0.7500 | Recall: 0.5000 | Spec: 0.8750
[2025-11-30 18:02:02,649 INFO main.train_one_fold]   Confusion: TP=3, TN=7, FP=1, FN=3
[2025-11-30 18:02:02,653 INFO main.train_one_fold] EVAL EC vs EO | Fold 1 | Epoch 052/100 | EO chunk acc: 0.8571 | EC chunk acc: 0.5714
[2025-11-30 18:04:27,955 INFO main.train_one_fold] TRAIN CHUNK | Fold 1 | Epoch 053/100 | Loss: 0.4987 | Acc: 0.7664 | Prec: 0.7729 | Recall: 0.7780 | Spec: 0.7538
[2025-11-30 18:04:39,943 INFO main.train_one_fold] EVAL CHUNK | Fold 1 | Epoch 053/100 | Loss: 0.8498 | Acc: 0.6167 | Prec: 0.6643 | Recall: 0.4113 | Spec: 0.8072
[2025-11-30 18:04:39,943 INFO main.train_one_fold]   Confusion: TP=95, TN=201, FP=48, FN=136
[2025-11-30 18:04:39,943 INFO main.train_one_fold] EVAL SUBJECT | Fold 1 | Epoch 053/100 | Loss: 0.8498 | Acc: 0.7143 | Prec: 0.7500 | Recall: 0.5000 | Spec: 0.8750
[2025-11-30 18:04:39,943 INFO main.train_one_fold]   Confusion: TP=3, TN=7, FP=1, FN=3
[2025-11-30 18:04:39,943 INFO main.train_one_fold] EVAL EC vs EO | Fold 1 | Epoch 053/100 | EO chunk acc: 0.8571 | EC chunk acc: 0.5714
[2025-11-30 18:06:59,170 INFO main.train_one_fold] TRAIN CHUNK | Fold 1 | Epoch 054/100 | Loss: 0.4961 | Acc: 0.7755 | Prec: 0.7835 | Recall: 0.7835 | Spec: 0.7669
[2025-11-30 18:07:10,088 INFO main.train_one_fold] EVAL CHUNK | Fold 1 | Epoch 054/100 | Loss: 0.8314 | Acc: 0.5604 | Prec: 0.5476 | Recall: 0.4978 | Spec: 0.6185
[2025-11-30 18:07:10,089 INFO main.train_one_fold]   Confusion: TP=115, TN=154, FP=95, FN=116
[2025-11-30 18:07:10,089 INFO main.train_one_fold] EVAL SUBJECT | Fold 1 | Epoch 054/100 | Loss: 0.8314 | Acc: 0.5714 | Prec: 0.5000 | Recall: 0.5000 | Spec: 0.6250
[2025-11-30 18:07:10,089 INFO main.train_one_fold]   Confusion: TP=3, TN=5, FP=3, FN=3
[2025-11-30 18:07:10,089 INFO main.train_one_fold] EVAL EC vs EO | Fold 1 | Epoch 054/100 | EO chunk acc: 0.7143 | EC chunk acc: 0.4286
[2025-11-30 18:09:34,279 INFO main.train_one_fold] TRAIN CHUNK | Fold 1 | Epoch 055/100 | Loss: 0.4941 | Acc: 0.7607 | Prec: 0.7606 | Recall: 0.7857 | Spec: 0.7337
[2025-11-30 18:09:42,591 INFO main.train_one_fold] EVAL CHUNK | Fold 1 | Epoch 055/100 | Loss: 0.7906 | Acc: 0.6375 | Prec: 0.6887 | Recall: 0.4502 | Spec: 0.8112
[2025-11-30 18:09:42,592 INFO main.train_one_fold]   Confusion: TP=104, TN=202, FP=47, FN=127
[2025-11-30 18:09:42,592 INFO main.train_one_fold] EVAL SUBJECT | Fold 1 | Epoch 055/100 | Loss: 0.7906 | Acc: 0.7143 | Prec: 0.7500 | Recall: 0.5000 | Spec: 0.8750
[2025-11-30 18:09:42,592 INFO main.train_one_fold]   Confusion: TP=3, TN=7, FP=1, FN=3
[2025-11-30 18:09:42,592 INFO main.train_one_fold] EVAL EC vs EO | Fold 1 | Epoch 055/100 | EO chunk acc: 0.8571 | EC chunk acc: 0.5714
[2025-11-30 18:12:06,303 INFO main.train_one_fold] TRAIN CHUNK | Fold 1 | Epoch 056/100 | Loss: 0.4895 | Acc: 0.7692 | Prec: 0.7760 | Recall: 0.7802 | Spec: 0.7574
[2025-11-30 18:12:33,040 INFO main.train_one_fold] EVAL CHUNK | Fold 1 | Epoch 056/100 | Loss: 0.8103 | Acc: 0.6208 | Prec: 0.6581 | Recall: 0.4416 | Spec: 0.7871
[2025-11-30 18:12:33,041 INFO main.train_one_fold]   Confusion: TP=102, TN=196, FP=53, FN=129
[2025-11-30 18:12:33,041 INFO main.train_one_fold] EVAL SUBJECT | Fold 1 | Epoch 056/100 | Loss: 0.8103 | Acc: 0.7143 | Prec: 0.7500 | Recall: 0.5000 | Spec: 0.8750
[2025-11-30 18:12:33,041 INFO main.train_one_fold]   Confusion: TP=3, TN=7, FP=1, FN=3
[2025-11-30 18:12:33,041 INFO main.train_one_fold] EVAL EC vs EO | Fold 1 | Epoch 056/100 | EO chunk acc: 0.8571 | EC chunk acc: 0.5714
[2025-11-30 18:15:05,465 INFO main.train_one_fold] TRAIN CHUNK | Fold 1 | Epoch 057/100 | Loss: 0.4796 | Acc: 0.7789 | Prec: 0.7800 | Recall: 0.7989 | Spec: 0.7574
[2025-11-30 18:15:19,122 INFO main.train_one_fold] EVAL CHUNK | Fold 1 | Epoch 057/100 | Loss: 0.8401 | Acc: 0.5896 | Prec: 0.5867 | Recall: 0.4978 | Spec: 0.6747
[2025-11-30 18:15:19,122 INFO main.train_one_fold]   Confusion: TP=115, TN=168, FP=81, FN=116
[2025-11-30 18:15:19,123 INFO main.train_one_fold] EVAL SUBJECT | Fold 1 | Epoch 057/100 | Loss: 0.8401 | Acc: 0.7143 | Prec: 0.7500 | Recall: 0.5000 | Spec: 0.8750
[2025-11-30 18:15:19,123 INFO main.train_one_fold]   Confusion: TP=3, TN=7, FP=1, FN=3
[2025-11-30 18:15:19,123 INFO main.train_one_fold] EVAL EC vs EO | Fold 1 | Epoch 057/100 | EO chunk acc: 0.8571 | EC chunk acc: 0.5714
[2025-11-30 18:17:56,678 INFO main.train_one_fold] TRAIN CHUNK | Fold 1 | Epoch 058/100 | Loss: 0.4765 | Acc: 0.7846 | Prec: 0.7904 | Recall: 0.7956 | Spec: 0.7728
[2025-11-30 18:18:04,899 INFO main.train_one_fold] EVAL CHUNK | Fold 1 | Epoch 058/100 | Loss: 0.8998 | Acc: 0.5875 | Prec: 0.6138 | Recall: 0.3853 | Spec: 0.7751
[2025-11-30 18:18:04,899 INFO main.train_one_fold]   Confusion: TP=89, TN=193, FP=56, FN=142
[2025-11-30 18:18:04,899 INFO main.train_one_fold] EVAL SUBJECT | Fold 1 | Epoch 058/100 | Loss: 0.8998 | Acc: 0.7143 | Prec: 0.7500 | Recall: 0.5000 | Spec: 0.8750
[2025-11-30 18:18:04,900 INFO main.train_one_fold]   Confusion: TP=3, TN=7, FP=1, FN=3
[2025-11-30 18:18:04,900 INFO main.train_one_fold] EVAL EC vs EO | Fold 1 | Epoch 058/100 | EO chunk acc: 0.8571 | EC chunk acc: 0.5714
[2025-11-30 18:20:42,269 INFO main.train_one_fold] TRAIN CHUNK | Fold 1 | Epoch 059/100 | Loss: 0.4662 | Acc: 0.7858 | Prec: 0.7890 | Recall: 0.8011 | Spec: 0.7692
[2025-11-30 18:21:05,265 INFO main.train_one_fold] EVAL CHUNK | Fold 1 | Epoch 059/100 | Loss: 0.8657 | Acc: 0.5729 | Prec: 0.5714 | Recall: 0.4502 | Spec: 0.6867
[2025-11-30 18:21:05,266 INFO main.train_one_fold]   Confusion: TP=104, TN=171, FP=78, FN=127
[2025-11-30 18:21:05,266 INFO main.train_one_fold] EVAL SUBJECT | Fold 1 | Epoch 059/100 | Loss: 0.8657 | Acc: 0.6429 | Prec: 0.6000 | Recall: 0.5000 | Spec: 0.7500
[2025-11-30 18:21:05,266 INFO main.train_one_fold]   Confusion: TP=3, TN=6, FP=2, FN=3
[2025-11-30 18:21:05,266 INFO main.train_one_fold] EVAL EC vs EO | Fold 1 | Epoch 059/100 | EO chunk acc: 0.8571 | EC chunk acc: 0.4286
[2025-11-30 18:24:11,395 INFO main.train_one_fold] TRAIN CHUNK | Fold 1 | Epoch 060/100 | Loss: 0.4874 | Acc: 0.7664 | Prec: 0.7694 | Recall: 0.7846 | Spec: 0.7467
[2025-11-30 18:24:22,510 INFO main.train_one_fold] EVAL CHUNK | Fold 1 | Epoch 060/100 | Loss: 0.8671 | Acc: 0.5896 | Prec: 0.6024 | Recall: 0.4329 | Spec: 0.7349
[2025-11-30 18:24:22,510 INFO main.train_one_fold]   Confusion: TP=100, TN=183, FP=66, FN=131
[2025-11-30 18:24:22,510 INFO main.train_one_fold] EVAL SUBJECT | Fold 1 | Epoch 060/100 | Loss: 0.8671 | Acc: 0.7143 | Prec: 0.7500 | Recall: 0.5000 | Spec: 0.8750
[2025-11-30 18:24:22,510 INFO main.train_one_fold]   Confusion: TP=3, TN=7, FP=1, FN=3
[2025-11-30 18:24:22,510 INFO main.train_one_fold] EVAL EC vs EO | Fold 1 | Epoch 060/100 | EO chunk acc: 0.8571 | EC chunk acc: 0.5714
[2025-11-30 18:24:22,534 INFO main.train_one_fold] Saved checkpoint: experiments/cane_t7_ec+eo_005/fold_1_epoch_060.pth
[2025-11-30 18:26:34,982 INFO main.train_one_fold] TRAIN CHUNK | Fold 1 | Epoch 061/100 | Loss: 0.4749 | Acc: 0.7869 | Prec: 0.7888 | Recall: 0.8044 | Spec: 0.7680
[2025-11-30 18:26:47,728 INFO main.train_one_fold] EVAL CHUNK | Fold 1 | Epoch 061/100 | Loss: 0.8342 | Acc: 0.6083 | Prec: 0.6229 | Recall: 0.4719 | Spec: 0.7349
[2025-11-30 18:26:47,728 INFO main.train_one_fold]   Confusion: TP=109, TN=183, FP=66, FN=122
[2025-11-30 18:26:47,728 INFO main.train_one_fold] EVAL SUBJECT | Fold 1 | Epoch 061/100 | Loss: 0.8342 | Acc: 0.7143 | Prec: 0.7500 | Recall: 0.5000 | Spec: 0.8750
[2025-11-30 18:26:47,728 INFO main.train_one_fold]   Confusion: TP=3, TN=7, FP=1, FN=3
[2025-11-30 18:26:47,729 INFO main.train_one_fold] EVAL EC vs EO | Fold 1 | Epoch 061/100 | EO chunk acc: 0.8571 | EC chunk acc: 0.5714
[2025-11-30 18:29:08,012 INFO main.train_one_fold] TRAIN CHUNK | Fold 1 | Epoch 062/100 | Loss: 0.4665 | Acc: 0.7915 | Prec: 0.7963 | Recall: 0.8033 | Spec: 0.7787
[2025-11-30 18:29:16,027 INFO main.train_one_fold] EVAL CHUNK | Fold 1 | Epoch 062/100 | Loss: 0.8442 | Acc: 0.5938 | Prec: 0.5928 | Recall: 0.4978 | Spec: 0.6827
[2025-11-30 18:29:16,028 INFO main.train_one_fold]   Confusion: TP=115, TN=170, FP=79, FN=116
[2025-11-30 18:29:16,028 INFO main.train_one_fold] EVAL SUBJECT | Fold 1 | Epoch 062/100 | Loss: 0.8442 | Acc: 0.6429 | Prec: 0.6000 | Recall: 0.5000 | Spec: 0.7500
[2025-11-30 18:29:16,035 INFO main.train_one_fold]   Confusion: TP=3, TN=6, FP=2, FN=3
[2025-11-30 18:29:16,035 INFO main.train_one_fold] EVAL EC vs EO | Fold 1 | Epoch 062/100 | EO chunk acc: 0.8571 | EC chunk acc: 0.4286
[2025-11-30 18:29:16,035 INFO early_stopping.__call__] Early stopping triggered after 20 epochs without improvement. Best score: 0.6813 at epoch 42
[2025-11-30 18:29:16,036 INFO main.train_one_fold] Early stopping triggered at epoch 62
[2025-11-30 18:29:16,036 INFO main.train_one_fold] 
Fold 1 training completed. Best Combined Val Acc: 0.5320 at epoch 37
[2025-11-30 18:29:16,036 INFO main.train_cross_validation] ================================================================================
[2025-11-30 18:29:16,036 INFO main.train_cross_validation] FOLD 2/6
[2025-11-30 18:29:16,036 INFO main.train_cross_validation] ================================================================================
[2025-11-30 18:29:16,037 INFO main.get_datasets_for_fold] Train subjects (61): ['cane:H S1096 EC', 'cane:H S1096 EO', 'cane:H S1060 EC', 'cane:H S1060 EO', 'cane:H S1001 EC', 'cane:H S1001 EO', 'cane:H S1033 EO', 'cane:H S1033 EC', 'cane:AX S1024 EO', 'cane:AX S1024 EC', 'cane:AX S0073 EO', 'cane:AX S0073 EC', 'cane:AX S1027 EO', 'cane:AX S1027 EC', 'cane:H S1095 EC', 'cane:H S1095 EO', 'cane:H S1010 EC', 'cane:H S1010 EO', 'cane:H S1091 EC', 'cane:H S1091 EO', 'cane:AX S1007 EO', 'cane:AX S1007 EC', 'cane:AX S0074 EC', 'cane:AX S0074 EO', 'cane:AX S1065 EC', 'cane:AX S1065 EO', 'cane:H S1054 EC', 'cane:H S1054 EO', 'cane:H S1085 EO', 'cane:H S1085 EC', 'cane:H S1022 EC', 'cane:H S1022 EO', 'cane:AX S0041 EO', 'cane:AX S0041 EC', 'cane:AX S1050 EO', 'cane:AX S1050 EC', 'cane:AX S0057 EC', 'cane:AX S0057 EO', 'cane:H S0012 EO', 'cane:H S0012 EC', 'cane:H S0015 EC', 'cane:H S0015 EO', 'cane:H S0078 EO', 'cane:H S0078 EC', 'cane:AX S0072 EO', 'cane:AX S0072 EC', 'cane:AX S1006 EC', 'cane:AX S1006 EO', 'cane:AX S1087 EO', 'cane:AX S1087 EC', 'cane:H S1101 EO', 'cane:H S1101 EC', 'cane:H S0079 EC', 'cane:H S0079 EO', 'cane:H S1028 EC', 'cane:AX S1051 EC', 'cane:AX S1051 EO', 'cane:AX S0056 EO', 'cane:AX S0056 EC', 'cane:AX S1005 EO', 'cane:AX S1005 EC']...
[2025-11-30 18:29:16,037 INFO main.get_datasets_for_fold] Val subjects (12): ['cane:H S1003 EO', 'cane:H S1003 EC', 'cane:H S1008 EO', 'cane:H S1008 EC', 'cane:H S1002 EO', 'cane:H S1002 EC', 'cane:AX S1084 EC', 'cane:AX S1084 EO', 'cane:AX S1023 EC', 'cane:AX S1023 EO', 'cane:AX S1009 EC', 'cane:AX S1009 EO']
[2025-11-30 18:29:16,039 INFO main.get_datasets_for_fold] Training chunks: 1890
[2025-11-30 18:29:16,040 INFO main.get_datasets_for_fold] Validation chunks: 345
[2025-11-30 18:29:16,123 INFO model.__init__] Initialized LSTM with input_size=1728, hidden_size=100, batch_first=True
[2025-11-30 18:29:16,131 INFO main.train_one_fold] Starting training for fold 2
[2025-11-30 18:29:46,709 INFO main.train_one_fold] TRAIN CHUNK | Fold 2 | Epoch 001/100 | Loss: 0.6934 | Acc: 0.5037 | Prec: 0.5030 | Recall: 0.9821 | Spec: 0.0213
[2025-11-30 18:29:48,930 INFO main.train_one_fold] EVAL CHUNK | Fold 2 | Epoch 001/100 | Loss: 0.6924 | Acc: 0.5565 | Prec: 0.5565 | Recall: 1.0000 | Spec: 0.0000
[2025-11-30 18:29:48,930 INFO main.train_one_fold]   Confusion: TP=192, TN=0, FP=153, FN=0
[2025-11-30 18:29:48,930 INFO main.train_one_fold] EVAL SUBJECT | Fold 2 | Epoch 001/100 | Loss: 0.6924 | Acc: 0.5000 | Prec: 0.5000 | Recall: 1.0000 | Spec: 0.0000
[2025-11-30 18:29:48,930 INFO main.train_one_fold]   Confusion: TP=6, TN=0, FP=6, FN=0
[2025-11-30 18:29:48,931 INFO main.train_one_fold] EVAL EC vs EO | Fold 2 | Epoch 001/100 | EO chunk acc: 0.5000 | EC chunk acc: 0.5000
[2025-11-30 18:29:48,956 INFO main.train_one_fold] ✓ Saved best model: experiments/cane_t7_ec+eo_005/fold_2_best.pth (combined=0.2783, chunk=0.5565, subject=0.5000)
[2025-11-30 18:29:48,956 INFO early_stopping.__call__] Early stopping initialized: best score 0.5565 at epoch 1
[2025-11-30 18:30:22,087 INFO main.train_one_fold] TRAIN CHUNK | Fold 2 | Epoch 002/100 | Loss: 0.6939 | Acc: 0.4878 | Prec: 0.4925 | Recall: 0.6607 | Spec: 0.3135
[2025-11-30 18:30:25,917 INFO main.train_one_fold] EVAL CHUNK | Fold 2 | Epoch 002/100 | Loss: 0.6922 | Acc: 0.5565 | Prec: 0.5565 | Recall: 1.0000 | Spec: 0.0000
[2025-11-30 18:30:25,918 INFO main.train_one_fold]   Confusion: TP=192, TN=0, FP=153, FN=0
[2025-11-30 18:30:25,918 INFO main.train_one_fold] EVAL SUBJECT | Fold 2 | Epoch 002/100 | Loss: 0.6922 | Acc: 0.5000 | Prec: 0.5000 | Recall: 1.0000 | Spec: 0.0000
[2025-11-30 18:30:25,918 INFO main.train_one_fold]   Confusion: TP=6, TN=0, FP=6, FN=0
[2025-11-30 18:30:25,918 INFO main.train_one_fold] EVAL EC vs EO | Fold 2 | Epoch 002/100 | EO chunk acc: 0.5000 | EC chunk acc: 0.5000
[2025-11-30 18:30:52,434 INFO main.train_one_fold] TRAIN CHUNK | Fold 2 | Epoch 003/100 | Loss: 0.6930 | Acc: 0.5090 | Prec: 0.5064 | Recall: 0.8767 | Spec: 0.1382
[2025-11-30 18:30:53,895 INFO main.train_one_fold] EVAL CHUNK | Fold 2 | Epoch 003/100 | Loss: 0.6953 | Acc: 0.3768 | Prec: 0.3883 | Recall: 0.2083 | Spec: 0.5882
[2025-11-30 18:30:53,895 INFO main.train_one_fold]   Confusion: TP=40, TN=90, FP=63, FN=152
[2025-11-30 18:30:53,895 INFO main.train_one_fold] EVAL SUBJECT | Fold 2 | Epoch 003/100 | Loss: 0.6953 | Acc: 0.5000 | Prec: 0.5000 | Recall: 0.1667 | Spec: 0.8333
[2025-11-30 18:30:53,895 INFO main.train_one_fold]   Confusion: TP=1, TN=5, FP=1, FN=5
[2025-11-30 18:30:53,896 INFO main.train_one_fold] EVAL EC vs EO | Fold 2 | Epoch 003/100 | EO chunk acc: 0.3333 | EC chunk acc: 0.6667
[2025-11-30 18:31:19,349 INFO main.train_one_fold] TRAIN CHUNK | Fold 2 | Epoch 004/100 | Loss: 0.6920 | Acc: 0.5243 | Prec: 0.5217 | Recall: 0.6322 | Spec: 0.4155
[2025-11-30 18:31:21,635 INFO main.train_one_fold] EVAL CHUNK | Fold 2 | Epoch 004/100 | Loss: 0.7014 | Acc: 0.4435 | Prec: 0.0000 | Recall: 0.0000 | Spec: 1.0000
[2025-11-30 18:31:21,635 INFO main.train_one_fold]   Confusion: TP=0, TN=153, FP=0, FN=192
[2025-11-30 18:31:21,635 INFO main.train_one_fold] EVAL SUBJECT | Fold 2 | Epoch 004/100 | Loss: 0.7014 | Acc: 0.5000 | Prec: 0.0000 | Recall: 0.0000 | Spec: 1.0000
[2025-11-30 18:31:21,635 INFO main.train_one_fold]   Confusion: TP=0, TN=6, FP=0, FN=6
[2025-11-30 18:31:21,636 INFO main.train_one_fold] EVAL EC vs EO | Fold 2 | Epoch 004/100 | EO chunk acc: 0.5000 | EC chunk acc: 0.5000
[2025-11-30 18:31:53,233 INFO main.train_one_fold] TRAIN CHUNK | Fold 2 | Epoch 005/100 | Loss: 0.6935 | Acc: 0.5016 | Prec: 0.5043 | Recall: 0.4341 | Spec: 0.5696
[2025-11-30 18:31:55,049 INFO main.train_one_fold] EVAL CHUNK | Fold 2 | Epoch 005/100 | Loss: 0.6946 | Acc: 0.4609 | Prec: 0.5096 | Recall: 0.8281 | Spec: 0.0000
[2025-11-30 18:31:55,049 INFO main.train_one_fold]   Confusion: TP=159, TN=0, FP=153, FN=33
[2025-11-30 18:31:55,049 INFO main.train_one_fold] EVAL SUBJECT | Fold 2 | Epoch 005/100 | Loss: 0.6946 | Acc: 0.4167 | Prec: 0.4545 | Recall: 0.8333 | Spec: 0.0000
[2025-11-30 18:31:55,049 INFO main.train_one_fold]   Confusion: TP=5, TN=0, FP=6, FN=1
[2025-11-30 18:31:55,050 INFO main.train_one_fold] EVAL EC vs EO | Fold 2 | Epoch 005/100 | EO chunk acc: 0.3333 | EC chunk acc: 0.5000
[2025-11-30 18:32:28,238 INFO main.train_one_fold] TRAIN CHUNK | Fold 2 | Epoch 006/100 | Loss: 0.6911 | Acc: 0.5317 | Prec: 0.5263 | Recall: 0.6744 | Spec: 0.3879
[2025-11-30 18:32:30,124 INFO main.train_one_fold] EVAL CHUNK | Fold 2 | Epoch 006/100 | Loss: 0.7014 | Acc: 0.4493 | Prec: 0.5556 | Recall: 0.0521 | Spec: 0.9477
[2025-11-30 18:32:30,124 INFO main.train_one_fold]   Confusion: TP=10, TN=145, FP=8, FN=182
[2025-11-30 18:32:30,124 INFO main.train_one_fold] EVAL SUBJECT | Fold 2 | Epoch 006/100 | Loss: 0.7014 | Acc: 0.5000 | Prec: 0.0000 | Recall: 0.0000 | Spec: 1.0000
[2025-11-30 18:32:30,124 INFO main.train_one_fold]   Confusion: TP=0, TN=6, FP=0, FN=6
[2025-11-30 18:32:30,125 INFO main.train_one_fold] EVAL EC vs EO | Fold 2 | Epoch 006/100 | EO chunk acc: 0.5000 | EC chunk acc: 0.5000
[2025-11-30 18:32:58,173 INFO main.train_one_fold] TRAIN CHUNK | Fold 2 | Epoch 007/100 | Loss: 0.6910 | Acc: 0.5111 | Prec: 0.5101 | Recall: 0.6649 | Spec: 0.3560
[2025-11-30 18:33:00,723 INFO main.train_one_fold] EVAL CHUNK | Fold 2 | Epoch 007/100 | Loss: 0.7017 | Acc: 0.4638 | Prec: 0.5172 | Recall: 0.5469 | Spec: 0.3595
[2025-11-30 18:33:00,737 INFO main.train_one_fold]   Confusion: TP=105, TN=55, FP=98, FN=87
[2025-11-30 18:33:00,737 INFO main.train_one_fold] EVAL SUBJECT | Fold 2 | Epoch 007/100 | Loss: 0.7017 | Acc: 0.3333 | Prec: 0.3750 | Recall: 0.5000 | Spec: 0.1667
[2025-11-30 18:33:00,737 INFO main.train_one_fold]   Confusion: TP=3, TN=1, FP=5, FN=3
[2025-11-30 18:33:00,738 INFO main.train_one_fold] EVAL EC vs EO | Fold 2 | Epoch 007/100 | EO chunk acc: 0.3333 | EC chunk acc: 0.3333
[2025-11-30 18:33:46,569 INFO main.train_one_fold] TRAIN CHUNK | Fold 2 | Epoch 008/100 | Loss: 0.6883 | Acc: 0.5201 | Prec: 0.5197 | Recall: 0.5838 | Spec: 0.4559
[2025-11-30 18:33:49,627 INFO main.train_one_fold] EVAL CHUNK | Fold 2 | Epoch 008/100 | Loss: 0.7007 | Acc: 0.4638 | Prec: 0.5112 | Recall: 0.8333 | Spec: 0.0000
[2025-11-30 18:33:49,627 INFO main.train_one_fold]   Confusion: TP=160, TN=0, FP=153, FN=32
[2025-11-30 18:33:49,627 INFO main.train_one_fold] EVAL SUBJECT | Fold 2 | Epoch 008/100 | Loss: 0.7007 | Acc: 0.4167 | Prec: 0.4545 | Recall: 0.8333 | Spec: 0.0000
[2025-11-30 18:33:49,627 INFO main.train_one_fold]   Confusion: TP=5, TN=0, FP=6, FN=1
[2025-11-30 18:33:49,627 INFO main.train_one_fold] EVAL EC vs EO | Fold 2 | Epoch 008/100 | EO chunk acc: 0.3333 | EC chunk acc: 0.5000
[2025-11-30 18:34:28,310 INFO main.train_one_fold] TRAIN CHUNK | Fold 2 | Epoch 009/100 | Loss: 0.6856 | Acc: 0.5307 | Prec: 0.5221 | Recall: 0.7713 | Spec: 0.2880
[2025-11-30 18:34:29,700 INFO main.train_one_fold] EVAL CHUNK | Fold 2 | Epoch 009/100 | Loss: 0.7092 | Acc: 0.4638 | Prec: 0.5112 | Recall: 0.8333 | Spec: 0.0000
[2025-11-30 18:34:29,701 INFO main.train_one_fold]   Confusion: TP=160, TN=0, FP=153, FN=32
[2025-11-30 18:34:29,701 INFO main.train_one_fold] EVAL SUBJECT | Fold 2 | Epoch 009/100 | Loss: 0.7092 | Acc: 0.4167 | Prec: 0.4545 | Recall: 0.8333 | Spec: 0.0000
[2025-11-30 18:34:29,701 INFO main.train_one_fold]   Confusion: TP=5, TN=0, FP=6, FN=1
[2025-11-30 18:34:29,701 INFO main.train_one_fold] EVAL EC vs EO | Fold 2 | Epoch 009/100 | EO chunk acc: 0.3333 | EC chunk acc: 0.5000
[2025-11-30 18:35:21,063 INFO main.train_one_fold] TRAIN CHUNK | Fold 2 | Epoch 010/100 | Loss: 0.6821 | Acc: 0.5339 | Prec: 0.5224 | Recall: 0.8367 | Spec: 0.2285
[2025-11-30 18:35:23,199 INFO main.train_one_fold] EVAL CHUNK | Fold 2 | Epoch 010/100 | Loss: 0.7125 | Acc: 0.4638 | Prec: 0.5112 | Recall: 0.8333 | Spec: 0.0000
[2025-11-30 18:35:23,200 INFO main.train_one_fold]   Confusion: TP=160, TN=0, FP=153, FN=32
[2025-11-30 18:35:23,200 INFO main.train_one_fold] EVAL SUBJECT | Fold 2 | Epoch 010/100 | Loss: 0.7125 | Acc: 0.4167 | Prec: 0.4545 | Recall: 0.8333 | Spec: 0.0000
[2025-11-30 18:35:23,200 INFO main.train_one_fold]   Confusion: TP=5, TN=0, FP=6, FN=1
[2025-11-30 18:35:23,200 INFO main.train_one_fold] EVAL EC vs EO | Fold 2 | Epoch 010/100 | EO chunk acc: 0.3333 | EC chunk acc: 0.5000
[2025-11-30 18:35:23,229 INFO main.train_one_fold] Saved checkpoint: experiments/cane_t7_ec+eo_005/fold_2_epoch_010.pth
[2025-11-30 18:36:08,045 INFO main.train_one_fold] TRAIN CHUNK | Fold 2 | Epoch 011/100 | Loss: 0.6799 | Acc: 0.5476 | Prec: 0.5305 | Recall: 0.8609 | Spec: 0.2317
[2025-11-30 18:36:12,218 INFO main.train_one_fold] EVAL CHUNK | Fold 2 | Epoch 011/100 | Loss: 0.7390 | Acc: 0.4638 | Prec: 0.5112 | Recall: 0.8333 | Spec: 0.0000
[2025-11-30 18:36:12,219 INFO main.train_one_fold]   Confusion: TP=160, TN=0, FP=153, FN=32
[2025-11-30 18:36:12,219 INFO main.train_one_fold] EVAL SUBJECT | Fold 2 | Epoch 011/100 | Loss: 0.7390 | Acc: 0.4167 | Prec: 0.4545 | Recall: 0.8333 | Spec: 0.0000
[2025-11-30 18:36:12,219 INFO main.train_one_fold]   Confusion: TP=5, TN=0, FP=6, FN=1
[2025-11-30 18:36:12,219 INFO main.train_one_fold] EVAL EC vs EO | Fold 2 | Epoch 011/100 | EO chunk acc: 0.3333 | EC chunk acc: 0.5000
[2025-11-30 18:36:47,169 INFO main.train_one_fold] TRAIN CHUNK | Fold 2 | Epoch 012/100 | Loss: 0.6783 | Acc: 0.5508 | Prec: 0.5336 | Recall: 0.8356 | Spec: 0.2635
[2025-11-30 18:36:48,232 INFO main.train_one_fold] EVAL CHUNK | Fold 2 | Epoch 012/100 | Loss: 0.7528 | Acc: 0.4638 | Prec: 0.5112 | Recall: 0.8333 | Spec: 0.0000
[2025-11-30 18:36:48,232 INFO main.train_one_fold]   Confusion: TP=160, TN=0, FP=153, FN=32
[2025-11-30 18:36:48,233 INFO main.train_one_fold] EVAL SUBJECT | Fold 2 | Epoch 012/100 | Loss: 0.7528 | Acc: 0.4167 | Prec: 0.4545 | Recall: 0.8333 | Spec: 0.0000
[2025-11-30 18:36:48,233 INFO main.train_one_fold]   Confusion: TP=5, TN=0, FP=6, FN=1
[2025-11-30 18:36:48,233 INFO main.train_one_fold] EVAL EC vs EO | Fold 2 | Epoch 012/100 | EO chunk acc: 0.3333 | EC chunk acc: 0.5000
[2025-11-30 18:37:26,976 INFO main.train_one_fold] TRAIN CHUNK | Fold 2 | Epoch 013/100 | Loss: 0.6744 | Acc: 0.5476 | Prec: 0.5322 | Recall: 0.8188 | Spec: 0.2742
[2025-11-30 18:37:29,661 INFO main.train_one_fold] EVAL CHUNK | Fold 2 | Epoch 013/100 | Loss: 0.7553 | Acc: 0.4638 | Prec: 0.5112 | Recall: 0.8333 | Spec: 0.0000
[2025-11-30 18:37:29,663 INFO main.train_one_fold]   Confusion: TP=160, TN=0, FP=153, FN=32
[2025-11-30 18:37:29,665 INFO main.train_one_fold] EVAL SUBJECT | Fold 2 | Epoch 013/100 | Loss: 0.7553 | Acc: 0.4167 | Prec: 0.4545 | Recall: 0.8333 | Spec: 0.0000
[2025-11-30 18:37:29,665 INFO main.train_one_fold]   Confusion: TP=5, TN=0, FP=6, FN=1
[2025-11-30 18:37:29,665 INFO main.train_one_fold] EVAL EC vs EO | Fold 2 | Epoch 013/100 | EO chunk acc: 0.3333 | EC chunk acc: 0.5000
[2025-11-30 18:38:24,527 INFO main.train_one_fold] TRAIN CHUNK | Fold 2 | Epoch 014/100 | Loss: 0.6754 | Acc: 0.5608 | Prec: 0.5366 | Recall: 0.9189 | Spec: 0.1998
[2025-11-30 18:38:45,473 INFO main.train_one_fold] EVAL CHUNK | Fold 2 | Epoch 014/100 | Loss: 0.7583 | Acc: 0.4638 | Prec: 0.5112 | Recall: 0.8333 | Spec: 0.0000
[2025-11-30 18:38:45,473 INFO main.train_one_fold]   Confusion: TP=160, TN=0, FP=153, FN=32
[2025-11-30 18:38:45,473 INFO main.train_one_fold] EVAL SUBJECT | Fold 2 | Epoch 014/100 | Loss: 0.7583 | Acc: 0.4167 | Prec: 0.4545 | Recall: 0.8333 | Spec: 0.0000
[2025-11-30 18:38:45,473 INFO main.train_one_fold]   Confusion: TP=5, TN=0, FP=6, FN=1
[2025-11-30 18:38:45,474 INFO main.train_one_fold] EVAL EC vs EO | Fold 2 | Epoch 014/100 | EO chunk acc: 0.3333 | EC chunk acc: 0.5000
[2025-11-30 18:40:12,646 INFO main.train_one_fold] TRAIN CHUNK | Fold 2 | Epoch 015/100 | Loss: 0.6751 | Acc: 0.5651 | Prec: 0.5393 | Recall: 0.9189 | Spec: 0.2083
[2025-11-30 18:40:15,608 INFO main.train_one_fold] EVAL CHUNK | Fold 2 | Epoch 015/100 | Loss: 0.7746 | Acc: 0.4638 | Prec: 0.5112 | Recall: 0.8333 | Spec: 0.0000
[2025-11-30 18:40:15,609 INFO main.train_one_fold]   Confusion: TP=160, TN=0, FP=153, FN=32
[2025-11-30 18:40:15,609 INFO main.train_one_fold] EVAL SUBJECT | Fold 2 | Epoch 015/100 | Loss: 0.7746 | Acc: 0.4167 | Prec: 0.4545 | Recall: 0.8333 | Spec: 0.0000
[2025-11-30 18:40:15,609 INFO main.train_one_fold]   Confusion: TP=5, TN=0, FP=6, FN=1
[2025-11-30 18:40:15,609 INFO main.train_one_fold] EVAL EC vs EO | Fold 2 | Epoch 015/100 | EO chunk acc: 0.3333 | EC chunk acc: 0.5000
[2025-11-30 18:42:06,432 INFO main.train_one_fold] TRAIN CHUNK | Fold 2 | Epoch 016/100 | Loss: 0.6712 | Acc: 0.5603 | Prec: 0.5366 | Recall: 0.9125 | Spec: 0.2051
[2025-11-30 18:42:12,894 INFO main.train_one_fold] EVAL CHUNK | Fold 2 | Epoch 016/100 | Loss: 0.7506 | Acc: 0.4638 | Prec: 0.5112 | Recall: 0.8333 | Spec: 0.0000
[2025-11-30 18:42:12,895 INFO main.train_one_fold]   Confusion: TP=160, TN=0, FP=153, FN=32
[2025-11-30 18:42:12,895 INFO main.train_one_fold] EVAL SUBJECT | Fold 2 | Epoch 016/100 | Loss: 0.7506 | Acc: 0.4167 | Prec: 0.4545 | Recall: 0.8333 | Spec: 0.0000
[2025-11-30 18:42:12,895 INFO main.train_one_fold]   Confusion: TP=5, TN=0, FP=6, FN=1
[2025-11-30 18:42:12,895 INFO main.train_one_fold] EVAL EC vs EO | Fold 2 | Epoch 016/100 | EO chunk acc: 0.3333 | EC chunk acc: 0.5000
[2025-11-30 18:43:15,456 INFO main.train_one_fold] TRAIN CHUNK | Fold 2 | Epoch 017/100 | Loss: 0.6722 | Acc: 0.5672 | Prec: 0.5411 | Recall: 0.9094 | Spec: 0.2221
[2025-11-30 18:43:18,993 INFO main.train_one_fold] EVAL CHUNK | Fold 2 | Epoch 017/100 | Loss: 0.7715 | Acc: 0.4638 | Prec: 0.5112 | Recall: 0.8333 | Spec: 0.0000
[2025-11-30 18:43:18,993 INFO main.train_one_fold]   Confusion: TP=160, TN=0, FP=153, FN=32
[2025-11-30 18:43:18,994 INFO main.train_one_fold] EVAL SUBJECT | Fold 2 | Epoch 017/100 | Loss: 0.7715 | Acc: 0.4167 | Prec: 0.4545 | Recall: 0.8333 | Spec: 0.0000
[2025-11-30 18:43:18,994 INFO main.train_one_fold]   Confusion: TP=5, TN=0, FP=6, FN=1
[2025-11-30 18:43:18,994 INFO main.train_one_fold] EVAL EC vs EO | Fold 2 | Epoch 017/100 | EO chunk acc: 0.3333 | EC chunk acc: 0.5000
[2025-11-30 18:44:24,250 INFO main.train_one_fold] TRAIN CHUNK | Fold 2 | Epoch 018/100 | Loss: 0.6683 | Acc: 0.5672 | Prec: 0.5409 | Recall: 0.9136 | Spec: 0.2179
[2025-11-30 18:44:25,990 INFO main.train_one_fold] EVAL CHUNK | Fold 2 | Epoch 018/100 | Loss: 0.7786 | Acc: 0.4638 | Prec: 0.5112 | Recall: 0.8333 | Spec: 0.0000
[2025-11-30 18:44:25,990 INFO main.train_one_fold]   Confusion: TP=160, TN=0, FP=153, FN=32
[2025-11-30 18:44:25,991 INFO main.train_one_fold] EVAL SUBJECT | Fold 2 | Epoch 018/100 | Loss: 0.7786 | Acc: 0.4167 | Prec: 0.4545 | Recall: 0.8333 | Spec: 0.0000
[2025-11-30 18:44:25,991 INFO main.train_one_fold]   Confusion: TP=5, TN=0, FP=6, FN=1
[2025-11-30 18:44:25,991 INFO main.train_one_fold] EVAL EC vs EO | Fold 2 | Epoch 018/100 | EO chunk acc: 0.3333 | EC chunk acc: 0.5000
[2025-11-30 18:45:03,867 INFO main.train_one_fold] TRAIN CHUNK | Fold 2 | Epoch 019/100 | Loss: 0.6726 | Acc: 0.5646 | Prec: 0.5396 | Recall: 0.9052 | Spec: 0.2210
[2025-11-30 18:45:06,793 INFO main.train_one_fold] EVAL CHUNK | Fold 2 | Epoch 019/100 | Loss: 0.7685 | Acc: 0.4638 | Prec: 0.5112 | Recall: 0.8333 | Spec: 0.0000
[2025-11-30 18:45:06,802 INFO main.train_one_fold]   Confusion: TP=160, TN=0, FP=153, FN=32
[2025-11-30 18:45:06,802 INFO main.train_one_fold] EVAL SUBJECT | Fold 2 | Epoch 019/100 | Loss: 0.7685 | Acc: 0.4167 | Prec: 0.4545 | Recall: 0.8333 | Spec: 0.0000
[2025-11-30 18:45:06,803 INFO main.train_one_fold]   Confusion: TP=5, TN=0, FP=6, FN=1
[2025-11-30 18:45:06,803 INFO main.train_one_fold] EVAL EC vs EO | Fold 2 | Epoch 019/100 | EO chunk acc: 0.3333 | EC chunk acc: 0.5000
[2025-11-30 18:45:51,720 INFO main.train_one_fold] TRAIN CHUNK | Fold 2 | Epoch 020/100 | Loss: 0.6693 | Acc: 0.5720 | Prec: 0.5468 | Recall: 0.8620 | Spec: 0.2795
[2025-11-30 18:45:55,339 INFO main.train_one_fold] EVAL CHUNK | Fold 2 | Epoch 020/100 | Loss: 0.7844 | Acc: 0.5420 | Prec: 0.5603 | Recall: 0.8229 | Spec: 0.1895
[2025-11-30 18:45:55,351 INFO main.train_one_fold]   Confusion: TP=158, TN=29, FP=124, FN=34
[2025-11-30 18:45:55,352 INFO main.train_one_fold] EVAL SUBJECT | Fold 2 | Epoch 020/100 | Loss: 0.7844 | Acc: 0.5000 | Prec: 0.5000 | Recall: 0.8333 | Spec: 0.1667
[2025-11-30 18:45:55,352 INFO main.train_one_fold]   Confusion: TP=5, TN=1, FP=5, FN=1
[2025-11-30 18:45:55,352 INFO main.train_one_fold] EVAL EC vs EO | Fold 2 | Epoch 020/100 | EO chunk acc: 0.3333 | EC chunk acc: 0.6667
[2025-11-30 18:45:55,378 INFO main.train_one_fold] Saved checkpoint: experiments/cane_t7_ec+eo_005/fold_2_epoch_020.pth
[2025-11-30 18:46:43,352 INFO main.train_one_fold] TRAIN CHUNK | Fold 2 | Epoch 021/100 | Loss: 0.6677 | Acc: 0.5714 | Prec: 0.5465 | Recall: 0.8609 | Spec: 0.2795
[2025-11-30 18:46:46,048 INFO main.train_one_fold] EVAL CHUNK | Fold 2 | Epoch 021/100 | Loss: 0.7940 | Acc: 0.5159 | Prec: 0.5427 | Recall: 0.8281 | Spec: 0.1242
[2025-11-30 18:46:46,057 INFO main.train_one_fold]   Confusion: TP=159, TN=19, FP=134, FN=33
[2025-11-30 18:46:46,058 INFO main.train_one_fold] EVAL SUBJECT | Fold 2 | Epoch 021/100 | Loss: 0.7940 | Acc: 0.4167 | Prec: 0.4545 | Recall: 0.8333 | Spec: 0.0000
[2025-11-30 18:46:46,058 INFO main.train_one_fold]   Confusion: TP=5, TN=0, FP=6, FN=1
[2025-11-30 18:46:46,061 INFO main.train_one_fold] EVAL EC vs EO | Fold 2 | Epoch 021/100 | EO chunk acc: 0.3333 | EC chunk acc: 0.5000
[2025-11-30 18:46:46,061 INFO early_stopping.__call__] Early stopping triggered after 20 epochs without improvement. Best score: 0.5565 at epoch 1
[2025-11-30 18:46:46,061 INFO main.train_one_fold] Early stopping triggered at epoch 21
[2025-11-30 18:46:46,061 INFO main.train_one_fold] 
Fold 2 training completed. Best Combined Val Acc: 0.2783 at epoch 1
[2025-11-30 18:46:46,062 INFO main.train_cross_validation] ================================================================================
[2025-11-30 18:46:46,062 INFO main.train_cross_validation] FOLD 3/6
[2025-11-30 18:46:46,062 INFO main.train_cross_validation] ================================================================================
[2025-11-30 18:46:46,062 INFO main.get_datasets_for_fold] Train subjects (61): ['cane:H S1096 EC', 'cane:H S1096 EO', 'cane:H S1060 EC', 'cane:H S1060 EO', 'cane:H S1001 EC', 'cane:H S1001 EO', 'cane:H S1033 EO', 'cane:H S1033 EC', 'cane:AX S1024 EO', 'cane:AX S1024 EC', 'cane:AX S0073 EO', 'cane:AX S0073 EC', 'cane:AX S1027 EO', 'cane:AX S1027 EC', 'cane:H S1003 EO', 'cane:H S1003 EC', 'cane:H S1008 EO', 'cane:H S1008 EC', 'cane:H S1002 EO', 'cane:H S1002 EC', 'cane:AX S1084 EC', 'cane:AX S1084 EO', 'cane:AX S1023 EC', 'cane:AX S1023 EO', 'cane:AX S1009 EC', 'cane:AX S1009 EO', 'cane:H S1054 EC', 'cane:H S1054 EO', 'cane:H S1085 EO', 'cane:H S1085 EC', 'cane:H S1022 EC', 'cane:H S1022 EO', 'cane:AX S0041 EO', 'cane:AX S0041 EC', 'cane:AX S1050 EO', 'cane:AX S1050 EC', 'cane:AX S0057 EC', 'cane:AX S0057 EO', 'cane:H S0012 EO', 'cane:H S0012 EC', 'cane:H S0015 EC', 'cane:H S0015 EO', 'cane:H S0078 EO', 'cane:H S0078 EC', 'cane:AX S0072 EO', 'cane:AX S0072 EC', 'cane:AX S1006 EC', 'cane:AX S1006 EO', 'cane:AX S1087 EO', 'cane:AX S1087 EC', 'cane:H S1101 EO', 'cane:H S1101 EC', 'cane:H S0079 EC', 'cane:H S0079 EO', 'cane:H S1028 EC', 'cane:AX S1051 EC', 'cane:AX S1051 EO', 'cane:AX S0056 EO', 'cane:AX S0056 EC', 'cane:AX S1005 EO', 'cane:AX S1005 EC']...
[2025-11-30 18:46:46,062 INFO main.get_datasets_for_fold] Val subjects (12): ['cane:H S1095 EC', 'cane:H S1095 EO', 'cane:H S1010 EC', 'cane:H S1010 EO', 'cane:H S1091 EC', 'cane:H S1091 EO', 'cane:AX S1007 EO', 'cane:AX S1007 EC', 'cane:AX S0074 EC', 'cane:AX S0074 EO', 'cane:AX S1065 EC', 'cane:AX S1065 EO']
[2025-11-30 18:46:46,064 INFO main.get_datasets_for_fold] Training chunks: 1883
[2025-11-30 18:46:46,065 INFO main.get_datasets_for_fold] Validation chunks: 352
[2025-11-30 18:46:46,104 INFO model.__init__] Initialized LSTM with input_size=1728, hidden_size=100, batch_first=True
[2025-11-30 18:46:46,109 INFO main.train_one_fold] Starting training for fold 3
[2025-11-30 18:47:23,736 INFO main.train_one_fold] TRAIN CHUNK | Fold 3 | Epoch 001/100 | Loss: 0.6931 | Acc: 0.5056 | Prec: 0.5091 | Recall: 0.8438 | Spec: 0.1538
[2025-11-30 18:47:26,159 INFO main.train_one_fold] EVAL CHUNK | Fold 3 | Epoch 001/100 | Loss: 0.6933 | Acc: 0.5142 | Prec: 0.5142 | Recall: 1.0000 | Spec: 0.0000
[2025-11-30 18:47:26,159 INFO main.train_one_fold]   Confusion: TP=181, TN=0, FP=171, FN=0
[2025-11-30 18:47:26,159 INFO main.train_one_fold] EVAL SUBJECT | Fold 3 | Epoch 001/100 | Loss: 0.6933 | Acc: 0.5000 | Prec: 0.5000 | Recall: 1.0000 | Spec: 0.0000
[2025-11-30 18:47:26,159 INFO main.train_one_fold]   Confusion: TP=6, TN=0, FP=6, FN=0
[2025-11-30 18:47:26,159 INFO main.train_one_fold] EVAL EC vs EO | Fold 3 | Epoch 001/100 | EO chunk acc: 0.5000 | EC chunk acc: 0.5000
[2025-11-30 18:47:26,188 INFO main.train_one_fold] ✓ Saved best model: experiments/cane_t7_ec+eo_005/fold_3_best.pth (combined=0.2571, chunk=0.5142, subject=0.5000)
[2025-11-30 18:47:26,188 INFO early_stopping.__call__] Early stopping initialized: best score 0.5142 at epoch 1
[2025-11-30 18:48:17,956 INFO main.train_one_fold] TRAIN CHUNK | Fold 3 | Epoch 002/100 | Loss: 0.6933 | Acc: 0.5098 | Prec: 0.5099 | Recall: 0.9896 | Spec: 0.0108
[2025-11-30 18:48:20,789 INFO main.train_one_fold] EVAL CHUNK | Fold 3 | Epoch 002/100 | Loss: 0.6945 | Acc: 0.5142 | Prec: 0.5142 | Recall: 1.0000 | Spec: 0.0000
[2025-11-30 18:48:20,790 INFO main.train_one_fold]   Confusion: TP=181, TN=0, FP=171, FN=0
[2025-11-30 18:48:20,790 INFO main.train_one_fold] EVAL SUBJECT | Fold 3 | Epoch 002/100 | Loss: 0.6945 | Acc: 0.5000 | Prec: 0.5000 | Recall: 1.0000 | Spec: 0.0000
[2025-11-30 18:48:20,790 INFO main.train_one_fold]   Confusion: TP=6, TN=0, FP=6, FN=0
[2025-11-30 18:48:20,794 INFO main.train_one_fold] EVAL EC vs EO | Fold 3 | Epoch 002/100 | EO chunk acc: 0.5000 | EC chunk acc: 0.5000
[2025-11-30 18:49:11,029 INFO main.train_one_fold] TRAIN CHUNK | Fold 3 | Epoch 003/100 | Loss: 0.6930 | Acc: 0.5003 | Prec: 0.5058 | Recall: 0.8656 | Spec: 0.1203
[2025-11-30 18:49:14,830 INFO main.train_one_fold] EVAL CHUNK | Fold 3 | Epoch 003/100 | Loss: 0.6948 | Acc: 0.5142 | Prec: 0.5142 | Recall: 1.0000 | Spec: 0.0000
[2025-11-30 18:49:14,830 INFO main.train_one_fold]   Confusion: TP=181, TN=0, FP=171, FN=0
[2025-11-30 18:49:14,830 INFO main.train_one_fold] EVAL SUBJECT | Fold 3 | Epoch 003/100 | Loss: 0.6948 | Acc: 0.5000 | Prec: 0.5000 | Recall: 1.0000 | Spec: 0.0000
[2025-11-30 18:49:14,830 INFO main.train_one_fold]   Confusion: TP=6, TN=0, FP=6, FN=0
[2025-11-30 18:49:14,830 INFO main.train_one_fold] EVAL EC vs EO | Fold 3 | Epoch 003/100 | EO chunk acc: 0.5000 | EC chunk acc: 0.5000
[2025-11-30 18:50:07,009 INFO main.train_one_fold] TRAIN CHUNK | Fold 3 | Epoch 004/100 | Loss: 0.6933 | Acc: 0.5157 | Prec: 0.5132 | Recall: 0.9708 | Spec: 0.0423
[2025-11-30 18:50:08,212 INFO main.train_one_fold] EVAL CHUNK | Fold 3 | Epoch 004/100 | Loss: 0.6952 | Acc: 0.5142 | Prec: 0.5142 | Recall: 1.0000 | Spec: 0.0000
[2025-11-30 18:50:08,212 INFO main.train_one_fold]   Confusion: TP=181, TN=0, FP=171, FN=0
[2025-11-30 18:50:08,213 INFO main.train_one_fold] EVAL SUBJECT | Fold 3 | Epoch 004/100 | Loss: 0.6952 | Acc: 0.5000 | Prec: 0.5000 | Recall: 1.0000 | Spec: 0.0000
[2025-11-30 18:50:08,213 INFO main.train_one_fold]   Confusion: TP=6, TN=0, FP=6, FN=0
[2025-11-30 18:50:08,213 INFO main.train_one_fold] EVAL EC vs EO | Fold 3 | Epoch 004/100 | EO chunk acc: 0.5000 | EC chunk acc: 0.5000
[2025-11-30 18:50:45,908 INFO main.train_one_fold] TRAIN CHUNK | Fold 3 | Epoch 005/100 | Loss: 0.6933 | Acc: 0.5066 | Prec: 0.5092 | Recall: 0.8969 | Spec: 0.1008
[2025-11-30 18:50:49,898 INFO main.train_one_fold] EVAL CHUNK | Fold 3 | Epoch 005/100 | Loss: 0.6942 | Acc: 0.5142 | Prec: 0.5142 | Recall: 1.0000 | Spec: 0.0000
[2025-11-30 18:50:49,906 INFO main.train_one_fold]   Confusion: TP=181, TN=0, FP=171, FN=0
[2025-11-30 18:50:49,907 INFO main.train_one_fold] EVAL SUBJECT | Fold 3 | Epoch 005/100 | Loss: 0.6942 | Acc: 0.5000 | Prec: 0.5000 | Recall: 1.0000 | Spec: 0.0000
[2025-11-30 18:50:49,907 INFO main.train_one_fold]   Confusion: TP=6, TN=0, FP=6, FN=0
[2025-11-30 18:50:49,907 INFO main.train_one_fold] EVAL EC vs EO | Fold 3 | Epoch 005/100 | EO chunk acc: 0.5000 | EC chunk acc: 0.5000
[2025-11-30 18:51:35,403 INFO main.train_one_fold] TRAIN CHUNK | Fold 3 | Epoch 006/100 | Loss: 0.6926 | Acc: 0.5077 | Prec: 0.5091 | Recall: 0.9594 | Spec: 0.0379
[2025-11-30 18:51:39,291 INFO main.train_one_fold] EVAL CHUNK | Fold 3 | Epoch 006/100 | Loss: 0.6966 | Acc: 0.5142 | Prec: 0.5142 | Recall: 1.0000 | Spec: 0.0000
[2025-11-30 18:51:39,295 INFO main.train_one_fold]   Confusion: TP=181, TN=0, FP=171, FN=0
[2025-11-30 18:51:39,295 INFO main.train_one_fold] EVAL SUBJECT | Fold 3 | Epoch 006/100 | Loss: 0.6966 | Acc: 0.5000 | Prec: 0.5000 | Recall: 1.0000 | Spec: 0.0000
[2025-11-30 18:51:39,295 INFO main.train_one_fold]   Confusion: TP=6, TN=0, FP=6, FN=0
[2025-11-30 18:51:39,295 INFO main.train_one_fold] EVAL EC vs EO | Fold 3 | Epoch 006/100 | EO chunk acc: 0.5000 | EC chunk acc: 0.5000
[2025-11-30 18:52:32,224 INFO main.train_one_fold] TRAIN CHUNK | Fold 3 | Epoch 007/100 | Loss: 0.6925 | Acc: 0.5098 | Prec: 0.5100 | Recall: 0.9792 | Spec: 0.0217
[2025-11-30 18:52:33,247 INFO main.train_one_fold] EVAL CHUNK | Fold 3 | Epoch 007/100 | Loss: 0.6993 | Acc: 0.5142 | Prec: 0.5142 | Recall: 1.0000 | Spec: 0.0000
[2025-11-30 18:52:33,247 INFO main.train_one_fold]   Confusion: TP=181, TN=0, FP=171, FN=0
[2025-11-30 18:52:33,247 INFO main.train_one_fold] EVAL SUBJECT | Fold 3 | Epoch 007/100 | Loss: 0.6993 | Acc: 0.5000 | Prec: 0.5000 | Recall: 1.0000 | Spec: 0.0000
[2025-11-30 18:52:33,247 INFO main.train_one_fold]   Confusion: TP=6, TN=0, FP=6, FN=0
[2025-11-30 18:52:33,247 INFO main.train_one_fold] EVAL EC vs EO | Fold 3 | Epoch 007/100 | EO chunk acc: 0.5000 | EC chunk acc: 0.5000
[2025-11-30 18:53:20,336 INFO main.train_one_fold] TRAIN CHUNK | Fold 3 | Epoch 008/100 | Loss: 0.6919 | Acc: 0.5109 | Prec: 0.5114 | Recall: 0.9104 | Spec: 0.0953
[2025-11-30 18:53:24,443 INFO main.train_one_fold] EVAL CHUNK | Fold 3 | Epoch 008/100 | Loss: 0.6991 | Acc: 0.5142 | Prec: 0.5142 | Recall: 1.0000 | Spec: 0.0000
[2025-11-30 18:53:24,446 INFO main.train_one_fold]   Confusion: TP=181, TN=0, FP=171, FN=0
[2025-11-30 18:53:24,450 INFO main.train_one_fold] EVAL SUBJECT | Fold 3 | Epoch 008/100 | Loss: 0.6991 | Acc: 0.5000 | Prec: 0.5000 | Recall: 1.0000 | Spec: 0.0000
[2025-11-30 18:53:24,450 INFO main.train_one_fold]   Confusion: TP=6, TN=0, FP=6, FN=0
[2025-11-30 18:53:24,450 INFO main.train_one_fold] EVAL EC vs EO | Fold 3 | Epoch 008/100 | EO chunk acc: 0.5000 | EC chunk acc: 0.5000
[2025-11-30 18:54:09,136 INFO main.train_one_fold] TRAIN CHUNK | Fold 3 | Epoch 009/100 | Loss: 0.6912 | Acc: 0.5162 | Prec: 0.5146 | Recall: 0.8969 | Spec: 0.1203
[2025-11-30 18:54:11,408 INFO main.train_one_fold] EVAL CHUNK | Fold 3 | Epoch 009/100 | Loss: 0.7054 | Acc: 0.4432 | Prec: 0.4768 | Recall: 0.8508 | Spec: 0.0117
[2025-11-30 18:54:11,408 INFO main.train_one_fold]   Confusion: TP=154, TN=2, FP=169, FN=27
[2025-11-30 18:54:11,408 INFO main.train_one_fold] EVAL SUBJECT | Fold 3 | Epoch 009/100 | Loss: 0.7054 | Acc: 0.4167 | Prec: 0.4545 | Recall: 0.8333 | Spec: 0.0000
[2025-11-30 18:54:11,408 INFO main.train_one_fold]   Confusion: TP=5, TN=0, FP=6, FN=1
[2025-11-30 18:54:11,408 INFO main.train_one_fold] EVAL EC vs EO | Fold 3 | Epoch 009/100 | EO chunk acc: 0.5000 | EC chunk acc: 0.3333
[2025-11-30 18:54:45,393 INFO main.train_one_fold] TRAIN CHUNK | Fold 3 | Epoch 010/100 | Loss: 0.6917 | Acc: 0.5231 | Prec: 0.5193 | Recall: 0.8708 | Spec: 0.1614
[2025-11-30 18:54:46,598 INFO main.train_one_fold] EVAL CHUNK | Fold 3 | Epoch 010/100 | Loss: 0.7046 | Acc: 0.3778 | Prec: 0.4354 | Recall: 0.7072 | Spec: 0.0292
[2025-11-30 18:54:46,599 INFO main.train_one_fold]   Confusion: TP=128, TN=5, FP=166, FN=53
[2025-11-30 18:54:46,599 INFO main.train_one_fold] EVAL SUBJECT | Fold 3 | Epoch 010/100 | Loss: 0.7046 | Acc: 0.3333 | Prec: 0.4000 | Recall: 0.6667 | Spec: 0.0000
[2025-11-30 18:54:46,599 INFO main.train_one_fold]   Confusion: TP=4, TN=0, FP=6, FN=2
[2025-11-30 18:54:46,599 INFO main.train_one_fold] EVAL EC vs EO | Fold 3 | Epoch 010/100 | EO chunk acc: 0.3333 | EC chunk acc: 0.3333
[2025-11-30 18:54:46,617 INFO main.train_one_fold] Saved checkpoint: experiments/cane_t7_ec+eo_005/fold_3_epoch_010.pth
[2025-11-30 18:55:16,903 INFO main.train_one_fold] TRAIN CHUNK | Fold 3 | Epoch 011/100 | Loss: 0.6918 | Acc: 0.5204 | Prec: 0.5181 | Recall: 0.8510 | Spec: 0.1766
[2025-11-30 18:55:18,105 INFO main.train_one_fold] EVAL CHUNK | Fold 3 | Epoch 011/100 | Loss: 0.7062 | Acc: 0.3011 | Prec: 0.3783 | Recall: 0.5580 | Spec: 0.0292
[2025-11-30 18:55:18,105 INFO main.train_one_fold]   Confusion: TP=101, TN=5, FP=166, FN=80
[2025-11-30 18:55:18,105 INFO main.train_one_fold] EVAL SUBJECT | Fold 3 | Epoch 011/100 | Loss: 0.7062 | Acc: 0.2500 | Prec: 0.3333 | Recall: 0.5000 | Spec: 0.0000
[2025-11-30 18:55:18,105 INFO main.train_one_fold]   Confusion: TP=3, TN=0, FP=6, FN=3
[2025-11-30 18:55:18,105 INFO main.train_one_fold] EVAL EC vs EO | Fold 3 | Epoch 011/100 | EO chunk acc: 0.3333 | EC chunk acc: 0.1667
[2025-11-30 18:56:03,870 INFO main.train_one_fold] TRAIN CHUNK | Fold 3 | Epoch 012/100 | Loss: 0.6931 | Acc: 0.5098 | Prec: 0.5154 | Recall: 0.6438 | Spec: 0.3705
[2025-11-30 18:56:05,913 INFO main.train_one_fold] EVAL CHUNK | Fold 3 | Epoch 012/100 | Loss: 0.7004 | Acc: 0.2330 | Prec: 0.3004 | Recall: 0.3702 | Spec: 0.0877
[2025-11-30 18:56:05,913 INFO main.train_one_fold]   Confusion: TP=67, TN=15, FP=156, FN=114
[2025-11-30 18:56:05,913 INFO main.train_one_fold] EVAL SUBJECT | Fold 3 | Epoch 012/100 | Loss: 0.7004 | Acc: 0.1667 | Prec: 0.2500 | Recall: 0.3333 | Spec: 0.0000
[2025-11-30 18:56:05,914 INFO main.train_one_fold]   Confusion: TP=2, TN=0, FP=6, FN=4
[2025-11-30 18:56:05,914 INFO main.train_one_fold] EVAL EC vs EO | Fold 3 | Epoch 012/100 | EO chunk acc: 0.1667 | EC chunk acc: 0.1667
[2025-11-30 18:56:54,317 INFO main.train_one_fold] TRAIN CHUNK | Fold 3 | Epoch 013/100 | Loss: 0.6904 | Acc: 0.5417 | Prec: 0.5347 | Recall: 0.7792 | Spec: 0.2947
[2025-11-30 18:56:57,549 INFO main.train_one_fold] EVAL CHUNK | Fold 3 | Epoch 013/100 | Loss: 0.7124 | Acc: 0.2585 | Prec: 0.3387 | Recall: 0.4641 | Spec: 0.0409
[2025-11-30 18:56:57,552 INFO main.train_one_fold]   Confusion: TP=84, TN=7, FP=164, FN=97
[2025-11-30 18:56:57,552 INFO main.train_one_fold] EVAL SUBJECT | Fold 3 | Epoch 013/100 | Loss: 0.7124 | Acc: 0.2500 | Prec: 0.3333 | Recall: 0.5000 | Spec: 0.0000
[2025-11-30 18:56:57,553 INFO main.train_one_fold]   Confusion: TP=3, TN=0, FP=6, FN=3
[2025-11-30 18:56:57,553 INFO main.train_one_fold] EVAL EC vs EO | Fold 3 | Epoch 013/100 | EO chunk acc: 0.3333 | EC chunk acc: 0.1667
[2025-11-30 18:57:41,402 INFO main.train_one_fold] TRAIN CHUNK | Fold 3 | Epoch 014/100 | Loss: 0.6897 | Acc: 0.5173 | Prec: 0.5224 | Recall: 0.6198 | Spec: 0.4106
[2025-11-30 18:57:43,747 INFO main.train_one_fold] EVAL CHUNK | Fold 3 | Epoch 014/100 | Loss: 0.7196 | Acc: 0.2585 | Prec: 0.3387 | Recall: 0.4641 | Spec: 0.0409
[2025-11-30 18:57:43,750 INFO main.train_one_fold]   Confusion: TP=84, TN=7, FP=164, FN=97
[2025-11-30 18:57:43,750 INFO main.train_one_fold] EVAL SUBJECT | Fold 3 | Epoch 014/100 | Loss: 0.7196 | Acc: 0.2500 | Prec: 0.3333 | Recall: 0.5000 | Spec: 0.0000
[2025-11-30 18:57:43,754 INFO main.train_one_fold]   Confusion: TP=3, TN=0, FP=6, FN=3
[2025-11-30 18:57:43,754 INFO main.train_one_fold] EVAL EC vs EO | Fold 3 | Epoch 014/100 | EO chunk acc: 0.3333 | EC chunk acc: 0.1667
[2025-11-30 18:58:28,086 INFO main.train_one_fold] TRAIN CHUNK | Fold 3 | Epoch 015/100 | Loss: 0.6902 | Acc: 0.5406 | Prec: 0.5372 | Recall: 0.7146 | Spec: 0.3597
[2025-11-30 18:58:30,806 INFO main.train_one_fold] EVAL CHUNK | Fold 3 | Epoch 015/100 | Loss: 0.7073 | Acc: 0.3068 | Prec: 0.3297 | Recall: 0.3370 | Spec: 0.2749
[2025-11-30 18:58:30,806 INFO main.train_one_fold]   Confusion: TP=61, TN=47, FP=124, FN=120
[2025-11-30 18:58:30,806 INFO main.train_one_fold] EVAL SUBJECT | Fold 3 | Epoch 015/100 | Loss: 0.7073 | Acc: 0.2500 | Prec: 0.2857 | Recall: 0.3333 | Spec: 0.1667
[2025-11-30 18:58:30,806 INFO main.train_one_fold]   Confusion: TP=2, TN=1, FP=5, FN=4
[2025-11-30 18:58:30,806 INFO main.train_one_fold] EVAL EC vs EO | Fold 3 | Epoch 015/100 | EO chunk acc: 0.1667 | EC chunk acc: 0.3333
[2025-11-30 18:59:06,590 INFO main.train_one_fold] TRAIN CHUNK | Fold 3 | Epoch 016/100 | Loss: 0.6905 | Acc: 0.5337 | Prec: 0.5375 | Recall: 0.6115 | Spec: 0.4529
[2025-11-30 18:59:09,111 INFO main.train_one_fold] EVAL CHUNK | Fold 3 | Epoch 016/100 | Loss: 0.7136 | Acc: 0.2358 | Prec: 0.3136 | Recall: 0.4088 | Spec: 0.0526
[2025-11-30 18:59:09,113 INFO main.train_one_fold]   Confusion: TP=74, TN=9, FP=162, FN=107
[2025-11-30 18:59:09,117 INFO main.train_one_fold] EVAL SUBJECT | Fold 3 | Epoch 016/100 | Loss: 0.7136 | Acc: 0.1667 | Prec: 0.2500 | Recall: 0.3333 | Spec: 0.0000
[2025-11-30 18:59:09,117 INFO main.train_one_fold]   Confusion: TP=2, TN=0, FP=6, FN=4
[2025-11-30 18:59:09,117 INFO main.train_one_fold] EVAL EC vs EO | Fold 3 | Epoch 016/100 | EO chunk acc: 0.1667 | EC chunk acc: 0.1667
[2025-11-30 18:59:50,473 INFO main.train_one_fold] TRAIN CHUNK | Fold 3 | Epoch 017/100 | Loss: 0.6896 | Acc: 0.5443 | Prec: 0.5409 | Recall: 0.7031 | Spec: 0.3792
[2025-11-30 18:59:55,506 INFO main.train_one_fold] EVAL CHUNK | Fold 3 | Epoch 017/100 | Loss: 0.7188 | Acc: 0.2415 | Prec: 0.3193 | Recall: 0.4199 | Spec: 0.0526
[2025-11-30 18:59:55,509 INFO main.train_one_fold]   Confusion: TP=76, TN=9, FP=162, FN=105
[2025-11-30 18:59:55,509 INFO main.train_one_fold] EVAL SUBJECT | Fold 3 | Epoch 017/100 | Loss: 0.7188 | Acc: 0.1667 | Prec: 0.2500 | Recall: 0.3333 | Spec: 0.0000
[2025-11-30 18:59:55,509 INFO main.train_one_fold]   Confusion: TP=2, TN=0, FP=6, FN=4
[2025-11-30 18:59:55,509 INFO main.train_one_fold] EVAL EC vs EO | Fold 3 | Epoch 017/100 | EO chunk acc: 0.1667 | EC chunk acc: 0.1667
[2025-11-30 19:00:46,125 INFO main.train_one_fold] TRAIN CHUNK | Fold 3 | Epoch 018/100 | Loss: 0.6903 | Acc: 0.5348 | Prec: 0.5361 | Recall: 0.6500 | Spec: 0.4150
[2025-11-30 19:00:49,018 INFO main.train_one_fold] EVAL CHUNK | Fold 3 | Epoch 018/100 | Loss: 0.7186 | Acc: 0.2301 | Prec: 0.3060 | Recall: 0.3923 | Spec: 0.0585
[2025-11-30 19:00:49,023 INFO main.train_one_fold]   Confusion: TP=71, TN=10, FP=161, FN=110
[2025-11-30 19:00:49,026 INFO main.train_one_fold] EVAL SUBJECT | Fold 3 | Epoch 018/100 | Loss: 0.7186 | Acc: 0.1667 | Prec: 0.2500 | Recall: 0.3333 | Spec: 0.0000
[2025-11-30 19:00:49,026 INFO main.train_one_fold]   Confusion: TP=2, TN=0, FP=6, FN=4
[2025-11-30 19:00:49,026 INFO main.train_one_fold] EVAL EC vs EO | Fold 3 | Epoch 018/100 | EO chunk acc: 0.1667 | EC chunk acc: 0.1667
[2025-11-30 19:01:45,536 INFO main.train_one_fold] TRAIN CHUNK | Fold 3 | Epoch 019/100 | Loss: 0.6899 | Acc: 0.5380 | Prec: 0.5435 | Recall: 0.5854 | Spec: 0.4886
[2025-11-30 19:01:48,919 INFO main.train_one_fold] EVAL CHUNK | Fold 3 | Epoch 019/100 | Loss: 0.7167 | Acc: 0.2898 | Prec: 0.3194 | Recall: 0.3370 | Spec: 0.2398
[2025-11-30 19:01:48,919 INFO main.train_one_fold]   Confusion: TP=61, TN=41, FP=130, FN=120
[2025-11-30 19:01:48,919 INFO main.train_one_fold] EVAL SUBJECT | Fold 3 | Epoch 019/100 | Loss: 0.7167 | Acc: 0.2500 | Prec: 0.2857 | Recall: 0.3333 | Spec: 0.1667
[2025-11-30 19:01:48,919 INFO main.train_one_fold]   Confusion: TP=2, TN=1, FP=5, FN=4
[2025-11-30 19:01:48,919 INFO main.train_one_fold] EVAL EC vs EO | Fold 3 | Epoch 019/100 | EO chunk acc: 0.1667 | EC chunk acc: 0.3333
[2025-11-30 19:02:46,602 INFO main.train_one_fold] TRAIN CHUNK | Fold 3 | Epoch 020/100 | Loss: 0.6898 | Acc: 0.5412 | Prec: 0.5469 | Recall: 0.5833 | Spec: 0.4973
[2025-11-30 19:02:49,514 INFO main.train_one_fold] EVAL CHUNK | Fold 3 | Epoch 020/100 | Loss: 0.7228 | Acc: 0.2898 | Prec: 0.3194 | Recall: 0.3370 | Spec: 0.2398
[2025-11-30 19:02:49,514 INFO main.train_one_fold]   Confusion: TP=61, TN=41, FP=130, FN=120
[2025-11-30 19:02:49,515 INFO main.train_one_fold] EVAL SUBJECT | Fold 3 | Epoch 020/100 | Loss: 0.7228 | Acc: 0.2500 | Prec: 0.2857 | Recall: 0.3333 | Spec: 0.1667
[2025-11-30 19:02:49,515 INFO main.train_one_fold]   Confusion: TP=2, TN=1, FP=5, FN=4
[2025-11-30 19:02:49,515 INFO main.train_one_fold] EVAL EC vs EO | Fold 3 | Epoch 020/100 | EO chunk acc: 0.1667 | EC chunk acc: 0.3333
[2025-11-30 19:02:49,535 INFO main.train_one_fold] Saved checkpoint: experiments/cane_t7_ec+eo_005/fold_3_epoch_020.pth
[2025-11-30 19:04:23,352 INFO main.train_one_fold] TRAIN CHUNK | Fold 3 | Epoch 021/100 | Loss: 0.6899 | Acc: 0.5465 | Prec: 0.5511 | Recall: 0.5958 | Spec: 0.4951
[2025-11-30 19:04:26,701 INFO main.train_one_fold] EVAL CHUNK | Fold 3 | Epoch 021/100 | Loss: 0.7322 | Acc: 0.2443 | Prec: 0.3160 | Recall: 0.4033 | Spec: 0.0760
[2025-11-30 19:04:26,701 INFO main.train_one_fold]   Confusion: TP=73, TN=13, FP=158, FN=108
[2025-11-30 19:04:26,702 INFO main.train_one_fold] EVAL SUBJECT | Fold 3 | Epoch 021/100 | Loss: 0.7322 | Acc: 0.1667 | Prec: 0.2500 | Recall: 0.3333 | Spec: 0.0000
[2025-11-30 19:04:26,702 INFO main.train_one_fold]   Confusion: TP=2, TN=0, FP=6, FN=4
[2025-11-30 19:04:26,702 INFO main.train_one_fold] EVAL EC vs EO | Fold 3 | Epoch 021/100 | EO chunk acc: 0.1667 | EC chunk acc: 0.1667
[2025-11-30 19:04:26,702 INFO early_stopping.__call__] Early stopping triggered after 20 epochs without improvement. Best score: 0.5142 at epoch 1
[2025-11-30 19:04:26,702 INFO main.train_one_fold] Early stopping triggered at epoch 21
[2025-11-30 19:04:26,702 INFO main.train_one_fold] 
Fold 3 training completed. Best Combined Val Acc: 0.2571 at epoch 1
[2025-11-30 19:04:26,703 INFO main.train_cross_validation] ================================================================================
[2025-11-30 19:04:26,703 INFO main.train_cross_validation] FOLD 4/6
[2025-11-30 19:04:26,703 INFO main.train_cross_validation] ================================================================================
[2025-11-30 19:04:26,703 INFO main.get_datasets_for_fold] Train subjects (61): ['cane:H S1096 EC', 'cane:H S1096 EO', 'cane:H S1060 EC', 'cane:H S1060 EO', 'cane:H S1001 EC', 'cane:H S1001 EO', 'cane:H S1033 EO', 'cane:H S1033 EC', 'cane:AX S1024 EO', 'cane:AX S1024 EC', 'cane:AX S0073 EO', 'cane:AX S0073 EC', 'cane:AX S1027 EO', 'cane:AX S1027 EC', 'cane:H S1003 EO', 'cane:H S1003 EC', 'cane:H S1008 EO', 'cane:H S1008 EC', 'cane:H S1002 EO', 'cane:H S1002 EC', 'cane:AX S1084 EC', 'cane:AX S1084 EO', 'cane:AX S1023 EC', 'cane:AX S1023 EO', 'cane:AX S1009 EC', 'cane:AX S1009 EO', 'cane:H S1095 EC', 'cane:H S1095 EO', 'cane:H S1010 EC', 'cane:H S1010 EO', 'cane:H S1091 EC', 'cane:H S1091 EO', 'cane:AX S1007 EO', 'cane:AX S1007 EC', 'cane:AX S0074 EC', 'cane:AX S0074 EO', 'cane:AX S1065 EC', 'cane:AX S1065 EO', 'cane:H S0012 EO', 'cane:H S0012 EC', 'cane:H S0015 EC', 'cane:H S0015 EO', 'cane:H S0078 EO', 'cane:H S0078 EC', 'cane:AX S0072 EO', 'cane:AX S0072 EC', 'cane:AX S1006 EC', 'cane:AX S1006 EO', 'cane:AX S1087 EO', 'cane:AX S1087 EC', 'cane:H S1101 EO', 'cane:H S1101 EC', 'cane:H S0079 EC', 'cane:H S0079 EO', 'cane:H S1028 EC', 'cane:AX S1051 EC', 'cane:AX S1051 EO', 'cane:AX S0056 EO', 'cane:AX S0056 EC', 'cane:AX S1005 EO', 'cane:AX S1005 EC']...
[2025-11-30 19:04:26,703 INFO main.get_datasets_for_fold] Val subjects (12): ['cane:H S1054 EC', 'cane:H S1054 EO', 'cane:H S1085 EO', 'cane:H S1085 EC', 'cane:H S1022 EC', 'cane:H S1022 EO', 'cane:AX S0041 EO', 'cane:AX S0041 EC', 'cane:AX S1050 EO', 'cane:AX S1050 EC', 'cane:AX S0057 EC', 'cane:AX S0057 EO']
[2025-11-30 19:04:26,705 INFO main.get_datasets_for_fold] Training chunks: 1866
[2025-11-30 19:04:26,706 INFO main.get_datasets_for_fold] Validation chunks: 369
[2025-11-30 19:04:26,734 INFO model.__init__] Initialized LSTM with input_size=1728, hidden_size=100, batch_first=True
[2025-11-30 19:04:26,736 INFO main.train_one_fold] Starting training for fold 4
[2025-11-30 19:05:07,322 INFO main.train_one_fold] TRAIN CHUNK | Fold 4 | Epoch 001/100 | Loss: 0.6971 | Acc: 0.4877 | Prec: 0.5294 | Recall: 0.0094 | Spec: 0.9912
[2025-11-30 19:05:08,934 INFO main.train_one_fold] EVAL CHUNK | Fold 4 | Epoch 001/100 | Loss: 0.6949 | Acc: 0.5014 | Prec: 0.0000 | Recall: 0.0000 | Spec: 1.0000
[2025-11-30 19:05:08,935 INFO main.train_one_fold]   Confusion: TP=0, TN=185, FP=0, FN=184
[2025-11-30 19:05:08,935 INFO main.train_one_fold] EVAL SUBJECT | Fold 4 | Epoch 001/100 | Loss: 0.6949 | Acc: 0.5000 | Prec: 0.0000 | Recall: 0.0000 | Spec: 1.0000
[2025-11-30 19:05:08,935 INFO main.train_one_fold]   Confusion: TP=0, TN=6, FP=0, FN=6
[2025-11-30 19:05:08,935 INFO main.train_one_fold] EVAL EC vs EO | Fold 4 | Epoch 001/100 | EO chunk acc: 0.5000 | EC chunk acc: 0.5000
[2025-11-30 19:05:08,959 INFO main.train_one_fold] ✓ Saved best model: experiments/cane_t7_ec+eo_005/fold_4_best.pth (combined=0.2507, chunk=0.5014, subject=0.5000)
[2025-11-30 19:05:08,959 INFO early_stopping.__call__] Early stopping initialized: best score 0.5014 at epoch 1
[2025-11-30 19:05:44,970 INFO main.train_one_fold] TRAIN CHUNK | Fold 4 | Epoch 002/100 | Loss: 0.6942 | Acc: 0.4861 | Prec: 0.4991 | Recall: 0.5705 | Spec: 0.3971
[2025-11-30 19:05:46,234 INFO main.train_one_fold] EVAL CHUNK | Fold 4 | Epoch 002/100 | Loss: 0.6962 | Acc: 0.2575 | Prec: 0.1642 | Recall: 0.1196 | Spec: 0.3946
[2025-11-30 19:05:46,234 INFO main.train_one_fold]   Confusion: TP=22, TN=73, FP=112, FN=162
[2025-11-30 19:05:46,235 INFO main.train_one_fold] EVAL SUBJECT | Fold 4 | Epoch 002/100 | Loss: 0.6962 | Acc: 0.1667 | Prec: 0.0000 | Recall: 0.0000 | Spec: 0.3333
[2025-11-30 19:05:46,235 INFO main.train_one_fold]   Confusion: TP=0, TN=2, FP=4, FN=6
[2025-11-30 19:05:46,235 INFO main.train_one_fold] EVAL EC vs EO | Fold 4 | Epoch 002/100 | EO chunk acc: 0.1667 | EC chunk acc: 0.1667
[2025-11-30 19:06:10,844 INFO main.train_one_fold] TRAIN CHUNK | Fold 4 | Epoch 003/100 | Loss: 0.6936 | Acc: 0.5021 | Prec: 0.5175 | Recall: 0.4326 | Spec: 0.5754
[2025-11-30 19:06:12,453 INFO main.train_one_fold] EVAL CHUNK | Fold 4 | Epoch 003/100 | Loss: 0.6987 | Acc: 0.4986 | Prec: 0.4986 | Recall: 1.0000 | Spec: 0.0000
[2025-11-30 19:06:12,453 INFO main.train_one_fold]   Confusion: TP=184, TN=0, FP=185, FN=0
[2025-11-30 19:06:12,453 INFO main.train_one_fold] EVAL SUBJECT | Fold 4 | Epoch 003/100 | Loss: 0.6987 | Acc: 0.5000 | Prec: 0.5000 | Recall: 1.0000 | Spec: 0.0000
[2025-11-30 19:06:12,453 INFO main.train_one_fold]   Confusion: TP=6, TN=0, FP=6, FN=0
[2025-11-30 19:06:12,453 INFO main.train_one_fold] EVAL EC vs EO | Fold 4 | Epoch 003/100 | EO chunk acc: 0.5000 | EC chunk acc: 0.5000
[2025-11-30 19:06:44,446 INFO main.train_one_fold] TRAIN CHUNK | Fold 4 | Epoch 004/100 | Loss: 0.6929 | Acc: 0.5220 | Prec: 0.5279 | Recall: 0.6426 | Spec: 0.3949
[2025-11-30 19:06:46,165 INFO main.train_one_fold] EVAL CHUNK | Fold 4 | Epoch 004/100 | Loss: 0.7036 | Acc: 0.4986 | Prec: 0.4986 | Recall: 1.0000 | Spec: 0.0000
[2025-11-30 19:06:46,166 INFO main.train_one_fold]   Confusion: TP=184, TN=0, FP=185, FN=0
[2025-11-30 19:06:46,166 INFO main.train_one_fold] EVAL SUBJECT | Fold 4 | Epoch 004/100 | Loss: 0.7036 | Acc: 0.5000 | Prec: 0.5000 | Recall: 1.0000 | Spec: 0.0000
[2025-11-30 19:06:46,166 INFO main.train_one_fold]   Confusion: TP=6, TN=0, FP=6, FN=0
[2025-11-30 19:06:46,166 INFO main.train_one_fold] EVAL EC vs EO | Fold 4 | Epoch 004/100 | EO chunk acc: 0.5000 | EC chunk acc: 0.5000
[2025-11-30 19:07:17,726 INFO main.train_one_fold] TRAIN CHUNK | Fold 4 | Epoch 005/100 | Loss: 0.6924 | Acc: 0.5225 | Prec: 0.5246 | Recall: 0.7346 | Spec: 0.2992
[2025-11-30 19:07:19,708 INFO main.train_one_fold] EVAL CHUNK | Fold 4 | Epoch 005/100 | Loss: 0.7073 | Acc: 0.4986 | Prec: 0.4986 | Recall: 1.0000 | Spec: 0.0000
[2025-11-30 19:07:19,719 INFO main.train_one_fold]   Confusion: TP=184, TN=0, FP=185, FN=0
[2025-11-30 19:07:19,719 INFO main.train_one_fold] EVAL SUBJECT | Fold 4 | Epoch 005/100 | Loss: 0.7073 | Acc: 0.5000 | Prec: 0.5000 | Recall: 1.0000 | Spec: 0.0000
[2025-11-30 19:07:19,721 INFO main.train_one_fold]   Confusion: TP=6, TN=0, FP=6, FN=0
[2025-11-30 19:07:19,723 INFO main.train_one_fold] EVAL EC vs EO | Fold 4 | Epoch 005/100 | EO chunk acc: 0.5000 | EC chunk acc: 0.5000
[2025-11-30 19:07:49,823 INFO main.train_one_fold] TRAIN CHUNK | Fold 4 | Epoch 006/100 | Loss: 0.6908 | Acc: 0.5311 | Prec: 0.5270 | Recall: 0.8349 | Spec: 0.2112
[2025-11-30 19:07:52,012 INFO main.train_one_fold] EVAL CHUNK | Fold 4 | Epoch 006/100 | Loss: 0.7141 | Acc: 0.4959 | Prec: 0.4973 | Recall: 0.9946 | Spec: 0.0000
[2025-11-30 19:07:52,013 INFO main.train_one_fold]   Confusion: TP=183, TN=0, FP=185, FN=1
[2025-11-30 19:07:52,013 INFO main.train_one_fold] EVAL SUBJECT | Fold 4 | Epoch 006/100 | Loss: 0.7141 | Acc: 0.5000 | Prec: 0.5000 | Recall: 1.0000 | Spec: 0.0000
[2025-11-30 19:07:52,014 INFO main.train_one_fold]   Confusion: TP=6, TN=0, FP=6, FN=0
[2025-11-30 19:07:52,014 INFO main.train_one_fold] EVAL EC vs EO | Fold 4 | Epoch 006/100 | EO chunk acc: 0.5000 | EC chunk acc: 0.5000
[2025-11-30 19:08:19,033 INFO main.train_one_fold] TRAIN CHUNK | Fold 4 | Epoch 007/100 | Loss: 0.6902 | Acc: 0.5316 | Prec: 0.5323 | Recall: 0.7147 | Spec: 0.3388
[2025-11-30 19:08:20,532 INFO main.train_one_fold] EVAL CHUNK | Fold 4 | Epoch 007/100 | Loss: 0.7259 | Acc: 0.4580 | Prec: 0.4763 | Recall: 0.8750 | Spec: 0.0432
[2025-11-30 19:08:20,533 INFO main.train_one_fold]   Confusion: TP=161, TN=8, FP=177, FN=23
[2025-11-30 19:08:20,533 INFO main.train_one_fold] EVAL SUBJECT | Fold 4 | Epoch 007/100 | Loss: 0.7259 | Acc: 0.4167 | Prec: 0.4545 | Recall: 0.8333 | Spec: 0.0000
[2025-11-30 19:08:20,533 INFO main.train_one_fold]   Confusion: TP=5, TN=0, FP=6, FN=1
[2025-11-30 19:08:20,533 INFO main.train_one_fold] EVAL EC vs EO | Fold 4 | Epoch 007/100 | EO chunk acc: 0.5000 | EC chunk acc: 0.3333
[2025-11-30 19:08:45,480 INFO main.train_one_fold] TRAIN CHUNK | Fold 4 | Epoch 008/100 | Loss: 0.6860 | Acc: 0.5386 | Prec: 0.5376 | Recall: 0.7168 | Spec: 0.3509
[2025-11-30 19:08:48,048 INFO main.train_one_fold] EVAL CHUNK | Fold 4 | Epoch 008/100 | Loss: 0.7428 | Acc: 0.3604 | Prec: 0.4051 | Recall: 0.6033 | Spec: 0.1189
[2025-11-30 19:08:48,054 INFO main.train_one_fold]   Confusion: TP=111, TN=22, FP=163, FN=73
[2025-11-30 19:08:48,058 INFO main.train_one_fold] EVAL SUBJECT | Fold 4 | Epoch 008/100 | Loss: 0.7428 | Acc: 0.4167 | Prec: 0.4444 | Recall: 0.6667 | Spec: 0.1667
[2025-11-30 19:08:48,058 INFO main.train_one_fold]   Confusion: TP=4, TN=1, FP=5, FN=2
[2025-11-30 19:08:48,059 INFO main.train_one_fold] EVAL EC vs EO | Fold 4 | Epoch 008/100 | EO chunk acc: 0.6667 | EC chunk acc: 0.1667
[2025-11-30 19:09:22,500 INFO main.train_one_fold] TRAIN CHUNK | Fold 4 | Epoch 009/100 | Loss: 0.6866 | Acc: 0.5514 | Prec: 0.5591 | Recall: 0.5935 | Spec: 0.5072
[2025-11-30 19:09:24,016 INFO main.train_one_fold] EVAL CHUNK | Fold 4 | Epoch 009/100 | Loss: 0.7628 | Acc: 0.2493 | Prec: 0.0734 | Recall: 0.0435 | Spec: 0.4541
[2025-11-30 19:09:24,016 INFO main.train_one_fold]   Confusion: TP=8, TN=84, FP=101, FN=176
[2025-11-30 19:09:24,016 INFO main.train_one_fold] EVAL SUBJECT | Fold 4 | Epoch 009/100 | Loss: 0.7628 | Acc: 0.2500 | Prec: 0.0000 | Recall: 0.0000 | Spec: 0.5000
[2025-11-30 19:09:24,016 INFO main.train_one_fold]   Confusion: TP=0, TN=3, FP=3, FN=6
[2025-11-30 19:09:24,017 INFO main.train_one_fold] EVAL EC vs EO | Fold 4 | Epoch 009/100 | EO chunk acc: 0.1667 | EC chunk acc: 0.3333
[2025-11-30 19:09:48,221 INFO main.train_one_fold] TRAIN CHUNK | Fold 4 | Epoch 010/100 | Loss: 0.6833 | Acc: 0.5514 | Prec: 0.5632 | Recall: 0.5590 | Spec: 0.5435
[2025-11-30 19:09:49,481 INFO main.train_one_fold] EVAL CHUNK | Fold 4 | Epoch 010/100 | Loss: 0.7768 | Acc: 0.3117 | Prec: 0.3438 | Recall: 0.4185 | Spec: 0.2054
[2025-11-30 19:09:49,481 INFO main.train_one_fold]   Confusion: TP=77, TN=38, FP=147, FN=107
[2025-11-30 19:09:49,481 INFO main.train_one_fold] EVAL SUBJECT | Fold 4 | Epoch 010/100 | Loss: 0.7768 | Acc: 0.2500 | Prec: 0.2857 | Recall: 0.3333 | Spec: 0.1667
[2025-11-30 19:09:49,481 INFO main.train_one_fold]   Confusion: TP=2, TN=1, FP=5, FN=4
[2025-11-30 19:09:49,481 INFO main.train_one_fold] EVAL EC vs EO | Fold 4 | Epoch 010/100 | EO chunk acc: 0.3333 | EC chunk acc: 0.1667
[2025-11-30 19:09:49,517 INFO main.train_one_fold] Saved checkpoint: experiments/cane_t7_ec+eo_005/fold_4_epoch_010.pth
[2025-11-30 19:10:18,942 INFO main.train_one_fold] TRAIN CHUNK | Fold 4 | Epoch 011/100 | Loss: 0.6758 | Acc: 0.5729 | Prec: 0.5864 | Recall: 0.5674 | Spec: 0.5787
[2025-11-30 19:10:20,166 INFO main.train_one_fold] EVAL CHUNK | Fold 4 | Epoch 011/100 | Loss: 0.8138 | Acc: 0.3198 | Prec: 0.3442 | Recall: 0.4022 | Spec: 0.2378
[2025-11-30 19:10:20,166 INFO main.train_one_fold]   Confusion: TP=74, TN=44, FP=141, FN=110
[2025-11-30 19:10:20,166 INFO main.train_one_fold] EVAL SUBJECT | Fold 4 | Epoch 011/100 | Loss: 0.8138 | Acc: 0.2500 | Prec: 0.2857 | Recall: 0.3333 | Spec: 0.1667
[2025-11-30 19:10:20,166 INFO main.train_one_fold]   Confusion: TP=2, TN=1, FP=5, FN=4
[2025-11-30 19:10:20,167 INFO main.train_one_fold] EVAL EC vs EO | Fold 4 | Epoch 011/100 | EO chunk acc: 0.3333 | EC chunk acc: 0.1667
[2025-11-30 19:10:46,172 INFO main.train_one_fold] TRAIN CHUNK | Fold 4 | Epoch 012/100 | Loss: 0.6761 | Acc: 0.5643 | Prec: 0.5736 | Recall: 0.5862 | Spec: 0.5413
[2025-11-30 19:10:48,210 INFO main.train_one_fold] EVAL CHUNK | Fold 4 | Epoch 012/100 | Loss: 0.8058 | Acc: 0.3089 | Prec: 0.3489 | Recall: 0.4457 | Spec: 0.1730
[2025-11-30 19:10:48,220 INFO main.train_one_fold]   Confusion: TP=82, TN=32, FP=153, FN=102
[2025-11-30 19:10:48,220 INFO main.train_one_fold] EVAL SUBJECT | Fold 4 | Epoch 012/100 | Loss: 0.8058 | Acc: 0.2500 | Prec: 0.2857 | Recall: 0.3333 | Spec: 0.1667
[2025-11-30 19:10:48,220 INFO main.train_one_fold]   Confusion: TP=2, TN=1, FP=5, FN=4
[2025-11-30 19:10:48,221 INFO main.train_one_fold] EVAL EC vs EO | Fold 4 | Epoch 012/100 | EO chunk acc: 0.3333 | EC chunk acc: 0.1667
[2025-11-30 19:11:07,697 INFO main.train_one_fold] TRAIN CHUNK | Fold 4 | Epoch 013/100 | Loss: 0.6713 | Acc: 0.5723 | Prec: 0.5814 | Recall: 0.5935 | Spec: 0.5501
[2025-11-30 19:11:09,336 INFO main.train_one_fold] EVAL CHUNK | Fold 4 | Epoch 013/100 | Loss: 0.8210 | Acc: 0.3117 | Prec: 0.3394 | Recall: 0.4022 | Spec: 0.2216
[2025-11-30 19:11:09,336 INFO main.train_one_fold]   Confusion: TP=74, TN=41, FP=144, FN=110
[2025-11-30 19:11:09,336 INFO main.train_one_fold] EVAL SUBJECT | Fold 4 | Epoch 013/100 | Loss: 0.8210 | Acc: 0.2500 | Prec: 0.2857 | Recall: 0.3333 | Spec: 0.1667
[2025-11-30 19:11:09,336 INFO main.train_one_fold]   Confusion: TP=2, TN=1, FP=5, FN=4
[2025-11-30 19:11:09,336 INFO main.train_one_fold] EVAL EC vs EO | Fold 4 | Epoch 013/100 | EO chunk acc: 0.3333 | EC chunk acc: 0.1667
[2025-11-30 19:11:24,584 INFO main.train_one_fold] TRAIN CHUNK | Fold 4 | Epoch 014/100 | Loss: 0.6707 | Acc: 0.5868 | Prec: 0.6081 | Recall: 0.5465 | Spec: 0.6293
[2025-11-30 19:11:25,501 INFO main.train_one_fold] EVAL CHUNK | Fold 4 | Epoch 014/100 | Loss: 0.8396 | Acc: 0.3117 | Prec: 0.3409 | Recall: 0.4076 | Spec: 0.2162
[2025-11-30 19:11:25,501 INFO main.train_one_fold]   Confusion: TP=75, TN=40, FP=145, FN=109
[2025-11-30 19:11:25,501 INFO main.train_one_fold] EVAL SUBJECT | Fold 4 | Epoch 014/100 | Loss: 0.8396 | Acc: 0.2500 | Prec: 0.2857 | Recall: 0.3333 | Spec: 0.1667
[2025-11-30 19:11:25,501 INFO main.train_one_fold]   Confusion: TP=2, TN=1, FP=5, FN=4
[2025-11-30 19:11:25,501 INFO main.train_one_fold] EVAL EC vs EO | Fold 4 | Epoch 014/100 | EO chunk acc: 0.3333 | EC chunk acc: 0.1667
[2025-11-30 19:11:43,865 INFO main.train_one_fold] TRAIN CHUNK | Fold 4 | Epoch 015/100 | Loss: 0.6703 | Acc: 0.5729 | Prec: 0.5920 | Recall: 0.5381 | Spec: 0.6095
[2025-11-30 19:11:45,165 INFO main.train_one_fold] EVAL CHUNK | Fold 4 | Epoch 015/100 | Loss: 0.8431 | Acc: 0.2954 | Prec: 0.3041 | Recall: 0.3207 | Spec: 0.2703
[2025-11-30 19:11:45,165 INFO main.train_one_fold]   Confusion: TP=59, TN=50, FP=135, FN=125
[2025-11-30 19:11:45,165 INFO main.train_one_fold] EVAL SUBJECT | Fold 4 | Epoch 015/100 | Loss: 0.8431 | Acc: 0.2500 | Prec: 0.2857 | Recall: 0.3333 | Spec: 0.1667
[2025-11-30 19:11:45,165 INFO main.train_one_fold]   Confusion: TP=2, TN=1, FP=5, FN=4
[2025-11-30 19:11:45,166 INFO main.train_one_fold] EVAL EC vs EO | Fold 4 | Epoch 015/100 | EO chunk acc: 0.3333 | EC chunk acc: 0.1667
[2025-11-30 19:12:21,286 INFO main.train_one_fold] TRAIN CHUNK | Fold 4 | Epoch 016/100 | Loss: 0.6673 | Acc: 0.5879 | Prec: 0.6035 | Recall: 0.5726 | Spec: 0.6040
[2025-11-30 19:12:22,978 INFO main.train_one_fold] EVAL CHUNK | Fold 4 | Epoch 016/100 | Loss: 0.8291 | Acc: 0.3496 | Prec: 0.3955 | Recall: 0.5761 | Spec: 0.1243
[2025-11-30 19:12:22,978 INFO main.train_one_fold]   Confusion: TP=106, TN=23, FP=162, FN=78
[2025-11-30 19:12:22,978 INFO main.train_one_fold] EVAL SUBJECT | Fold 4 | Epoch 016/100 | Loss: 0.8291 | Acc: 0.3333 | Prec: 0.3750 | Recall: 0.5000 | Spec: 0.1667
[2025-11-30 19:12:22,978 INFO main.train_one_fold]   Confusion: TP=3, TN=1, FP=5, FN=3
[2025-11-30 19:12:22,978 INFO main.train_one_fold] EVAL EC vs EO | Fold 4 | Epoch 016/100 | EO chunk acc: 0.5000 | EC chunk acc: 0.1667
[2025-11-30 19:12:52,609 INFO main.train_one_fold] TRAIN CHUNK | Fold 4 | Epoch 017/100 | Loss: 0.6630 | Acc: 0.5970 | Prec: 0.6108 | Recall: 0.5904 | Spec: 0.6040
[2025-11-30 19:12:54,495 INFO main.train_one_fold] EVAL CHUNK | Fold 4 | Epoch 017/100 | Loss: 0.8389 | Acc: 0.3062 | Prec: 0.3378 | Recall: 0.4076 | Spec: 0.2054
[2025-11-30 19:12:54,495 INFO main.train_one_fold]   Confusion: TP=75, TN=38, FP=147, FN=109
[2025-11-30 19:12:54,495 INFO main.train_one_fold] EVAL SUBJECT | Fold 4 | Epoch 017/100 | Loss: 0.8389 | Acc: 0.2500 | Prec: 0.2857 | Recall: 0.3333 | Spec: 0.1667
[2025-11-30 19:12:54,495 INFO main.train_one_fold]   Confusion: TP=2, TN=1, FP=5, FN=4
[2025-11-30 19:12:54,496 INFO main.train_one_fold] EVAL EC vs EO | Fold 4 | Epoch 017/100 | EO chunk acc: 0.3333 | EC chunk acc: 0.1667
[2025-11-30 19:13:16,655 INFO main.train_one_fold] TRAIN CHUNK | Fold 4 | Epoch 018/100 | Loss: 0.6636 | Acc: 0.5911 | Prec: 0.6059 | Recall: 0.5799 | Spec: 0.6029
[2025-11-30 19:13:18,144 INFO main.train_one_fold] EVAL CHUNK | Fold 4 | Epoch 018/100 | Loss: 0.8431 | Acc: 0.3089 | Prec: 0.3364 | Recall: 0.3967 | Spec: 0.2216
[2025-11-30 19:13:18,144 INFO main.train_one_fold]   Confusion: TP=73, TN=41, FP=144, FN=111
[2025-11-30 19:13:18,144 INFO main.train_one_fold] EVAL SUBJECT | Fold 4 | Epoch 018/100 | Loss: 0.8431 | Acc: 0.2500 | Prec: 0.2857 | Recall: 0.3333 | Spec: 0.1667
[2025-11-30 19:13:18,144 INFO main.train_one_fold]   Confusion: TP=2, TN=1, FP=5, FN=4
[2025-11-30 19:13:18,144 INFO main.train_one_fold] EVAL EC vs EO | Fold 4 | Epoch 018/100 | EO chunk acc: 0.3333 | EC chunk acc: 0.1667
[2025-11-30 19:13:45,621 INFO main.train_one_fold] TRAIN CHUNK | Fold 4 | Epoch 019/100 | Loss: 0.6551 | Acc: 0.6109 | Prec: 0.6233 | Recall: 0.6102 | Spec: 0.6117
[2025-11-30 19:13:46,998 INFO main.train_one_fold] EVAL CHUNK | Fold 4 | Epoch 019/100 | Loss: 0.8711 | Acc: 0.3388 | Prec: 0.3864 | Recall: 0.5543 | Spec: 0.1243
[2025-11-30 19:13:47,002 INFO main.train_one_fold]   Confusion: TP=102, TN=23, FP=162, FN=82
[2025-11-30 19:13:47,003 INFO main.train_one_fold] EVAL SUBJECT | Fold 4 | Epoch 019/100 | Loss: 0.8711 | Acc: 0.3333 | Prec: 0.3750 | Recall: 0.5000 | Spec: 0.1667
[2025-11-30 19:13:47,003 INFO main.train_one_fold]   Confusion: TP=3, TN=1, FP=5, FN=3
[2025-11-30 19:13:47,003 INFO main.train_one_fold] EVAL EC vs EO | Fold 4 | Epoch 019/100 | EO chunk acc: 0.5000 | EC chunk acc: 0.1667
[2025-11-30 19:14:15,186 INFO main.train_one_fold] TRAIN CHUNK | Fold 4 | Epoch 020/100 | Loss: 0.6470 | Acc: 0.6393 | Prec: 0.6423 | Recall: 0.6698 | Spec: 0.6073
[2025-11-30 19:14:17,324 INFO main.train_one_fold] EVAL CHUNK | Fold 4 | Epoch 020/100 | Loss: 0.8544 | Acc: 0.2900 | Prec: 0.3178 | Recall: 0.3696 | Spec: 0.2108
[2025-11-30 19:14:17,325 INFO main.train_one_fold]   Confusion: TP=68, TN=39, FP=146, FN=116
[2025-11-30 19:14:17,325 INFO main.train_one_fold] EVAL SUBJECT | Fold 4 | Epoch 020/100 | Loss: 0.8544 | Acc: 0.2500 | Prec: 0.2857 | Recall: 0.3333 | Spec: 0.1667
[2025-11-30 19:14:17,325 INFO main.train_one_fold]   Confusion: TP=2, TN=1, FP=5, FN=4
[2025-11-30 19:14:17,325 INFO main.train_one_fold] EVAL EC vs EO | Fold 4 | Epoch 020/100 | EO chunk acc: 0.3333 | EC chunk acc: 0.1667
[2025-11-30 19:14:17,357 INFO main.train_one_fold] Saved checkpoint: experiments/cane_t7_ec+eo_005/fold_4_epoch_020.pth
[2025-11-30 19:14:44,815 INFO main.train_one_fold] TRAIN CHUNK | Fold 4 | Epoch 021/100 | Loss: 0.6429 | Acc: 0.6442 | Prec: 0.6426 | Recall: 0.6897 | Spec: 0.5963
[2025-11-30 19:14:46,122 INFO main.train_one_fold] EVAL CHUNK | Fold 4 | Epoch 021/100 | Loss: 0.8453 | Acc: 0.4905 | Prec: 0.4940 | Recall: 0.8967 | Spec: 0.0865
[2025-11-30 19:14:46,123 INFO main.train_one_fold]   Confusion: TP=165, TN=16, FP=169, FN=19
[2025-11-30 19:14:46,123 INFO main.train_one_fold] EVAL SUBJECT | Fold 4 | Epoch 021/100 | Loss: 0.8453 | Acc: 0.5000 | Prec: 0.5000 | Recall: 1.0000 | Spec: 0.0000
[2025-11-30 19:14:46,123 INFO main.train_one_fold]   Confusion: TP=6, TN=0, FP=6, FN=0
[2025-11-30 19:14:46,123 INFO main.train_one_fold] EVAL EC vs EO | Fold 4 | Epoch 021/100 | EO chunk acc: 0.5000 | EC chunk acc: 0.5000
[2025-11-30 19:14:46,123 INFO early_stopping.__call__] Early stopping triggered after 20 epochs without improvement. Best score: 0.5014 at epoch 1
[2025-11-30 19:14:46,124 INFO main.train_one_fold] Early stopping triggered at epoch 21
[2025-11-30 19:14:46,124 INFO main.train_one_fold] 
Fold 4 training completed. Best Combined Val Acc: 0.2507 at epoch 1
[2025-11-30 19:14:46,124 INFO main.train_cross_validation] ================================================================================
[2025-11-30 19:14:46,124 INFO main.train_cross_validation] FOLD 5/6
[2025-11-30 19:14:46,124 INFO main.train_cross_validation] ================================================================================
[2025-11-30 19:14:46,124 INFO main.get_datasets_for_fold] Train subjects (61): ['cane:H S1096 EC', 'cane:H S1096 EO', 'cane:H S1060 EC', 'cane:H S1060 EO', 'cane:H S1001 EC', 'cane:H S1001 EO', 'cane:H S1033 EO', 'cane:H S1033 EC', 'cane:AX S1024 EO', 'cane:AX S1024 EC', 'cane:AX S0073 EO', 'cane:AX S0073 EC', 'cane:AX S1027 EO', 'cane:AX S1027 EC', 'cane:H S1003 EO', 'cane:H S1003 EC', 'cane:H S1008 EO', 'cane:H S1008 EC', 'cane:H S1002 EO', 'cane:H S1002 EC', 'cane:AX S1084 EC', 'cane:AX S1084 EO', 'cane:AX S1023 EC', 'cane:AX S1023 EO', 'cane:AX S1009 EC', 'cane:AX S1009 EO', 'cane:H S1095 EC', 'cane:H S1095 EO', 'cane:H S1010 EC', 'cane:H S1010 EO', 'cane:H S1091 EC', 'cane:H S1091 EO', 'cane:AX S1007 EO', 'cane:AX S1007 EC', 'cane:AX S0074 EC', 'cane:AX S0074 EO', 'cane:AX S1065 EC', 'cane:AX S1065 EO', 'cane:H S1054 EC', 'cane:H S1054 EO', 'cane:H S1085 EO', 'cane:H S1085 EC', 'cane:H S1022 EC', 'cane:H S1022 EO', 'cane:AX S0041 EO', 'cane:AX S0041 EC', 'cane:AX S1050 EO', 'cane:AX S1050 EC', 'cane:AX S0057 EC', 'cane:AX S0057 EO', 'cane:H S1101 EO', 'cane:H S1101 EC', 'cane:H S0079 EC', 'cane:H S0079 EO', 'cane:H S1028 EC', 'cane:AX S1051 EC', 'cane:AX S1051 EO', 'cane:AX S0056 EO', 'cane:AX S0056 EC', 'cane:AX S1005 EO', 'cane:AX S1005 EC']...
[2025-11-30 19:14:46,125 INFO main.get_datasets_for_fold] Val subjects (12): ['cane:H S0012 EO', 'cane:H S0012 EC', 'cane:H S0015 EC', 'cane:H S0015 EO', 'cane:H S0078 EO', 'cane:H S0078 EC', 'cane:AX S0072 EO', 'cane:AX S0072 EC', 'cane:AX S1006 EC', 'cane:AX S1006 EO', 'cane:AX S1087 EO', 'cane:AX S1087 EC']
[2025-11-30 19:14:46,127 INFO main.get_datasets_for_fold] Training chunks: 1870
[2025-11-30 19:14:46,127 INFO main.get_datasets_for_fold] Validation chunks: 365
[2025-11-30 19:14:46,147 INFO model.__init__] Initialized LSTM with input_size=1728, hidden_size=100, batch_first=True
[2025-11-30 19:14:46,150 INFO main.train_one_fold] Starting training for fold 5
[2025-11-30 19:15:04,781 INFO main.train_one_fold] TRAIN CHUNK | Fold 5 | Epoch 001/100 | Loss: 0.6926 | Acc: 0.5139 | Prec: 0.5142 | Recall: 0.9990 | Spec: 0.0000
[2025-11-30 19:15:06,422 INFO main.train_one_fold] EVAL CHUNK | Fold 5 | Epoch 001/100 | Loss: 0.6954 | Acc: 0.4904 | Prec: 0.4904 | Recall: 1.0000 | Spec: 0.0000
[2025-11-30 19:15:06,423 INFO main.train_one_fold]   Confusion: TP=179, TN=0, FP=186, FN=0
[2025-11-30 19:15:06,423 INFO main.train_one_fold] EVAL SUBJECT | Fold 5 | Epoch 001/100 | Loss: 0.6954 | Acc: 0.5000 | Prec: 0.5000 | Recall: 1.0000 | Spec: 0.0000
[2025-11-30 19:15:06,423 INFO main.train_one_fold]   Confusion: TP=6, TN=0, FP=6, FN=0
[2025-11-30 19:15:06,423 INFO main.train_one_fold] EVAL EC vs EO | Fold 5 | Epoch 001/100 | EO chunk acc: 0.5000 | EC chunk acc: 0.5000
[2025-11-30 19:15:06,471 INFO main.train_one_fold] ✓ Saved best model: experiments/cane_t7_ec+eo_005/fold_5_best.pth (combined=0.2452, chunk=0.4904, subject=0.5000)
[2025-11-30 19:15:06,471 INFO early_stopping.__call__] Early stopping initialized: best score 0.4904 at epoch 1
[2025-11-30 19:15:27,765 INFO main.train_one_fold] TRAIN CHUNK | Fold 5 | Epoch 002/100 | Loss: 0.6933 | Acc: 0.5134 | Prec: 0.5140 | Recall: 0.9948 | Spec: 0.0033
[2025-11-30 19:15:29,114 INFO main.train_one_fold] EVAL CHUNK | Fold 5 | Epoch 002/100 | Loss: 0.6948 | Acc: 0.4904 | Prec: 0.4904 | Recall: 1.0000 | Spec: 0.0000
[2025-11-30 19:15:29,115 INFO main.train_one_fold]   Confusion: TP=179, TN=0, FP=186, FN=0
[2025-11-30 19:15:29,115 INFO main.train_one_fold] EVAL SUBJECT | Fold 5 | Epoch 002/100 | Loss: 0.6948 | Acc: 0.5000 | Prec: 0.5000 | Recall: 1.0000 | Spec: 0.0000
[2025-11-30 19:15:29,115 INFO main.train_one_fold]   Confusion: TP=6, TN=0, FP=6, FN=0
[2025-11-30 19:15:29,115 INFO main.train_one_fold] EVAL EC vs EO | Fold 5 | Epoch 002/100 | EO chunk acc: 0.5000 | EC chunk acc: 0.5000
[2025-11-30 19:15:54,974 INFO main.train_one_fold] TRAIN CHUNK | Fold 5 | Epoch 003/100 | Loss: 0.6921 | Acc: 0.5182 | Prec: 0.5175 | Recall: 0.9387 | Spec: 0.0727
[2025-11-30 19:15:56,317 INFO main.train_one_fold] EVAL CHUNK | Fold 5 | Epoch 003/100 | Loss: 0.6965 | Acc: 0.4904 | Prec: 0.4904 | Recall: 1.0000 | Spec: 0.0000
[2025-11-30 19:15:56,317 INFO main.train_one_fold]   Confusion: TP=179, TN=0, FP=186, FN=0
[2025-11-30 19:15:56,317 INFO main.train_one_fold] EVAL SUBJECT | Fold 5 | Epoch 003/100 | Loss: 0.6965 | Acc: 0.5000 | Prec: 0.5000 | Recall: 1.0000 | Spec: 0.0000
[2025-11-30 19:15:56,318 INFO main.train_one_fold]   Confusion: TP=6, TN=0, FP=6, FN=0
[2025-11-30 19:15:56,318 INFO main.train_one_fold] EVAL EC vs EO | Fold 5 | Epoch 003/100 | EO chunk acc: 0.5000 | EC chunk acc: 0.5000
[2025-11-30 19:16:15,941 INFO main.train_one_fold] TRAIN CHUNK | Fold 5 | Epoch 004/100 | Loss: 0.6927 | Acc: 0.5144 | Prec: 0.5151 | Recall: 0.9563 | Spec: 0.0463
[2025-11-30 19:16:17,264 INFO main.train_one_fold] EVAL CHUNK | Fold 5 | Epoch 004/100 | Loss: 0.6961 | Acc: 0.4247 | Prec: 0.4545 | Recall: 0.8659 | Spec: 0.0000
[2025-11-30 19:16:17,267 INFO main.train_one_fold]   Confusion: TP=155, TN=0, FP=186, FN=24
[2025-11-30 19:16:17,267 INFO main.train_one_fold] EVAL SUBJECT | Fold 5 | Epoch 004/100 | Loss: 0.6961 | Acc: 0.4167 | Prec: 0.4545 | Recall: 0.8333 | Spec: 0.0000
[2025-11-30 19:16:17,267 INFO main.train_one_fold]   Confusion: TP=5, TN=0, FP=6, FN=1
[2025-11-30 19:16:17,268 INFO main.train_one_fold] EVAL EC vs EO | Fold 5 | Epoch 004/100 | EO chunk acc: 0.5000 | EC chunk acc: 0.3333
[2025-11-30 19:16:38,959 INFO main.train_one_fold] TRAIN CHUNK | Fold 5 | Epoch 005/100 | Loss: 0.6925 | Acc: 0.5193 | Prec: 0.5184 | Recall: 0.9241 | Spec: 0.0903
[2025-11-30 19:16:39,840 INFO main.train_one_fold] EVAL CHUNK | Fold 5 | Epoch 005/100 | Loss: 0.6991 | Acc: 0.4822 | Prec: 0.4862 | Recall: 0.9832 | Spec: 0.0000
[2025-11-30 19:16:39,840 INFO main.train_one_fold]   Confusion: TP=176, TN=0, FP=186, FN=3
[2025-11-30 19:16:39,841 INFO main.train_one_fold] EVAL SUBJECT | Fold 5 | Epoch 005/100 | Loss: 0.6991 | Acc: 0.5000 | Prec: 0.5000 | Recall: 1.0000 | Spec: 0.0000
[2025-11-30 19:16:39,841 INFO main.train_one_fold]   Confusion: TP=6, TN=0, FP=6, FN=0
[2025-11-30 19:16:39,841 INFO main.train_one_fold] EVAL EC vs EO | Fold 5 | Epoch 005/100 | EO chunk acc: 0.5000 | EC chunk acc: 0.5000
[2025-11-30 19:16:54,899 INFO main.train_one_fold] TRAIN CHUNK | Fold 5 | Epoch 006/100 | Loss: 0.6915 | Acc: 0.5348 | Prec: 0.5298 | Recall: 0.8493 | Spec: 0.2015
[2025-11-30 19:16:55,784 INFO main.train_one_fold] EVAL CHUNK | Fold 5 | Epoch 006/100 | Loss: 0.7018 | Acc: 0.4164 | Prec: 0.4497 | Recall: 0.8492 | Spec: 0.0000
[2025-11-30 19:16:55,792 INFO main.train_one_fold]   Confusion: TP=152, TN=0, FP=186, FN=27
[2025-11-30 19:16:55,792 INFO main.train_one_fold] EVAL SUBJECT | Fold 5 | Epoch 006/100 | Loss: 0.7018 | Acc: 0.4167 | Prec: 0.4545 | Recall: 0.8333 | Spec: 0.0000
[2025-11-30 19:16:55,792 INFO main.train_one_fold]   Confusion: TP=5, TN=0, FP=6, FN=1
[2025-11-30 19:16:55,792 INFO main.train_one_fold] EVAL EC vs EO | Fold 5 | Epoch 006/100 | EO chunk acc: 0.5000 | EC chunk acc: 0.3333
[2025-11-30 19:17:12,381 INFO main.train_one_fold] TRAIN CHUNK | Fold 5 | Epoch 007/100 | Loss: 0.6917 | Acc: 0.5225 | Prec: 0.5225 | Recall: 0.8337 | Spec: 0.1927
[2025-11-30 19:17:14,111 INFO main.train_one_fold] EVAL CHUNK | Fold 5 | Epoch 007/100 | Loss: 0.7035 | Acc: 0.4219 | Prec: 0.4424 | Recall: 0.6872 | Spec: 0.1667
[2025-11-30 19:17:14,111 INFO main.train_one_fold]   Confusion: TP=123, TN=31, FP=155, FN=56
[2025-11-30 19:17:14,111 INFO main.train_one_fold] EVAL SUBJECT | Fold 5 | Epoch 007/100 | Loss: 0.7035 | Acc: 0.4167 | Prec: 0.4444 | Recall: 0.6667 | Spec: 0.1667
[2025-11-30 19:17:14,111 INFO main.train_one_fold]   Confusion: TP=4, TN=1, FP=5, FN=2
[2025-11-30 19:17:14,111 INFO main.train_one_fold] EVAL EC vs EO | Fold 5 | Epoch 007/100 | EO chunk acc: 0.6667 | EC chunk acc: 0.1667
[2025-11-30 19:17:38,460 INFO main.train_one_fold] TRAIN CHUNK | Fold 5 | Epoch 008/100 | Loss: 0.6883 | Acc: 0.5422 | Prec: 0.5370 | Recall: 0.8004 | Spec: 0.2687
[2025-11-30 19:17:40,057 INFO main.train_one_fold] EVAL CHUNK | Fold 5 | Epoch 008/100 | Loss: 0.7158 | Acc: 0.4137 | Prec: 0.4481 | Recall: 0.8436 | Spec: 0.0000
[2025-11-30 19:17:40,058 INFO main.train_one_fold]   Confusion: TP=151, TN=0, FP=186, FN=28
[2025-11-30 19:17:40,059 INFO main.train_one_fold] EVAL SUBJECT | Fold 5 | Epoch 008/100 | Loss: 0.7158 | Acc: 0.4167 | Prec: 0.4545 | Recall: 0.8333 | Spec: 0.0000
[2025-11-30 19:17:40,061 INFO main.train_one_fold]   Confusion: TP=5, TN=0, FP=6, FN=1
[2025-11-30 19:17:40,061 INFO main.train_one_fold] EVAL EC vs EO | Fold 5 | Epoch 008/100 | EO chunk acc: 0.5000 | EC chunk acc: 0.3333
[2025-11-30 19:18:01,337 INFO main.train_one_fold] TRAIN CHUNK | Fold 5 | Epoch 009/100 | Loss: 0.6886 | Acc: 0.5428 | Prec: 0.5382 | Recall: 0.7838 | Spec: 0.2874
[2025-11-30 19:18:03,402 INFO main.train_one_fold] EVAL CHUNK | Fold 5 | Epoch 009/100 | Loss: 0.7186 | Acc: 0.4055 | Prec: 0.4431 | Recall: 0.8268 | Spec: 0.0000
[2025-11-30 19:18:03,403 INFO main.train_one_fold]   Confusion: TP=148, TN=0, FP=186, FN=31
[2025-11-30 19:18:03,403 INFO main.train_one_fold] EVAL SUBJECT | Fold 5 | Epoch 009/100 | Loss: 0.7186 | Acc: 0.4167 | Prec: 0.4545 | Recall: 0.8333 | Spec: 0.0000
[2025-11-30 19:18:03,403 INFO main.train_one_fold]   Confusion: TP=5, TN=0, FP=6, FN=1
[2025-11-30 19:18:03,403 INFO main.train_one_fold] EVAL EC vs EO | Fold 5 | Epoch 009/100 | EO chunk acc: 0.5000 | EC chunk acc: 0.3333
[2025-11-30 19:18:26,749 INFO main.train_one_fold] TRAIN CHUNK | Fold 5 | Epoch 010/100 | Loss: 0.6850 | Acc: 0.5556 | Prec: 0.5510 | Recall: 0.7360 | Spec: 0.3645
[2025-11-30 19:18:29,034 INFO main.train_one_fold] EVAL CHUNK | Fold 5 | Epoch 010/100 | Loss: 0.7300 | Acc: 0.4055 | Prec: 0.4336 | Recall: 0.6927 | Spec: 0.1290
[2025-11-30 19:18:29,036 INFO main.train_one_fold]   Confusion: TP=124, TN=24, FP=162, FN=55
[2025-11-30 19:18:29,036 INFO main.train_one_fold] EVAL SUBJECT | Fold 5 | Epoch 010/100 | Loss: 0.7300 | Acc: 0.3333 | Prec: 0.4000 | Recall: 0.6667 | Spec: 0.0000
[2025-11-30 19:18:29,036 INFO main.train_one_fold]   Confusion: TP=4, TN=0, FP=6, FN=2
[2025-11-30 19:18:29,036 INFO main.train_one_fold] EVAL EC vs EO | Fold 5 | Epoch 010/100 | EO chunk acc: 0.5000 | EC chunk acc: 0.1667
[2025-11-30 19:18:29,070 INFO main.train_one_fold] Saved checkpoint: experiments/cane_t7_ec+eo_005/fold_5_epoch_010.pth
[2025-11-30 19:18:55,429 INFO main.train_one_fold] TRAIN CHUNK | Fold 5 | Epoch 011/100 | Loss: 0.6825 | Acc: 0.5578 | Prec: 0.5557 | Recall: 0.6996 | Spec: 0.4075
[2025-11-30 19:18:58,030 INFO main.train_one_fold] EVAL CHUNK | Fold 5 | Epoch 011/100 | Loss: 0.7388 | Acc: 0.4164 | Prec: 0.4485 | Recall: 0.8268 | Spec: 0.0215
[2025-11-30 19:18:58,030 INFO main.train_one_fold]   Confusion: TP=148, TN=4, FP=182, FN=31
[2025-11-30 19:18:58,031 INFO main.train_one_fold] EVAL SUBJECT | Fold 5 | Epoch 011/100 | Loss: 0.7388 | Acc: 0.4167 | Prec: 0.4545 | Recall: 0.8333 | Spec: 0.0000
[2025-11-30 19:18:58,031 INFO main.train_one_fold]   Confusion: TP=5, TN=0, FP=6, FN=1
[2025-11-30 19:18:58,031 INFO main.train_one_fold] EVAL EC vs EO | Fold 5 | Epoch 011/100 | EO chunk acc: 0.5000 | EC chunk acc: 0.3333
[2025-11-30 19:19:27,919 INFO main.train_one_fold] TRAIN CHUNK | Fold 5 | Epoch 012/100 | Loss: 0.6783 | Acc: 0.5615 | Prec: 0.5579 | Recall: 0.7110 | Spec: 0.4031
[2025-11-30 19:19:29,374 INFO main.train_one_fold] EVAL CHUNK | Fold 5 | Epoch 012/100 | Loss: 0.7488 | Acc: 0.4082 | Prec: 0.4444 | Recall: 0.8268 | Spec: 0.0054
[2025-11-30 19:19:29,375 INFO main.train_one_fold]   Confusion: TP=148, TN=1, FP=185, FN=31
[2025-11-30 19:19:29,375 INFO main.train_one_fold] EVAL SUBJECT | Fold 5 | Epoch 012/100 | Loss: 0.7488 | Acc: 0.4167 | Prec: 0.4545 | Recall: 0.8333 | Spec: 0.0000
[2025-11-30 19:19:29,375 INFO main.train_one_fold]   Confusion: TP=5, TN=0, FP=6, FN=1
[2025-11-30 19:19:29,375 INFO main.train_one_fold] EVAL EC vs EO | Fold 5 | Epoch 012/100 | EO chunk acc: 0.5000 | EC chunk acc: 0.3333
[2025-11-30 19:19:51,424 INFO main.train_one_fold] TRAIN CHUNK | Fold 5 | Epoch 013/100 | Loss: 0.6772 | Acc: 0.5620 | Prec: 0.5607 | Recall: 0.6861 | Spec: 0.4306
[2025-11-30 19:19:52,939 INFO main.train_one_fold] EVAL CHUNK | Fold 5 | Epoch 013/100 | Loss: 0.7612 | Acc: 0.4082 | Prec: 0.4444 | Recall: 0.8268 | Spec: 0.0054
[2025-11-30 19:19:52,939 INFO main.train_one_fold]   Confusion: TP=148, TN=1, FP=185, FN=31
[2025-11-30 19:19:52,939 INFO main.train_one_fold] EVAL SUBJECT | Fold 5 | Epoch 013/100 | Loss: 0.7612 | Acc: 0.4167 | Prec: 0.4545 | Recall: 0.8333 | Spec: 0.0000
[2025-11-30 19:19:52,939 INFO main.train_one_fold]   Confusion: TP=5, TN=0, FP=6, FN=1
[2025-11-30 19:19:52,940 INFO main.train_one_fold] EVAL EC vs EO | Fold 5 | Epoch 013/100 | EO chunk acc: 0.5000 | EC chunk acc: 0.3333
[2025-11-30 19:20:15,633 INFO main.train_one_fold] TRAIN CHUNK | Fold 5 | Epoch 014/100 | Loss: 0.6745 | Acc: 0.5802 | Prec: 0.5715 | Recall: 0.7349 | Spec: 0.4163
[2025-11-30 19:20:17,259 INFO main.train_one_fold] EVAL CHUNK | Fold 5 | Epoch 014/100 | Loss: 0.7675 | Acc: 0.4110 | Prec: 0.4458 | Recall: 0.8268 | Spec: 0.0108
[2025-11-30 19:20:17,259 INFO main.train_one_fold]   Confusion: TP=148, TN=2, FP=184, FN=31
[2025-11-30 19:20:17,259 INFO main.train_one_fold] EVAL SUBJECT | Fold 5 | Epoch 014/100 | Loss: 0.7675 | Acc: 0.4167 | Prec: 0.4545 | Recall: 0.8333 | Spec: 0.0000
[2025-11-30 19:20:17,259 INFO main.train_one_fold]   Confusion: TP=5, TN=0, FP=6, FN=1
[2025-11-30 19:20:17,259 INFO main.train_one_fold] EVAL EC vs EO | Fold 5 | Epoch 014/100 | EO chunk acc: 0.5000 | EC chunk acc: 0.3333
[2025-11-30 19:20:44,783 INFO main.train_one_fold] TRAIN CHUNK | Fold 5 | Epoch 015/100 | Loss: 0.6680 | Acc: 0.5861 | Prec: 0.5791 | Recall: 0.7152 | Spec: 0.4493
[2025-11-30 19:20:47,070 INFO main.train_one_fold] EVAL CHUNK | Fold 5 | Epoch 015/100 | Loss: 0.7722 | Acc: 0.4110 | Prec: 0.4458 | Recall: 0.8268 | Spec: 0.0108
[2025-11-30 19:20:47,070 INFO main.train_one_fold]   Confusion: TP=148, TN=2, FP=184, FN=31
[2025-11-30 19:20:47,070 INFO main.train_one_fold] EVAL SUBJECT | Fold 5 | Epoch 015/100 | Loss: 0.7722 | Acc: 0.4167 | Prec: 0.4545 | Recall: 0.8333 | Spec: 0.0000
[2025-11-30 19:20:47,070 INFO main.train_one_fold]   Confusion: TP=5, TN=0, FP=6, FN=1
[2025-11-30 19:20:47,071 INFO main.train_one_fold] EVAL EC vs EO | Fold 5 | Epoch 015/100 | EO chunk acc: 0.5000 | EC chunk acc: 0.3333
[2025-11-30 19:21:08,652 INFO main.train_one_fold] TRAIN CHUNK | Fold 5 | Epoch 016/100 | Loss: 0.6623 | Acc: 0.5989 | Prec: 0.5941 | Recall: 0.6954 | Spec: 0.4967
[2025-11-30 19:21:09,965 INFO main.train_one_fold] EVAL CHUNK | Fold 5 | Epoch 016/100 | Loss: 0.8195 | Acc: 0.4137 | Prec: 0.4478 | Recall: 0.8380 | Spec: 0.0054
[2025-11-30 19:21:09,969 INFO main.train_one_fold]   Confusion: TP=150, TN=1, FP=185, FN=29
[2025-11-30 19:21:09,973 INFO main.train_one_fold] EVAL SUBJECT | Fold 5 | Epoch 016/100 | Loss: 0.8195 | Acc: 0.4167 | Prec: 0.4545 | Recall: 0.8333 | Spec: 0.0000
[2025-11-30 19:21:09,977 INFO main.train_one_fold]   Confusion: TP=5, TN=0, FP=6, FN=1
[2025-11-30 19:21:09,980 INFO main.train_one_fold] EVAL EC vs EO | Fold 5 | Epoch 016/100 | EO chunk acc: 0.5000 | EC chunk acc: 0.3333
[2025-11-30 19:21:30,873 INFO main.train_one_fold] TRAIN CHUNK | Fold 5 | Epoch 017/100 | Loss: 0.6585 | Acc: 0.6230 | Prec: 0.6150 | Recall: 0.7141 | Spec: 0.5264
[2025-11-30 19:21:32,170 INFO main.train_one_fold] EVAL CHUNK | Fold 5 | Epoch 017/100 | Loss: 0.8227 | Acc: 0.4110 | Prec: 0.4458 | Recall: 0.8268 | Spec: 0.0108
[2025-11-30 19:21:32,183 INFO main.train_one_fold]   Confusion: TP=148, TN=2, FP=184, FN=31
[2025-11-30 19:21:32,184 INFO main.train_one_fold] EVAL SUBJECT | Fold 5 | Epoch 017/100 | Loss: 0.8227 | Acc: 0.4167 | Prec: 0.4545 | Recall: 0.8333 | Spec: 0.0000
[2025-11-30 19:21:32,184 INFO main.train_one_fold]   Confusion: TP=5, TN=0, FP=6, FN=1
[2025-11-30 19:21:32,184 INFO main.train_one_fold] EVAL EC vs EO | Fold 5 | Epoch 017/100 | EO chunk acc: 0.5000 | EC chunk acc: 0.3333
[2025-11-30 19:21:52,661 INFO main.train_one_fold] TRAIN CHUNK | Fold 5 | Epoch 018/100 | Loss: 0.6429 | Acc: 0.6487 | Prec: 0.6435 | Recall: 0.7110 | Spec: 0.5826
[2025-11-30 19:21:54,049 INFO main.train_one_fold] EVAL CHUNK | Fold 5 | Epoch 018/100 | Loss: 0.8353 | Acc: 0.4110 | Prec: 0.4458 | Recall: 0.8268 | Spec: 0.0108
[2025-11-30 19:21:54,050 INFO main.train_one_fold]   Confusion: TP=148, TN=2, FP=184, FN=31
[2025-11-30 19:21:54,050 INFO main.train_one_fold] EVAL SUBJECT | Fold 5 | Epoch 018/100 | Loss: 0.8353 | Acc: 0.4167 | Prec: 0.4545 | Recall: 0.8333 | Spec: 0.0000
[2025-11-30 19:21:54,050 INFO main.train_one_fold]   Confusion: TP=5, TN=0, FP=6, FN=1
[2025-11-30 19:21:54,050 INFO main.train_one_fold] EVAL EC vs EO | Fold 5 | Epoch 018/100 | EO chunk acc: 0.5000 | EC chunk acc: 0.3333
[2025-11-30 19:22:16,133 INFO main.train_one_fold] TRAIN CHUNK | Fold 5 | Epoch 019/100 | Loss: 0.6333 | Acc: 0.6610 | Prec: 0.6614 | Recall: 0.6985 | Spec: 0.6211
[2025-11-30 19:22:17,519 INFO main.train_one_fold] EVAL CHUNK | Fold 5 | Epoch 019/100 | Loss: 0.9341 | Acc: 0.4164 | Prec: 0.4485 | Recall: 0.8268 | Spec: 0.0215
[2025-11-30 19:22:17,519 INFO main.train_one_fold]   Confusion: TP=148, TN=4, FP=182, FN=31
[2025-11-30 19:22:17,519 INFO main.train_one_fold] EVAL SUBJECT | Fold 5 | Epoch 019/100 | Loss: 0.9341 | Acc: 0.4167 | Prec: 0.4545 | Recall: 0.8333 | Spec: 0.0000
[2025-11-30 19:22:17,519 INFO main.train_one_fold]   Confusion: TP=5, TN=0, FP=6, FN=1
[2025-11-30 19:22:17,519 INFO main.train_one_fold] EVAL EC vs EO | Fold 5 | Epoch 019/100 | EO chunk acc: 0.5000 | EC chunk acc: 0.3333
[2025-11-30 19:22:41,638 INFO main.train_one_fold] TRAIN CHUNK | Fold 5 | Epoch 020/100 | Loss: 0.6204 | Acc: 0.6717 | Prec: 0.6776 | Recall: 0.6902 | Spec: 0.6520
[2025-11-30 19:22:43,154 INFO main.train_one_fold] EVAL CHUNK | Fold 5 | Epoch 020/100 | Loss: 0.8267 | Acc: 0.4219 | Prec: 0.4509 | Recall: 0.8212 | Spec: 0.0376
[2025-11-30 19:22:43,168 INFO main.train_one_fold]   Confusion: TP=147, TN=7, FP=179, FN=32
[2025-11-30 19:22:43,168 INFO main.train_one_fold] EVAL SUBJECT | Fold 5 | Epoch 020/100 | Loss: 0.8267 | Acc: 0.4167 | Prec: 0.4545 | Recall: 0.8333 | Spec: 0.0000
[2025-11-30 19:22:43,169 INFO main.train_one_fold]   Confusion: TP=5, TN=0, FP=6, FN=1
[2025-11-30 19:22:43,169 INFO main.train_one_fold] EVAL EC vs EO | Fold 5 | Epoch 020/100 | EO chunk acc: 0.5000 | EC chunk acc: 0.3333
[2025-11-30 19:22:43,202 INFO main.train_one_fold] Saved checkpoint: experiments/cane_t7_ec+eo_005/fold_5_epoch_020.pth
[2025-11-30 19:23:09,770 INFO main.train_one_fold] TRAIN CHUNK | Fold 5 | Epoch 021/100 | Loss: 0.6084 | Acc: 0.6893 | Prec: 0.7042 | Recall: 0.6830 | Spec: 0.6960
[2025-11-30 19:23:11,135 INFO main.train_one_fold] EVAL CHUNK | Fold 5 | Epoch 021/100 | Loss: 0.9083 | Acc: 0.4247 | Prec: 0.4523 | Recall: 0.8212 | Spec: 0.0430
[2025-11-30 19:23:11,141 INFO main.train_one_fold]   Confusion: TP=147, TN=8, FP=178, FN=32
[2025-11-30 19:23:11,141 INFO main.train_one_fold] EVAL SUBJECT | Fold 5 | Epoch 021/100 | Loss: 0.9083 | Acc: 0.4167 | Prec: 0.4545 | Recall: 0.8333 | Spec: 0.0000
[2025-11-30 19:23:11,141 INFO main.train_one_fold]   Confusion: TP=5, TN=0, FP=6, FN=1
[2025-11-30 19:23:11,142 INFO main.train_one_fold] EVAL EC vs EO | Fold 5 | Epoch 021/100 | EO chunk acc: 0.5000 | EC chunk acc: 0.3333
[2025-11-30 19:23:11,142 INFO early_stopping.__call__] Early stopping triggered after 20 epochs without improvement. Best score: 0.4904 at epoch 1
[2025-11-30 19:23:11,142 INFO main.train_one_fold] Early stopping triggered at epoch 21
[2025-11-30 19:23:11,142 INFO main.train_one_fold] 
Fold 5 training completed. Best Combined Val Acc: 0.2452 at epoch 1
[2025-11-30 19:23:11,142 INFO main.train_cross_validation] ================================================================================
[2025-11-30 19:23:11,142 INFO main.train_cross_validation] FOLD 6/6
[2025-11-30 19:23:11,142 INFO main.train_cross_validation] ================================================================================
[2025-11-30 19:23:11,143 INFO main.get_datasets_for_fold] Train subjects (62): ['cane:H S1096 EC', 'cane:H S1096 EO', 'cane:H S1060 EC', 'cane:H S1060 EO', 'cane:H S1001 EC', 'cane:H S1001 EO', 'cane:H S1033 EO', 'cane:H S1033 EC', 'cane:AX S1024 EO', 'cane:AX S1024 EC', 'cane:AX S0073 EO', 'cane:AX S0073 EC', 'cane:AX S1027 EO', 'cane:AX S1027 EC', 'cane:H S1003 EO', 'cane:H S1003 EC', 'cane:H S1008 EO', 'cane:H S1008 EC', 'cane:H S1002 EO', 'cane:H S1002 EC', 'cane:AX S1084 EC', 'cane:AX S1084 EO', 'cane:AX S1023 EC', 'cane:AX S1023 EO', 'cane:AX S1009 EC', 'cane:AX S1009 EO', 'cane:H S1095 EC', 'cane:H S1095 EO', 'cane:H S1010 EC', 'cane:H S1010 EO', 'cane:H S1091 EC', 'cane:H S1091 EO', 'cane:AX S1007 EO', 'cane:AX S1007 EC', 'cane:AX S0074 EC', 'cane:AX S0074 EO', 'cane:AX S1065 EC', 'cane:AX S1065 EO', 'cane:H S1054 EC', 'cane:H S1054 EO', 'cane:H S1085 EO', 'cane:H S1085 EC', 'cane:H S1022 EC', 'cane:H S1022 EO', 'cane:AX S0041 EO', 'cane:AX S0041 EC', 'cane:AX S1050 EO', 'cane:AX S1050 EC', 'cane:AX S0057 EC', 'cane:AX S0057 EO', 'cane:H S0012 EO', 'cane:H S0012 EC', 'cane:H S0015 EC', 'cane:H S0015 EO', 'cane:H S0078 EO', 'cane:H S0078 EC', 'cane:AX S0072 EO', 'cane:AX S0072 EC', 'cane:AX S1006 EC', 'cane:AX S1006 EO', 'cane:AX S1087 EO', 'cane:AX S1087 EC']...
[2025-11-30 19:23:11,143 INFO main.get_datasets_for_fold] Val subjects (11): ['cane:H S1101 EO', 'cane:H S1101 EC', 'cane:H S0079 EC', 'cane:H S0079 EO', 'cane:H S1028 EC', 'cane:AX S1051 EC', 'cane:AX S1051 EO', 'cane:AX S0056 EO', 'cane:AX S0056 EC', 'cane:AX S1005 EO', 'cane:AX S1005 EC']
[2025-11-30 19:23:11,152 INFO main.get_datasets_for_fold] Training chunks: 1911
[2025-11-30 19:23:11,152 INFO main.get_datasets_for_fold] Validation chunks: 324
[2025-11-30 19:23:11,170 INFO model.__init__] Initialized LSTM with input_size=1728, hidden_size=100, batch_first=True
[2025-11-30 19:23:11,172 INFO main.train_one_fold] Starting training for fold 6
[2025-11-30 19:23:29,959 INFO main.train_one_fold] TRAIN CHUNK | Fold 6 | Epoch 001/100 | Loss: 0.6942 | Acc: 0.5024 | Prec: 0.5043 | Recall: 0.9783 | Spec: 0.0148
[2025-11-30 19:23:31,767 INFO main.train_one_fold] EVAL CHUNK | Fold 6 | Epoch 001/100 | Loss: 0.6938 | Acc: 0.5370 | Prec: 0.5370 | Recall: 1.0000 | Spec: 0.0000
[2025-11-30 19:23:31,770 INFO main.train_one_fold]   Confusion: TP=174, TN=0, FP=150, FN=0
[2025-11-30 19:23:31,770 INFO main.train_one_fold] EVAL SUBJECT | Fold 6 | Epoch 001/100 | Loss: 0.6938 | Acc: 0.5455 | Prec: 0.5455 | Recall: 1.0000 | Spec: 0.0000
[2025-11-30 19:23:31,770 INFO main.train_one_fold]   Confusion: TP=6, TN=0, FP=5, FN=0
[2025-11-30 19:23:31,770 INFO main.train_one_fold] EVAL EC vs EO | Fold 6 | Epoch 001/100 | EO chunk acc: 0.6000 | EC chunk acc: 0.5000
[2025-11-30 19:23:31,791 INFO main.train_one_fold] ✓ Saved best model: experiments/cane_t7_ec+eo_005/fold_6_best.pth (combined=0.2929, chunk=0.5370, subject=0.5455)
[2025-11-30 19:23:31,791 INFO early_stopping.__call__] Early stopping initialized: best score 0.5370 at epoch 1
[2025-11-30 19:24:14,790 INFO main.train_one_fold] TRAIN CHUNK | Fold 6 | Epoch 002/100 | Loss: 0.6931 | Acc: 0.5102 | Prec: 0.5117 | Recall: 0.7001 | Spec: 0.3157
[2025-11-30 19:24:16,159 INFO main.train_one_fold] EVAL CHUNK | Fold 6 | Epoch 002/100 | Loss: 0.6985 | Acc: 0.4352 | Prec: 0.4819 | Recall: 0.6897 | Spec: 0.1400
[2025-11-30 19:24:16,159 INFO main.train_one_fold]   Confusion: TP=120, TN=21, FP=129, FN=54
[2025-11-30 19:24:16,159 INFO main.train_one_fold] EVAL SUBJECT | Fold 6 | Epoch 002/100 | Loss: 0.6985 | Acc: 0.4545 | Prec: 0.5000 | Recall: 0.6667 | Spec: 0.2000
[2025-11-30 19:24:16,159 INFO main.train_one_fold]   Confusion: TP=4, TN=1, FP=4, FN=2
[2025-11-30 19:24:16,160 INFO main.train_one_fold] EVAL EC vs EO | Fold 6 | Epoch 002/100 | EO chunk acc: 0.4000 | EC chunk acc: 0.5000
[2025-11-30 19:24:43,462 INFO main.train_one_fold] TRAIN CHUNK | Fold 6 | Epoch 003/100 | Loss: 0.6919 | Acc: 0.5207 | Prec: 0.5232 | Recall: 0.5946 | Spec: 0.4449
[2025-11-30 19:24:44,986 INFO main.train_one_fold] EVAL CHUNK | Fold 6 | Epoch 003/100 | Loss: 0.6982 | Acc: 0.5309 | Prec: 0.5342 | Recall: 0.9885 | Spec: 0.0000
[2025-11-30 19:24:44,986 INFO main.train_one_fold]   Confusion: TP=172, TN=0, FP=150, FN=2
[2025-11-30 19:24:44,986 INFO main.train_one_fold] EVAL SUBJECT | Fold 6 | Epoch 003/100 | Loss: 0.6982 | Acc: 0.5455 | Prec: 0.5455 | Recall: 1.0000 | Spec: 0.0000
[2025-11-30 19:24:44,986 INFO main.train_one_fold]   Confusion: TP=6, TN=0, FP=5, FN=0
[2025-11-30 19:24:44,986 INFO main.train_one_fold] EVAL EC vs EO | Fold 6 | Epoch 003/100 | EO chunk acc: 0.6000 | EC chunk acc: 0.5000
[2025-11-30 19:25:10,950 INFO main.train_one_fold] TRAIN CHUNK | Fold 6 | Epoch 004/100 | Loss: 0.6915 | Acc: 0.5207 | Prec: 0.5203 | Recall: 0.6753 | Spec: 0.3623
[2025-11-30 19:25:13,695 INFO main.train_one_fold] EVAL CHUNK | Fold 6 | Epoch 004/100 | Loss: 0.7085 | Acc: 0.2006 | Prec: 0.1805 | Recall: 0.1379 | Spec: 0.2733
[2025-11-30 19:25:13,699 INFO main.train_one_fold]   Confusion: TP=24, TN=41, FP=109, FN=150
[2025-11-30 19:25:13,699 INFO main.train_one_fold] EVAL SUBJECT | Fold 6 | Epoch 004/100 | Loss: 0.7085 | Acc: 0.1818 | Prec: 0.0000 | Recall: 0.0000 | Spec: 0.4000
[2025-11-30 19:25:13,700 INFO main.train_one_fold]   Confusion: TP=0, TN=2, FP=3, FN=6
[2025-11-30 19:25:13,700 INFO main.train_one_fold] EVAL EC vs EO | Fold 6 | Epoch 004/100 | EO chunk acc: 0.2000 | EC chunk acc: 0.1667
[2025-11-30 19:25:42,326 INFO main.train_one_fold] TRAIN CHUNK | Fold 6 | Epoch 005/100 | Loss: 0.6906 | Acc: 0.5296 | Prec: 0.5310 | Recall: 0.6029 | Spec: 0.4544
[2025-11-30 19:25:44,429 INFO main.train_one_fold] EVAL CHUNK | Fold 6 | Epoch 005/100 | Loss: 0.7160 | Acc: 0.1698 | Prec: 0.1138 | Recall: 0.0805 | Spec: 0.2733
[2025-11-30 19:25:44,429 INFO main.train_one_fold]   Confusion: TP=14, TN=41, FP=109, FN=160
[2025-11-30 19:25:44,429 INFO main.train_one_fold] EVAL SUBJECT | Fold 6 | Epoch 005/100 | Loss: 0.7160 | Acc: 0.1818 | Prec: 0.0000 | Recall: 0.0000 | Spec: 0.4000
[2025-11-30 19:25:44,429 INFO main.train_one_fold]   Confusion: TP=0, TN=2, FP=3, FN=6
[2025-11-30 19:25:44,429 INFO main.train_one_fold] EVAL EC vs EO | Fold 6 | Epoch 005/100 | EO chunk acc: 0.2000 | EC chunk acc: 0.1667
[2025-11-30 19:26:31,690 INFO main.train_one_fold] TRAIN CHUNK | Fold 6 | Epoch 006/100 | Loss: 0.6919 | Acc: 0.5254 | Prec: 0.5269 | Recall: 0.6070 | Spec: 0.4417
[2025-11-30 19:26:32,938 INFO main.train_one_fold] EVAL CHUNK | Fold 6 | Epoch 006/100 | Loss: 0.7182 | Acc: 0.2994 | Prec: 0.3394 | Recall: 0.3218 | Spec: 0.2733
[2025-11-30 19:26:32,939 INFO main.train_one_fold]   Confusion: TP=56, TN=41, FP=109, FN=118
[2025-11-30 19:26:32,939 INFO main.train_one_fold] EVAL SUBJECT | Fold 6 | Epoch 006/100 | Loss: 0.7182 | Acc: 0.4545 | Prec: 0.5000 | Recall: 0.5000 | Spec: 0.4000
[2025-11-30 19:26:32,939 INFO main.train_one_fold]   Confusion: TP=3, TN=2, FP=3, FN=3
[2025-11-30 19:26:32,939 INFO main.train_one_fold] EVAL EC vs EO | Fold 6 | Epoch 006/100 | EO chunk acc: 0.6000 | EC chunk acc: 0.3333
[2025-11-30 19:27:37,273 INFO main.train_one_fold] TRAIN CHUNK | Fold 6 | Epoch 007/100 | Loss: 0.6911 | Acc: 0.5160 | Prec: 0.5198 | Recall: 0.5708 | Spec: 0.4597
[2025-11-30 19:27:40,318 INFO main.train_one_fold] EVAL CHUNK | Fold 6 | Epoch 007/100 | Loss: 0.7222 | Acc: 0.1728 | Prec: 0.1210 | Recall: 0.0862 | Spec: 0.2733
[2025-11-30 19:27:40,381 INFO main.train_one_fold]   Confusion: TP=15, TN=41, FP=109, FN=159
[2025-11-30 19:27:40,387 INFO main.train_one_fold] EVAL SUBJECT | Fold 6 | Epoch 007/100 | Loss: 0.7222 | Acc: 0.1818 | Prec: 0.0000 | Recall: 0.0000 | Spec: 0.4000
[2025-11-30 19:27:40,395 INFO main.train_one_fold]   Confusion: TP=0, TN=2, FP=3, FN=6
[2025-11-30 19:27:40,395 INFO main.train_one_fold] EVAL EC vs EO | Fold 6 | Epoch 007/100 | EO chunk acc: 0.2000 | EC chunk acc: 0.1667
[2025-11-30 19:29:21,164 INFO main.train_one_fold] TRAIN CHUNK | Fold 6 | Epoch 008/100 | Loss: 0.6883 | Acc: 0.5458 | Prec: 0.5620 | Recall: 0.4643 | Spec: 0.6292
[2025-11-30 19:29:23,532 INFO main.train_one_fold] EVAL CHUNK | Fold 6 | Epoch 008/100 | Loss: 0.7294 | Acc: 0.1543 | Prec: 0.0370 | Recall: 0.0230 | Spec: 0.3067
[2025-11-30 19:29:23,547 INFO main.train_one_fold]   Confusion: TP=4, TN=46, FP=104, FN=170
[2025-11-30 19:29:23,547 INFO main.train_one_fold] EVAL SUBJECT | Fold 6 | Epoch 008/100 | Loss: 0.7294 | Acc: 0.1818 | Prec: 0.0000 | Recall: 0.0000 | Spec: 0.4000
[2025-11-30 19:29:23,548 INFO main.train_one_fold]   Confusion: TP=0, TN=2, FP=3, FN=6
[2025-11-30 19:29:23,548 INFO main.train_one_fold] EVAL EC vs EO | Fold 6 | Epoch 008/100 | EO chunk acc: 0.2000 | EC chunk acc: 0.1667
[2025-11-30 19:29:58,305 INFO main.train_one_fold] TRAIN CHUNK | Fold 6 | Epoch 009/100 | Loss: 0.6891 | Acc: 0.5379 | Prec: 0.5429 | Recall: 0.5491 | Spec: 0.5265
[2025-11-30 19:29:59,442 INFO main.train_one_fold] EVAL CHUNK | Fold 6 | Epoch 009/100 | Loss: 0.7311 | Acc: 0.1605 | Prec: 0.0917 | Recall: 0.0632 | Spec: 0.2733
[2025-11-30 19:29:59,442 INFO main.train_one_fold]   Confusion: TP=11, TN=41, FP=109, FN=163
[2025-11-30 19:29:59,442 INFO main.train_one_fold] EVAL SUBJECT | Fold 6 | Epoch 009/100 | Loss: 0.7311 | Acc: 0.1818 | Prec: 0.0000 | Recall: 0.0000 | Spec: 0.4000
[2025-11-30 19:29:59,442 INFO main.train_one_fold]   Confusion: TP=0, TN=2, FP=3, FN=6
[2025-11-30 19:29:59,443 INFO main.train_one_fold] EVAL EC vs EO | Fold 6 | Epoch 009/100 | EO chunk acc: 0.2000 | EC chunk acc: 0.1667
[2025-11-30 19:30:30,609 INFO main.train_one_fold] TRAIN CHUNK | Fold 6 | Epoch 010/100 | Loss: 0.6908 | Acc: 0.5113 | Prec: 0.5180 | Recall: 0.4922 | Spec: 0.5307
[2025-11-30 19:30:33,275 INFO main.train_one_fold] EVAL CHUNK | Fold 6 | Epoch 010/100 | Loss: 0.7288 | Acc: 0.2685 | Prec: 0.3114 | Recall: 0.2989 | Spec: 0.2333
[2025-11-30 19:30:33,276 INFO main.train_one_fold]   Confusion: TP=52, TN=35, FP=115, FN=122
[2025-11-30 19:30:33,276 INFO main.train_one_fold] EVAL SUBJECT | Fold 6 | Epoch 010/100 | Loss: 0.7288 | Acc: 0.1818 | Prec: 0.2000 | Recall: 0.1667 | Spec: 0.2000
[2025-11-30 19:30:33,276 INFO main.train_one_fold]   Confusion: TP=1, TN=1, FP=4, FN=5
[2025-11-30 19:30:33,276 INFO main.train_one_fold] EVAL EC vs EO | Fold 6 | Epoch 010/100 | EO chunk acc: 0.2000 | EC chunk acc: 0.1667
[2025-11-30 19:30:33,303 INFO main.train_one_fold] Saved checkpoint: experiments/cane_t7_ec+eo_005/fold_6_epoch_010.pth
[2025-11-30 19:30:56,287 INFO main.train_one_fold] TRAIN CHUNK | Fold 6 | Epoch 011/100 | Loss: 0.6883 | Acc: 0.5280 | Prec: 0.5308 | Recall: 0.5791 | Spec: 0.4756
[2025-11-30 19:30:57,419 INFO main.train_one_fold] EVAL CHUNK | Fold 6 | Epoch 011/100 | Loss: 0.7539 | Acc: 0.1605 | Prec: 0.0917 | Recall: 0.0632 | Spec: 0.2733
[2025-11-30 19:30:57,433 INFO main.train_one_fold]   Confusion: TP=11, TN=41, FP=109, FN=163
[2025-11-30 19:30:57,434 INFO main.train_one_fold] EVAL SUBJECT | Fold 6 | Epoch 011/100 | Loss: 0.7539 | Acc: 0.1818 | Prec: 0.0000 | Recall: 0.0000 | Spec: 0.4000
[2025-11-30 19:30:57,434 INFO main.train_one_fold]   Confusion: TP=0, TN=2, FP=3, FN=6
[2025-11-30 19:30:57,434 INFO main.train_one_fold] EVAL EC vs EO | Fold 6 | Epoch 011/100 | EO chunk acc: 0.2000 | EC chunk acc: 0.1667
[2025-11-30 19:31:15,146 INFO main.train_one_fold] TRAIN CHUNK | Fold 6 | Epoch 012/100 | Loss: 0.6894 | Acc: 0.5343 | Prec: 0.5461 | Recall: 0.4716 | Spec: 0.5985
[2025-11-30 19:31:16,305 INFO main.train_one_fold] EVAL CHUNK | Fold 6 | Epoch 012/100 | Loss: 0.7492 | Acc: 0.1698 | Prec: 0.1200 | Recall: 0.0862 | Spec: 0.2667
[2025-11-30 19:31:16,319 INFO main.train_one_fold]   Confusion: TP=15, TN=40, FP=110, FN=159
[2025-11-30 19:31:16,319 INFO main.train_one_fold] EVAL SUBJECT | Fold 6 | Epoch 012/100 | Loss: 0.7492 | Acc: 0.1818 | Prec: 0.0000 | Recall: 0.0000 | Spec: 0.4000
[2025-11-30 19:31:16,319 INFO main.train_one_fold]   Confusion: TP=0, TN=2, FP=3, FN=6
[2025-11-30 19:31:16,319 INFO main.train_one_fold] EVAL EC vs EO | Fold 6 | Epoch 012/100 | EO chunk acc: 0.2000 | EC chunk acc: 0.1667
[2025-11-30 19:31:29,322 INFO main.train_one_fold] TRAIN CHUNK | Fold 6 | Epoch 013/100 | Loss: 0.6860 | Acc: 0.5411 | Prec: 0.5565 | Recall: 0.4581 | Spec: 0.6261
[2025-11-30 19:31:30,120 INFO main.train_one_fold] EVAL CHUNK | Fold 6 | Epoch 013/100 | Loss: 0.7886 | Acc: 0.1667 | Prec: 0.1129 | Recall: 0.0805 | Spec: 0.2667
[2025-11-30 19:31:30,124 INFO main.train_one_fold]   Confusion: TP=14, TN=40, FP=110, FN=160
[2025-11-30 19:31:30,124 INFO main.train_one_fold] EVAL SUBJECT | Fold 6 | Epoch 013/100 | Loss: 0.7886 | Acc: 0.1818 | Prec: 0.0000 | Recall: 0.0000 | Spec: 0.4000
[2025-11-30 19:31:30,124 INFO main.train_one_fold]   Confusion: TP=0, TN=2, FP=3, FN=6
[2025-11-30 19:31:30,124 INFO main.train_one_fold] EVAL EC vs EO | Fold 6 | Epoch 013/100 | EO chunk acc: 0.2000 | EC chunk acc: 0.1667
[2025-11-30 19:31:42,720 INFO main.train_one_fold] TRAIN CHUNK | Fold 6 | Epoch 014/100 | Loss: 0.6854 | Acc: 0.5416 | Prec: 0.5554 | Recall: 0.4716 | Spec: 0.6133
[2025-11-30 19:31:43,519 INFO main.train_one_fold] EVAL CHUNK | Fold 6 | Epoch 014/100 | Loss: 0.7718 | Acc: 0.2006 | Prec: 0.0330 | Recall: 0.0172 | Spec: 0.4133
[2025-11-30 19:31:43,526 INFO main.train_one_fold]   Confusion: TP=3, TN=62, FP=88, FN=171
[2025-11-30 19:31:43,527 INFO main.train_one_fold] EVAL SUBJECT | Fold 6 | Epoch 014/100 | Loss: 0.7718 | Acc: 0.1818 | Prec: 0.0000 | Recall: 0.0000 | Spec: 0.4000
[2025-11-30 19:31:43,527 INFO main.train_one_fold]   Confusion: TP=0, TN=2, FP=3, FN=6
[2025-11-30 19:31:43,527 INFO main.train_one_fold] EVAL EC vs EO | Fold 6 | Epoch 014/100 | EO chunk acc: 0.2000 | EC chunk acc: 0.1667
[2025-11-30 19:31:56,238 INFO main.train_one_fold] TRAIN CHUNK | Fold 6 | Epoch 015/100 | Loss: 0.6809 | Acc: 0.5510 | Prec: 0.5848 | Recall: 0.3888 | Spec: 0.7172
[2025-11-30 19:31:57,040 INFO main.train_one_fold] EVAL CHUNK | Fold 6 | Epoch 015/100 | Loss: 0.7942 | Acc: 0.1975 | Prec: 0.0326 | Recall: 0.0172 | Spec: 0.4067
[2025-11-30 19:31:57,040 INFO main.train_one_fold]   Confusion: TP=3, TN=61, FP=89, FN=171
[2025-11-30 19:31:57,041 INFO main.train_one_fold] EVAL SUBJECT | Fold 6 | Epoch 015/100 | Loss: 0.7942 | Acc: 0.1818 | Prec: 0.0000 | Recall: 0.0000 | Spec: 0.4000
[2025-11-30 19:31:57,041 INFO main.train_one_fold]   Confusion: TP=0, TN=2, FP=3, FN=6
[2025-11-30 19:31:57,041 INFO main.train_one_fold] EVAL EC vs EO | Fold 6 | Epoch 015/100 | EO chunk acc: 0.2000 | EC chunk acc: 0.1667
[2025-11-30 19:32:12,317 INFO main.train_one_fold] TRAIN CHUNK | Fold 6 | Epoch 016/100 | Loss: 0.6802 | Acc: 0.5515 | Prec: 0.5902 | Recall: 0.3723 | Spec: 0.7352
[2025-11-30 19:32:13,520 INFO main.train_one_fold] EVAL CHUNK | Fold 6 | Epoch 016/100 | Loss: 0.8097 | Acc: 0.1883 | Prec: 0.0316 | Recall: 0.0172 | Spec: 0.3867
[2025-11-30 19:32:13,528 INFO main.train_one_fold]   Confusion: TP=3, TN=58, FP=92, FN=171
[2025-11-30 19:32:13,535 INFO main.train_one_fold] EVAL SUBJECT | Fold 6 | Epoch 016/100 | Loss: 0.8097 | Acc: 0.1818 | Prec: 0.0000 | Recall: 0.0000 | Spec: 0.4000
[2025-11-30 19:32:13,536 INFO main.train_one_fold]   Confusion: TP=0, TN=2, FP=3, FN=6
[2025-11-30 19:32:13,536 INFO main.train_one_fold] EVAL EC vs EO | Fold 6 | Epoch 016/100 | EO chunk acc: 0.2000 | EC chunk acc: 0.1667
[2025-11-30 19:32:32,740 INFO main.train_one_fold] TRAIN CHUNK | Fold 6 | Epoch 017/100 | Loss: 0.6780 | Acc: 0.5531 | Prec: 0.5946 | Recall: 0.3671 | Spec: 0.7436
[2025-11-30 19:32:34,179 INFO main.train_one_fold] EVAL CHUNK | Fold 6 | Epoch 017/100 | Loss: 0.8526 | Acc: 0.1605 | Prec: 0.0463 | Recall: 0.0287 | Spec: 0.3133
[2025-11-30 19:32:34,179 INFO main.train_one_fold]   Confusion: TP=5, TN=47, FP=103, FN=169
[2025-11-30 19:32:34,179 INFO main.train_one_fold] EVAL SUBJECT | Fold 6 | Epoch 017/100 | Loss: 0.8526 | Acc: 0.1818 | Prec: 0.0000 | Recall: 0.0000 | Spec: 0.4000
[2025-11-30 19:32:34,179 INFO main.train_one_fold]   Confusion: TP=0, TN=2, FP=3, FN=6
[2025-11-30 19:32:34,179 INFO main.train_one_fold] EVAL EC vs EO | Fold 6 | Epoch 017/100 | EO chunk acc: 0.2000 | EC chunk acc: 0.1667
[2025-11-30 19:33:04,185 INFO main.train_one_fold] TRAIN CHUNK | Fold 6 | Epoch 018/100 | Loss: 0.6762 | Acc: 0.5453 | Prec: 0.5904 | Recall: 0.3309 | Spec: 0.7648
[2025-11-30 19:33:05,324 INFO main.train_one_fold] EVAL CHUNK | Fold 6 | Epoch 018/100 | Loss: 0.8370 | Acc: 0.1883 | Prec: 0.0316 | Recall: 0.0172 | Spec: 0.3867
[2025-11-30 19:33:05,325 INFO main.train_one_fold]   Confusion: TP=3, TN=58, FP=92, FN=171
[2025-11-30 19:33:05,325 INFO main.train_one_fold] EVAL SUBJECT | Fold 6 | Epoch 018/100 | Loss: 0.8370 | Acc: 0.1818 | Prec: 0.0000 | Recall: 0.0000 | Spec: 0.4000
[2025-11-30 19:33:05,325 INFO main.train_one_fold]   Confusion: TP=0, TN=2, FP=3, FN=6
[2025-11-30 19:33:05,326 INFO main.train_one_fold] EVAL EC vs EO | Fold 6 | Epoch 018/100 | EO chunk acc: 0.2000 | EC chunk acc: 0.1667
[2025-11-30 19:33:36,411 INFO main.train_one_fold] TRAIN CHUNK | Fold 6 | Epoch 019/100 | Loss: 0.6745 | Acc: 0.5358 | Prec: 0.5623 | Recall: 0.3733 | Spec: 0.7023
[2025-11-30 19:33:38,066 INFO main.train_one_fold] EVAL CHUNK | Fold 6 | Epoch 019/100 | Loss: 0.9267 | Acc: 0.3179 | Prec: 0.3593 | Recall: 0.3448 | Spec: 0.2867
[2025-11-30 19:33:38,066 INFO main.train_one_fold]   Confusion: TP=60, TN=43, FP=107, FN=114
[2025-11-30 19:33:38,067 INFO main.train_one_fold] EVAL SUBJECT | Fold 6 | Epoch 019/100 | Loss: 0.9267 | Acc: 0.3636 | Prec: 0.4000 | Recall: 0.3333 | Spec: 0.4000
[2025-11-30 19:33:38,067 INFO main.train_one_fold]   Confusion: TP=2, TN=2, FP=3, FN=4
[2025-11-30 19:33:38,067 INFO main.train_one_fold] EVAL EC vs EO | Fold 6 | Epoch 019/100 | EO chunk acc: 0.4000 | EC chunk acc: 0.3333
[2025-11-30 19:34:04,352 INFO main.train_one_fold] TRAIN CHUNK | Fold 6 | Epoch 020/100 | Loss: 0.6720 | Acc: 0.5542 | Prec: 0.5903 | Recall: 0.3888 | Spec: 0.7235
[2025-11-30 19:34:05,462 INFO main.train_one_fold] EVAL CHUNK | Fold 6 | Epoch 020/100 | Loss: 0.8700 | Acc: 0.2099 | Prec: 0.0980 | Recall: 0.0575 | Spec: 0.3867
[2025-11-30 19:34:05,462 INFO main.train_one_fold]   Confusion: TP=10, TN=58, FP=92, FN=164
[2025-11-30 19:34:05,463 INFO main.train_one_fold] EVAL SUBJECT | Fold 6 | Epoch 020/100 | Loss: 0.8700 | Acc: 0.1818 | Prec: 0.0000 | Recall: 0.0000 | Spec: 0.4000
[2025-11-30 19:34:05,463 INFO main.train_one_fold]   Confusion: TP=0, TN=2, FP=3, FN=6
[2025-11-30 19:34:05,463 INFO main.train_one_fold] EVAL EC vs EO | Fold 6 | Epoch 020/100 | EO chunk acc: 0.2000 | EC chunk acc: 0.1667
[2025-11-30 19:34:05,491 INFO main.train_one_fold] Saved checkpoint: experiments/cane_t7_ec+eo_005/fold_6_epoch_020.pth
[2025-11-30 19:34:29,271 INFO main.train_one_fold] TRAIN CHUNK | Fold 6 | Epoch 021/100 | Loss: 0.6759 | Acc: 0.5463 | Prec: 0.5992 | Recall: 0.3123 | Spec: 0.7860
[2025-11-30 19:34:30,387 INFO main.train_one_fold] EVAL CHUNK | Fold 6 | Epoch 021/100 | Loss: 0.8416 | Acc: 0.3241 | Prec: 0.3669 | Recall: 0.3563 | Spec: 0.2867
[2025-11-30 19:34:30,388 INFO main.train_one_fold]   Confusion: TP=62, TN=43, FP=107, FN=112
[2025-11-30 19:34:30,388 INFO main.train_one_fold] EVAL SUBJECT | Fold 6 | Epoch 021/100 | Loss: 0.8416 | Acc: 0.2727 | Prec: 0.3333 | Recall: 0.3333 | Spec: 0.2000
[2025-11-30 19:34:30,388 INFO main.train_one_fold]   Confusion: TP=2, TN=1, FP=4, FN=4
[2025-11-30 19:34:30,389 INFO main.train_one_fold] EVAL EC vs EO | Fold 6 | Epoch 021/100 | EO chunk acc: 0.2000 | EC chunk acc: 0.3333
[2025-11-30 19:34:30,389 INFO early_stopping.__call__] Early stopping triggered after 20 epochs without improvement. Best score: 0.5370 at epoch 1
[2025-11-30 19:34:30,389 INFO main.train_one_fold] Early stopping triggered at epoch 21
[2025-11-30 19:34:30,390 INFO main.train_one_fold] 
Fold 6 training completed. Best Combined Val Acc: 0.2929 at epoch 1
[2025-11-30 19:34:30,390 INFO main.train_cross_validation] ================================================================================
[2025-11-30 19:34:30,390 INFO main.train_cross_validation] 6-FOLD CROSS-VALIDATION RESULTS
[2025-11-30 19:34:30,390 INFO main.train_cross_validation] ================================================================================
[2025-11-30 19:34:30,391 INFO main.train_cross_validation] 
Per-fold best validation accuracy:
[2025-11-30 19:34:30,391 INFO main.train_cross_validation]   Fold 1: 0.5320 (epoch 37)
[2025-11-30 19:34:30,391 INFO main.train_cross_validation]   Fold 2: 0.2783 (epoch 1)
[2025-11-30 19:34:30,392 INFO main.train_cross_validation]   Fold 3: 0.2571 (epoch 1)
[2025-11-30 19:34:30,392 INFO main.train_cross_validation]   Fold 4: 0.2507 (epoch 1)
[2025-11-30 19:34:30,392 INFO main.train_cross_validation]   Fold 5: 0.2452 (epoch 1)
[2025-11-30 19:34:30,392 INFO main.train_cross_validation]   Fold 6: 0.2929 (epoch 1)
[2025-11-30 19:34:30,428 INFO main.write_results] COMBINED Accuracy Mean: 0.3094 ± 0.1009, Min: 0.2452, Max: 0.5320

[2025-11-30 19:34:30,429 INFO main.write_results] CHUNK Accuracy Mean: 0.5461 ± 0.0625, Min: 0.4904, Max: 0.6771

[2025-11-30 19:34:30,429 INFO main.write_results] SUBJECT Accuracy Mean: 0.5552 ± 0.1044, Min: 0.5000, Max: 0.7857

[2025-11-30 19:34:30,429 INFO main.train_cross_validation] ================================================================================

[2025-11-30 19:34:30,439 INFO main.train] 
Results saved to experiments/cane_t7_ec+eo_005/cv_results.txt
[2025-11-30 19:34:30,439 INFO main.train] Training completed!
