[2025-11-30 16:37:46,040 INFO main.setup_logging] Logging to console and file: experiments/mdd_t3_ec+eo_005/training_ec+eo_T3_noica_20251130_163746.log
[2025-11-30 16:37:46,040 INFO main.train] Starting EEG Classification Training
[2025-11-30 16:37:46,041 INFO main.train] Hyperparameters:
[2025-11-30 16:37:46,041 INFO main.train]   Dataset: mdd
[2025-11-30 16:37:46,041 INFO main.train]   Condition: ec+eo
[2025-11-30 16:37:46,041 INFO main.train]   Channel: T3
[2025-11-30 16:37:46,042 INFO main.train]   N-Fold CV: 6
[2025-11-30 16:37:46,042 INFO main.train]   Batch Size: 16
[2025-11-30 16:37:46,042 INFO main.train]   Learning Rate: 0.0001
[2025-11-30 16:37:46,042 INFO main.train]   Dropout: 0.6
[2025-11-30 16:37:46,042 INFO main.train]   Weight decay (L2 penalty): 0.0001
[2025-11-30 16:37:46,043 INFO main.train]   Max Epochs: 100
[2025-11-30 16:37:46,043 INFO main.train]   Validation Every: 1 epochs
[2025-11-30 16:37:46,043 INFO main.train]   Save Checkpoint Every: 10 epochs
[2025-11-30 16:37:46,043 INFO main.train]   Early Stopping Patience: 20 epochs
[2025-11-30 16:37:46,044 INFO main.train]   Skip ICA: True
[2025-11-30 16:37:46,044 INFO main.train]   Device: cpu
[2025-11-30 16:37:46,044 INFO main.train]   Checkpoint Directory: experiments/mdd_t3_ec+eo_005
[2025-11-30 16:37:46,044 INFO main.train]   Log File: experiments/mdd_t3_ec+eo_005/training_ec+eo_T3_noica_20251130_163746.log
[2025-11-30 16:37:46,044 INFO main.train_cross_validation] ================================================================================
[2025-11-30 16:37:46,045 INFO main.train_cross_validation] Starting 6-Fold Cross-Validation Training
[2025-11-30 16:37:46,045 INFO main.train_cross_validation] Dataset: mdd, Condition(s): ['EC', 'EO']
[2025-11-30 16:37:46,045 INFO main.train_cross_validation] Batch Size: 16, LR: 0.0001
[2025-11-30 16:37:46,045 INFO main.train_cross_validation] Device: cpu
[2025-11-30 16:37:46,045 INFO main.train_cross_validation] Skip ICA: True
[2025-11-30 16:37:46,046 INFO main.train_cross_validation] ================================================================================
[2025-11-30 16:37:46,063 INFO dataset.__init__] Building chunk index for FlattenedSpectrogramDataset...
[2025-11-30 16:37:48,691 INFO dataset.convert_to_spectrograms] Created 30 spectrograms
[2025-11-30 16:37:49,623 INFO dataset.convert_to_spectrograms] Created 38 spectrograms
[2025-11-30 16:37:50,330 INFO dataset.convert_to_spectrograms] Created 30 spectrograms
[2025-11-30 16:37:51,008 INFO dataset.convert_to_spectrograms] Created 30 spectrograms
[2025-11-30 16:37:51,658 INFO dataset.convert_to_spectrograms] Created 30 spectrograms
[2025-11-30 16:37:52,283 INFO dataset.convert_to_spectrograms] Created 30 spectrograms
[2025-11-30 16:37:52,971 INFO dataset.convert_to_spectrograms] Created 29 spectrograms
[2025-11-30 16:37:53,705 INFO dataset.convert_to_spectrograms] Created 31 spectrograms
[2025-11-30 16:37:54,414 INFO dataset.convert_to_spectrograms] Created 30 spectrograms
[2025-11-30 16:37:55,165 INFO dataset.convert_to_spectrograms] Created 30 spectrograms
[2025-11-30 16:37:55,937 INFO dataset.convert_to_spectrograms] Created 31 spectrograms
[2025-11-30 16:37:56,677 INFO dataset.convert_to_spectrograms] Created 30 spectrograms
[2025-11-30 16:37:57,436 INFO dataset.convert_to_spectrograms] Created 30 spectrograms
[2025-11-30 16:37:58,424 INFO dataset.convert_to_spectrograms] Created 30 spectrograms
[2025-11-30 16:37:59,071 INFO dataset.convert_to_spectrograms] Created 30 spectrograms
[2025-11-30 16:37:59,691 INFO dataset.convert_to_spectrograms] Created 30 spectrograms
[2025-11-30 16:38:00,353 INFO dataset.convert_to_spectrograms] Created 30 spectrograms
[2025-11-30 16:38:00,877 INFO dataset.convert_to_spectrograms] Created 30 spectrograms
[2025-11-30 16:38:01,652 INFO dataset.convert_to_spectrograms] Created 30 spectrograms
[2025-11-30 16:38:02,578 INFO dataset.convert_to_spectrograms] Created 31 spectrograms
[2025-11-30 16:38:03,167 INFO dataset.convert_to_spectrograms] Created 30 spectrograms
[2025-11-30 16:38:03,744 INFO dataset.convert_to_spectrograms] Created 30 spectrograms
[2025-11-30 16:38:04,556 INFO dataset.convert_to_spectrograms] Created 30 spectrograms
[2025-11-30 16:38:05,271 INFO dataset.convert_to_spectrograms] Created 31 spectrograms
[2025-11-30 16:38:06,014 INFO dataset.convert_to_spectrograms] Created 30 spectrograms
[2025-11-30 16:38:06,807 INFO dataset.convert_to_spectrograms] Created 36 spectrograms
[2025-11-30 16:38:07,560 INFO dataset.convert_to_spectrograms] Created 30 spectrograms
[2025-11-30 16:38:08,253 INFO dataset.convert_to_spectrograms] Created 30 spectrograms
[2025-11-30 16:38:09,087 INFO dataset.convert_to_spectrograms] Created 31 spectrograms
[2025-11-30 16:38:09,866 INFO dataset.convert_to_spectrograms] Created 30 spectrograms
[2025-11-30 16:38:10,554 INFO dataset.convert_to_spectrograms] Created 30 spectrograms
[2025-11-30 16:38:11,172 INFO dataset.convert_to_spectrograms] Created 30 spectrograms
[2025-11-30 16:38:11,825 INFO dataset.convert_to_spectrograms] Created 30 spectrograms
[2025-11-30 16:38:12,478 INFO dataset.convert_to_spectrograms] Created 30 spectrograms
[2025-11-30 16:38:13,052 INFO dataset.convert_to_spectrograms] Created 30 spectrograms
[2025-11-30 16:38:13,633 INFO dataset.convert_to_spectrograms] Created 30 spectrograms
[2025-11-30 16:38:14,401 INFO dataset.convert_to_spectrograms] Created 30 spectrograms
[2025-11-30 16:38:15,095 INFO dataset.convert_to_spectrograms] Created 30 spectrograms
[2025-11-30 16:38:15,676 INFO dataset.convert_to_spectrograms] Created 30 spectrograms
[2025-11-30 16:38:16,297 INFO dataset.convert_to_spectrograms] Created 31 spectrograms
[2025-11-30 16:38:16,869 INFO dataset.convert_to_spectrograms] Created 30 spectrograms
[2025-11-30 16:38:17,474 INFO dataset.convert_to_spectrograms] Created 30 spectrograms
[2025-11-30 16:38:18,173 INFO dataset.convert_to_spectrograms] Created 30 spectrograms
[2025-11-30 16:38:18,702 INFO dataset.convert_to_spectrograms] Created 30 spectrograms
[2025-11-30 16:38:19,242 INFO dataset.convert_to_spectrograms] Created 30 spectrograms
[2025-11-30 16:38:19,653 INFO dataset.convert_to_spectrograms] Created 18 spectrograms
[2025-11-30 16:38:20,149 INFO dataset.convert_to_spectrograms] Created 24 spectrograms
[2025-11-30 16:38:20,826 INFO dataset.convert_to_spectrograms] Created 30 spectrograms
[2025-11-30 16:38:21,426 INFO dataset.convert_to_spectrograms] Created 30 spectrograms
[2025-11-30 16:38:22,052 INFO dataset.convert_to_spectrograms] Created 30 spectrograms
[2025-11-30 16:38:22,656 INFO dataset.convert_to_spectrograms] Created 30 spectrograms
[2025-11-30 16:38:23,663 INFO dataset.convert_to_spectrograms] Created 30 spectrograms
[2025-11-30 16:38:24,448 INFO dataset.convert_to_spectrograms] Created 30 spectrograms
[2025-11-30 16:38:25,029 INFO dataset.convert_to_spectrograms] Created 30 spectrograms
[2025-11-30 16:38:25,030 INFO dataset.__init__] Built index with 1621 total chunks
[2025-11-30 16:38:25,039 INFO dataset.__init__] Building chunk index for FlattenedSpectrogramDataset...
[2025-11-30 16:38:26,058 INFO dataset.convert_to_spectrograms] Created 35 spectrograms
[2025-11-30 16:38:27,254 INFO dataset.convert_to_spectrograms] Created 30 spectrograms
[2025-11-30 16:38:28,011 INFO dataset.convert_to_spectrograms] Created 30 spectrograms
[2025-11-30 16:38:28,693 INFO dataset.convert_to_spectrograms] Created 30 spectrograms
[2025-11-30 16:38:29,426 INFO dataset.convert_to_spectrograms] Created 31 spectrograms
[2025-11-30 16:38:30,001 INFO dataset.convert_to_spectrograms] Created 19 spectrograms
[2025-11-30 16:38:30,709 INFO dataset.convert_to_spectrograms] Created 30 spectrograms
[2025-11-30 16:38:31,384 INFO dataset.convert_to_spectrograms] Created 30 spectrograms
[2025-11-30 16:38:32,040 INFO dataset.convert_to_spectrograms] Created 30 spectrograms
[2025-11-30 16:38:32,662 INFO dataset.convert_to_spectrograms] Created 30 spectrograms
[2025-11-30 16:38:33,210 INFO dataset.convert_to_spectrograms] Created 30 spectrograms
[2025-11-30 16:38:33,837 INFO dataset.convert_to_spectrograms] Created 32 spectrograms
[2025-11-30 16:38:34,696 INFO dataset.convert_to_spectrograms] Created 31 spectrograms
[2025-11-30 16:38:35,338 INFO dataset.convert_to_spectrograms] Created 30 spectrograms
[2025-11-30 16:38:35,932 INFO dataset.convert_to_spectrograms] Created 30 spectrograms
[2025-11-30 16:38:36,517 INFO dataset.convert_to_spectrograms] Created 30 spectrograms
[2025-11-30 16:38:37,039 INFO dataset.convert_to_spectrograms] Created 31 spectrograms
[2025-11-30 16:38:37,516 INFO dataset.convert_to_spectrograms] Created 30 spectrograms
[2025-11-30 16:38:38,181 INFO dataset.convert_to_spectrograms] Created 30 spectrograms
[2025-11-30 16:38:38,883 INFO dataset.convert_to_spectrograms] Created 30 spectrograms
[2025-11-30 16:38:39,506 INFO dataset.convert_to_spectrograms] Created 31 spectrograms
[2025-11-30 16:38:40,044 INFO dataset.convert_to_spectrograms] Created 30 spectrograms
[2025-11-30 16:38:40,659 INFO dataset.convert_to_spectrograms] Created 30 spectrograms
[2025-11-30 16:38:41,238 INFO dataset.convert_to_spectrograms] Created 31 spectrograms
[2025-11-30 16:38:41,781 INFO dataset.convert_to_spectrograms] Created 31 spectrograms
[2025-11-30 16:38:42,364 INFO dataset.convert_to_spectrograms] Created 31 spectrograms
[2025-11-30 16:38:42,971 INFO dataset.convert_to_spectrograms] Created 30 spectrograms
[2025-11-30 16:38:43,494 INFO dataset.convert_to_spectrograms] Created 30 spectrograms
[2025-11-30 16:38:43,978 INFO dataset.convert_to_spectrograms] Created 30 spectrograms
[2025-11-30 16:38:44,464 INFO dataset.convert_to_spectrograms] Created 30 spectrograms
[2025-11-30 16:38:44,747 INFO dataset.convert_to_spectrograms] Created 19 spectrograms
[2025-11-30 16:38:45,302 INFO dataset.convert_to_spectrograms] Created 31 spectrograms
[2025-11-30 16:38:45,811 INFO dataset.convert_to_spectrograms] Created 30 spectrograms
[2025-11-30 16:38:46,263 INFO dataset.convert_to_spectrograms] Created 30 spectrograms
[2025-11-30 16:38:46,662 INFO dataset.convert_to_spectrograms] Created 30 spectrograms
[2025-11-30 16:38:47,214 INFO dataset.convert_to_spectrograms] Created 30 spectrograms
[2025-11-30 16:38:47,806 INFO dataset.convert_to_spectrograms] Created 30 spectrograms
[2025-11-30 16:38:48,349 INFO dataset.convert_to_spectrograms] Created 30 spectrograms
[2025-11-30 16:38:48,947 INFO dataset.convert_to_spectrograms] Created 30 spectrograms
[2025-11-30 16:38:49,479 INFO dataset.convert_to_spectrograms] Created 30 spectrograms
[2025-11-30 16:38:50,069 INFO dataset.convert_to_spectrograms] Created 30 spectrograms
[2025-11-30 16:38:50,634 INFO dataset.convert_to_spectrograms] Created 30 spectrograms
[2025-11-30 16:38:51,234 INFO dataset.convert_to_spectrograms] Created 31 spectrograms
[2025-11-30 16:38:51,727 INFO dataset.convert_to_spectrograms] Created 30 spectrograms
[2025-11-30 16:38:52,369 INFO dataset.convert_to_spectrograms] Created 30 spectrograms
[2025-11-30 16:38:52,854 INFO dataset.convert_to_spectrograms] Created 30 spectrograms
[2025-11-30 16:38:53,688 INFO dataset.convert_to_spectrograms] Created 30 spectrograms
[2025-11-30 16:38:54,328 INFO dataset.convert_to_spectrograms] Created 30 spectrograms
[2025-11-30 16:38:54,927 INFO dataset.convert_to_spectrograms] Created 30 spectrograms
[2025-11-30 16:38:55,536 INFO dataset.convert_to_spectrograms] Created 30 spectrograms
[2025-11-30 16:38:56,128 INFO dataset.convert_to_spectrograms] Created 30 spectrograms
[2025-11-30 16:38:56,765 INFO dataset.convert_to_spectrograms] Created 30 spectrograms
[2025-11-30 16:38:57,375 INFO dataset.convert_to_spectrograms] Created 30 spectrograms
[2025-11-30 16:38:57,913 INFO dataset.convert_to_spectrograms] Created 30 spectrograms
[2025-11-30 16:38:58,533 INFO dataset.convert_to_spectrograms] Created 30 spectrograms
[2025-11-30 16:38:59,099 INFO dataset.convert_to_spectrograms] Created 30 spectrograms
[2025-11-30 16:38:59,796 INFO dataset.convert_to_spectrograms] Created 30 spectrograms
[2025-11-30 16:39:00,382 INFO dataset.convert_to_spectrograms] Created 30 spectrograms
[2025-11-30 16:39:01,097 INFO dataset.convert_to_spectrograms] Created 30 spectrograms
[2025-11-30 16:39:01,098 INFO dataset.__init__] Built index with 1764 total chunks
[2025-11-30 16:39:01,099 INFO main.train_cross_validation] MDD dataset: 56 normal, 57 MDD subjects
[2025-11-30 16:39:01,100 INFO main.train_cross_validation] ================================================================================
[2025-11-30 16:39:01,100 INFO main.train_cross_validation] FOLD 1/6
[2025-11-30 16:39:01,101 INFO main.train_cross_validation] ================================================================================
[2025-11-30 16:39:01,101 INFO main.get_datasets_for_fold] Train subjects (93): ['mdd:H S4 EO', 'mdd:H S4 EC', 'mdd:H S18 EO', 'mdd:H S8 EC', 'mdd:H S8 EO', 'mdd:H S26 EO', 'mdd:H S26 EC', 'mdd:H S22 EC', 'mdd:H S22 EO', 'mdd:MDD S21 EO', 'mdd:MDD S21 EC', 'mdd:MDD S22 EC', 'mdd:MDD S22 EO', 'mdd:MDD S16 EO', 'mdd:MDD S13 EC', 'mdd:MDD S13 EO', 'mdd:MDD S30 EC', 'mdd:MDD S30 EO', 'mdd:MDD S31 EC', 'mdd:MDD S31 EO', 'mdd:H S13 EC', 'mdd:H S13 EO', 'mdd:H S16 EO', 'mdd:H S16 EC', 'mdd:H S11 EO', 'mdd:H S11 EC', 'mdd:H S19 EC', 'mdd:H S19 EO', 'mdd:H S27 EC', 'mdd:H S27 EO', 'mdd:MDD S23 EC', 'mdd:MDD S23 EO', 'mdd:MDD S25 EO', 'mdd:MDD S25 EC', 'mdd:MDD S9 EO', 'mdd:MDD S9 EC', 'mdd:MDD S1 EC', 'mdd:MDD S33 EC', 'mdd:MDD S33 EO', 'mdd:H S9 EC', 'mdd:H S9 EO', 'mdd:H S28 EO', 'mdd:H S28 EC', 'mdd:H S6 EO', 'mdd:H S6 EC', 'mdd:H S25 EC', 'mdd:H S2 EC', 'mdd:H S2 EO', 'mdd:MDD S5 EC', 'mdd:MDD S5 EO', 'mdd:MDD S20 EC', 'mdd:MDD S20 EO', 'mdd:MDD S34 EO', 'mdd:MDD S34 EC', 'mdd:MDD S27 EO', 'mdd:MDD S27 EC', 'mdd:MDD S11 EO', 'mdd:H S12 EO', 'mdd:H S7 EO', 'mdd:H S7 EC', 'mdd:H S3 EO', 'mdd:H S3 EC', 'mdd:H S21 EC', 'mdd:H S21 EO', 'mdd:H S30 EO', 'mdd:H S30 EC', 'mdd:MDD S2 EO', 'mdd:MDD S14 EO', 'mdd:MDD S14 EC', 'mdd:MDD S17 EO', 'mdd:MDD S17 EC', 'mdd:MDD S3 EC', 'mdd:MDD S3 EO', 'mdd:MDD S12 EO', 'mdd:H S10 EO', 'mdd:H S10 EC', 'mdd:H S24 EO', 'mdd:H S24 EC', 'mdd:H S20 EO', 'mdd:H S20 EC', 'mdd:H S17 EO', 'mdd:H S17 EC', 'mdd:H S5 EC', 'mdd:H S5 EO', 'mdd:MDD S24 EO', 'mdd:MDD S19 EO', 'mdd:MDD S19 EC', 'mdd:MDD S29 EC', 'mdd:MDD S29 EO', 'mdd:MDD S26 EC', 'mdd:MDD S26 EO', 'mdd:MDD S18 EO', 'mdd:MDD S18 EC']...
[2025-11-30 16:39:01,102 INFO main.get_datasets_for_fold] Val subjects (20): ['mdd:H S1 EC', 'mdd:H S1 EO', 'mdd:H S15 EC', 'mdd:H S14 EO', 'mdd:H S14 EC', 'mdd:H S23 EC', 'mdd:H S23 EO', 'mdd:H S29 EC', 'mdd:H S29 EO', 'mdd:MDD S6 EO', 'mdd:MDD S6 EC', 'mdd:MDD S4 EO', 'mdd:MDD S15 EC', 'mdd:MDD S15 EO', 'mdd:MDD S28 EO', 'mdd:MDD S28 EC', 'mdd:MDD S10 EO', 'mdd:MDD S10 EC', 'mdd:MDD S32 EO', 'mdd:MDD S32 EC']
[2025-11-30 16:39:01,106 INFO main.get_datasets_for_fold] Training chunks: 2790
[2025-11-30 16:39:01,106 INFO main.get_datasets_for_fold] Validation chunks: 595
[2025-11-30 16:39:01,697 INFO model.__init__] Initialized LSTM with input_size=1728, hidden_size=100, batch_first=True
[2025-11-30 16:39:08,756 INFO main.train_one_fold] Starting training for fold 1
[2025-11-30 16:40:31,074 INFO main.train_one_fold] TRAIN CHUNK | Fold 1 | Epoch 001/100 | Loss: 0.6965 | Acc: 0.4867 | Prec: 0.4862 | Recall: 0.9985 | Spec: 0.0035
[2025-11-30 16:40:36,359 INFO main.train_one_fold] EVAL CHUNK | Fold 1 | Epoch 001/100 | Loss: 0.6856 | Acc: 0.5546 | Prec: 0.5546 | Recall: 1.0000 | Spec: 0.0000
[2025-11-30 16:40:36,359 INFO main.train_one_fold]   Confusion: TP=330, TN=0, FP=265, FN=0
[2025-11-30 16:40:36,359 INFO main.train_one_fold] EVAL SUBJECT | Fold 1 | Epoch 001/100 | Loss: 0.6856 | Acc: 0.5500 | Prec: 0.5500 | Recall: 1.0000 | Spec: 0.0000
[2025-11-30 16:40:36,359 INFO main.train_one_fold]   Confusion: TP=11, TN=0, FP=9, FN=0
[2025-11-30 16:40:36,359 INFO main.train_one_fold] EVAL EC vs EO | Fold 1 | Epoch 001/100 | EO chunk acc: 0.6000 | EC chunk acc: 0.5000
[2025-11-30 16:40:36,382 INFO main.train_one_fold] ✓ Saved best model: experiments/mdd_t3_ec+eo_005/fold_1_best.pth (combined=0.3050, chunk=0.5546, subject=0.5500)
[2025-11-30 16:40:36,383 INFO early_stopping.__call__] Early stopping initialized: best score 0.5546 at epoch 1
[2025-11-30 16:42:01,772 INFO main.train_one_fold] TRAIN CHUNK | Fold 1 | Epoch 002/100 | Loss: 0.6333 | Acc: 0.6706 | Prec: 0.6432 | Recall: 0.7225 | Spec: 0.6216
[2025-11-30 16:42:08,625 INFO main.train_one_fold] EVAL CHUNK | Fold 1 | Epoch 002/100 | Loss: 0.2163 | Acc: 0.9983 | Prec: 0.9970 | Recall: 1.0000 | Spec: 0.9962
[2025-11-30 16:42:08,626 INFO main.train_one_fold]   Confusion: TP=330, TN=264, FP=1, FN=0
[2025-11-30 16:42:08,626 INFO main.train_one_fold] EVAL SUBJECT | Fold 1 | Epoch 002/100 | Loss: 0.2163 | Acc: 1.0000 | Prec: 1.0000 | Recall: 1.0000 | Spec: 1.0000
[2025-11-30 16:42:08,626 INFO main.train_one_fold]   Confusion: TP=11, TN=9, FP=0, FN=0
[2025-11-30 16:42:08,626 INFO main.train_one_fold] EVAL EC vs EO | Fold 1 | Epoch 002/100 | EO chunk acc: 1.0000 | EC chunk acc: 1.0000
[2025-11-30 16:42:08,660 INFO main.train_one_fold] ✓ Saved best model: experiments/mdd_t3_ec+eo_005/fold_1_best.pth (combined=0.9983, chunk=0.9983, subject=1.0000)
[2025-11-30 16:42:08,660 INFO early_stopping.__call__] Validation improved from 0.5546 to 0.9983 (+0.4437) at epoch 2
[2025-11-30 16:43:22,906 INFO main.train_one_fold] TRAIN CHUNK | Fold 1 | Epoch 003/100 | Loss: 0.4520 | Acc: 0.8143 | Prec: 0.7796 | Recall: 0.8613 | Spec: 0.7700
[2025-11-30 16:43:26,733 INFO main.train_one_fold] EVAL CHUNK | Fold 1 | Epoch 003/100 | Loss: 0.1109 | Acc: 1.0000 | Prec: 1.0000 | Recall: 1.0000 | Spec: 1.0000
[2025-11-30 16:43:26,733 INFO main.train_one_fold]   Confusion: TP=330, TN=265, FP=0, FN=0
[2025-11-30 16:43:26,733 INFO main.train_one_fold] EVAL SUBJECT | Fold 1 | Epoch 003/100 | Loss: 0.1109 | Acc: 1.0000 | Prec: 1.0000 | Recall: 1.0000 | Spec: 1.0000
[2025-11-30 16:43:26,733 INFO main.train_one_fold]   Confusion: TP=11, TN=9, FP=0, FN=0
[2025-11-30 16:43:26,733 INFO main.train_one_fold] EVAL EC vs EO | Fold 1 | Epoch 003/100 | EO chunk acc: 1.0000 | EC chunk acc: 1.0000
[2025-11-30 16:43:26,775 INFO main.train_one_fold] ✓ Saved best model: experiments/mdd_t3_ec+eo_005/fold_1_best.pth (combined=1.0000, chunk=1.0000, subject=1.0000)
[2025-11-30 16:43:26,776 INFO early_stopping.__call__] Validation improved from 0.9983 to 1.0000 (+0.0017) at epoch 3
[2025-11-30 16:45:01,479 INFO main.train_one_fold] TRAIN CHUNK | Fold 1 | Epoch 004/100 | Loss: 0.4260 | Acc: 0.8351 | Prec: 0.7882 | Recall: 0.9033 | Spec: 0.7707
[2025-11-30 16:45:09,189 INFO main.train_one_fold] EVAL CHUNK | Fold 1 | Epoch 004/100 | Loss: 0.1140 | Acc: 1.0000 | Prec: 1.0000 | Recall: 1.0000 | Spec: 1.0000
[2025-11-30 16:45:09,189 INFO main.train_one_fold]   Confusion: TP=330, TN=265, FP=0, FN=0
[2025-11-30 16:45:09,189 INFO main.train_one_fold] EVAL SUBJECT | Fold 1 | Epoch 004/100 | Loss: 0.1140 | Acc: 1.0000 | Prec: 1.0000 | Recall: 1.0000 | Spec: 1.0000
[2025-11-30 16:45:09,189 INFO main.train_one_fold]   Confusion: TP=11, TN=9, FP=0, FN=0
[2025-11-30 16:45:09,189 INFO main.train_one_fold] EVAL EC vs EO | Fold 1 | Epoch 004/100 | EO chunk acc: 1.0000 | EC chunk acc: 1.0000
[2025-11-30 16:47:05,858 INFO main.train_one_fold] TRAIN CHUNK | Fold 1 | Epoch 005/100 | Loss: 0.4216 | Acc: 0.8430 | Prec: 0.7964 | Recall: 0.9092 | Spec: 0.7805
[2025-11-30 16:47:12,178 INFO main.train_one_fold] EVAL CHUNK | Fold 1 | Epoch 005/100 | Loss: 0.1280 | Acc: 0.9849 | Prec: 1.0000 | Recall: 0.9727 | Spec: 1.0000
[2025-11-30 16:47:12,178 INFO main.train_one_fold]   Confusion: TP=321, TN=265, FP=0, FN=9
[2025-11-30 16:47:12,178 INFO main.train_one_fold] EVAL SUBJECT | Fold 1 | Epoch 005/100 | Loss: 0.1280 | Acc: 1.0000 | Prec: 1.0000 | Recall: 1.0000 | Spec: 1.0000
[2025-11-30 16:47:12,178 INFO main.train_one_fold]   Confusion: TP=11, TN=9, FP=0, FN=0
[2025-11-30 16:47:12,178 INFO main.train_one_fold] EVAL EC vs EO | Fold 1 | Epoch 005/100 | EO chunk acc: 1.0000 | EC chunk acc: 1.0000
[2025-11-30 16:48:40,302 INFO main.train_one_fold] TRAIN CHUNK | Fold 1 | Epoch 006/100 | Loss: 0.4162 | Acc: 0.8423 | Prec: 0.7931 | Recall: 0.9137 | Spec: 0.7749
[2025-11-30 16:48:46,483 INFO main.train_one_fold] EVAL CHUNK | Fold 1 | Epoch 006/100 | Loss: 0.1410 | Acc: 0.9748 | Prec: 1.0000 | Recall: 0.9545 | Spec: 1.0000
[2025-11-30 16:48:46,483 INFO main.train_one_fold]   Confusion: TP=315, TN=265, FP=0, FN=15
[2025-11-30 16:48:46,483 INFO main.train_one_fold] EVAL SUBJECT | Fold 1 | Epoch 006/100 | Loss: 0.1410 | Acc: 1.0000 | Prec: 1.0000 | Recall: 1.0000 | Spec: 1.0000
[2025-11-30 16:48:46,483 INFO main.train_one_fold]   Confusion: TP=11, TN=9, FP=0, FN=0
[2025-11-30 16:48:46,483 INFO main.train_one_fold] EVAL EC vs EO | Fold 1 | Epoch 006/100 | EO chunk acc: 1.0000 | EC chunk acc: 1.0000
[2025-11-30 16:50:03,723 INFO main.train_one_fold] TRAIN CHUNK | Fold 1 | Epoch 007/100 | Loss: 0.4128 | Acc: 0.8448 | Prec: 0.7967 | Recall: 0.9137 | Spec: 0.7798
[2025-11-30 16:50:11,621 INFO main.train_one_fold] EVAL CHUNK | Fold 1 | Epoch 007/100 | Loss: 0.1395 | Acc: 0.9832 | Prec: 1.0000 | Recall: 0.9697 | Spec: 1.0000
[2025-11-30 16:50:11,621 INFO main.train_one_fold]   Confusion: TP=320, TN=265, FP=0, FN=10
[2025-11-30 16:50:11,621 INFO main.train_one_fold] EVAL SUBJECT | Fold 1 | Epoch 007/100 | Loss: 0.1395 | Acc: 1.0000 | Prec: 1.0000 | Recall: 1.0000 | Spec: 1.0000
[2025-11-30 16:50:11,621 INFO main.train_one_fold]   Confusion: TP=11, TN=9, FP=0, FN=0
[2025-11-30 16:50:11,621 INFO main.train_one_fold] EVAL EC vs EO | Fold 1 | Epoch 007/100 | EO chunk acc: 1.0000 | EC chunk acc: 1.0000
[2025-11-30 16:51:12,951 INFO main.train_one_fold] TRAIN CHUNK | Fold 1 | Epoch 008/100 | Loss: 0.4147 | Acc: 0.8455 | Prec: 0.7988 | Recall: 0.9114 | Spec: 0.7833
[2025-11-30 16:51:17,407 INFO main.train_one_fold] EVAL CHUNK | Fold 1 | Epoch 008/100 | Loss: 0.1345 | Acc: 0.9882 | Prec: 1.0000 | Recall: 0.9788 | Spec: 1.0000
[2025-11-30 16:51:17,407 INFO main.train_one_fold]   Confusion: TP=323, TN=265, FP=0, FN=7
[2025-11-30 16:51:17,407 INFO main.train_one_fold] EVAL SUBJECT | Fold 1 | Epoch 008/100 | Loss: 0.1345 | Acc: 1.0000 | Prec: 1.0000 | Recall: 1.0000 | Spec: 1.0000
[2025-11-30 16:51:17,407 INFO main.train_one_fold]   Confusion: TP=11, TN=9, FP=0, FN=0
[2025-11-30 16:51:17,407 INFO main.train_one_fold] EVAL EC vs EO | Fold 1 | Epoch 008/100 | EO chunk acc: 1.0000 | EC chunk acc: 1.0000
[2025-11-30 16:52:05,637 INFO main.train_one_fold] TRAIN CHUNK | Fold 1 | Epoch 009/100 | Loss: 0.4008 | Acc: 0.8513 | Prec: 0.8021 | Recall: 0.9210 | Spec: 0.7854
[2025-11-30 16:52:10,024 INFO main.train_one_fold] EVAL CHUNK | Fold 1 | Epoch 009/100 | Loss: 0.1212 | Acc: 1.0000 | Prec: 1.0000 | Recall: 1.0000 | Spec: 1.0000
[2025-11-30 16:52:10,024 INFO main.train_one_fold]   Confusion: TP=330, TN=265, FP=0, FN=0
[2025-11-30 16:52:10,024 INFO main.train_one_fold] EVAL SUBJECT | Fold 1 | Epoch 009/100 | Loss: 0.1212 | Acc: 1.0000 | Prec: 1.0000 | Recall: 1.0000 | Spec: 1.0000
[2025-11-30 16:52:10,024 INFO main.train_one_fold]   Confusion: TP=11, TN=9, FP=0, FN=0
[2025-11-30 16:52:10,024 INFO main.train_one_fold] EVAL EC vs EO | Fold 1 | Epoch 009/100 | EO chunk acc: 1.0000 | EC chunk acc: 1.0000
[2025-11-30 16:53:21,380 INFO main.train_one_fold] TRAIN CHUNK | Fold 1 | Epoch 010/100 | Loss: 0.4084 | Acc: 0.8487 | Prec: 0.7985 | Recall: 0.9210 | Spec: 0.7805
[2025-11-30 16:53:30,871 INFO main.train_one_fold] EVAL CHUNK | Fold 1 | Epoch 010/100 | Loss: 0.1425 | Acc: 0.9832 | Prec: 1.0000 | Recall: 0.9697 | Spec: 1.0000
[2025-11-30 16:53:30,872 INFO main.train_one_fold]   Confusion: TP=320, TN=265, FP=0, FN=10
[2025-11-30 16:53:30,872 INFO main.train_one_fold] EVAL SUBJECT | Fold 1 | Epoch 010/100 | Loss: 0.1425 | Acc: 1.0000 | Prec: 1.0000 | Recall: 1.0000 | Spec: 1.0000
[2025-11-30 16:53:30,872 INFO main.train_one_fold]   Confusion: TP=11, TN=9, FP=0, FN=0
[2025-11-30 16:53:30,872 INFO main.train_one_fold] EVAL EC vs EO | Fold 1 | Epoch 010/100 | EO chunk acc: 1.0000 | EC chunk acc: 1.0000
[2025-11-30 16:53:30,905 INFO main.train_one_fold] Saved checkpoint: experiments/mdd_t3_ec+eo_005/fold_1_epoch_010.pth
[2025-11-30 16:54:55,398 INFO main.train_one_fold] TRAIN CHUNK | Fold 1 | Epoch 011/100 | Loss: 0.4071 | Acc: 0.8462 | Prec: 0.7979 | Recall: 0.9151 | Spec: 0.7812
[2025-11-30 16:55:02,661 INFO main.train_one_fold] EVAL CHUNK | Fold 1 | Epoch 011/100 | Loss: 0.1468 | Acc: 0.9832 | Prec: 1.0000 | Recall: 0.9697 | Spec: 1.0000
[2025-11-30 16:55:02,661 INFO main.train_one_fold]   Confusion: TP=320, TN=265, FP=0, FN=10
[2025-11-30 16:55:02,661 INFO main.train_one_fold] EVAL SUBJECT | Fold 1 | Epoch 011/100 | Loss: 0.1468 | Acc: 1.0000 | Prec: 1.0000 | Recall: 1.0000 | Spec: 1.0000
[2025-11-30 16:55:02,662 INFO main.train_one_fold]   Confusion: TP=11, TN=9, FP=0, FN=0
[2025-11-30 16:55:02,662 INFO main.train_one_fold] EVAL EC vs EO | Fold 1 | Epoch 011/100 | EO chunk acc: 1.0000 | EC chunk acc: 1.0000
[2025-11-30 16:56:25,087 INFO main.train_one_fold] TRAIN CHUNK | Fold 1 | Epoch 012/100 | Loss: 0.3989 | Acc: 0.8509 | Prec: 0.7996 | Recall: 0.9247 | Spec: 0.7812
[2025-11-30 16:56:34,427 INFO main.train_one_fold] EVAL CHUNK | Fold 1 | Epoch 012/100 | Loss: 0.1357 | Acc: 0.9866 | Prec: 1.0000 | Recall: 0.9758 | Spec: 1.0000
[2025-11-30 16:56:34,427 INFO main.train_one_fold]   Confusion: TP=322, TN=265, FP=0, FN=8
[2025-11-30 16:56:34,427 INFO main.train_one_fold] EVAL SUBJECT | Fold 1 | Epoch 012/100 | Loss: 0.1357 | Acc: 1.0000 | Prec: 1.0000 | Recall: 1.0000 | Spec: 1.0000
[2025-11-30 16:56:34,427 INFO main.train_one_fold]   Confusion: TP=11, TN=9, FP=0, FN=0
[2025-11-30 16:56:34,427 INFO main.train_one_fold] EVAL EC vs EO | Fold 1 | Epoch 012/100 | EO chunk acc: 1.0000 | EC chunk acc: 1.0000
[2025-11-30 16:57:36,097 INFO main.train_one_fold] TRAIN CHUNK | Fold 1 | Epoch 013/100 | Loss: 0.4073 | Acc: 0.8484 | Prec: 0.7983 | Recall: 0.9203 | Spec: 0.7805
[2025-11-30 16:57:39,346 INFO main.train_one_fold] EVAL CHUNK | Fold 1 | Epoch 013/100 | Loss: 0.1721 | Acc: 0.9714 | Prec: 1.0000 | Recall: 0.9485 | Spec: 1.0000
[2025-11-30 16:57:39,346 INFO main.train_one_fold]   Confusion: TP=313, TN=265, FP=0, FN=17
[2025-11-30 16:57:39,346 INFO main.train_one_fold] EVAL SUBJECT | Fold 1 | Epoch 013/100 | Loss: 0.1721 | Acc: 0.9500 | Prec: 1.0000 | Recall: 0.9091 | Spec: 1.0000
[2025-11-30 16:57:39,346 INFO main.train_one_fold]   Confusion: TP=10, TN=9, FP=0, FN=1
[2025-11-30 16:57:39,346 INFO main.train_one_fold] EVAL EC vs EO | Fold 1 | Epoch 013/100 | EO chunk acc: 1.0000 | EC chunk acc: 0.9000
[2025-11-30 16:58:21,016 INFO main.train_one_fold] TRAIN CHUNK | Fold 1 | Epoch 014/100 | Loss: 0.3998 | Acc: 0.8480 | Prec: 0.7982 | Recall: 0.9196 | Spec: 0.7805
[2025-11-30 16:58:26,165 INFO main.train_one_fold] EVAL CHUNK | Fold 1 | Epoch 014/100 | Loss: 0.1602 | Acc: 0.9832 | Prec: 1.0000 | Recall: 0.9697 | Spec: 1.0000
[2025-11-30 16:58:26,165 INFO main.train_one_fold]   Confusion: TP=320, TN=265, FP=0, FN=10
[2025-11-30 16:58:26,166 INFO main.train_one_fold] EVAL SUBJECT | Fold 1 | Epoch 014/100 | Loss: 0.1602 | Acc: 1.0000 | Prec: 1.0000 | Recall: 1.0000 | Spec: 1.0000
[2025-11-30 16:58:26,166 INFO main.train_one_fold]   Confusion: TP=11, TN=9, FP=0, FN=0
[2025-11-30 16:58:26,166 INFO main.train_one_fold] EVAL EC vs EO | Fold 1 | Epoch 014/100 | EO chunk acc: 1.0000 | EC chunk acc: 1.0000
[2025-11-30 16:59:14,270 INFO main.train_one_fold] TRAIN CHUNK | Fold 1 | Epoch 015/100 | Loss: 0.4033 | Acc: 0.8487 | Prec: 0.7981 | Recall: 0.9218 | Spec: 0.7798
[2025-11-30 16:59:19,323 INFO main.train_one_fold] EVAL CHUNK | Fold 1 | Epoch 015/100 | Loss: 0.1648 | Acc: 0.9714 | Prec: 1.0000 | Recall: 0.9485 | Spec: 1.0000
[2025-11-30 16:59:19,326 INFO main.train_one_fold]   Confusion: TP=313, TN=265, FP=0, FN=17
[2025-11-30 16:59:19,326 INFO main.train_one_fold] EVAL SUBJECT | Fold 1 | Epoch 015/100 | Loss: 0.1648 | Acc: 0.9500 | Prec: 1.0000 | Recall: 0.9091 | Spec: 1.0000
[2025-11-30 16:59:19,326 INFO main.train_one_fold]   Confusion: TP=10, TN=9, FP=0, FN=1
[2025-11-30 16:59:19,327 INFO main.train_one_fold] EVAL EC vs EO | Fold 1 | Epoch 015/100 | EO chunk acc: 1.0000 | EC chunk acc: 0.9000
[2025-11-30 17:00:02,654 INFO main.train_one_fold] TRAIN CHUNK | Fold 1 | Epoch 016/100 | Loss: 0.3978 | Acc: 0.8509 | Prec: 0.8012 | Recall: 0.9218 | Spec: 0.7840
[2025-11-30 17:00:08,190 INFO main.train_one_fold] EVAL CHUNK | Fold 1 | Epoch 016/100 | Loss: 0.1529 | Acc: 0.9849 | Prec: 1.0000 | Recall: 0.9727 | Spec: 1.0000
[2025-11-30 17:00:08,191 INFO main.train_one_fold]   Confusion: TP=321, TN=265, FP=0, FN=9
[2025-11-30 17:00:08,191 INFO main.train_one_fold] EVAL SUBJECT | Fold 1 | Epoch 016/100 | Loss: 0.1529 | Acc: 1.0000 | Prec: 1.0000 | Recall: 1.0000 | Spec: 1.0000
[2025-11-30 17:00:08,191 INFO main.train_one_fold]   Confusion: TP=11, TN=9, FP=0, FN=0
[2025-11-30 17:00:08,191 INFO main.train_one_fold] EVAL EC vs EO | Fold 1 | Epoch 016/100 | EO chunk acc: 1.0000 | EC chunk acc: 1.0000
[2025-11-30 17:01:29,132 INFO main.train_one_fold] TRAIN CHUNK | Fold 1 | Epoch 017/100 | Loss: 0.3910 | Acc: 0.8509 | Prec: 0.7977 | Recall: 0.9284 | Spec: 0.7777
[2025-11-30 17:01:35,064 INFO main.train_one_fold] EVAL CHUNK | Fold 1 | Epoch 017/100 | Loss: 0.1748 | Acc: 0.9714 | Prec: 1.0000 | Recall: 0.9485 | Spec: 1.0000
[2025-11-30 17:01:35,068 INFO main.train_one_fold]   Confusion: TP=313, TN=265, FP=0, FN=17
[2025-11-30 17:01:35,068 INFO main.train_one_fold] EVAL SUBJECT | Fold 1 | Epoch 017/100 | Loss: 0.1748 | Acc: 0.9500 | Prec: 1.0000 | Recall: 0.9091 | Spec: 1.0000
[2025-11-30 17:01:35,068 INFO main.train_one_fold]   Confusion: TP=10, TN=9, FP=0, FN=1
[2025-11-30 17:01:35,068 INFO main.train_one_fold] EVAL EC vs EO | Fold 1 | Epoch 017/100 | EO chunk acc: 1.0000 | EC chunk acc: 0.9000
[2025-11-30 17:02:41,206 INFO main.train_one_fold] TRAIN CHUNK | Fold 1 | Epoch 018/100 | Loss: 0.3922 | Acc: 0.8520 | Prec: 0.8015 | Recall: 0.9240 | Spec: 0.7840
[2025-11-30 17:02:43,341 INFO main.train_one_fold] EVAL CHUNK | Fold 1 | Epoch 018/100 | Loss: 0.1779 | Acc: 0.9714 | Prec: 1.0000 | Recall: 0.9485 | Spec: 1.0000
[2025-11-30 17:02:43,341 INFO main.train_one_fold]   Confusion: TP=313, TN=265, FP=0, FN=17
[2025-11-30 17:02:43,341 INFO main.train_one_fold] EVAL SUBJECT | Fold 1 | Epoch 018/100 | Loss: 0.1779 | Acc: 0.9500 | Prec: 1.0000 | Recall: 0.9091 | Spec: 1.0000
[2025-11-30 17:02:43,341 INFO main.train_one_fold]   Confusion: TP=10, TN=9, FP=0, FN=1
[2025-11-30 17:02:43,341 INFO main.train_one_fold] EVAL EC vs EO | Fold 1 | Epoch 018/100 | EO chunk acc: 1.0000 | EC chunk acc: 0.9000
[2025-11-30 17:03:43,999 INFO main.train_one_fold] TRAIN CHUNK | Fold 1 | Epoch 019/100 | Loss: 0.3918 | Acc: 0.8509 | Prec: 0.8015 | Recall: 0.9210 | Spec: 0.7847
[2025-11-30 17:03:49,855 INFO main.train_one_fold] EVAL CHUNK | Fold 1 | Epoch 019/100 | Loss: 0.1752 | Acc: 0.9714 | Prec: 1.0000 | Recall: 0.9485 | Spec: 1.0000
[2025-11-30 17:03:49,855 INFO main.train_one_fold]   Confusion: TP=313, TN=265, FP=0, FN=17
[2025-11-30 17:03:49,855 INFO main.train_one_fold] EVAL SUBJECT | Fold 1 | Epoch 019/100 | Loss: 0.1752 | Acc: 0.9500 | Prec: 1.0000 | Recall: 0.9091 | Spec: 1.0000
[2025-11-30 17:03:49,855 INFO main.train_one_fold]   Confusion: TP=10, TN=9, FP=0, FN=1
[2025-11-30 17:03:49,855 INFO main.train_one_fold] EVAL EC vs EO | Fold 1 | Epoch 019/100 | EO chunk acc: 1.0000 | EC chunk acc: 0.9000
[2025-11-30 17:04:57,365 INFO main.train_one_fold] TRAIN CHUNK | Fold 1 | Epoch 020/100 | Loss: 0.3854 | Acc: 0.8534 | Prec: 0.8036 | Recall: 0.9240 | Spec: 0.7868
[2025-11-30 17:05:02,483 INFO main.train_one_fold] EVAL CHUNK | Fold 1 | Epoch 020/100 | Loss: 0.1698 | Acc: 0.9714 | Prec: 1.0000 | Recall: 0.9485 | Spec: 1.0000
[2025-11-30 17:05:02,485 INFO main.train_one_fold]   Confusion: TP=313, TN=265, FP=0, FN=17
[2025-11-30 17:05:02,485 INFO main.train_one_fold] EVAL SUBJECT | Fold 1 | Epoch 020/100 | Loss: 0.1698 | Acc: 0.9500 | Prec: 1.0000 | Recall: 0.9091 | Spec: 1.0000
[2025-11-30 17:05:02,485 INFO main.train_one_fold]   Confusion: TP=10, TN=9, FP=0, FN=1
[2025-11-30 17:05:02,486 INFO main.train_one_fold] EVAL EC vs EO | Fold 1 | Epoch 020/100 | EO chunk acc: 1.0000 | EC chunk acc: 0.9000
[2025-11-30 17:05:02,507 INFO main.train_one_fold] Saved checkpoint: experiments/mdd_t3_ec+eo_005/fold_1_epoch_020.pth
[2025-11-30 17:05:58,669 INFO main.train_one_fold] TRAIN CHUNK | Fold 1 | Epoch 021/100 | Loss: 0.3844 | Acc: 0.8538 | Prec: 0.8077 | Recall: 0.9173 | Spec: 0.7937
[2025-11-30 17:06:00,695 INFO main.train_one_fold] EVAL CHUNK | Fold 1 | Epoch 021/100 | Loss: 0.1697 | Acc: 0.9731 | Prec: 1.0000 | Recall: 0.9515 | Spec: 1.0000
[2025-11-30 17:06:00,695 INFO main.train_one_fold]   Confusion: TP=314, TN=265, FP=0, FN=16
[2025-11-30 17:06:00,695 INFO main.train_one_fold] EVAL SUBJECT | Fold 1 | Epoch 021/100 | Loss: 0.1697 | Acc: 0.9500 | Prec: 1.0000 | Recall: 0.9091 | Spec: 1.0000
[2025-11-30 17:06:00,695 INFO main.train_one_fold]   Confusion: TP=10, TN=9, FP=0, FN=1
[2025-11-30 17:06:00,695 INFO main.train_one_fold] EVAL EC vs EO | Fold 1 | Epoch 021/100 | EO chunk acc: 1.0000 | EC chunk acc: 0.9000
[2025-11-30 17:06:47,877 INFO main.train_one_fold] TRAIN CHUNK | Fold 1 | Epoch 022/100 | Loss: 0.3790 | Acc: 0.8566 | Prec: 0.8083 | Recall: 0.9240 | Spec: 0.7930
[2025-11-30 17:06:51,598 INFO main.train_one_fold] EVAL CHUNK | Fold 1 | Epoch 022/100 | Loss: 0.1839 | Acc: 0.9697 | Prec: 1.0000 | Recall: 0.9455 | Spec: 1.0000
[2025-11-30 17:06:51,598 INFO main.train_one_fold]   Confusion: TP=312, TN=265, FP=0, FN=18
[2025-11-30 17:06:51,598 INFO main.train_one_fold] EVAL SUBJECT | Fold 1 | Epoch 022/100 | Loss: 0.1839 | Acc: 0.9500 | Prec: 1.0000 | Recall: 0.9091 | Spec: 1.0000
[2025-11-30 17:06:51,598 INFO main.train_one_fold]   Confusion: TP=10, TN=9, FP=0, FN=1
[2025-11-30 17:06:51,598 INFO main.train_one_fold] EVAL EC vs EO | Fold 1 | Epoch 022/100 | EO chunk acc: 1.0000 | EC chunk acc: 0.9000
[2025-11-30 17:07:42,774 INFO main.train_one_fold] TRAIN CHUNK | Fold 1 | Epoch 023/100 | Loss: 0.3727 | Acc: 0.8595 | Prec: 0.8129 | Recall: 0.9232 | Spec: 0.7993
[2025-11-30 17:07:45,906 INFO main.train_one_fold] EVAL CHUNK | Fold 1 | Epoch 023/100 | Loss: 0.1790 | Acc: 0.9697 | Prec: 1.0000 | Recall: 0.9455 | Spec: 1.0000
[2025-11-30 17:07:45,906 INFO main.train_one_fold]   Confusion: TP=312, TN=265, FP=0, FN=18
[2025-11-30 17:07:45,906 INFO main.train_one_fold] EVAL SUBJECT | Fold 1 | Epoch 023/100 | Loss: 0.1790 | Acc: 0.9500 | Prec: 1.0000 | Recall: 0.9091 | Spec: 1.0000
[2025-11-30 17:07:45,906 INFO main.train_one_fold]   Confusion: TP=10, TN=9, FP=0, FN=1
[2025-11-30 17:07:45,907 INFO main.train_one_fold] EVAL EC vs EO | Fold 1 | Epoch 023/100 | EO chunk acc: 1.0000 | EC chunk acc: 0.9000
[2025-11-30 17:07:45,907 INFO early_stopping.__call__] Early stopping triggered after 20 epochs without improvement. Best score: 1.0000 at epoch 3
[2025-11-30 17:07:45,907 INFO main.train_one_fold] Early stopping triggered at epoch 23
[2025-11-30 17:07:45,907 INFO main.train_one_fold] 
Fold 1 training completed. Best Combined Val Acc: 1.0000 at epoch 3
[2025-11-30 17:07:45,907 INFO main.train_cross_validation] ================================================================================
[2025-11-30 17:07:45,907 INFO main.train_cross_validation] FOLD 2/6
[2025-11-30 17:07:45,907 INFO main.train_cross_validation] ================================================================================
[2025-11-30 17:07:45,907 INFO main.get_datasets_for_fold] Train subjects (93): ['mdd:H S1 EC', 'mdd:H S1 EO', 'mdd:H S15 EC', 'mdd:H S14 EO', 'mdd:H S14 EC', 'mdd:H S23 EC', 'mdd:H S23 EO', 'mdd:H S29 EC', 'mdd:H S29 EO', 'mdd:MDD S6 EO', 'mdd:MDD S6 EC', 'mdd:MDD S4 EO', 'mdd:MDD S15 EC', 'mdd:MDD S15 EO', 'mdd:MDD S28 EO', 'mdd:MDD S28 EC', 'mdd:MDD S10 EO', 'mdd:MDD S10 EC', 'mdd:MDD S32 EO', 'mdd:MDD S32 EC', 'mdd:H S13 EC', 'mdd:H S13 EO', 'mdd:H S16 EO', 'mdd:H S16 EC', 'mdd:H S11 EO', 'mdd:H S11 EC', 'mdd:H S19 EC', 'mdd:H S19 EO', 'mdd:H S27 EC', 'mdd:H S27 EO', 'mdd:MDD S23 EC', 'mdd:MDD S23 EO', 'mdd:MDD S25 EO', 'mdd:MDD S25 EC', 'mdd:MDD S9 EO', 'mdd:MDD S9 EC', 'mdd:MDD S1 EC', 'mdd:MDD S33 EC', 'mdd:MDD S33 EO', 'mdd:H S9 EC', 'mdd:H S9 EO', 'mdd:H S28 EO', 'mdd:H S28 EC', 'mdd:H S6 EO', 'mdd:H S6 EC', 'mdd:H S25 EC', 'mdd:H S2 EC', 'mdd:H S2 EO', 'mdd:MDD S5 EC', 'mdd:MDD S5 EO', 'mdd:MDD S20 EC', 'mdd:MDD S20 EO', 'mdd:MDD S34 EO', 'mdd:MDD S34 EC', 'mdd:MDD S27 EO', 'mdd:MDD S27 EC', 'mdd:MDD S11 EO', 'mdd:H S12 EO', 'mdd:H S7 EO', 'mdd:H S7 EC', 'mdd:H S3 EO', 'mdd:H S3 EC', 'mdd:H S21 EC', 'mdd:H S21 EO', 'mdd:H S30 EO', 'mdd:H S30 EC', 'mdd:MDD S2 EO', 'mdd:MDD S14 EO', 'mdd:MDD S14 EC', 'mdd:MDD S17 EO', 'mdd:MDD S17 EC', 'mdd:MDD S3 EC', 'mdd:MDD S3 EO', 'mdd:MDD S12 EO', 'mdd:H S10 EO', 'mdd:H S10 EC', 'mdd:H S24 EO', 'mdd:H S24 EC', 'mdd:H S20 EO', 'mdd:H S20 EC', 'mdd:H S17 EO', 'mdd:H S17 EC', 'mdd:H S5 EC', 'mdd:H S5 EO', 'mdd:MDD S24 EO', 'mdd:MDD S19 EO', 'mdd:MDD S19 EC', 'mdd:MDD S29 EC', 'mdd:MDD S29 EO', 'mdd:MDD S26 EC', 'mdd:MDD S26 EO', 'mdd:MDD S18 EO', 'mdd:MDD S18 EC']...
[2025-11-30 17:07:45,907 INFO main.get_datasets_for_fold] Val subjects (20): ['mdd:H S4 EO', 'mdd:H S4 EC', 'mdd:H S18 EO', 'mdd:H S8 EC', 'mdd:H S8 EO', 'mdd:H S26 EO', 'mdd:H S26 EC', 'mdd:H S22 EC', 'mdd:H S22 EO', 'mdd:MDD S21 EO', 'mdd:MDD S21 EC', 'mdd:MDD S22 EC', 'mdd:MDD S22 EO', 'mdd:MDD S16 EO', 'mdd:MDD S13 EC', 'mdd:MDD S13 EO', 'mdd:MDD S30 EC', 'mdd:MDD S30 EO', 'mdd:MDD S31 EC', 'mdd:MDD S31 EO']
[2025-11-30 17:07:45,909 INFO main.get_datasets_for_fold] Training chunks: 2789
[2025-11-30 17:07:45,909 INFO main.get_datasets_for_fold] Validation chunks: 596
[2025-11-30 17:07:46,022 INFO model.__init__] Initialized LSTM with input_size=1728, hidden_size=100, batch_first=True
[2025-11-30 17:07:46,031 INFO main.train_one_fold] Starting training for fold 2
[2025-11-30 17:08:23,162 INFO main.train_one_fold] TRAIN CHUNK | Fold 2 | Epoch 001/100 | Loss: 0.6933 | Acc: 0.4970 | Prec: 0.4922 | Recall: 0.9919 | Spec: 0.0259
[2025-11-30 17:08:25,833 INFO main.train_one_fold] EVAL CHUNK | Fold 2 | Epoch 001/100 | Loss: 0.6854 | Acc: 0.9144 | Prec: 0.8644 | Recall: 1.0000 | Spec: 0.8118
[2025-11-30 17:08:25,834 INFO main.train_one_fold]   Confusion: TP=325, TN=220, FP=51, FN=0
[2025-11-30 17:08:25,834 INFO main.train_one_fold] EVAL SUBJECT | Fold 2 | Epoch 001/100 | Loss: 0.6854 | Acc: 0.9000 | Prec: 0.8462 | Recall: 1.0000 | Spec: 0.7778
[2025-11-30 17:08:25,834 INFO main.train_one_fold]   Confusion: TP=11, TN=7, FP=2, FN=0
[2025-11-30 17:08:25,834 INFO main.train_one_fold] EVAL EC vs EO | Fold 2 | Epoch 001/100 | EO chunk acc: 0.9091 | EC chunk acc: 0.8889
[2025-11-30 17:08:25,865 INFO main.train_one_fold] ✓ Saved best model: experiments/mdd_t3_ec+eo_005/fold_2_best.pth (combined=0.8230, chunk=0.9144, subject=0.9000)
[2025-11-30 17:08:25,866 INFO early_stopping.__call__] Early stopping initialized: best score 0.9144 at epoch 1
[2025-11-30 17:09:04,669 INFO main.train_one_fold] TRAIN CHUNK | Fold 2 | Epoch 002/100 | Loss: 0.6011 | Acc: 0.7046 | Prec: 0.6504 | Recall: 0.8522 | Spec: 0.5640
[2025-11-30 17:09:13,161 INFO main.train_one_fold] EVAL CHUNK | Fold 2 | Epoch 002/100 | Loss: 0.2358 | Acc: 0.9446 | Prec: 0.9078 | Recall: 1.0000 | Spec: 0.8782
[2025-11-30 17:09:13,161 INFO main.train_one_fold]   Confusion: TP=325, TN=238, FP=33, FN=0
[2025-11-30 17:09:13,161 INFO main.train_one_fold] EVAL SUBJECT | Fold 2 | Epoch 002/100 | Loss: 0.2358 | Acc: 0.9500 | Prec: 0.9167 | Recall: 1.0000 | Spec: 0.8889
[2025-11-30 17:09:13,162 INFO main.train_one_fold]   Confusion: TP=11, TN=8, FP=1, FN=0
[2025-11-30 17:09:13,162 INFO main.train_one_fold] EVAL EC vs EO | Fold 2 | Epoch 002/100 | EO chunk acc: 0.9091 | EC chunk acc: 1.0000
[2025-11-30 17:09:13,197 INFO main.train_one_fold] ✓ Saved best model: experiments/mdd_t3_ec+eo_005/fold_2_best.pth (combined=0.8974, chunk=0.9446, subject=0.9500)
[2025-11-30 17:09:13,197 INFO early_stopping.__call__] Validation improved from 0.9144 to 0.9446 (+0.0302) at epoch 2
[2025-11-30 17:09:52,293 INFO main.train_one_fold] TRAIN CHUNK | Fold 2 | Epoch 003/100 | Loss: 0.4292 | Acc: 0.8318 | Prec: 0.7872 | Recall: 0.8978 | Spec: 0.7691
[2025-11-30 17:09:54,606 INFO main.train_one_fold] EVAL CHUNK | Fold 2 | Epoch 003/100 | Loss: 0.2001 | Acc: 0.9396 | Prec: 0.9003 | Recall: 1.0000 | Spec: 0.8672
[2025-11-30 17:09:54,606 INFO main.train_one_fold]   Confusion: TP=325, TN=235, FP=36, FN=0
[2025-11-30 17:09:54,606 INFO main.train_one_fold] EVAL SUBJECT | Fold 2 | Epoch 003/100 | Loss: 0.2001 | Acc: 0.9500 | Prec: 0.9167 | Recall: 1.0000 | Spec: 0.8889
[2025-11-30 17:09:54,607 INFO main.train_one_fold]   Confusion: TP=11, TN=8, FP=1, FN=0
[2025-11-30 17:09:54,607 INFO main.train_one_fold] EVAL EC vs EO | Fold 2 | Epoch 003/100 | EO chunk acc: 0.9091 | EC chunk acc: 1.0000
[2025-11-30 17:10:32,711 INFO main.train_one_fold] TRAIN CHUNK | Fold 2 | Epoch 004/100 | Loss: 0.4088 | Acc: 0.8498 | Prec: 0.8041 | Recall: 0.9147 | Spec: 0.7880
[2025-11-30 17:10:36,252 INFO main.train_one_fold] EVAL CHUNK | Fold 2 | Epoch 004/100 | Loss: 0.2372 | Acc: 0.9128 | Prec: 0.8621 | Recall: 1.0000 | Spec: 0.8081
[2025-11-30 17:10:36,252 INFO main.train_one_fold]   Confusion: TP=325, TN=219, FP=52, FN=0
[2025-11-30 17:10:36,252 INFO main.train_one_fold] EVAL SUBJECT | Fold 2 | Epoch 004/100 | Loss: 0.2372 | Acc: 0.9000 | Prec: 0.8462 | Recall: 1.0000 | Spec: 0.7778
[2025-11-30 17:10:36,252 INFO main.train_one_fold]   Confusion: TP=11, TN=7, FP=2, FN=0
[2025-11-30 17:10:36,252 INFO main.train_one_fold] EVAL EC vs EO | Fold 2 | Epoch 004/100 | EO chunk acc: 0.9091 | EC chunk acc: 0.8889
[2025-11-30 17:11:24,924 INFO main.train_one_fold] TRAIN CHUNK | Fold 2 | Epoch 005/100 | Loss: 0.4090 | Acc: 0.8487 | Prec: 0.8014 | Recall: 0.9169 | Spec: 0.7838
[2025-11-30 17:11:27,916 INFO main.train_one_fold] EVAL CHUNK | Fold 2 | Epoch 005/100 | Loss: 0.2260 | Acc: 0.9262 | Prec: 0.8808 | Recall: 1.0000 | Spec: 0.8376
[2025-11-30 17:11:27,916 INFO main.train_one_fold]   Confusion: TP=325, TN=227, FP=44, FN=0
[2025-11-30 17:11:27,916 INFO main.train_one_fold] EVAL SUBJECT | Fold 2 | Epoch 005/100 | Loss: 0.2260 | Acc: 0.9500 | Prec: 0.9167 | Recall: 1.0000 | Spec: 0.8889
[2025-11-30 17:11:27,916 INFO main.train_one_fold]   Confusion: TP=11, TN=8, FP=1, FN=0
[2025-11-30 17:11:27,916 INFO main.train_one_fold] EVAL EC vs EO | Fold 2 | Epoch 005/100 | EO chunk acc: 0.9091 | EC chunk acc: 1.0000
[2025-11-30 17:12:04,994 INFO main.train_one_fold] TRAIN CHUNK | Fold 2 | Epoch 006/100 | Loss: 0.3960 | Acc: 0.8559 | Prec: 0.8086 | Recall: 0.9228 | Spec: 0.7922
[2025-11-30 17:12:07,641 INFO main.train_one_fold] EVAL CHUNK | Fold 2 | Epoch 006/100 | Loss: 0.2048 | Acc: 0.9430 | Prec: 0.9053 | Recall: 1.0000 | Spec: 0.8745
[2025-11-30 17:12:07,643 INFO main.train_one_fold]   Confusion: TP=325, TN=237, FP=34, FN=0
[2025-11-30 17:12:07,643 INFO main.train_one_fold] EVAL SUBJECT | Fold 2 | Epoch 006/100 | Loss: 0.2048 | Acc: 0.9500 | Prec: 0.9167 | Recall: 1.0000 | Spec: 0.8889
[2025-11-30 17:12:07,643 INFO main.train_one_fold]   Confusion: TP=11, TN=8, FP=1, FN=0
[2025-11-30 17:12:07,643 INFO main.train_one_fold] EVAL EC vs EO | Fold 2 | Epoch 006/100 | EO chunk acc: 0.9091 | EC chunk acc: 1.0000
[2025-11-30 17:12:39,860 INFO main.train_one_fold] TRAIN CHUNK | Fold 2 | Epoch 007/100 | Loss: 0.3940 | Acc: 0.8566 | Prec: 0.8117 | Recall: 0.9191 | Spec: 0.7971
[2025-11-30 17:12:46,552 INFO main.train_one_fold] EVAL CHUNK | Fold 2 | Epoch 007/100 | Loss: 0.2561 | Acc: 0.9111 | Prec: 0.8598 | Recall: 1.0000 | Spec: 0.8044
[2025-11-30 17:12:46,552 INFO main.train_one_fold]   Confusion: TP=325, TN=218, FP=53, FN=0
[2025-11-30 17:12:46,552 INFO main.train_one_fold] EVAL SUBJECT | Fold 2 | Epoch 007/100 | Loss: 0.2561 | Acc: 0.9000 | Prec: 0.8462 | Recall: 1.0000 | Spec: 0.7778
[2025-11-30 17:12:46,552 INFO main.train_one_fold]   Confusion: TP=11, TN=7, FP=2, FN=0
[2025-11-30 17:12:46,552 INFO main.train_one_fold] EVAL EC vs EO | Fold 2 | Epoch 007/100 | EO chunk acc: 0.9091 | EC chunk acc: 0.8889
[2025-11-30 17:13:58,988 INFO main.train_one_fold] TRAIN CHUNK | Fold 2 | Epoch 008/100 | Loss: 0.3924 | Acc: 0.8609 | Prec: 0.8144 | Recall: 0.9257 | Spec: 0.7992
[2025-11-30 17:14:06,877 INFO main.train_one_fold] EVAL CHUNK | Fold 2 | Epoch 008/100 | Loss: 0.2138 | Acc: 0.9413 | Prec: 0.9028 | Recall: 1.0000 | Spec: 0.8708
[2025-11-30 17:14:06,877 INFO main.train_one_fold]   Confusion: TP=325, TN=236, FP=35, FN=0
[2025-11-30 17:14:06,880 INFO main.train_one_fold] EVAL SUBJECT | Fold 2 | Epoch 008/100 | Loss: 0.2138 | Acc: 0.9500 | Prec: 0.9167 | Recall: 1.0000 | Spec: 0.8889
[2025-11-30 17:14:06,880 INFO main.train_one_fold]   Confusion: TP=11, TN=8, FP=1, FN=0
[2025-11-30 17:14:06,880 INFO main.train_one_fold] EVAL EC vs EO | Fold 2 | Epoch 008/100 | EO chunk acc: 0.9091 | EC chunk acc: 1.0000
[2025-11-30 17:15:13,015 INFO main.train_one_fold] TRAIN CHUNK | Fold 2 | Epoch 009/100 | Loss: 0.3851 | Acc: 0.8591 | Prec: 0.8125 | Recall: 0.9243 | Spec: 0.7971
[2025-11-30 17:15:19,250 INFO main.train_one_fold] EVAL CHUNK | Fold 2 | Epoch 009/100 | Loss: 0.2153 | Acc: 0.9396 | Prec: 0.9003 | Recall: 1.0000 | Spec: 0.8672
[2025-11-30 17:15:19,251 INFO main.train_one_fold]   Confusion: TP=325, TN=235, FP=36, FN=0
[2025-11-30 17:15:19,251 INFO main.train_one_fold] EVAL SUBJECT | Fold 2 | Epoch 009/100 | Loss: 0.2153 | Acc: 0.9500 | Prec: 0.9167 | Recall: 1.0000 | Spec: 0.8889
[2025-11-30 17:15:19,251 INFO main.train_one_fold]   Confusion: TP=11, TN=8, FP=1, FN=0
[2025-11-30 17:15:19,251 INFO main.train_one_fold] EVAL EC vs EO | Fold 2 | Epoch 009/100 | EO chunk acc: 0.9091 | EC chunk acc: 1.0000
[2025-11-30 17:16:13,095 INFO main.train_one_fold] TRAIN CHUNK | Fold 2 | Epoch 010/100 | Loss: 0.3907 | Acc: 0.8602 | Prec: 0.8158 | Recall: 0.9213 | Spec: 0.8020
[2025-11-30 17:16:18,974 INFO main.train_one_fold] EVAL CHUNK | Fold 2 | Epoch 010/100 | Loss: 0.2220 | Acc: 0.9346 | Prec: 0.8929 | Recall: 1.0000 | Spec: 0.8561
[2025-11-30 17:16:18,975 INFO main.train_one_fold]   Confusion: TP=325, TN=232, FP=39, FN=0
[2025-11-30 17:16:18,975 INFO main.train_one_fold] EVAL SUBJECT | Fold 2 | Epoch 010/100 | Loss: 0.2220 | Acc: 0.9500 | Prec: 0.9167 | Recall: 1.0000 | Spec: 0.8889
[2025-11-30 17:16:18,975 INFO main.train_one_fold]   Confusion: TP=11, TN=8, FP=1, FN=0
[2025-11-30 17:16:18,975 INFO main.train_one_fold] EVAL EC vs EO | Fold 2 | Epoch 010/100 | EO chunk acc: 0.9091 | EC chunk acc: 1.0000
[2025-11-30 17:16:19,012 INFO main.train_one_fold] Saved checkpoint: experiments/mdd_t3_ec+eo_005/fold_2_epoch_010.pth
[2025-11-30 17:17:16,580 INFO main.train_one_fold] TRAIN CHUNK | Fold 2 | Epoch 011/100 | Loss: 0.3915 | Acc: 0.8577 | Prec: 0.8121 | Recall: 0.9213 | Spec: 0.7971
[2025-11-30 17:17:20,674 INFO main.train_one_fold] EVAL CHUNK | Fold 2 | Epoch 011/100 | Loss: 0.2120 | Acc: 0.9430 | Prec: 0.9053 | Recall: 1.0000 | Spec: 0.8745
[2025-11-30 17:17:20,674 INFO main.train_one_fold]   Confusion: TP=325, TN=237, FP=34, FN=0
[2025-11-30 17:17:20,675 INFO main.train_one_fold] EVAL SUBJECT | Fold 2 | Epoch 011/100 | Loss: 0.2120 | Acc: 0.9500 | Prec: 0.9167 | Recall: 1.0000 | Spec: 0.8889
[2025-11-30 17:17:20,675 INFO main.train_one_fold]   Confusion: TP=11, TN=8, FP=1, FN=0
[2025-11-30 17:17:20,675 INFO main.train_one_fold] EVAL EC vs EO | Fold 2 | Epoch 011/100 | EO chunk acc: 0.9091 | EC chunk acc: 1.0000
[2025-11-30 17:18:01,476 INFO main.train_one_fold] TRAIN CHUNK | Fold 2 | Epoch 012/100 | Loss: 0.3904 | Acc: 0.8602 | Prec: 0.8153 | Recall: 0.9221 | Spec: 0.8013
[2025-11-30 17:18:04,361 INFO main.train_one_fold] EVAL CHUNK | Fold 2 | Epoch 012/100 | Loss: 0.2299 | Acc: 0.9279 | Prec: 0.8832 | Recall: 1.0000 | Spec: 0.8413
[2025-11-30 17:18:04,364 INFO main.train_one_fold]   Confusion: TP=325, TN=228, FP=43, FN=0
[2025-11-30 17:18:04,364 INFO main.train_one_fold] EVAL SUBJECT | Fold 2 | Epoch 012/100 | Loss: 0.2299 | Acc: 0.9500 | Prec: 0.9167 | Recall: 1.0000 | Spec: 0.8889
[2025-11-30 17:18:04,365 INFO main.train_one_fold]   Confusion: TP=11, TN=8, FP=1, FN=0
[2025-11-30 17:18:04,365 INFO main.train_one_fold] EVAL EC vs EO | Fold 2 | Epoch 012/100 | EO chunk acc: 0.9091 | EC chunk acc: 1.0000
[2025-11-30 17:18:34,368 INFO main.train_one_fold] TRAIN CHUNK | Fold 2 | Epoch 013/100 | Loss: 0.3877 | Acc: 0.8569 | Prec: 0.8082 | Recall: 0.9265 | Spec: 0.7908
[2025-11-30 17:18:36,088 INFO main.train_one_fold] EVAL CHUNK | Fold 2 | Epoch 013/100 | Loss: 0.2180 | Acc: 0.9379 | Prec: 0.8978 | Recall: 1.0000 | Spec: 0.8635
[2025-11-30 17:18:36,089 INFO main.train_one_fold]   Confusion: TP=325, TN=234, FP=37, FN=0
[2025-11-30 17:18:36,089 INFO main.train_one_fold] EVAL SUBJECT | Fold 2 | Epoch 013/100 | Loss: 0.2180 | Acc: 0.9500 | Prec: 0.9167 | Recall: 1.0000 | Spec: 0.8889
[2025-11-30 17:18:36,089 INFO main.train_one_fold]   Confusion: TP=11, TN=8, FP=1, FN=0
[2025-11-30 17:18:36,089 INFO main.train_one_fold] EVAL EC vs EO | Fold 2 | Epoch 013/100 | EO chunk acc: 0.9091 | EC chunk acc: 1.0000
[2025-11-30 17:19:00,046 INFO main.train_one_fold] TRAIN CHUNK | Fold 2 | Epoch 014/100 | Loss: 0.3857 | Acc: 0.8605 | Prec: 0.8151 | Recall: 0.9235 | Spec: 0.8006
[2025-11-30 17:19:03,666 INFO main.train_one_fold] EVAL CHUNK | Fold 2 | Epoch 014/100 | Loss: 0.2132 | Acc: 0.9430 | Prec: 0.9053 | Recall: 1.0000 | Spec: 0.8745
[2025-11-30 17:19:03,667 INFO main.train_one_fold]   Confusion: TP=325, TN=237, FP=34, FN=0
[2025-11-30 17:19:03,667 INFO main.train_one_fold] EVAL SUBJECT | Fold 2 | Epoch 014/100 | Loss: 0.2132 | Acc: 0.9500 | Prec: 0.9167 | Recall: 1.0000 | Spec: 0.8889
[2025-11-30 17:19:03,667 INFO main.train_one_fold]   Confusion: TP=11, TN=8, FP=1, FN=0
[2025-11-30 17:19:03,667 INFO main.train_one_fold] EVAL EC vs EO | Fold 2 | Epoch 014/100 | EO chunk acc: 0.9091 | EC chunk acc: 1.0000
[2025-11-30 17:19:39,644 INFO main.train_one_fold] TRAIN CHUNK | Fold 2 | Epoch 015/100 | Loss: 0.3821 | Acc: 0.8634 | Prec: 0.8189 | Recall: 0.9243 | Spec: 0.8055
[2025-11-30 17:19:42,358 INFO main.train_one_fold] EVAL CHUNK | Fold 2 | Epoch 015/100 | Loss: 0.2183 | Acc: 0.9379 | Prec: 0.8978 | Recall: 1.0000 | Spec: 0.8635
[2025-11-30 17:19:42,361 INFO main.train_one_fold]   Confusion: TP=325, TN=234, FP=37, FN=0
[2025-11-30 17:19:42,361 INFO main.train_one_fold] EVAL SUBJECT | Fold 2 | Epoch 015/100 | Loss: 0.2183 | Acc: 0.9500 | Prec: 0.9167 | Recall: 1.0000 | Spec: 0.8889
[2025-11-30 17:19:42,361 INFO main.train_one_fold]   Confusion: TP=11, TN=8, FP=1, FN=0
[2025-11-30 17:19:42,361 INFO main.train_one_fold] EVAL EC vs EO | Fold 2 | Epoch 015/100 | EO chunk acc: 0.9091 | EC chunk acc: 1.0000
[2025-11-30 17:20:17,197 INFO main.train_one_fold] TRAIN CHUNK | Fold 2 | Epoch 016/100 | Loss: 0.3791 | Acc: 0.8623 | Prec: 0.8152 | Recall: 0.9279 | Spec: 0.7999
[2025-11-30 17:20:19,951 INFO main.train_one_fold] EVAL CHUNK | Fold 2 | Epoch 016/100 | Loss: 0.2198 | Acc: 0.9413 | Prec: 0.9028 | Recall: 1.0000 | Spec: 0.8708
[2025-11-30 17:20:19,951 INFO main.train_one_fold]   Confusion: TP=325, TN=236, FP=35, FN=0
[2025-11-30 17:20:19,951 INFO main.train_one_fold] EVAL SUBJECT | Fold 2 | Epoch 016/100 | Loss: 0.2198 | Acc: 0.9500 | Prec: 0.9167 | Recall: 1.0000 | Spec: 0.8889
[2025-11-30 17:20:19,951 INFO main.train_one_fold]   Confusion: TP=11, TN=8, FP=1, FN=0
[2025-11-30 17:20:19,951 INFO main.train_one_fold] EVAL EC vs EO | Fold 2 | Epoch 016/100 | EO chunk acc: 0.9091 | EC chunk acc: 1.0000
[2025-11-30 17:20:56,336 INFO main.train_one_fold] TRAIN CHUNK | Fold 2 | Epoch 017/100 | Loss: 0.3777 | Acc: 0.8612 | Prec: 0.8149 | Recall: 0.9257 | Spec: 0.7999
[2025-11-30 17:20:58,795 INFO main.train_one_fold] EVAL CHUNK | Fold 2 | Epoch 017/100 | Loss: 0.2165 | Acc: 0.9379 | Prec: 0.8978 | Recall: 1.0000 | Spec: 0.8635
[2025-11-30 17:20:58,795 INFO main.train_one_fold]   Confusion: TP=325, TN=234, FP=37, FN=0
[2025-11-30 17:20:58,795 INFO main.train_one_fold] EVAL SUBJECT | Fold 2 | Epoch 017/100 | Loss: 0.2165 | Acc: 0.9500 | Prec: 0.9167 | Recall: 1.0000 | Spec: 0.8889
[2025-11-30 17:20:58,795 INFO main.train_one_fold]   Confusion: TP=11, TN=8, FP=1, FN=0
[2025-11-30 17:20:58,795 INFO main.train_one_fold] EVAL EC vs EO | Fold 2 | Epoch 017/100 | EO chunk acc: 0.9091 | EC chunk acc: 1.0000
[2025-11-30 17:21:40,653 INFO main.train_one_fold] TRAIN CHUNK | Fold 2 | Epoch 018/100 | Loss: 0.3808 | Acc: 0.8594 | Prec: 0.8099 | Recall: 0.9301 | Spec: 0.7922
[2025-11-30 17:21:43,836 INFO main.train_one_fold] EVAL CHUNK | Fold 2 | Epoch 018/100 | Loss: 0.2226 | Acc: 0.9379 | Prec: 0.8978 | Recall: 1.0000 | Spec: 0.8635
[2025-11-30 17:21:43,837 INFO main.train_one_fold]   Confusion: TP=325, TN=234, FP=37, FN=0
[2025-11-30 17:21:43,837 INFO main.train_one_fold] EVAL SUBJECT | Fold 2 | Epoch 018/100 | Loss: 0.2226 | Acc: 0.9500 | Prec: 0.9167 | Recall: 1.0000 | Spec: 0.8889
[2025-11-30 17:21:43,837 INFO main.train_one_fold]   Confusion: TP=11, TN=8, FP=1, FN=0
[2025-11-30 17:21:43,837 INFO main.train_one_fold] EVAL EC vs EO | Fold 2 | Epoch 018/100 | EO chunk acc: 0.9091 | EC chunk acc: 1.0000
[2025-11-30 17:22:24,294 INFO main.train_one_fold] TRAIN CHUNK | Fold 2 | Epoch 019/100 | Loss: 0.3772 | Acc: 0.8627 | Prec: 0.8170 | Recall: 0.9257 | Spec: 0.8027
[2025-11-30 17:22:27,102 INFO main.train_one_fold] EVAL CHUNK | Fold 2 | Epoch 019/100 | Loss: 0.2354 | Acc: 0.9362 | Prec: 0.8953 | Recall: 1.0000 | Spec: 0.8598
[2025-11-30 17:22:27,102 INFO main.train_one_fold]   Confusion: TP=325, TN=233, FP=38, FN=0
[2025-11-30 17:22:27,103 INFO main.train_one_fold] EVAL SUBJECT | Fold 2 | Epoch 019/100 | Loss: 0.2354 | Acc: 0.9500 | Prec: 0.9167 | Recall: 1.0000 | Spec: 0.8889
[2025-11-30 17:22:27,103 INFO main.train_one_fold]   Confusion: TP=11, TN=8, FP=1, FN=0
[2025-11-30 17:22:27,103 INFO main.train_one_fold] EVAL EC vs EO | Fold 2 | Epoch 019/100 | EO chunk acc: 0.9091 | EC chunk acc: 1.0000
[2025-11-30 17:23:06,492 INFO main.train_one_fold] TRAIN CHUNK | Fold 2 | Epoch 020/100 | Loss: 0.3826 | Acc: 0.8580 | Prec: 0.8122 | Recall: 0.9221 | Spec: 0.7971
[2025-11-30 17:23:09,553 INFO main.train_one_fold] EVAL CHUNK | Fold 2 | Epoch 020/100 | Loss: 0.2156 | Acc: 0.9430 | Prec: 0.9053 | Recall: 1.0000 | Spec: 0.8745
[2025-11-30 17:23:09,553 INFO main.train_one_fold]   Confusion: TP=325, TN=237, FP=34, FN=0
[2025-11-30 17:23:09,553 INFO main.train_one_fold] EVAL SUBJECT | Fold 2 | Epoch 020/100 | Loss: 0.2156 | Acc: 0.9500 | Prec: 0.9167 | Recall: 1.0000 | Spec: 0.8889
[2025-11-30 17:23:09,553 INFO main.train_one_fold]   Confusion: TP=11, TN=8, FP=1, FN=0
[2025-11-30 17:23:09,554 INFO main.train_one_fold] EVAL EC vs EO | Fold 2 | Epoch 020/100 | EO chunk acc: 0.9091 | EC chunk acc: 1.0000
[2025-11-30 17:23:09,578 INFO main.train_one_fold] Saved checkpoint: experiments/mdd_t3_ec+eo_005/fold_2_epoch_020.pth
[2025-11-30 17:23:37,481 INFO main.train_one_fold] TRAIN CHUNK | Fold 2 | Epoch 021/100 | Loss: 0.3775 | Acc: 0.8609 | Prec: 0.8160 | Recall: 0.9228 | Spec: 0.8020
[2025-11-30 17:23:39,835 INFO main.train_one_fold] EVAL CHUNK | Fold 2 | Epoch 021/100 | Loss: 0.2109 | Acc: 0.9430 | Prec: 0.9053 | Recall: 1.0000 | Spec: 0.8745
[2025-11-30 17:23:39,836 INFO main.train_one_fold]   Confusion: TP=325, TN=237, FP=34, FN=0
[2025-11-30 17:23:39,836 INFO main.train_one_fold] EVAL SUBJECT | Fold 2 | Epoch 021/100 | Loss: 0.2109 | Acc: 0.9500 | Prec: 0.9167 | Recall: 1.0000 | Spec: 0.8889
[2025-11-30 17:23:39,836 INFO main.train_one_fold]   Confusion: TP=11, TN=8, FP=1, FN=0
[2025-11-30 17:23:39,836 INFO main.train_one_fold] EVAL EC vs EO | Fold 2 | Epoch 021/100 | EO chunk acc: 0.9091 | EC chunk acc: 1.0000
[2025-11-30 17:24:15,551 INFO main.train_one_fold] TRAIN CHUNK | Fold 2 | Epoch 022/100 | Loss: 0.3771 | Acc: 0.8609 | Prec: 0.8164 | Recall: 0.9221 | Spec: 0.8027
[2025-11-30 17:24:18,045 INFO main.train_one_fold] EVAL CHUNK | Fold 2 | Epoch 022/100 | Loss: 0.2228 | Acc: 0.9430 | Prec: 0.9053 | Recall: 1.0000 | Spec: 0.8745
[2025-11-30 17:24:18,045 INFO main.train_one_fold]   Confusion: TP=325, TN=237, FP=34, FN=0
[2025-11-30 17:24:18,045 INFO main.train_one_fold] EVAL SUBJECT | Fold 2 | Epoch 022/100 | Loss: 0.2228 | Acc: 0.9500 | Prec: 0.9167 | Recall: 1.0000 | Spec: 0.8889
[2025-11-30 17:24:18,045 INFO main.train_one_fold]   Confusion: TP=11, TN=8, FP=1, FN=0
[2025-11-30 17:24:18,045 INFO main.train_one_fold] EVAL EC vs EO | Fold 2 | Epoch 022/100 | EO chunk acc: 0.9091 | EC chunk acc: 1.0000
[2025-11-30 17:24:18,045 INFO early_stopping.__call__] Early stopping triggered after 20 epochs without improvement. Best score: 0.9446 at epoch 2
[2025-11-30 17:24:18,046 INFO main.train_one_fold] Early stopping triggered at epoch 22
[2025-11-30 17:24:18,046 INFO main.train_one_fold] 
Fold 2 training completed. Best Combined Val Acc: 0.8974 at epoch 2
[2025-11-30 17:24:18,046 INFO main.train_cross_validation] ================================================================================
[2025-11-30 17:24:18,046 INFO main.train_cross_validation] FOLD 3/6
[2025-11-30 17:24:18,046 INFO main.train_cross_validation] ================================================================================
[2025-11-30 17:24:18,046 INFO main.get_datasets_for_fold] Train subjects (94): ['mdd:H S1 EC', 'mdd:H S1 EO', 'mdd:H S15 EC', 'mdd:H S14 EO', 'mdd:H S14 EC', 'mdd:H S23 EC', 'mdd:H S23 EO', 'mdd:H S29 EC', 'mdd:H S29 EO', 'mdd:MDD S6 EO', 'mdd:MDD S6 EC', 'mdd:MDD S4 EO', 'mdd:MDD S15 EC', 'mdd:MDD S15 EO', 'mdd:MDD S28 EO', 'mdd:MDD S28 EC', 'mdd:MDD S10 EO', 'mdd:MDD S10 EC', 'mdd:MDD S32 EO', 'mdd:MDD S32 EC', 'mdd:H S4 EO', 'mdd:H S4 EC', 'mdd:H S18 EO', 'mdd:H S8 EC', 'mdd:H S8 EO', 'mdd:H S26 EO', 'mdd:H S26 EC', 'mdd:H S22 EC', 'mdd:H S22 EO', 'mdd:MDD S21 EO', 'mdd:MDD S21 EC', 'mdd:MDD S22 EC', 'mdd:MDD S22 EO', 'mdd:MDD S16 EO', 'mdd:MDD S13 EC', 'mdd:MDD S13 EO', 'mdd:MDD S30 EC', 'mdd:MDD S30 EO', 'mdd:MDD S31 EC', 'mdd:MDD S31 EO', 'mdd:H S9 EC', 'mdd:H S9 EO', 'mdd:H S28 EO', 'mdd:H S28 EC', 'mdd:H S6 EO', 'mdd:H S6 EC', 'mdd:H S25 EC', 'mdd:H S2 EC', 'mdd:H S2 EO', 'mdd:MDD S5 EC', 'mdd:MDD S5 EO', 'mdd:MDD S20 EC', 'mdd:MDD S20 EO', 'mdd:MDD S34 EO', 'mdd:MDD S34 EC', 'mdd:MDD S27 EO', 'mdd:MDD S27 EC', 'mdd:MDD S11 EO', 'mdd:H S12 EO', 'mdd:H S7 EO', 'mdd:H S7 EC', 'mdd:H S3 EO', 'mdd:H S3 EC', 'mdd:H S21 EC', 'mdd:H S21 EO', 'mdd:H S30 EO', 'mdd:H S30 EC', 'mdd:MDD S2 EO', 'mdd:MDD S14 EO', 'mdd:MDD S14 EC', 'mdd:MDD S17 EO', 'mdd:MDD S17 EC', 'mdd:MDD S3 EC', 'mdd:MDD S3 EO', 'mdd:MDD S12 EO', 'mdd:H S10 EO', 'mdd:H S10 EC', 'mdd:H S24 EO', 'mdd:H S24 EC', 'mdd:H S20 EO', 'mdd:H S20 EC', 'mdd:H S17 EO', 'mdd:H S17 EC', 'mdd:H S5 EC', 'mdd:H S5 EO', 'mdd:MDD S24 EO', 'mdd:MDD S19 EO', 'mdd:MDD S19 EC', 'mdd:MDD S29 EC', 'mdd:MDD S29 EO', 'mdd:MDD S26 EC', 'mdd:MDD S26 EO', 'mdd:MDD S18 EO', 'mdd:MDD S18 EC']...
[2025-11-30 17:24:18,046 INFO main.get_datasets_for_fold] Val subjects (19): ['mdd:H S13 EC', 'mdd:H S13 EO', 'mdd:H S16 EO', 'mdd:H S16 EC', 'mdd:H S11 EO', 'mdd:H S11 EC', 'mdd:H S19 EC', 'mdd:H S19 EO', 'mdd:H S27 EC', 'mdd:H S27 EO', 'mdd:MDD S23 EC', 'mdd:MDD S23 EO', 'mdd:MDD S25 EO', 'mdd:MDD S25 EC', 'mdd:MDD S9 EO', 'mdd:MDD S9 EC', 'mdd:MDD S1 EC', 'mdd:MDD S33 EC', 'mdd:MDD S33 EO']
[2025-11-30 17:24:18,049 INFO main.get_datasets_for_fold] Training chunks: 2812
[2025-11-30 17:24:18,049 INFO main.get_datasets_for_fold] Validation chunks: 573
[2025-11-30 17:24:18,067 INFO model.__init__] Initialized LSTM with input_size=1728, hidden_size=100, batch_first=True
[2025-11-30 17:24:18,069 INFO main.train_one_fold] Starting training for fold 3
[2025-11-30 17:24:53,535 INFO main.train_one_fold] TRAIN CHUNK | Fold 3 | Epoch 001/100 | Loss: 0.6920 | Acc: 0.5071 | Prec: 0.5047 | Recall: 0.9986 | Spec: 0.0114
[2025-11-30 17:24:55,366 INFO main.train_one_fold] EVAL CHUNK | Fold 3 | Epoch 001/100 | Loss: 0.6830 | Acc: 0.7120 | Prec: 0.6233 | Recall: 1.0000 | Spec: 0.4500
[2025-11-30 17:24:55,366 INFO main.train_one_fold]   Confusion: TP=273, TN=135, FP=165, FN=0
[2025-11-30 17:24:55,366 INFO main.train_one_fold] EVAL SUBJECT | Fold 3 | Epoch 001/100 | Loss: 0.6830 | Acc: 0.6842 | Prec: 0.6000 | Recall: 1.0000 | Spec: 0.4000
[2025-11-30 17:24:55,366 INFO main.train_one_fold]   Confusion: TP=9, TN=4, FP=6, FN=0
[2025-11-30 17:24:55,366 INFO main.train_one_fold] EVAL EC vs EO | Fold 3 | Epoch 001/100 | EO chunk acc: 0.6667 | EC chunk acc: 0.7000
[2025-11-30 17:24:55,387 INFO main.train_one_fold] ✓ Saved best model: experiments/mdd_t3_ec+eo_005/fold_3_best.pth (combined=0.4872, chunk=0.7120, subject=0.6842)
[2025-11-30 17:24:55,388 INFO early_stopping.__call__] Early stopping initialized: best score 0.7120 at epoch 1
[2025-11-30 17:25:32,122 INFO main.train_one_fold] TRAIN CHUNK | Fold 3 | Epoch 002/100 | Loss: 0.5142 | Acc: 0.8005 | Prec: 0.7638 | Recall: 0.8725 | Spec: 0.7279
[2025-11-30 17:25:35,087 INFO main.train_one_fold] EVAL CHUNK | Fold 3 | Epoch 002/100 | Loss: 0.6331 | Acc: 0.7644 | Prec: 0.6835 | Recall: 0.9414 | Spec: 0.6033
[2025-11-30 17:25:35,088 INFO main.train_one_fold]   Confusion: TP=257, TN=181, FP=119, FN=16
[2025-11-30 17:25:35,090 INFO main.train_one_fold] EVAL SUBJECT | Fold 3 | Epoch 002/100 | Loss: 0.6331 | Acc: 0.7895 | Prec: 0.6923 | Recall: 1.0000 | Spec: 0.6000
[2025-11-30 17:25:35,090 INFO main.train_one_fold]   Confusion: TP=9, TN=6, FP=4, FN=0
[2025-11-30 17:25:35,090 INFO main.train_one_fold] EVAL EC vs EO | Fold 3 | Epoch 002/100 | EO chunk acc: 0.7778 | EC chunk acc: 0.8000
[2025-11-30 17:25:35,144 INFO main.train_one_fold] ✓ Saved best model: experiments/mdd_t3_ec+eo_005/fold_3_best.pth (combined=0.6035, chunk=0.7644, subject=0.7895)
[2025-11-30 17:25:35,144 INFO early_stopping.__call__] Validation improved from 0.7120 to 0.7644 (+0.0524) at epoch 2
[2025-11-30 17:26:10,585 INFO main.train_one_fold] TRAIN CHUNK | Fold 3 | Epoch 003/100 | Loss: 0.3600 | Acc: 0.8691 | Prec: 0.8541 | Recall: 0.8916 | Spec: 0.8464
[2025-11-30 17:26:13,080 INFO main.train_one_fold] EVAL CHUNK | Fold 3 | Epoch 003/100 | Loss: 0.6222 | Acc: 0.7714 | Prec: 0.6868 | Recall: 0.9560 | Spec: 0.6033
[2025-11-30 17:26:13,080 INFO main.train_one_fold]   Confusion: TP=261, TN=181, FP=119, FN=12
[2025-11-30 17:26:13,080 INFO main.train_one_fold] EVAL SUBJECT | Fold 3 | Epoch 003/100 | Loss: 0.6222 | Acc: 0.7895 | Prec: 0.6923 | Recall: 1.0000 | Spec: 0.6000
[2025-11-30 17:26:13,080 INFO main.train_one_fold]   Confusion: TP=9, TN=6, FP=4, FN=0
[2025-11-30 17:26:13,080 INFO main.train_one_fold] EVAL EC vs EO | Fold 3 | Epoch 003/100 | EO chunk acc: 0.7778 | EC chunk acc: 0.8000
[2025-11-30 17:26:13,108 INFO main.train_one_fold] ✓ Saved best model: experiments/mdd_t3_ec+eo_005/fold_3_best.pth (combined=0.6090, chunk=0.7714, subject=0.7895)
[2025-11-30 17:26:13,108 INFO early_stopping.__call__] Validation improved from 0.7644 to 0.7714 (+0.0070) at epoch 3
[2025-11-30 17:26:46,353 INFO main.train_one_fold] TRAIN CHUNK | Fold 3 | Epoch 004/100 | Loss: 0.3478 | Acc: 0.8777 | Prec: 0.8532 | Recall: 0.9136 | Spec: 0.8414
[2025-11-30 17:26:50,180 INFO main.train_one_fold] EVAL CHUNK | Fold 3 | Epoch 004/100 | Loss: 0.6104 | Acc: 0.7801 | Prec: 0.6909 | Recall: 0.9744 | Spec: 0.6033
[2025-11-30 17:26:50,180 INFO main.train_one_fold]   Confusion: TP=266, TN=181, FP=119, FN=7
[2025-11-30 17:26:50,180 INFO main.train_one_fold] EVAL SUBJECT | Fold 3 | Epoch 004/100 | Loss: 0.6104 | Acc: 0.7895 | Prec: 0.6923 | Recall: 1.0000 | Spec: 0.6000
[2025-11-30 17:26:50,180 INFO main.train_one_fold]   Confusion: TP=9, TN=6, FP=4, FN=0
[2025-11-30 17:26:50,180 INFO main.train_one_fold] EVAL EC vs EO | Fold 3 | Epoch 004/100 | EO chunk acc: 0.7778 | EC chunk acc: 0.8000
[2025-11-30 17:26:50,229 INFO main.train_one_fold] ✓ Saved best model: experiments/mdd_t3_ec+eo_005/fold_3_best.pth (combined=0.6159, chunk=0.7801, subject=0.7895)
[2025-11-30 17:26:50,229 INFO early_stopping.__call__] Validation improved from 0.7714 to 0.7801 (+0.0087) at epoch 4
[2025-11-30 17:27:26,763 INFO main.train_one_fold] TRAIN CHUNK | Fold 3 | Epoch 005/100 | Loss: 0.3377 | Acc: 0.8798 | Prec: 0.8638 | Recall: 0.9030 | Spec: 0.8564
[2025-11-30 17:27:28,961 INFO main.train_one_fold] EVAL CHUNK | Fold 3 | Epoch 005/100 | Loss: 0.6220 | Acc: 0.7871 | Prec: 0.6941 | Recall: 0.9890 | Spec: 0.6033
[2025-11-30 17:27:28,961 INFO main.train_one_fold]   Confusion: TP=270, TN=181, FP=119, FN=3
[2025-11-30 17:27:28,962 INFO main.train_one_fold] EVAL SUBJECT | Fold 3 | Epoch 005/100 | Loss: 0.6220 | Acc: 0.7895 | Prec: 0.6923 | Recall: 1.0000 | Spec: 0.6000
[2025-11-30 17:27:28,962 INFO main.train_one_fold]   Confusion: TP=9, TN=6, FP=4, FN=0
[2025-11-30 17:27:28,962 INFO main.train_one_fold] EVAL EC vs EO | Fold 3 | Epoch 005/100 | EO chunk acc: 0.7778 | EC chunk acc: 0.8000
[2025-11-30 17:27:29,006 INFO main.train_one_fold] ✓ Saved best model: experiments/mdd_t3_ec+eo_005/fold_3_best.pth (combined=0.6214, chunk=0.7871, subject=0.7895)
[2025-11-30 17:27:29,007 INFO early_stopping.__call__] Validation improved from 0.7801 to 0.7871 (+0.0070) at epoch 5
[2025-11-30 17:27:55,284 INFO main.train_one_fold] TRAIN CHUNK | Fold 3 | Epoch 006/100 | Loss: 0.3293 | Acc: 0.8851 | Prec: 0.8652 | Recall: 0.9136 | Spec: 0.8564
[2025-11-30 17:27:56,747 INFO main.train_one_fold] EVAL CHUNK | Fold 3 | Epoch 006/100 | Loss: 0.6295 | Acc: 0.7853 | Prec: 0.6923 | Recall: 0.9890 | Spec: 0.6000
[2025-11-30 17:27:56,748 INFO main.train_one_fold]   Confusion: TP=270, TN=180, FP=120, FN=3
[2025-11-30 17:27:56,748 INFO main.train_one_fold] EVAL SUBJECT | Fold 3 | Epoch 006/100 | Loss: 0.6295 | Acc: 0.7895 | Prec: 0.6923 | Recall: 1.0000 | Spec: 0.6000
[2025-11-30 17:27:56,748 INFO main.train_one_fold]   Confusion: TP=9, TN=6, FP=4, FN=0
[2025-11-30 17:27:56,748 INFO main.train_one_fold] EVAL EC vs EO | Fold 3 | Epoch 006/100 | EO chunk acc: 0.7778 | EC chunk acc: 0.8000
[2025-11-30 17:28:23,336 INFO main.train_one_fold] TRAIN CHUNK | Fold 3 | Epoch 007/100 | Loss: 0.3284 | Acc: 0.8887 | Prec: 0.8661 | Recall: 0.9207 | Spec: 0.8564
[2025-11-30 17:28:25,523 INFO main.train_one_fold] EVAL CHUNK | Fold 3 | Epoch 007/100 | Loss: 0.6203 | Acc: 0.7801 | Prec: 0.6909 | Recall: 0.9744 | Spec: 0.6033
[2025-11-30 17:28:25,524 INFO main.train_one_fold]   Confusion: TP=266, TN=181, FP=119, FN=7
[2025-11-30 17:28:25,524 INFO main.train_one_fold] EVAL SUBJECT | Fold 3 | Epoch 007/100 | Loss: 0.6203 | Acc: 0.7895 | Prec: 0.6923 | Recall: 1.0000 | Spec: 0.6000
[2025-11-30 17:28:25,524 INFO main.train_one_fold]   Confusion: TP=9, TN=6, FP=4, FN=0
[2025-11-30 17:28:25,524 INFO main.train_one_fold] EVAL EC vs EO | Fold 3 | Epoch 007/100 | EO chunk acc: 0.7778 | EC chunk acc: 0.8000
[2025-11-30 17:29:01,508 INFO main.train_one_fold] TRAIN CHUNK | Fold 3 | Epoch 008/100 | Loss: 0.3252 | Acc: 0.8834 | Prec: 0.8604 | Recall: 0.9164 | Spec: 0.8500
[2025-11-30 17:29:04,885 INFO main.train_one_fold] EVAL CHUNK | Fold 3 | Epoch 008/100 | Loss: 0.5944 | Acc: 0.7871 | Prec: 0.6941 | Recall: 0.9890 | Spec: 0.6033
[2025-11-30 17:29:04,885 INFO main.train_one_fold]   Confusion: TP=270, TN=181, FP=119, FN=3
[2025-11-30 17:29:04,885 INFO main.train_one_fold] EVAL SUBJECT | Fold 3 | Epoch 008/100 | Loss: 0.5944 | Acc: 0.7895 | Prec: 0.6923 | Recall: 1.0000 | Spec: 0.6000
[2025-11-30 17:29:04,885 INFO main.train_one_fold]   Confusion: TP=9, TN=6, FP=4, FN=0
[2025-11-30 17:29:04,885 INFO main.train_one_fold] EVAL EC vs EO | Fold 3 | Epoch 008/100 | EO chunk acc: 0.7778 | EC chunk acc: 0.8000
[2025-11-30 17:29:39,255 INFO main.train_one_fold] TRAIN CHUNK | Fold 3 | Epoch 009/100 | Loss: 0.3256 | Acc: 0.8876 | Prec: 0.8668 | Recall: 0.9171 | Spec: 0.8579
[2025-11-30 17:29:41,870 INFO main.train_one_fold] EVAL CHUNK | Fold 3 | Epoch 009/100 | Loss: 0.5936 | Acc: 0.7871 | Prec: 0.6921 | Recall: 0.9963 | Spec: 0.5967
[2025-11-30 17:29:41,874 INFO main.train_one_fold]   Confusion: TP=272, TN=179, FP=121, FN=1
[2025-11-30 17:29:41,874 INFO main.train_one_fold] EVAL SUBJECT | Fold 3 | Epoch 009/100 | Loss: 0.5936 | Acc: 0.7895 | Prec: 0.6923 | Recall: 1.0000 | Spec: 0.6000
[2025-11-30 17:29:41,874 INFO main.train_one_fold]   Confusion: TP=9, TN=6, FP=4, FN=0
[2025-11-30 17:29:41,874 INFO main.train_one_fold] EVAL EC vs EO | Fold 3 | Epoch 009/100 | EO chunk acc: 0.7778 | EC chunk acc: 0.8000
[2025-11-30 17:30:20,207 INFO main.train_one_fold] TRAIN CHUNK | Fold 3 | Epoch 010/100 | Loss: 0.3208 | Acc: 0.8894 | Prec: 0.8653 | Recall: 0.9235 | Spec: 0.8550
[2025-11-30 17:30:22,138 INFO main.train_one_fold] EVAL CHUNK | Fold 3 | Epoch 010/100 | Loss: 0.5887 | Acc: 0.7818 | Prec: 0.6917 | Recall: 0.9780 | Spec: 0.6033
[2025-11-30 17:30:22,138 INFO main.train_one_fold]   Confusion: TP=267, TN=181, FP=119, FN=6
[2025-11-30 17:30:22,138 INFO main.train_one_fold] EVAL SUBJECT | Fold 3 | Epoch 010/100 | Loss: 0.5887 | Acc: 0.7895 | Prec: 0.6923 | Recall: 1.0000 | Spec: 0.6000
[2025-11-30 17:30:22,139 INFO main.train_one_fold]   Confusion: TP=9, TN=6, FP=4, FN=0
[2025-11-30 17:30:22,139 INFO main.train_one_fold] EVAL EC vs EO | Fold 3 | Epoch 010/100 | EO chunk acc: 0.7778 | EC chunk acc: 0.8000
[2025-11-30 17:30:22,159 INFO main.train_one_fold] Saved checkpoint: experiments/mdd_t3_ec+eo_005/fold_3_epoch_010.pth
[2025-11-30 17:30:59,273 INFO main.train_one_fold] TRAIN CHUNK | Fold 3 | Epoch 011/100 | Loss: 0.3194 | Acc: 0.8894 | Prec: 0.8658 | Recall: 0.9228 | Spec: 0.8557
[2025-11-30 17:31:01,422 INFO main.train_one_fold] EVAL CHUNK | Fold 3 | Epoch 011/100 | Loss: 0.5982 | Acc: 0.7801 | Prec: 0.6909 | Recall: 0.9744 | Spec: 0.6033
[2025-11-30 17:31:01,423 INFO main.train_one_fold]   Confusion: TP=266, TN=181, FP=119, FN=7
[2025-11-30 17:31:01,423 INFO main.train_one_fold] EVAL SUBJECT | Fold 3 | Epoch 011/100 | Loss: 0.5982 | Acc: 0.7895 | Prec: 0.6923 | Recall: 1.0000 | Spec: 0.6000
[2025-11-30 17:31:01,423 INFO main.train_one_fold]   Confusion: TP=9, TN=6, FP=4, FN=0
[2025-11-30 17:31:01,423 INFO main.train_one_fold] EVAL EC vs EO | Fold 3 | Epoch 011/100 | EO chunk acc: 0.7778 | EC chunk acc: 0.8000
[2025-11-30 17:31:39,683 INFO main.train_one_fold] TRAIN CHUNK | Fold 3 | Epoch 012/100 | Loss: 0.3168 | Acc: 0.8908 | Prec: 0.8661 | Recall: 0.9256 | Spec: 0.8557
[2025-11-30 17:31:42,651 INFO main.train_one_fold] EVAL CHUNK | Fold 3 | Epoch 012/100 | Loss: 0.6030 | Acc: 0.7836 | Prec: 0.6905 | Recall: 0.9890 | Spec: 0.5967
[2025-11-30 17:31:42,652 INFO main.train_one_fold]   Confusion: TP=270, TN=179, FP=121, FN=3
[2025-11-30 17:31:42,652 INFO main.train_one_fold] EVAL SUBJECT | Fold 3 | Epoch 012/100 | Loss: 0.6030 | Acc: 0.7895 | Prec: 0.6923 | Recall: 1.0000 | Spec: 0.6000
[2025-11-30 17:31:42,652 INFO main.train_one_fold]   Confusion: TP=9, TN=6, FP=4, FN=0
[2025-11-30 17:31:42,652 INFO main.train_one_fold] EVAL EC vs EO | Fold 3 | Epoch 012/100 | EO chunk acc: 0.7778 | EC chunk acc: 0.8000
[2025-11-30 17:32:16,322 INFO main.train_one_fold] TRAIN CHUNK | Fold 3 | Epoch 013/100 | Loss: 0.3119 | Acc: 0.8905 | Prec: 0.8695 | Recall: 0.9200 | Spec: 0.8607
[2025-11-30 17:32:19,308 INFO main.train_one_fold] EVAL CHUNK | Fold 3 | Epoch 013/100 | Loss: 0.6265 | Acc: 0.7749 | Prec: 0.6885 | Recall: 0.9634 | Spec: 0.6033
[2025-11-30 17:32:19,309 INFO main.train_one_fold]   Confusion: TP=263, TN=181, FP=119, FN=10
[2025-11-30 17:32:19,309 INFO main.train_one_fold] EVAL SUBJECT | Fold 3 | Epoch 013/100 | Loss: 0.6265 | Acc: 0.7895 | Prec: 0.6923 | Recall: 1.0000 | Spec: 0.6000
[2025-11-30 17:32:19,309 INFO main.train_one_fold]   Confusion: TP=9, TN=6, FP=4, FN=0
[2025-11-30 17:32:19,309 INFO main.train_one_fold] EVAL EC vs EO | Fold 3 | Epoch 013/100 | EO chunk acc: 0.7778 | EC chunk acc: 0.8000
[2025-11-30 17:32:50,008 INFO main.train_one_fold] TRAIN CHUNK | Fold 3 | Epoch 014/100 | Loss: 0.3063 | Acc: 0.8937 | Prec: 0.8778 | Recall: 0.9157 | Spec: 0.8714
[2025-11-30 17:32:52,714 INFO main.train_one_fold] EVAL CHUNK | Fold 3 | Epoch 014/100 | Loss: 0.6552 | Acc: 0.7766 | Prec: 0.6893 | Recall: 0.9670 | Spec: 0.6033
[2025-11-30 17:32:52,714 INFO main.train_one_fold]   Confusion: TP=264, TN=181, FP=119, FN=9
[2025-11-30 17:32:52,714 INFO main.train_one_fold] EVAL SUBJECT | Fold 3 | Epoch 014/100 | Loss: 0.6552 | Acc: 0.7895 | Prec: 0.6923 | Recall: 1.0000 | Spec: 0.6000
[2025-11-30 17:32:52,714 INFO main.train_one_fold]   Confusion: TP=9, TN=6, FP=4, FN=0
[2025-11-30 17:32:52,714 INFO main.train_one_fold] EVAL EC vs EO | Fold 3 | Epoch 014/100 | EO chunk acc: 0.7778 | EC chunk acc: 0.8000
[2025-11-30 17:33:27,720 INFO main.train_one_fold] TRAIN CHUNK | Fold 3 | Epoch 015/100 | Loss: 0.3059 | Acc: 0.8944 | Prec: 0.8769 | Recall: 0.9186 | Spec: 0.8700
[2025-11-30 17:33:30,773 INFO main.train_one_fold] EVAL CHUNK | Fold 3 | Epoch 015/100 | Loss: 0.6572 | Acc: 0.7522 | Prec: 0.6775 | Recall: 0.9158 | Spec: 0.6033
[2025-11-30 17:33:30,773 INFO main.train_one_fold]   Confusion: TP=250, TN=181, FP=119, FN=23
[2025-11-30 17:33:30,773 INFO main.train_one_fold] EVAL SUBJECT | Fold 3 | Epoch 015/100 | Loss: 0.6572 | Acc: 0.7895 | Prec: 0.6923 | Recall: 1.0000 | Spec: 0.6000
[2025-11-30 17:33:30,773 INFO main.train_one_fold]   Confusion: TP=9, TN=6, FP=4, FN=0
[2025-11-30 17:33:30,773 INFO main.train_one_fold] EVAL EC vs EO | Fold 3 | Epoch 015/100 | EO chunk acc: 0.7778 | EC chunk acc: 0.8000
[2025-11-30 17:34:13,852 INFO main.train_one_fold] TRAIN CHUNK | Fold 3 | Epoch 016/100 | Loss: 0.3073 | Acc: 0.8969 | Prec: 0.8785 | Recall: 0.9221 | Spec: 0.8714
[2025-11-30 17:34:18,971 INFO main.train_one_fold] EVAL CHUNK | Fold 3 | Epoch 016/100 | Loss: 0.6491 | Acc: 0.7731 | Prec: 0.6867 | Recall: 0.9634 | Spec: 0.6000
[2025-11-30 17:34:18,971 INFO main.train_one_fold]   Confusion: TP=263, TN=180, FP=120, FN=10
[2025-11-30 17:34:18,971 INFO main.train_one_fold] EVAL SUBJECT | Fold 3 | Epoch 016/100 | Loss: 0.6491 | Acc: 0.7895 | Prec: 0.6923 | Recall: 1.0000 | Spec: 0.6000
[2025-11-30 17:34:18,971 INFO main.train_one_fold]   Confusion: TP=9, TN=6, FP=4, FN=0
[2025-11-30 17:34:18,971 INFO main.train_one_fold] EVAL EC vs EO | Fold 3 | Epoch 016/100 | EO chunk acc: 0.7778 | EC chunk acc: 0.8000
[2025-11-30 17:35:05,649 INFO main.train_one_fold] TRAIN CHUNK | Fold 3 | Epoch 017/100 | Loss: 0.3029 | Acc: 0.8997 | Prec: 0.8807 | Recall: 0.9256 | Spec: 0.8736
[2025-11-30 17:35:09,745 INFO main.train_one_fold] EVAL CHUNK | Fold 3 | Epoch 017/100 | Loss: 0.6555 | Acc: 0.7435 | Prec: 0.6731 | Recall: 0.8974 | Spec: 0.6033
[2025-11-30 17:35:09,745 INFO main.train_one_fold]   Confusion: TP=245, TN=181, FP=119, FN=28
[2025-11-30 17:35:09,745 INFO main.train_one_fold] EVAL SUBJECT | Fold 3 | Epoch 017/100 | Loss: 0.6555 | Acc: 0.7895 | Prec: 0.6923 | Recall: 1.0000 | Spec: 0.6000
[2025-11-30 17:35:09,745 INFO main.train_one_fold]   Confusion: TP=9, TN=6, FP=4, FN=0
[2025-11-30 17:35:09,745 INFO main.train_one_fold] EVAL EC vs EO | Fold 3 | Epoch 017/100 | EO chunk acc: 0.7778 | EC chunk acc: 0.8000
[2025-11-30 17:36:02,039 INFO main.train_one_fold] TRAIN CHUNK | Fold 3 | Epoch 018/100 | Loss: 0.2889 | Acc: 0.8994 | Prec: 0.8806 | Recall: 0.9249 | Spec: 0.8736
[2025-11-30 17:36:04,664 INFO main.train_one_fold] EVAL CHUNK | Fold 3 | Epoch 018/100 | Loss: 0.6683 | Acc: 0.7469 | Prec: 0.6739 | Recall: 0.9084 | Spec: 0.6000
[2025-11-30 17:36:04,670 INFO main.train_one_fold]   Confusion: TP=248, TN=180, FP=120, FN=25
[2025-11-30 17:36:04,670 INFO main.train_one_fold] EVAL SUBJECT | Fold 3 | Epoch 018/100 | Loss: 0.6683 | Acc: 0.7895 | Prec: 0.6923 | Recall: 1.0000 | Spec: 0.6000
[2025-11-30 17:36:04,670 INFO main.train_one_fold]   Confusion: TP=9, TN=6, FP=4, FN=0
[2025-11-30 17:36:04,670 INFO main.train_one_fold] EVAL EC vs EO | Fold 3 | Epoch 018/100 | EO chunk acc: 0.7778 | EC chunk acc: 0.8000
[2025-11-30 17:36:59,325 INFO main.train_one_fold] TRAIN CHUNK | Fold 3 | Epoch 019/100 | Loss: 0.2882 | Acc: 0.9018 | Prec: 0.8848 | Recall: 0.9249 | Spec: 0.8786
[2025-11-30 17:37:02,294 INFO main.train_one_fold] EVAL CHUNK | Fold 3 | Epoch 019/100 | Loss: 0.6846 | Acc: 0.7208 | Prec: 0.6592 | Recall: 0.8571 | Spec: 0.5967
[2025-11-30 17:37:02,294 INFO main.train_one_fold]   Confusion: TP=234, TN=179, FP=121, FN=39
[2025-11-30 17:37:02,294 INFO main.train_one_fold] EVAL SUBJECT | Fold 3 | Epoch 019/100 | Loss: 0.6846 | Acc: 0.7368 | Prec: 0.6667 | Recall: 0.8889 | Spec: 0.6000
[2025-11-30 17:37:02,294 INFO main.train_one_fold]   Confusion: TP=8, TN=6, FP=4, FN=1
[2025-11-30 17:37:02,294 INFO main.train_one_fold] EVAL EC vs EO | Fold 3 | Epoch 019/100 | EO chunk acc: 0.6667 | EC chunk acc: 0.8000
[2025-11-30 17:37:56,398 INFO main.train_one_fold] TRAIN CHUNK | Fold 3 | Epoch 020/100 | Loss: 0.2856 | Acc: 0.8969 | Prec: 0.8801 | Recall: 0.9200 | Spec: 0.8736
[2025-11-30 17:37:59,681 INFO main.train_one_fold] EVAL CHUNK | Fold 3 | Epoch 020/100 | Loss: 0.6431 | Acc: 0.7749 | Prec: 0.6865 | Recall: 0.9707 | Spec: 0.5967
[2025-11-30 17:37:59,681 INFO main.train_one_fold]   Confusion: TP=265, TN=179, FP=121, FN=8
[2025-11-30 17:37:59,681 INFO main.train_one_fold] EVAL SUBJECT | Fold 3 | Epoch 020/100 | Loss: 0.6431 | Acc: 0.7895 | Prec: 0.6923 | Recall: 1.0000 | Spec: 0.6000
[2025-11-30 17:37:59,681 INFO main.train_one_fold]   Confusion: TP=9, TN=6, FP=4, FN=0
[2025-11-30 17:37:59,681 INFO main.train_one_fold] EVAL EC vs EO | Fold 3 | Epoch 020/100 | EO chunk acc: 0.7778 | EC chunk acc: 0.8000
[2025-11-30 17:37:59,703 INFO main.train_one_fold] Saved checkpoint: experiments/mdd_t3_ec+eo_005/fold_3_epoch_020.pth
[2025-11-30 17:39:03,542 INFO main.train_one_fold] TRAIN CHUNK | Fold 3 | Epoch 021/100 | Loss: 0.2833 | Acc: 0.9058 | Prec: 0.8846 | Recall: 0.9341 | Spec: 0.8771
[2025-11-30 17:39:06,302 INFO main.train_one_fold] EVAL CHUNK | Fold 3 | Epoch 021/100 | Loss: 0.6695 | Acc: 0.7103 | Prec: 0.6551 | Recall: 0.8278 | Spec: 0.6033
[2025-11-30 17:39:06,303 INFO main.train_one_fold]   Confusion: TP=226, TN=181, FP=119, FN=47
[2025-11-30 17:39:06,303 INFO main.train_one_fold] EVAL SUBJECT | Fold 3 | Epoch 021/100 | Loss: 0.6695 | Acc: 0.6842 | Prec: 0.6364 | Recall: 0.7778 | Spec: 0.6000
[2025-11-30 17:39:06,303 INFO main.train_one_fold]   Confusion: TP=7, TN=6, FP=4, FN=2
[2025-11-30 17:39:06,303 INFO main.train_one_fold] EVAL EC vs EO | Fold 3 | Epoch 021/100 | EO chunk acc: 0.6667 | EC chunk acc: 0.7000
[2025-11-30 17:40:13,113 INFO main.train_one_fold] TRAIN CHUNK | Fold 3 | Epoch 022/100 | Loss: 0.2866 | Acc: 0.8972 | Prec: 0.8776 | Recall: 0.9242 | Spec: 0.8700
[2025-11-30 17:40:15,778 INFO main.train_one_fold] EVAL CHUNK | Fold 3 | Epoch 022/100 | Loss: 0.6515 | Acc: 0.7469 | Prec: 0.6711 | Recall: 0.9194 | Spec: 0.5900
[2025-11-30 17:40:15,779 INFO main.train_one_fold]   Confusion: TP=251, TN=177, FP=123, FN=22
[2025-11-30 17:40:15,779 INFO main.train_one_fold] EVAL SUBJECT | Fold 3 | Epoch 022/100 | Loss: 0.6515 | Acc: 0.7895 | Prec: 0.6923 | Recall: 1.0000 | Spec: 0.6000
[2025-11-30 17:40:15,779 INFO main.train_one_fold]   Confusion: TP=9, TN=6, FP=4, FN=0
[2025-11-30 17:40:15,779 INFO main.train_one_fold] EVAL EC vs EO | Fold 3 | Epoch 022/100 | EO chunk acc: 0.7778 | EC chunk acc: 0.8000
[2025-11-30 17:41:20,823 INFO main.train_one_fold] TRAIN CHUNK | Fold 3 | Epoch 023/100 | Loss: 0.2709 | Acc: 0.9079 | Prec: 0.8903 | Recall: 0.9313 | Spec: 0.8843
[2025-11-30 17:41:22,613 INFO main.train_one_fold] EVAL CHUNK | Fold 3 | Epoch 023/100 | Loss: 0.7290 | Acc: 0.7190 | Prec: 0.6556 | Recall: 0.8645 | Spec: 0.5867
[2025-11-30 17:41:22,613 INFO main.train_one_fold]   Confusion: TP=236, TN=176, FP=124, FN=37
[2025-11-30 17:41:22,613 INFO main.train_one_fold] EVAL SUBJECT | Fold 3 | Epoch 023/100 | Loss: 0.7290 | Acc: 0.7368 | Prec: 0.6667 | Recall: 0.8889 | Spec: 0.6000
[2025-11-30 17:41:22,614 INFO main.train_one_fold]   Confusion: TP=8, TN=6, FP=4, FN=1
[2025-11-30 17:41:22,614 INFO main.train_one_fold] EVAL EC vs EO | Fold 3 | Epoch 023/100 | EO chunk acc: 0.7778 | EC chunk acc: 0.7000
[2025-11-30 17:42:23,151 INFO main.train_one_fold] TRAIN CHUNK | Fold 3 | Epoch 024/100 | Loss: 0.2849 | Acc: 0.8994 | Prec: 0.8801 | Recall: 0.9256 | Spec: 0.8729
[2025-11-30 17:42:27,074 INFO main.train_one_fold] EVAL CHUNK | Fold 3 | Epoch 024/100 | Loss: 0.6824 | Acc: 0.7277 | Prec: 0.6648 | Recall: 0.8645 | Spec: 0.6033
[2025-11-30 17:42:27,074 INFO main.train_one_fold]   Confusion: TP=236, TN=181, FP=119, FN=37
[2025-11-30 17:42:27,074 INFO main.train_one_fold] EVAL SUBJECT | Fold 3 | Epoch 024/100 | Loss: 0.6824 | Acc: 0.7368 | Prec: 0.6667 | Recall: 0.8889 | Spec: 0.6000
[2025-11-30 17:42:27,074 INFO main.train_one_fold]   Confusion: TP=8, TN=6, FP=4, FN=1
[2025-11-30 17:42:27,074 INFO main.train_one_fold] EVAL EC vs EO | Fold 3 | Epoch 024/100 | EO chunk acc: 0.7778 | EC chunk acc: 0.7000
[2025-11-30 17:43:36,904 INFO main.train_one_fold] TRAIN CHUNK | Fold 3 | Epoch 025/100 | Loss: 0.2788 | Acc: 0.9018 | Prec: 0.8859 | Recall: 0.9235 | Spec: 0.8800
[2025-11-30 17:43:40,693 INFO main.train_one_fold] EVAL CHUNK | Fold 3 | Epoch 025/100 | Loss: 0.6485 | Acc: 0.7557 | Prec: 0.6755 | Recall: 0.9377 | Spec: 0.5900
[2025-11-30 17:43:40,696 INFO main.train_one_fold]   Confusion: TP=256, TN=177, FP=123, FN=17
[2025-11-30 17:43:40,696 INFO main.train_one_fold] EVAL SUBJECT | Fold 3 | Epoch 025/100 | Loss: 0.6485 | Acc: 0.7895 | Prec: 0.6923 | Recall: 1.0000 | Spec: 0.6000
[2025-11-30 17:43:40,696 INFO main.train_one_fold]   Confusion: TP=9, TN=6, FP=4, FN=0
[2025-11-30 17:43:40,697 INFO main.train_one_fold] EVAL EC vs EO | Fold 3 | Epoch 025/100 | EO chunk acc: 0.7778 | EC chunk acc: 0.8000
[2025-11-30 17:43:40,697 INFO early_stopping.__call__] Early stopping triggered after 20 epochs without improvement. Best score: 0.7871 at epoch 5
[2025-11-30 17:43:40,698 INFO main.train_one_fold] Early stopping triggered at epoch 25
[2025-11-30 17:43:40,698 INFO main.train_one_fold] 
Fold 3 training completed. Best Combined Val Acc: 0.6214 at epoch 5
[2025-11-30 17:43:40,698 INFO main.train_cross_validation] ================================================================================
[2025-11-30 17:43:40,698 INFO main.train_cross_validation] FOLD 4/6
[2025-11-30 17:43:40,699 INFO main.train_cross_validation] ================================================================================
[2025-11-30 17:43:40,699 INFO main.get_datasets_for_fold] Train subjects (95): ['mdd:H S1 EC', 'mdd:H S1 EO', 'mdd:H S15 EC', 'mdd:H S14 EO', 'mdd:H S14 EC', 'mdd:H S23 EC', 'mdd:H S23 EO', 'mdd:H S29 EC', 'mdd:H S29 EO', 'mdd:MDD S6 EO', 'mdd:MDD S6 EC', 'mdd:MDD S4 EO', 'mdd:MDD S15 EC', 'mdd:MDD S15 EO', 'mdd:MDD S28 EO', 'mdd:MDD S28 EC', 'mdd:MDD S10 EO', 'mdd:MDD S10 EC', 'mdd:MDD S32 EO', 'mdd:MDD S32 EC', 'mdd:H S4 EO', 'mdd:H S4 EC', 'mdd:H S18 EO', 'mdd:H S8 EC', 'mdd:H S8 EO', 'mdd:H S26 EO', 'mdd:H S26 EC', 'mdd:H S22 EC', 'mdd:H S22 EO', 'mdd:MDD S21 EO', 'mdd:MDD S21 EC', 'mdd:MDD S22 EC', 'mdd:MDD S22 EO', 'mdd:MDD S16 EO', 'mdd:MDD S13 EC', 'mdd:MDD S13 EO', 'mdd:MDD S30 EC', 'mdd:MDD S30 EO', 'mdd:MDD S31 EC', 'mdd:MDD S31 EO', 'mdd:H S13 EC', 'mdd:H S13 EO', 'mdd:H S16 EO', 'mdd:H S16 EC', 'mdd:H S11 EO', 'mdd:H S11 EC', 'mdd:H S19 EC', 'mdd:H S19 EO', 'mdd:H S27 EC', 'mdd:H S27 EO', 'mdd:MDD S23 EC', 'mdd:MDD S23 EO', 'mdd:MDD S25 EO', 'mdd:MDD S25 EC', 'mdd:MDD S9 EO', 'mdd:MDD S9 EC', 'mdd:MDD S1 EC', 'mdd:MDD S33 EC', 'mdd:MDD S33 EO', 'mdd:H S12 EO', 'mdd:H S7 EO', 'mdd:H S7 EC', 'mdd:H S3 EO', 'mdd:H S3 EC', 'mdd:H S21 EC', 'mdd:H S21 EO', 'mdd:H S30 EO', 'mdd:H S30 EC', 'mdd:MDD S2 EO', 'mdd:MDD S14 EO', 'mdd:MDD S14 EC', 'mdd:MDD S17 EO', 'mdd:MDD S17 EC', 'mdd:MDD S3 EC', 'mdd:MDD S3 EO', 'mdd:MDD S12 EO', 'mdd:H S10 EO', 'mdd:H S10 EC', 'mdd:H S24 EO', 'mdd:H S24 EC', 'mdd:H S20 EO', 'mdd:H S20 EC', 'mdd:H S17 EO', 'mdd:H S17 EC', 'mdd:H S5 EC', 'mdd:H S5 EO', 'mdd:MDD S24 EO', 'mdd:MDD S19 EO', 'mdd:MDD S19 EC', 'mdd:MDD S29 EC', 'mdd:MDD S29 EO', 'mdd:MDD S26 EC', 'mdd:MDD S26 EO', 'mdd:MDD S18 EO', 'mdd:MDD S18 EC']...
[2025-11-30 17:43:40,699 INFO main.get_datasets_for_fold] Val subjects (18): ['mdd:H S9 EC', 'mdd:H S9 EO', 'mdd:H S28 EO', 'mdd:H S28 EC', 'mdd:H S6 EO', 'mdd:H S6 EC', 'mdd:H S25 EC', 'mdd:H S2 EC', 'mdd:H S2 EO', 'mdd:MDD S5 EC', 'mdd:MDD S5 EO', 'mdd:MDD S20 EC', 'mdd:MDD S20 EO', 'mdd:MDD S34 EO', 'mdd:MDD S34 EC', 'mdd:MDD S27 EO', 'mdd:MDD S27 EC', 'mdd:MDD S11 EO']
[2025-11-30 17:43:40,705 INFO main.get_datasets_for_fold] Training chunks: 2844
[2025-11-30 17:43:40,705 INFO main.get_datasets_for_fold] Validation chunks: 541
[2025-11-30 17:43:40,750 INFO model.__init__] Initialized LSTM with input_size=1728, hidden_size=100, batch_first=True
[2025-11-30 17:43:40,757 INFO main.train_one_fold] Starting training for fold 4
[2025-11-30 17:44:19,541 INFO main.train_one_fold] TRAIN CHUNK | Fold 4 | Epoch 001/100 | Loss: 0.6911 | Acc: 0.5172 | Prec: 0.5076 | Recall: 0.9936 | Spec: 0.0455
[2025-11-30 17:44:23,657 INFO main.train_one_fold] EVAL CHUNK | Fold 4 | Epoch 001/100 | Loss: 0.6678 | Acc: 0.7652 | Prec: 0.6938 | Recall: 0.9481 | Spec: 0.5830
[2025-11-30 17:44:23,657 INFO main.train_one_fold]   Confusion: TP=256, TN=158, FP=113, FN=14
[2025-11-30 17:44:23,660 INFO main.train_one_fold] EVAL SUBJECT | Fold 4 | Epoch 001/100 | Loss: 0.6678 | Acc: 0.8333 | Prec: 0.7500 | Recall: 1.0000 | Spec: 0.6667
[2025-11-30 17:44:23,660 INFO main.train_one_fold]   Confusion: TP=9, TN=6, FP=3, FN=0
[2025-11-30 17:44:23,660 INFO main.train_one_fold] EVAL EC vs EO | Fold 4 | Epoch 001/100 | EO chunk acc: 0.8889 | EC chunk acc: 0.7778
[2025-11-30 17:44:23,697 INFO main.train_one_fold] ✓ Saved best model: experiments/mdd_t3_ec+eo_005/fold_4_best.pth (combined=0.6377, chunk=0.7652, subject=0.8333)
[2025-11-30 17:44:23,698 INFO early_stopping.__call__] Early stopping initialized: best score 0.7652 at epoch 1
[2025-11-30 17:45:00,037 INFO main.train_one_fold] TRAIN CHUNK | Fold 4 | Epoch 002/100 | Loss: 0.4992 | Acc: 0.8020 | Prec: 0.7536 | Recall: 0.8947 | Spec: 0.7103
[2025-11-30 17:45:02,982 INFO main.train_one_fold] EVAL CHUNK | Fold 4 | Epoch 002/100 | Loss: 0.5906 | Acc: 0.7948 | Prec: 0.8630 | Recall: 0.7000 | Spec: 0.8893
[2025-11-30 17:45:02,982 INFO main.train_one_fold]   Confusion: TP=189, TN=241, FP=30, FN=81
[2025-11-30 17:45:02,982 INFO main.train_one_fold] EVAL SUBJECT | Fold 4 | Epoch 002/100 | Loss: 0.5906 | Acc: 0.7778 | Prec: 0.8571 | Recall: 0.6667 | Spec: 0.8889
[2025-11-30 17:45:02,982 INFO main.train_one_fold]   Confusion: TP=6, TN=8, FP=1, FN=3
[2025-11-30 17:45:02,982 INFO main.train_one_fold] EVAL EC vs EO | Fold 4 | Epoch 002/100 | EO chunk acc: 0.8889 | EC chunk acc: 0.6667
[2025-11-30 17:45:02,983 INFO early_stopping.__call__] Validation improved from 0.7652 to 0.7948 (+0.0296) at epoch 2
[2025-11-30 17:45:36,557 INFO main.train_one_fold] TRAIN CHUNK | Fold 4 | Epoch 003/100 | Loss: 0.3573 | Acc: 0.8695 | Prec: 0.8202 | Recall: 0.9449 | Spec: 0.7950
[2025-11-30 17:45:38,875 INFO main.train_one_fold] EVAL CHUNK | Fold 4 | Epoch 003/100 | Loss: 0.6887 | Acc: 0.7893 | Prec: 0.8578 | Recall: 0.6926 | Spec: 0.8856
[2025-11-30 17:45:38,875 INFO main.train_one_fold]   Confusion: TP=187, TN=240, FP=31, FN=83
[2025-11-30 17:45:38,875 INFO main.train_one_fold] EVAL SUBJECT | Fold 4 | Epoch 003/100 | Loss: 0.6887 | Acc: 0.7778 | Prec: 0.8571 | Recall: 0.6667 | Spec: 0.8889
[2025-11-30 17:45:38,875 INFO main.train_one_fold]   Confusion: TP=6, TN=8, FP=1, FN=3
[2025-11-30 17:45:38,875 INFO main.train_one_fold] EVAL EC vs EO | Fold 4 | Epoch 003/100 | EO chunk acc: 0.8889 | EC chunk acc: 0.6667
[2025-11-30 17:46:05,223 INFO main.train_one_fold] TRAIN CHUNK | Fold 4 | Epoch 004/100 | Loss: 0.3418 | Acc: 0.8829 | Prec: 0.8315 | Recall: 0.9590 | Spec: 0.8076
[2025-11-30 17:46:07,610 INFO main.train_one_fold] EVAL CHUNK | Fold 4 | Epoch 004/100 | Loss: 0.7992 | Acc: 0.7579 | Prec: 0.8492 | Recall: 0.6259 | Spec: 0.8893
[2025-11-30 17:46:07,613 INFO main.train_one_fold]   Confusion: TP=169, TN=241, FP=30, FN=101
[2025-11-30 17:46:07,614 INFO main.train_one_fold] EVAL SUBJECT | Fold 4 | Epoch 004/100 | Loss: 0.7992 | Acc: 0.7778 | Prec: 0.8571 | Recall: 0.6667 | Spec: 0.8889
[2025-11-30 17:46:07,614 INFO main.train_one_fold]   Confusion: TP=6, TN=8, FP=1, FN=3
[2025-11-30 17:46:07,614 INFO main.train_one_fold] EVAL EC vs EO | Fold 4 | Epoch 004/100 | EO chunk acc: 0.8889 | EC chunk acc: 0.6667
[2025-11-30 17:46:43,736 INFO main.train_one_fold] TRAIN CHUNK | Fold 4 | Epoch 005/100 | Loss: 0.3336 | Acc: 0.8850 | Prec: 0.8379 | Recall: 0.9534 | Spec: 0.8174
[2025-11-30 17:46:46,685 INFO main.train_one_fold] EVAL CHUNK | Fold 4 | Epoch 005/100 | Loss: 0.8014 | Acc: 0.7505 | Prec: 0.8392 | Recall: 0.6185 | Spec: 0.8819
[2025-11-30 17:46:46,685 INFO main.train_one_fold]   Confusion: TP=167, TN=239, FP=32, FN=103
[2025-11-30 17:46:46,685 INFO main.train_one_fold] EVAL SUBJECT | Fold 4 | Epoch 005/100 | Loss: 0.8014 | Acc: 0.7778 | Prec: 0.8571 | Recall: 0.6667 | Spec: 0.8889
[2025-11-30 17:46:46,685 INFO main.train_one_fold]   Confusion: TP=6, TN=8, FP=1, FN=3
[2025-11-30 17:46:46,685 INFO main.train_one_fold] EVAL EC vs EO | Fold 4 | Epoch 005/100 | EO chunk acc: 0.8889 | EC chunk acc: 0.6667
[2025-11-30 17:47:21,914 INFO main.train_one_fold] TRAIN CHUNK | Fold 4 | Epoch 006/100 | Loss: 0.3349 | Acc: 0.8833 | Prec: 0.8353 | Recall: 0.9534 | Spec: 0.8139
[2025-11-30 17:47:24,436 INFO main.train_one_fold] EVAL CHUNK | Fold 4 | Epoch 006/100 | Loss: 0.8432 | Acc: 0.7375 | Prec: 0.8333 | Recall: 0.5926 | Spec: 0.8819
[2025-11-30 17:47:24,436 INFO main.train_one_fold]   Confusion: TP=160, TN=239, FP=32, FN=110
[2025-11-30 17:47:24,436 INFO main.train_one_fold] EVAL SUBJECT | Fold 4 | Epoch 006/100 | Loss: 0.8432 | Acc: 0.7222 | Prec: 0.8333 | Recall: 0.5556 | Spec: 0.8889
[2025-11-30 17:47:24,437 INFO main.train_one_fold]   Confusion: TP=5, TN=8, FP=1, FN=4
[2025-11-30 17:47:24,437 INFO main.train_one_fold] EVAL EC vs EO | Fold 4 | Epoch 006/100 | EO chunk acc: 0.7778 | EC chunk acc: 0.6667
[2025-11-30 17:47:59,684 INFO main.train_one_fold] TRAIN CHUNK | Fold 4 | Epoch 007/100 | Loss: 0.3288 | Acc: 0.8861 | Prec: 0.8382 | Recall: 0.9555 | Spec: 0.8174
[2025-11-30 17:48:01,862 INFO main.train_one_fold] EVAL CHUNK | Fold 4 | Epoch 007/100 | Loss: 0.8170 | Acc: 0.7486 | Prec: 0.8384 | Recall: 0.6148 | Spec: 0.8819
[2025-11-30 17:48:01,862 INFO main.train_one_fold]   Confusion: TP=166, TN=239, FP=32, FN=104
[2025-11-30 17:48:01,862 INFO main.train_one_fold] EVAL SUBJECT | Fold 4 | Epoch 007/100 | Loss: 0.8170 | Acc: 0.7778 | Prec: 0.8571 | Recall: 0.6667 | Spec: 0.8889
[2025-11-30 17:48:01,863 INFO main.train_one_fold]   Confusion: TP=6, TN=8, FP=1, FN=3
[2025-11-30 17:48:01,863 INFO main.train_one_fold] EVAL EC vs EO | Fold 4 | Epoch 007/100 | EO chunk acc: 0.8889 | EC chunk acc: 0.6667
[2025-11-30 17:48:42,365 INFO main.train_one_fold] TRAIN CHUNK | Fold 4 | Epoch 008/100 | Loss: 0.3238 | Acc: 0.8878 | Prec: 0.8412 | Recall: 0.9548 | Spec: 0.8216
[2025-11-30 17:48:44,968 INFO main.train_one_fold] EVAL CHUNK | Fold 4 | Epoch 008/100 | Loss: 0.8268 | Acc: 0.7486 | Prec: 0.8384 | Recall: 0.6148 | Spec: 0.8819
[2025-11-30 17:48:44,968 INFO main.train_one_fold]   Confusion: TP=166, TN=239, FP=32, FN=104
[2025-11-30 17:48:44,968 INFO main.train_one_fold] EVAL SUBJECT | Fold 4 | Epoch 008/100 | Loss: 0.8268 | Acc: 0.7778 | Prec: 0.8571 | Recall: 0.6667 | Spec: 0.8889
[2025-11-30 17:48:44,969 INFO main.train_one_fold]   Confusion: TP=6, TN=8, FP=1, FN=3
[2025-11-30 17:48:44,969 INFO main.train_one_fold] EVAL EC vs EO | Fold 4 | Epoch 008/100 | EO chunk acc: 0.8889 | EC chunk acc: 0.6667
[2025-11-30 17:49:16,670 INFO main.train_one_fold] TRAIN CHUNK | Fold 4 | Epoch 009/100 | Loss: 0.3198 | Acc: 0.8910 | Prec: 0.8442 | Recall: 0.9576 | Spec: 0.8251
[2025-11-30 17:49:19,318 INFO main.train_one_fold] EVAL CHUNK | Fold 4 | Epoch 009/100 | Loss: 0.7779 | Acc: 0.7486 | Prec: 0.8384 | Recall: 0.6148 | Spec: 0.8819
[2025-11-30 17:49:19,318 INFO main.train_one_fold]   Confusion: TP=166, TN=239, FP=32, FN=104
[2025-11-30 17:49:19,318 INFO main.train_one_fold] EVAL SUBJECT | Fold 4 | Epoch 009/100 | Loss: 0.7779 | Acc: 0.7778 | Prec: 0.8571 | Recall: 0.6667 | Spec: 0.8889
[2025-11-30 17:49:19,318 INFO main.train_one_fold]   Confusion: TP=6, TN=8, FP=1, FN=3
[2025-11-30 17:49:19,318 INFO main.train_one_fold] EVAL EC vs EO | Fold 4 | Epoch 009/100 | EO chunk acc: 0.8889 | EC chunk acc: 0.6667
[2025-11-30 17:49:49,402 INFO main.train_one_fold] TRAIN CHUNK | Fold 4 | Epoch 010/100 | Loss: 0.3128 | Acc: 0.8935 | Prec: 0.8458 | Recall: 0.9611 | Spec: 0.8265
[2025-11-30 17:49:51,043 INFO main.train_one_fold] EVAL CHUNK | Fold 4 | Epoch 010/100 | Loss: 0.7760 | Acc: 0.7560 | Prec: 0.8416 | Recall: 0.6296 | Spec: 0.8819
[2025-11-30 17:49:51,044 INFO main.train_one_fold]   Confusion: TP=170, TN=239, FP=32, FN=100
[2025-11-30 17:49:51,044 INFO main.train_one_fold] EVAL SUBJECT | Fold 4 | Epoch 010/100 | Loss: 0.7760 | Acc: 0.7778 | Prec: 0.8571 | Recall: 0.6667 | Spec: 0.8889
[2025-11-30 17:49:51,044 INFO main.train_one_fold]   Confusion: TP=6, TN=8, FP=1, FN=3
[2025-11-30 17:49:51,044 INFO main.train_one_fold] EVAL EC vs EO | Fold 4 | Epoch 010/100 | EO chunk acc: 0.8889 | EC chunk acc: 0.6667
[2025-11-30 17:49:51,062 INFO main.train_one_fold] Saved checkpoint: experiments/mdd_t3_ec+eo_005/fold_4_epoch_010.pth
[2025-11-30 17:50:20,325 INFO main.train_one_fold] TRAIN CHUNK | Fold 4 | Epoch 011/100 | Loss: 0.3138 | Acc: 0.8899 | Prec: 0.8410 | Recall: 0.9604 | Spec: 0.8202
[2025-11-30 17:50:22,880 INFO main.train_one_fold] EVAL CHUNK | Fold 4 | Epoch 011/100 | Loss: 0.7947 | Acc: 0.7375 | Prec: 0.8333 | Recall: 0.5926 | Spec: 0.8819
[2025-11-30 17:50:22,880 INFO main.train_one_fold]   Confusion: TP=160, TN=239, FP=32, FN=110
[2025-11-30 17:50:22,880 INFO main.train_one_fold] EVAL SUBJECT | Fold 4 | Epoch 011/100 | Loss: 0.7947 | Acc: 0.7222 | Prec: 0.8333 | Recall: 0.5556 | Spec: 0.8889
[2025-11-30 17:50:22,881 INFO main.train_one_fold]   Confusion: TP=5, TN=8, FP=1, FN=4
[2025-11-30 17:50:22,881 INFO main.train_one_fold] EVAL EC vs EO | Fold 4 | Epoch 011/100 | EO chunk acc: 0.7778 | EC chunk acc: 0.6667
[2025-11-30 17:50:58,088 INFO main.train_one_fold] TRAIN CHUNK | Fold 4 | Epoch 012/100 | Loss: 0.3100 | Acc: 0.8910 | Prec: 0.8460 | Recall: 0.9548 | Spec: 0.8279
[2025-11-30 17:51:00,884 INFO main.train_one_fold] EVAL CHUNK | Fold 4 | Epoch 012/100 | Loss: 0.8543 | Acc: 0.7320 | Prec: 0.8307 | Recall: 0.5815 | Spec: 0.8819
[2025-11-30 17:51:00,884 INFO main.train_one_fold]   Confusion: TP=157, TN=239, FP=32, FN=113
[2025-11-30 17:51:00,884 INFO main.train_one_fold] EVAL SUBJECT | Fold 4 | Epoch 012/100 | Loss: 0.8543 | Acc: 0.7222 | Prec: 0.8333 | Recall: 0.5556 | Spec: 0.8889
[2025-11-30 17:51:00,884 INFO main.train_one_fold]   Confusion: TP=5, TN=8, FP=1, FN=4
[2025-11-30 17:51:00,885 INFO main.train_one_fold] EVAL EC vs EO | Fold 4 | Epoch 012/100 | EO chunk acc: 0.7778 | EC chunk acc: 0.6667
[2025-11-30 17:51:34,508 INFO main.train_one_fold] TRAIN CHUNK | Fold 4 | Epoch 013/100 | Loss: 0.3130 | Acc: 0.8931 | Prec: 0.8452 | Recall: 0.9611 | Spec: 0.8258
[2025-11-30 17:51:37,045 INFO main.train_one_fold] EVAL CHUNK | Fold 4 | Epoch 013/100 | Loss: 0.8282 | Acc: 0.7357 | Prec: 0.8396 | Recall: 0.5815 | Spec: 0.8893
[2025-11-30 17:51:37,045 INFO main.train_one_fold]   Confusion: TP=157, TN=241, FP=30, FN=113
[2025-11-30 17:51:37,045 INFO main.train_one_fold] EVAL SUBJECT | Fold 4 | Epoch 013/100 | Loss: 0.8282 | Acc: 0.7222 | Prec: 0.8333 | Recall: 0.5556 | Spec: 0.8889
[2025-11-30 17:51:37,046 INFO main.train_one_fold]   Confusion: TP=5, TN=8, FP=1, FN=4
[2025-11-30 17:51:37,046 INFO main.train_one_fold] EVAL EC vs EO | Fold 4 | Epoch 013/100 | EO chunk acc: 0.7778 | EC chunk acc: 0.6667
[2025-11-30 17:52:16,268 INFO main.train_one_fold] TRAIN CHUNK | Fold 4 | Epoch 014/100 | Loss: 0.3143 | Acc: 0.8942 | Prec: 0.8477 | Recall: 0.9597 | Spec: 0.8293
[2025-11-30 17:52:19,212 INFO main.train_one_fold] EVAL CHUNK | Fold 4 | Epoch 014/100 | Loss: 0.7809 | Acc: 0.7320 | Prec: 0.8342 | Recall: 0.5778 | Spec: 0.8856
[2025-11-30 17:52:19,212 INFO main.train_one_fold]   Confusion: TP=156, TN=240, FP=31, FN=114
[2025-11-30 17:52:19,212 INFO main.train_one_fold] EVAL SUBJECT | Fold 4 | Epoch 014/100 | Loss: 0.7809 | Acc: 0.7222 | Prec: 0.8333 | Recall: 0.5556 | Spec: 0.8889
[2025-11-30 17:52:19,212 INFO main.train_one_fold]   Confusion: TP=5, TN=8, FP=1, FN=4
[2025-11-30 17:52:19,212 INFO main.train_one_fold] EVAL EC vs EO | Fold 4 | Epoch 014/100 | EO chunk acc: 0.7778 | EC chunk acc: 0.6667
[2025-11-30 17:52:52,385 INFO main.train_one_fold] TRAIN CHUNK | Fold 4 | Epoch 015/100 | Loss: 0.3077 | Acc: 0.8935 | Prec: 0.8466 | Recall: 0.9597 | Spec: 0.8279
[2025-11-30 17:52:55,113 INFO main.train_one_fold] EVAL CHUNK | Fold 4 | Epoch 015/100 | Loss: 0.7236 | Acc: 0.7394 | Prec: 0.8342 | Recall: 0.5963 | Spec: 0.8819
[2025-11-30 17:52:55,114 INFO main.train_one_fold]   Confusion: TP=161, TN=239, FP=32, FN=109
[2025-11-30 17:52:55,114 INFO main.train_one_fold] EVAL SUBJECT | Fold 4 | Epoch 015/100 | Loss: 0.7236 | Acc: 0.7222 | Prec: 0.8333 | Recall: 0.5556 | Spec: 0.8889
[2025-11-30 17:52:55,114 INFO main.train_one_fold]   Confusion: TP=5, TN=8, FP=1, FN=4
[2025-11-30 17:52:55,114 INFO main.train_one_fold] EVAL EC vs EO | Fold 4 | Epoch 015/100 | EO chunk acc: 0.7778 | EC chunk acc: 0.6667
[2025-11-30 17:53:31,232 INFO main.train_one_fold] TRAIN CHUNK | Fold 4 | Epoch 016/100 | Loss: 0.2987 | Acc: 0.8956 | Prec: 0.8503 | Recall: 0.9590 | Spec: 0.8328
[2025-11-30 17:53:33,423 INFO main.train_one_fold] EVAL CHUNK | Fold 4 | Epoch 016/100 | Loss: 0.7489 | Acc: 0.7357 | Prec: 0.8325 | Recall: 0.5889 | Spec: 0.8819
[2025-11-30 17:53:33,423 INFO main.train_one_fold]   Confusion: TP=159, TN=239, FP=32, FN=111
[2025-11-30 17:53:33,423 INFO main.train_one_fold] EVAL SUBJECT | Fold 4 | Epoch 016/100 | Loss: 0.7489 | Acc: 0.7222 | Prec: 0.8333 | Recall: 0.5556 | Spec: 0.8889
[2025-11-30 17:53:33,423 INFO main.train_one_fold]   Confusion: TP=5, TN=8, FP=1, FN=4
[2025-11-30 17:53:33,424 INFO main.train_one_fold] EVAL EC vs EO | Fold 4 | Epoch 016/100 | EO chunk acc: 0.7778 | EC chunk acc: 0.6667
[2025-11-30 17:54:06,590 INFO main.train_one_fold] TRAIN CHUNK | Fold 4 | Epoch 017/100 | Loss: 0.3026 | Acc: 0.8959 | Prec: 0.8486 | Recall: 0.9625 | Spec: 0.8300
[2025-11-30 17:54:08,380 INFO main.train_one_fold] EVAL CHUNK | Fold 4 | Epoch 017/100 | Loss: 0.7369 | Acc: 0.7190 | Prec: 0.8278 | Recall: 0.5519 | Spec: 0.8856
[2025-11-30 17:54:08,380 INFO main.train_one_fold]   Confusion: TP=149, TN=240, FP=31, FN=121
[2025-11-30 17:54:08,380 INFO main.train_one_fold] EVAL SUBJECT | Fold 4 | Epoch 017/100 | Loss: 0.7369 | Acc: 0.7222 | Prec: 0.8333 | Recall: 0.5556 | Spec: 0.8889
[2025-11-30 17:54:08,380 INFO main.train_one_fold]   Confusion: TP=5, TN=8, FP=1, FN=4
[2025-11-30 17:54:08,380 INFO main.train_one_fold] EVAL EC vs EO | Fold 4 | Epoch 017/100 | EO chunk acc: 0.7778 | EC chunk acc: 0.6667
[2025-11-30 17:54:35,102 INFO main.train_one_fold] TRAIN CHUNK | Fold 4 | Epoch 018/100 | Loss: 0.3066 | Acc: 0.8938 | Prec: 0.8467 | Recall: 0.9604 | Spec: 0.8279
[2025-11-30 17:54:36,373 INFO main.train_one_fold] EVAL CHUNK | Fold 4 | Epoch 018/100 | Loss: 0.8679 | Acc: 0.7135 | Prec: 0.8324 | Recall: 0.5333 | Spec: 0.8930
[2025-11-30 17:54:36,373 INFO main.train_one_fold]   Confusion: TP=144, TN=242, FP=29, FN=126
[2025-11-30 17:54:36,373 INFO main.train_one_fold] EVAL SUBJECT | Fold 4 | Epoch 018/100 | Loss: 0.8679 | Acc: 0.7222 | Prec: 0.8333 | Recall: 0.5556 | Spec: 0.8889
[2025-11-30 17:54:36,373 INFO main.train_one_fold]   Confusion: TP=5, TN=8, FP=1, FN=4
[2025-11-30 17:54:36,373 INFO main.train_one_fold] EVAL EC vs EO | Fold 4 | Epoch 018/100 | EO chunk acc: 0.7778 | EC chunk acc: 0.6667
[2025-11-30 17:55:09,548 INFO main.train_one_fold] TRAIN CHUNK | Fold 4 | Epoch 019/100 | Loss: 0.3010 | Acc: 0.8984 | Prec: 0.8523 | Recall: 0.9625 | Spec: 0.8348
[2025-11-30 17:55:12,277 INFO main.train_one_fold] EVAL CHUNK | Fold 4 | Epoch 019/100 | Loss: 0.7895 | Acc: 0.7209 | Prec: 0.8324 | Recall: 0.5519 | Spec: 0.8893
[2025-11-30 17:55:12,277 INFO main.train_one_fold]   Confusion: TP=149, TN=241, FP=30, FN=121
[2025-11-30 17:55:12,277 INFO main.train_one_fold] EVAL SUBJECT | Fold 4 | Epoch 019/100 | Loss: 0.7895 | Acc: 0.7222 | Prec: 0.8333 | Recall: 0.5556 | Spec: 0.8889
[2025-11-30 17:55:12,277 INFO main.train_one_fold]   Confusion: TP=5, TN=8, FP=1, FN=4
[2025-11-30 17:55:12,277 INFO main.train_one_fold] EVAL EC vs EO | Fold 4 | Epoch 019/100 | EO chunk acc: 0.7778 | EC chunk acc: 0.6667
[2025-11-30 17:55:49,618 INFO main.train_one_fold] TRAIN CHUNK | Fold 4 | Epoch 020/100 | Loss: 0.3035 | Acc: 0.8970 | Prec: 0.8506 | Recall: 0.9618 | Spec: 0.8328
[2025-11-30 17:55:52,744 INFO main.train_one_fold] EVAL CHUNK | Fold 4 | Epoch 020/100 | Loss: 0.7947 | Acc: 0.7227 | Prec: 0.8333 | Recall: 0.5556 | Spec: 0.8893
[2025-11-30 17:55:52,744 INFO main.train_one_fold]   Confusion: TP=150, TN=241, FP=30, FN=120
[2025-11-30 17:55:52,744 INFO main.train_one_fold] EVAL SUBJECT | Fold 4 | Epoch 020/100 | Loss: 0.7947 | Acc: 0.7222 | Prec: 0.8333 | Recall: 0.5556 | Spec: 0.8889
[2025-11-30 17:55:52,744 INFO main.train_one_fold]   Confusion: TP=5, TN=8, FP=1, FN=4
[2025-11-30 17:55:52,744 INFO main.train_one_fold] EVAL EC vs EO | Fold 4 | Epoch 020/100 | EO chunk acc: 0.7778 | EC chunk acc: 0.6667
[2025-11-30 17:55:52,766 INFO main.train_one_fold] Saved checkpoint: experiments/mdd_t3_ec+eo_005/fold_4_epoch_020.pth
[2025-11-30 17:56:36,976 INFO main.train_one_fold] TRAIN CHUNK | Fold 4 | Epoch 021/100 | Loss: 0.2988 | Acc: 0.8994 | Prec: 0.8526 | Recall: 0.9647 | Spec: 0.8348
[2025-11-30 17:56:39,959 INFO main.train_one_fold] EVAL CHUNK | Fold 4 | Epoch 021/100 | Loss: 0.7924 | Acc: 0.7338 | Prec: 0.8351 | Recall: 0.5815 | Spec: 0.8856
[2025-11-30 17:56:39,959 INFO main.train_one_fold]   Confusion: TP=157, TN=240, FP=31, FN=113
[2025-11-30 17:56:39,959 INFO main.train_one_fold] EVAL SUBJECT | Fold 4 | Epoch 021/100 | Loss: 0.7924 | Acc: 0.7222 | Prec: 0.8333 | Recall: 0.5556 | Spec: 0.8889
[2025-11-30 17:56:39,959 INFO main.train_one_fold]   Confusion: TP=5, TN=8, FP=1, FN=4
[2025-11-30 17:56:39,960 INFO main.train_one_fold] EVAL EC vs EO | Fold 4 | Epoch 021/100 | EO chunk acc: 0.7778 | EC chunk acc: 0.6667
[2025-11-30 17:57:19,138 INFO main.train_one_fold] TRAIN CHUNK | Fold 4 | Epoch 022/100 | Loss: 0.2894 | Acc: 0.9015 | Prec: 0.8585 | Recall: 0.9604 | Spec: 0.8432
[2025-11-30 17:57:22,359 INFO main.train_one_fold] EVAL CHUNK | Fold 4 | Epoch 022/100 | Loss: 0.6780 | Acc: 0.7449 | Prec: 0.8367 | Recall: 0.6074 | Spec: 0.8819
[2025-11-30 17:57:22,362 INFO main.train_one_fold]   Confusion: TP=164, TN=239, FP=32, FN=106
[2025-11-30 17:57:22,362 INFO main.train_one_fold] EVAL SUBJECT | Fold 4 | Epoch 022/100 | Loss: 0.6780 | Acc: 0.7222 | Prec: 0.8333 | Recall: 0.5556 | Spec: 0.8889
[2025-11-30 17:57:22,362 INFO main.train_one_fold]   Confusion: TP=5, TN=8, FP=1, FN=4
[2025-11-30 17:57:22,363 INFO main.train_one_fold] EVAL EC vs EO | Fold 4 | Epoch 022/100 | EO chunk acc: 0.7778 | EC chunk acc: 0.6667
[2025-11-30 17:57:22,363 INFO early_stopping.__call__] Early stopping triggered after 20 epochs without improvement. Best score: 0.7948 at epoch 2
[2025-11-30 17:57:22,363 INFO main.train_one_fold] Early stopping triggered at epoch 22
[2025-11-30 17:57:22,363 INFO main.train_one_fold] 
Fold 4 training completed. Best Combined Val Acc: 0.6377 at epoch 1
[2025-11-30 17:57:22,363 INFO main.train_cross_validation] ================================================================================
[2025-11-30 17:57:22,363 INFO main.train_cross_validation] FOLD 5/6
[2025-11-30 17:57:22,365 INFO main.train_cross_validation] ================================================================================
[2025-11-30 17:57:22,366 INFO main.get_datasets_for_fold] Train subjects (96): ['mdd:H S1 EC', 'mdd:H S1 EO', 'mdd:H S15 EC', 'mdd:H S14 EO', 'mdd:H S14 EC', 'mdd:H S23 EC', 'mdd:H S23 EO', 'mdd:H S29 EC', 'mdd:H S29 EO', 'mdd:MDD S6 EO', 'mdd:MDD S6 EC', 'mdd:MDD S4 EO', 'mdd:MDD S15 EC', 'mdd:MDD S15 EO', 'mdd:MDD S28 EO', 'mdd:MDD S28 EC', 'mdd:MDD S10 EO', 'mdd:MDD S10 EC', 'mdd:MDD S32 EO', 'mdd:MDD S32 EC', 'mdd:H S4 EO', 'mdd:H S4 EC', 'mdd:H S18 EO', 'mdd:H S8 EC', 'mdd:H S8 EO', 'mdd:H S26 EO', 'mdd:H S26 EC', 'mdd:H S22 EC', 'mdd:H S22 EO', 'mdd:MDD S21 EO', 'mdd:MDD S21 EC', 'mdd:MDD S22 EC', 'mdd:MDD S22 EO', 'mdd:MDD S16 EO', 'mdd:MDD S13 EC', 'mdd:MDD S13 EO', 'mdd:MDD S30 EC', 'mdd:MDD S30 EO', 'mdd:MDD S31 EC', 'mdd:MDD S31 EO', 'mdd:H S13 EC', 'mdd:H S13 EO', 'mdd:H S16 EO', 'mdd:H S16 EC', 'mdd:H S11 EO', 'mdd:H S11 EC', 'mdd:H S19 EC', 'mdd:H S19 EO', 'mdd:H S27 EC', 'mdd:H S27 EO', 'mdd:MDD S23 EC', 'mdd:MDD S23 EO', 'mdd:MDD S25 EO', 'mdd:MDD S25 EC', 'mdd:MDD S9 EO', 'mdd:MDD S9 EC', 'mdd:MDD S1 EC', 'mdd:MDD S33 EC', 'mdd:MDD S33 EO', 'mdd:H S9 EC', 'mdd:H S9 EO', 'mdd:H S28 EO', 'mdd:H S28 EC', 'mdd:H S6 EO', 'mdd:H S6 EC', 'mdd:H S25 EC', 'mdd:H S2 EC', 'mdd:H S2 EO', 'mdd:MDD S5 EC', 'mdd:MDD S5 EO', 'mdd:MDD S20 EC', 'mdd:MDD S20 EO', 'mdd:MDD S34 EO', 'mdd:MDD S34 EC', 'mdd:MDD S27 EO', 'mdd:MDD S27 EC', 'mdd:MDD S11 EO', 'mdd:H S10 EO', 'mdd:H S10 EC', 'mdd:H S24 EO', 'mdd:H S24 EC', 'mdd:H S20 EO', 'mdd:H S20 EC', 'mdd:H S17 EO', 'mdd:H S17 EC', 'mdd:H S5 EC', 'mdd:H S5 EO', 'mdd:MDD S24 EO', 'mdd:MDD S19 EO', 'mdd:MDD S19 EC', 'mdd:MDD S29 EC', 'mdd:MDD S29 EO', 'mdd:MDD S26 EC', 'mdd:MDD S26 EO', 'mdd:MDD S18 EO', 'mdd:MDD S18 EC']...
[2025-11-30 17:57:22,366 INFO main.get_datasets_for_fold] Val subjects (17): ['mdd:H S12 EO', 'mdd:H S7 EO', 'mdd:H S7 EC', 'mdd:H S3 EO', 'mdd:H S3 EC', 'mdd:H S21 EC', 'mdd:H S21 EO', 'mdd:H S30 EO', 'mdd:H S30 EC', 'mdd:MDD S2 EO', 'mdd:MDD S14 EO', 'mdd:MDD S14 EC', 'mdd:MDD S17 EO', 'mdd:MDD S17 EC', 'mdd:MDD S3 EC', 'mdd:MDD S3 EO', 'mdd:MDD S12 EO']
[2025-11-30 17:57:22,368 INFO main.get_datasets_for_fold] Training chunks: 2889
[2025-11-30 17:57:22,370 INFO main.get_datasets_for_fold] Validation chunks: 496
[2025-11-30 17:57:22,423 INFO model.__init__] Initialized LSTM with input_size=1728, hidden_size=100, batch_first=True
[2025-11-30 17:57:22,429 INFO main.train_one_fold] Starting training for fold 5
[2025-11-30 17:57:53,881 INFO main.train_one_fold] TRAIN CHUNK | Fold 5 | Epoch 001/100 | Loss: 0.6930 | Acc: 0.5095 | Prec: 0.5089 | Recall: 0.9966 | Spec: 0.0063
[2025-11-30 17:57:55,876 INFO main.train_one_fold] EVAL CHUNK | Fold 5 | Epoch 001/100 | Loss: 0.6886 | Acc: 0.4435 | Prec: 0.4402 | Recall: 1.0000 | Spec: 0.0108
[2025-11-30 17:57:55,876 INFO main.train_one_fold]   Confusion: TP=217, TN=3, FP=276, FN=0
[2025-11-30 17:57:55,876 INFO main.train_one_fold] EVAL SUBJECT | Fold 5 | Epoch 001/100 | Loss: 0.6886 | Acc: 0.4706 | Prec: 0.4706 | Recall: 1.0000 | Spec: 0.0000
[2025-11-30 17:57:55,876 INFO main.train_one_fold]   Confusion: TP=8, TN=0, FP=9, FN=0
[2025-11-30 17:57:55,876 INFO main.train_one_fold] EVAL EC vs EO | Fold 5 | Epoch 001/100 | EO chunk acc: 0.5000 | EC chunk acc: 0.4286
[2025-11-30 17:57:55,891 INFO main.train_one_fold] ✓ Saved best model: experiments/mdd_t3_ec+eo_005/fold_5_best.pth (combined=0.2087, chunk=0.4435, subject=0.4706)
[2025-11-30 17:57:55,891 INFO early_stopping.__call__] Early stopping initialized: best score 0.4435 at epoch 1
[2025-11-30 17:58:30,067 INFO main.train_one_fold] TRAIN CHUNK | Fold 5 | Epoch 002/100 | Loss: 0.5603 | Acc: 0.7411 | Prec: 0.6929 | Recall: 0.8808 | Spec: 0.5968
[2025-11-30 17:58:31,904 INFO main.train_one_fold] EVAL CHUNK | Fold 5 | Epoch 002/100 | Loss: 0.4341 | Acc: 0.7923 | Prec: 0.6781 | Recall: 1.0000 | Spec: 0.6308
[2025-11-30 17:58:31,904 INFO main.train_one_fold]   Confusion: TP=217, TN=176, FP=103, FN=0
[2025-11-30 17:58:31,905 INFO main.train_one_fold] EVAL SUBJECT | Fold 5 | Epoch 002/100 | Loss: 0.4341 | Acc: 0.8235 | Prec: 0.7273 | Recall: 1.0000 | Spec: 0.6667
[2025-11-30 17:58:31,905 INFO main.train_one_fold]   Confusion: TP=8, TN=6, FP=3, FN=0
[2025-11-30 17:58:31,905 INFO main.train_one_fold] EVAL EC vs EO | Fold 5 | Epoch 002/100 | EO chunk acc: 0.9000 | EC chunk acc: 0.7143
[2025-11-30 17:58:31,931 INFO main.train_one_fold] ✓ Saved best model: experiments/mdd_t3_ec+eo_005/fold_5_best.pth (combined=0.6525, chunk=0.7923, subject=0.8235)
[2025-11-30 17:58:31,931 INFO early_stopping.__call__] Validation improved from 0.4435 to 0.7923 (+0.3488) at epoch 2
[2025-11-30 18:01:23,162 INFO main.train_one_fold] TRAIN CHUNK | Fold 5 | Epoch 003/100 | Loss: 0.3821 | Acc: 0.8577 | Prec: 0.8225 | Recall: 0.9183 | Spec: 0.7952
[2025-11-30 18:01:27,979 INFO main.train_one_fold] EVAL CHUNK | Fold 5 | Epoch 003/100 | Loss: 0.5071 | Acc: 0.7681 | Prec: 0.6536 | Recall: 1.0000 | Spec: 0.5878
[2025-11-30 18:01:27,979 INFO main.train_one_fold]   Confusion: TP=217, TN=164, FP=115, FN=0
[2025-11-30 18:01:27,979 INFO main.train_one_fold] EVAL SUBJECT | Fold 5 | Epoch 003/100 | Loss: 0.5071 | Acc: 0.7647 | Prec: 0.6667 | Recall: 1.0000 | Spec: 0.5556
[2025-11-30 18:01:27,980 INFO main.train_one_fold]   Confusion: TP=8, TN=5, FP=4, FN=0
[2025-11-30 18:01:27,980 INFO main.train_one_fold] EVAL EC vs EO | Fold 5 | Epoch 003/100 | EO chunk acc: 0.8000 | EC chunk acc: 0.7143
[2025-11-30 18:02:23,269 INFO main.train_one_fold] TRAIN CHUNK | Fold 5 | Epoch 004/100 | Loss: 0.3743 | Acc: 0.8733 | Prec: 0.8380 | Recall: 0.9305 | Spec: 0.8142
[2025-11-30 18:02:24,577 INFO main.train_one_fold] EVAL CHUNK | Fold 5 | Epoch 004/100 | Loss: 0.4332 | Acc: 0.7964 | Prec: 0.6824 | Recall: 1.0000 | Spec: 0.6380
[2025-11-30 18:02:24,578 INFO main.train_one_fold]   Confusion: TP=217, TN=178, FP=101, FN=0
[2025-11-30 18:02:24,578 INFO main.train_one_fold] EVAL SUBJECT | Fold 5 | Epoch 004/100 | Loss: 0.4332 | Acc: 0.8235 | Prec: 0.7273 | Recall: 1.0000 | Spec: 0.6667
[2025-11-30 18:02:24,578 INFO main.train_one_fold]   Confusion: TP=8, TN=6, FP=3, FN=0
[2025-11-30 18:02:24,578 INFO main.train_one_fold] EVAL EC vs EO | Fold 5 | Epoch 004/100 | EO chunk acc: 0.9000 | EC chunk acc: 0.7143
[2025-11-30 18:02:24,689 INFO main.train_one_fold] ✓ Saved best model: experiments/mdd_t3_ec+eo_005/fold_5_best.pth (combined=0.6558, chunk=0.7964, subject=0.8235)
[2025-11-30 18:02:24,690 INFO early_stopping.__call__] Validation improved from 0.7923 to 0.7964 (+0.0040) at epoch 4
[2025-11-30 18:03:18,889 INFO main.train_one_fold] TRAIN CHUNK | Fold 5 | Epoch 005/100 | Loss: 0.3685 | Acc: 0.8699 | Prec: 0.8350 | Recall: 0.9271 | Spec: 0.8107
[2025-11-30 18:03:20,899 INFO main.train_one_fold] EVAL CHUNK | Fold 5 | Epoch 005/100 | Loss: 0.4590 | Acc: 0.7863 | Prec: 0.6718 | Recall: 1.0000 | Spec: 0.6201
[2025-11-30 18:03:20,899 INFO main.train_one_fold]   Confusion: TP=217, TN=173, FP=106, FN=0
[2025-11-30 18:03:20,899 INFO main.train_one_fold] EVAL SUBJECT | Fold 5 | Epoch 005/100 | Loss: 0.4590 | Acc: 0.7647 | Prec: 0.6667 | Recall: 1.0000 | Spec: 0.5556
[2025-11-30 18:03:20,899 INFO main.train_one_fold]   Confusion: TP=8, TN=5, FP=4, FN=0
[2025-11-30 18:03:20,899 INFO main.train_one_fold] EVAL EC vs EO | Fold 5 | Epoch 005/100 | EO chunk acc: 0.8000 | EC chunk acc: 0.7143
[2025-11-30 18:04:18,370 INFO main.train_one_fold] TRAIN CHUNK | Fold 5 | Epoch 006/100 | Loss: 0.3613 | Acc: 0.8726 | Prec: 0.8403 | Recall: 0.9251 | Spec: 0.8184
[2025-11-30 18:04:21,412 INFO main.train_one_fold] EVAL CHUNK | Fold 5 | Epoch 006/100 | Loss: 0.4239 | Acc: 0.7964 | Prec: 0.6824 | Recall: 1.0000 | Spec: 0.6380
[2025-11-30 18:04:21,412 INFO main.train_one_fold]   Confusion: TP=217, TN=178, FP=101, FN=0
[2025-11-30 18:04:21,413 INFO main.train_one_fold] EVAL SUBJECT | Fold 5 | Epoch 006/100 | Loss: 0.4239 | Acc: 0.8235 | Prec: 0.7273 | Recall: 1.0000 | Spec: 0.6667
[2025-11-30 18:04:21,413 INFO main.train_one_fold]   Confusion: TP=8, TN=6, FP=3, FN=0
[2025-11-30 18:04:21,413 INFO main.train_one_fold] EVAL EC vs EO | Fold 5 | Epoch 006/100 | EO chunk acc: 0.9000 | EC chunk acc: 0.7143
[2025-11-30 18:05:09,903 INFO main.train_one_fold] TRAIN CHUNK | Fold 5 | Epoch 007/100 | Loss: 0.3685 | Acc: 0.8737 | Prec: 0.8381 | Recall: 0.9312 | Spec: 0.8142
[2025-11-30 18:05:12,335 INFO main.train_one_fold] EVAL CHUNK | Fold 5 | Epoch 007/100 | Loss: 0.3517 | Acc: 0.8649 | Prec: 0.7641 | Recall: 1.0000 | Spec: 0.7599
[2025-11-30 18:05:12,337 INFO main.train_one_fold]   Confusion: TP=217, TN=212, FP=67, FN=0
[2025-11-30 18:05:12,337 INFO main.train_one_fold] EVAL SUBJECT | Fold 5 | Epoch 007/100 | Loss: 0.3517 | Acc: 0.8824 | Prec: 0.8000 | Recall: 1.0000 | Spec: 0.7778
[2025-11-30 18:05:12,337 INFO main.train_one_fold]   Confusion: TP=8, TN=7, FP=2, FN=0
[2025-11-30 18:05:12,337 INFO main.train_one_fold] EVAL EC vs EO | Fold 5 | Epoch 007/100 | EO chunk acc: 0.9000 | EC chunk acc: 0.8571
[2025-11-30 18:05:12,393 INFO main.train_one_fold] ✓ Saved best model: experiments/mdd_t3_ec+eo_005/fold_5_best.pth (combined=0.7632, chunk=0.8649, subject=0.8824)
[2025-11-30 18:05:12,394 INFO early_stopping.__call__] Validation improved from 0.7964 to 0.8649 (+0.0685) at epoch 7
[2025-11-30 18:06:03,975 INFO main.train_one_fold] TRAIN CHUNK | Fold 5 | Epoch 008/100 | Loss: 0.3596 | Acc: 0.8733 | Prec: 0.8385 | Recall: 0.9298 | Spec: 0.8149
[2025-11-30 18:06:08,198 INFO main.train_one_fold] EVAL CHUNK | Fold 5 | Epoch 008/100 | Loss: 0.3929 | Acc: 0.8327 | Prec: 0.7233 | Recall: 1.0000 | Spec: 0.7025
[2025-11-30 18:06:08,199 INFO main.train_one_fold]   Confusion: TP=217, TN=196, FP=83, FN=0
[2025-11-30 18:06:08,199 INFO main.train_one_fold] EVAL SUBJECT | Fold 5 | Epoch 008/100 | Loss: 0.3929 | Acc: 0.8235 | Prec: 0.7273 | Recall: 1.0000 | Spec: 0.6667
[2025-11-30 18:06:08,199 INFO main.train_one_fold]   Confusion: TP=8, TN=6, FP=3, FN=0
[2025-11-30 18:06:08,199 INFO main.train_one_fold] EVAL EC vs EO | Fold 5 | Epoch 008/100 | EO chunk acc: 0.9000 | EC chunk acc: 0.7143
[2025-11-30 18:06:59,209 INFO main.train_one_fold] TRAIN CHUNK | Fold 5 | Epoch 009/100 | Loss: 0.3613 | Acc: 0.8723 | Prec: 0.8369 | Recall: 0.9298 | Spec: 0.8128
[2025-11-30 18:07:01,617 INFO main.train_one_fold] EVAL CHUNK | Fold 5 | Epoch 009/100 | Loss: 0.4388 | Acc: 0.8065 | Prec: 0.6933 | Recall: 1.0000 | Spec: 0.6559
[2025-11-30 18:07:01,618 INFO main.train_one_fold]   Confusion: TP=217, TN=183, FP=96, FN=0
[2025-11-30 18:07:01,618 INFO main.train_one_fold] EVAL SUBJECT | Fold 5 | Epoch 009/100 | Loss: 0.4388 | Acc: 0.8235 | Prec: 0.7273 | Recall: 1.0000 | Spec: 0.6667
[2025-11-30 18:07:01,618 INFO main.train_one_fold]   Confusion: TP=8, TN=6, FP=3, FN=0
[2025-11-30 18:07:01,618 INFO main.train_one_fold] EVAL EC vs EO | Fold 5 | Epoch 009/100 | EO chunk acc: 0.9000 | EC chunk acc: 0.7143
[2025-11-30 18:08:00,651 INFO main.train_one_fold] TRAIN CHUNK | Fold 5 | Epoch 010/100 | Loss: 0.3571 | Acc: 0.8750 | Prec: 0.8406 | Recall: 0.9305 | Spec: 0.8177
[2025-11-30 18:08:05,847 INFO main.train_one_fold] EVAL CHUNK | Fold 5 | Epoch 010/100 | Loss: 0.4448 | Acc: 0.8004 | Prec: 0.6867 | Recall: 1.0000 | Spec: 0.6452
[2025-11-30 18:08:05,848 INFO main.train_one_fold]   Confusion: TP=217, TN=180, FP=99, FN=0
[2025-11-30 18:08:05,848 INFO main.train_one_fold] EVAL SUBJECT | Fold 5 | Epoch 010/100 | Loss: 0.4448 | Acc: 0.8235 | Prec: 0.7273 | Recall: 1.0000 | Spec: 0.6667
[2025-11-30 18:08:05,848 INFO main.train_one_fold]   Confusion: TP=8, TN=6, FP=3, FN=0
[2025-11-30 18:08:05,849 INFO main.train_one_fold] EVAL EC vs EO | Fold 5 | Epoch 010/100 | EO chunk acc: 0.9000 | EC chunk acc: 0.7143
[2025-11-30 18:08:05,875 INFO main.train_one_fold] Saved checkpoint: experiments/mdd_t3_ec+eo_005/fold_5_epoch_010.pth
[2025-11-30 18:08:52,875 INFO main.train_one_fold] TRAIN CHUNK | Fold 5 | Epoch 011/100 | Loss: 0.3555 | Acc: 0.8761 | Prec: 0.8426 | Recall: 0.9298 | Spec: 0.8205
[2025-11-30 18:08:56,910 INFO main.train_one_fold] EVAL CHUNK | Fold 5 | Epoch 011/100 | Loss: 0.4284 | Acc: 0.8185 | Prec: 0.7068 | Recall: 1.0000 | Spec: 0.6774
[2025-11-30 18:08:56,911 INFO main.train_one_fold]   Confusion: TP=217, TN=189, FP=90, FN=0
[2025-11-30 18:08:56,911 INFO main.train_one_fold] EVAL SUBJECT | Fold 5 | Epoch 011/100 | Loss: 0.4284 | Acc: 0.8235 | Prec: 0.7273 | Recall: 1.0000 | Spec: 0.6667
[2025-11-30 18:08:56,911 INFO main.train_one_fold]   Confusion: TP=8, TN=6, FP=3, FN=0
[2025-11-30 18:08:56,911 INFO main.train_one_fold] EVAL EC vs EO | Fold 5 | Epoch 011/100 | EO chunk acc: 0.9000 | EC chunk acc: 0.7143
[2025-11-30 18:09:55,551 INFO main.train_one_fold] TRAIN CHUNK | Fold 5 | Epoch 012/100 | Loss: 0.3488 | Acc: 0.8771 | Prec: 0.8425 | Recall: 0.9326 | Spec: 0.8198
[2025-11-30 18:09:58,178 INFO main.train_one_fold] EVAL CHUNK | Fold 5 | Epoch 012/100 | Loss: 0.5300 | Acc: 0.7843 | Prec: 0.6698 | Recall: 1.0000 | Spec: 0.6165
[2025-11-30 18:09:58,178 INFO main.train_one_fold]   Confusion: TP=217, TN=172, FP=107, FN=0
[2025-11-30 18:09:58,178 INFO main.train_one_fold] EVAL SUBJECT | Fold 5 | Epoch 012/100 | Loss: 0.5300 | Acc: 0.7647 | Prec: 0.6667 | Recall: 1.0000 | Spec: 0.5556
[2025-11-30 18:09:58,179 INFO main.train_one_fold]   Confusion: TP=8, TN=5, FP=4, FN=0
[2025-11-30 18:09:58,179 INFO main.train_one_fold] EVAL EC vs EO | Fold 5 | Epoch 012/100 | EO chunk acc: 0.8000 | EC chunk acc: 0.7143
[2025-11-30 18:11:15,095 INFO main.train_one_fold] TRAIN CHUNK | Fold 5 | Epoch 013/100 | Loss: 0.3458 | Acc: 0.8778 | Prec: 0.8439 | Recall: 0.9319 | Spec: 0.8220
[2025-11-30 18:11:19,484 INFO main.train_one_fold] EVAL CHUNK | Fold 5 | Epoch 013/100 | Loss: 0.4698 | Acc: 0.7944 | Prec: 0.6803 | Recall: 1.0000 | Spec: 0.6344
[2025-11-30 18:11:19,493 INFO main.train_one_fold]   Confusion: TP=217, TN=177, FP=102, FN=0
[2025-11-30 18:11:19,493 INFO main.train_one_fold] EVAL SUBJECT | Fold 5 | Epoch 013/100 | Loss: 0.4698 | Acc: 0.8235 | Prec: 0.7273 | Recall: 1.0000 | Spec: 0.6667
[2025-11-30 18:11:19,493 INFO main.train_one_fold]   Confusion: TP=8, TN=6, FP=3, FN=0
[2025-11-30 18:11:19,493 INFO main.train_one_fold] EVAL EC vs EO | Fold 5 | Epoch 013/100 | EO chunk acc: 0.9000 | EC chunk acc: 0.7143
[2025-11-30 18:12:40,793 INFO main.train_one_fold] TRAIN CHUNK | Fold 5 | Epoch 014/100 | Loss: 0.3453 | Acc: 0.8809 | Prec: 0.8482 | Recall: 0.9326 | Spec: 0.8276
[2025-11-30 18:12:55,578 INFO main.train_one_fold] EVAL CHUNK | Fold 5 | Epoch 014/100 | Loss: 0.4349 | Acc: 0.8085 | Prec: 0.6955 | Recall: 1.0000 | Spec: 0.6595
[2025-11-30 18:12:55,578 INFO main.train_one_fold]   Confusion: TP=217, TN=184, FP=95, FN=0
[2025-11-30 18:12:55,579 INFO main.train_one_fold] EVAL SUBJECT | Fold 5 | Epoch 014/100 | Loss: 0.4349 | Acc: 0.8235 | Prec: 0.7273 | Recall: 1.0000 | Spec: 0.6667
[2025-11-30 18:12:55,579 INFO main.train_one_fold]   Confusion: TP=8, TN=6, FP=3, FN=0
[2025-11-30 18:12:55,579 INFO main.train_one_fold] EVAL EC vs EO | Fold 5 | Epoch 014/100 | EO chunk acc: 0.9000 | EC chunk acc: 0.7143
[2025-11-30 18:14:24,765 INFO main.train_one_fold] TRAIN CHUNK | Fold 5 | Epoch 015/100 | Loss: 0.3428 | Acc: 0.8809 | Prec: 0.8478 | Recall: 0.9332 | Spec: 0.8269
[2025-11-30 18:14:29,641 INFO main.train_one_fold] EVAL CHUNK | Fold 5 | Epoch 015/100 | Loss: 0.4329 | Acc: 0.8105 | Prec: 0.6977 | Recall: 1.0000 | Spec: 0.6631
[2025-11-30 18:14:29,641 INFO main.train_one_fold]   Confusion: TP=217, TN=185, FP=94, FN=0
[2025-11-30 18:14:29,642 INFO main.train_one_fold] EVAL SUBJECT | Fold 5 | Epoch 015/100 | Loss: 0.4329 | Acc: 0.8235 | Prec: 0.7273 | Recall: 1.0000 | Spec: 0.6667
[2025-11-30 18:14:29,642 INFO main.train_one_fold]   Confusion: TP=8, TN=6, FP=3, FN=0
[2025-11-30 18:14:29,642 INFO main.train_one_fold] EVAL EC vs EO | Fold 5 | Epoch 015/100 | EO chunk acc: 0.9000 | EC chunk acc: 0.7143
[2025-11-30 18:16:15,366 INFO main.train_one_fold] TRAIN CHUNK | Fold 5 | Epoch 016/100 | Loss: 0.3442 | Acc: 0.8820 | Prec: 0.8489 | Recall: 0.9339 | Spec: 0.8283
[2025-11-30 18:16:20,321 INFO main.train_one_fold] EVAL CHUNK | Fold 5 | Epoch 016/100 | Loss: 0.4135 | Acc: 0.8185 | Prec: 0.7068 | Recall: 1.0000 | Spec: 0.6774
[2025-11-30 18:16:20,325 INFO main.train_one_fold]   Confusion: TP=217, TN=189, FP=90, FN=0
[2025-11-30 18:16:20,325 INFO main.train_one_fold] EVAL SUBJECT | Fold 5 | Epoch 016/100 | Loss: 0.4135 | Acc: 0.8235 | Prec: 0.7273 | Recall: 1.0000 | Spec: 0.6667
[2025-11-30 18:16:20,325 INFO main.train_one_fold]   Confusion: TP=8, TN=6, FP=3, FN=0
[2025-11-30 18:16:20,325 INFO main.train_one_fold] EVAL EC vs EO | Fold 5 | Epoch 016/100 | EO chunk acc: 0.9000 | EC chunk acc: 0.7143
[2025-11-30 18:17:59,328 INFO main.train_one_fold] TRAIN CHUNK | Fold 5 | Epoch 017/100 | Loss: 0.3349 | Acc: 0.8792 | Prec: 0.8473 | Recall: 0.9298 | Spec: 0.8269
[2025-11-30 18:18:02,569 INFO main.train_one_fold] EVAL CHUNK | Fold 5 | Epoch 017/100 | Loss: 0.5277 | Acc: 0.7742 | Prec: 0.6596 | Recall: 1.0000 | Spec: 0.5986
[2025-11-30 18:18:02,569 INFO main.train_one_fold]   Confusion: TP=217, TN=167, FP=112, FN=0
[2025-11-30 18:18:02,569 INFO main.train_one_fold] EVAL SUBJECT | Fold 5 | Epoch 017/100 | Loss: 0.5277 | Acc: 0.7647 | Prec: 0.6667 | Recall: 1.0000 | Spec: 0.5556
[2025-11-30 18:18:02,569 INFO main.train_one_fold]   Confusion: TP=8, TN=5, FP=4, FN=0
[2025-11-30 18:18:02,569 INFO main.train_one_fold] EVAL EC vs EO | Fold 5 | Epoch 017/100 | EO chunk acc: 0.8000 | EC chunk acc: 0.7143
[2025-11-30 18:19:46,601 INFO main.train_one_fold] TRAIN CHUNK | Fold 5 | Epoch 018/100 | Loss: 0.3327 | Acc: 0.8847 | Prec: 0.8531 | Recall: 0.9339 | Spec: 0.8339
[2025-11-30 18:19:51,528 INFO main.train_one_fold] EVAL CHUNK | Fold 5 | Epoch 018/100 | Loss: 0.4395 | Acc: 0.8145 | Prec: 0.7023 | Recall: 1.0000 | Spec: 0.6703
[2025-11-30 18:19:51,528 INFO main.train_one_fold]   Confusion: TP=217, TN=187, FP=92, FN=0
[2025-11-30 18:19:51,528 INFO main.train_one_fold] EVAL SUBJECT | Fold 5 | Epoch 018/100 | Loss: 0.4395 | Acc: 0.8235 | Prec: 0.7273 | Recall: 1.0000 | Spec: 0.6667
[2025-11-30 18:19:51,528 INFO main.train_one_fold]   Confusion: TP=8, TN=6, FP=3, FN=0
[2025-11-30 18:19:51,528 INFO main.train_one_fold] EVAL EC vs EO | Fold 5 | Epoch 018/100 | EO chunk acc: 0.9000 | EC chunk acc: 0.7143
[2025-11-30 18:22:30,807 INFO main.train_one_fold] TRAIN CHUNK | Fold 5 | Epoch 019/100 | Loss: 0.3362 | Acc: 0.8816 | Prec: 0.8493 | Recall: 0.9326 | Spec: 0.8290
[2025-11-30 18:22:38,021 INFO main.train_one_fold] EVAL CHUNK | Fold 5 | Epoch 019/100 | Loss: 0.4312 | Acc: 0.8226 | Prec: 0.7115 | Recall: 1.0000 | Spec: 0.6846
[2025-11-30 18:22:38,022 INFO main.train_one_fold]   Confusion: TP=217, TN=191, FP=88, FN=0
[2025-11-30 18:22:38,022 INFO main.train_one_fold] EVAL SUBJECT | Fold 5 | Epoch 019/100 | Loss: 0.4312 | Acc: 0.8235 | Prec: 0.7273 | Recall: 1.0000 | Spec: 0.6667
[2025-11-30 18:22:38,022 INFO main.train_one_fold]   Confusion: TP=8, TN=6, FP=3, FN=0
[2025-11-30 18:22:38,022 INFO main.train_one_fold] EVAL EC vs EO | Fold 5 | Epoch 019/100 | EO chunk acc: 0.9000 | EC chunk acc: 0.7143
[2025-11-30 18:24:30,315 INFO main.train_one_fold] TRAIN CHUNK | Fold 5 | Epoch 020/100 | Loss: 0.3295 | Acc: 0.8844 | Prec: 0.8526 | Recall: 0.9339 | Spec: 0.8332
[2025-11-30 18:24:36,324 INFO main.train_one_fold] EVAL CHUNK | Fold 5 | Epoch 020/100 | Loss: 0.4041 | Acc: 0.8367 | Prec: 0.7282 | Recall: 1.0000 | Spec: 0.7097
[2025-11-30 18:24:36,325 INFO main.train_one_fold]   Confusion: TP=217, TN=198, FP=81, FN=0
[2025-11-30 18:24:36,325 INFO main.train_one_fold] EVAL SUBJECT | Fold 5 | Epoch 020/100 | Loss: 0.4041 | Acc: 0.8824 | Prec: 0.8000 | Recall: 1.0000 | Spec: 0.7778
[2025-11-30 18:24:36,327 INFO main.train_one_fold]   Confusion: TP=8, TN=7, FP=2, FN=0
[2025-11-30 18:24:36,327 INFO main.train_one_fold] EVAL EC vs EO | Fold 5 | Epoch 020/100 | EO chunk acc: 0.9000 | EC chunk acc: 0.8571
[2025-11-30 18:24:36,361 INFO main.train_one_fold] Saved checkpoint: experiments/mdd_t3_ec+eo_005/fold_5_epoch_020.pth
[2025-11-30 18:26:05,392 INFO main.train_one_fold] TRAIN CHUNK | Fold 5 | Epoch 021/100 | Loss: 0.3267 | Acc: 0.8858 | Prec: 0.8552 | Recall: 0.9332 | Spec: 0.8367
[2025-11-30 18:26:07,059 INFO main.train_one_fold] EVAL CHUNK | Fold 5 | Epoch 021/100 | Loss: 0.4991 | Acc: 0.8024 | Prec: 0.6889 | Recall: 1.0000 | Spec: 0.6487
[2025-11-30 18:26:07,060 INFO main.train_one_fold]   Confusion: TP=217, TN=181, FP=98, FN=0
[2025-11-30 18:26:07,060 INFO main.train_one_fold] EVAL SUBJECT | Fold 5 | Epoch 021/100 | Loss: 0.4991 | Acc: 0.7647 | Prec: 0.6667 | Recall: 1.0000 | Spec: 0.5556
[2025-11-30 18:26:07,060 INFO main.train_one_fold]   Confusion: TP=8, TN=5, FP=4, FN=0
[2025-11-30 18:26:07,060 INFO main.train_one_fold] EVAL EC vs EO | Fold 5 | Epoch 021/100 | EO chunk acc: 0.8000 | EC chunk acc: 0.7143
[2025-11-30 18:27:34,078 INFO main.train_one_fold] TRAIN CHUNK | Fold 5 | Epoch 022/100 | Loss: 0.3201 | Acc: 0.8840 | Prec: 0.8521 | Recall: 0.9339 | Spec: 0.8325
[2025-11-30 18:27:40,861 INFO main.train_one_fold] EVAL CHUNK | Fold 5 | Epoch 022/100 | Loss: 0.3954 | Acc: 0.8407 | Prec: 0.7331 | Recall: 1.0000 | Spec: 0.7168
[2025-11-30 18:27:40,861 INFO main.train_one_fold]   Confusion: TP=217, TN=200, FP=79, FN=0
[2025-11-30 18:27:40,861 INFO main.train_one_fold] EVAL SUBJECT | Fold 5 | Epoch 022/100 | Loss: 0.3954 | Acc: 0.8824 | Prec: 0.8000 | Recall: 1.0000 | Spec: 0.7778
[2025-11-30 18:27:40,861 INFO main.train_one_fold]   Confusion: TP=8, TN=7, FP=2, FN=0
[2025-11-30 18:27:40,861 INFO main.train_one_fold] EVAL EC vs EO | Fold 5 | Epoch 022/100 | EO chunk acc: 0.9000 | EC chunk acc: 0.8571
[2025-11-30 18:29:04,664 INFO main.train_one_fold] TRAIN CHUNK | Fold 5 | Epoch 023/100 | Loss: 0.3225 | Acc: 0.8882 | Prec: 0.8580 | Recall: 0.9346 | Spec: 0.8403
[2025-11-30 18:29:07,441 INFO main.train_one_fold] EVAL CHUNK | Fold 5 | Epoch 023/100 | Loss: 0.4290 | Acc: 0.8286 | Prec: 0.7185 | Recall: 1.0000 | Spec: 0.6953
[2025-11-30 18:29:07,441 INFO main.train_one_fold]   Confusion: TP=217, TN=194, FP=85, FN=0
[2025-11-30 18:29:07,442 INFO main.train_one_fold] EVAL SUBJECT | Fold 5 | Epoch 023/100 | Loss: 0.4290 | Acc: 0.8824 | Prec: 0.8000 | Recall: 1.0000 | Spec: 0.7778
[2025-11-30 18:29:07,442 INFO main.train_one_fold]   Confusion: TP=8, TN=7, FP=2, FN=0
[2025-11-30 18:29:07,442 INFO main.train_one_fold] EVAL EC vs EO | Fold 5 | Epoch 023/100 | EO chunk acc: 0.9000 | EC chunk acc: 0.8571
[2025-11-30 18:30:41,838 INFO main.train_one_fold] TRAIN CHUNK | Fold 5 | Epoch 024/100 | Loss: 0.3202 | Acc: 0.8872 | Prec: 0.8569 | Recall: 0.9339 | Spec: 0.8388
[2025-11-30 18:30:45,524 INFO main.train_one_fold] EVAL CHUNK | Fold 5 | Epoch 024/100 | Loss: 0.5610 | Acc: 0.7782 | Prec: 0.6636 | Recall: 1.0000 | Spec: 0.6057
[2025-11-30 18:30:45,524 INFO main.train_one_fold]   Confusion: TP=217, TN=169, FP=110, FN=0
[2025-11-30 18:30:45,524 INFO main.train_one_fold] EVAL SUBJECT | Fold 5 | Epoch 024/100 | Loss: 0.5610 | Acc: 0.7647 | Prec: 0.6667 | Recall: 1.0000 | Spec: 0.5556
[2025-11-30 18:30:45,524 INFO main.train_one_fold]   Confusion: TP=8, TN=5, FP=4, FN=0
[2025-11-30 18:30:45,525 INFO main.train_one_fold] EVAL EC vs EO | Fold 5 | Epoch 024/100 | EO chunk acc: 0.8000 | EC chunk acc: 0.7143
[2025-11-30 18:32:18,721 INFO main.train_one_fold] TRAIN CHUNK | Fold 5 | Epoch 025/100 | Loss: 0.3169 | Acc: 0.8899 | Prec: 0.8571 | Recall: 0.9401 | Spec: 0.8381
[2025-11-30 18:32:22,566 INFO main.train_one_fold] EVAL CHUNK | Fold 5 | Epoch 025/100 | Loss: 0.3951 | Acc: 0.8407 | Prec: 0.7331 | Recall: 1.0000 | Spec: 0.7168
[2025-11-30 18:32:22,567 INFO main.train_one_fold]   Confusion: TP=217, TN=200, FP=79, FN=0
[2025-11-30 18:32:22,567 INFO main.train_one_fold] EVAL SUBJECT | Fold 5 | Epoch 025/100 | Loss: 0.3951 | Acc: 0.8824 | Prec: 0.8000 | Recall: 1.0000 | Spec: 0.7778
[2025-11-30 18:32:22,567 INFO main.train_one_fold]   Confusion: TP=8, TN=7, FP=2, FN=0
[2025-11-30 18:32:22,567 INFO main.train_one_fold] EVAL EC vs EO | Fold 5 | Epoch 025/100 | EO chunk acc: 0.9000 | EC chunk acc: 0.8571
[2025-11-30 18:34:26,834 INFO main.train_one_fold] TRAIN CHUNK | Fold 5 | Epoch 026/100 | Loss: 0.3143 | Acc: 0.8896 | Prec: 0.8606 | Recall: 0.9339 | Spec: 0.8438
[2025-11-30 18:34:37,658 INFO main.train_one_fold] EVAL CHUNK | Fold 5 | Epoch 026/100 | Loss: 0.4939 | Acc: 0.8085 | Prec: 0.6955 | Recall: 1.0000 | Spec: 0.6595
[2025-11-30 18:34:37,659 INFO main.train_one_fold]   Confusion: TP=217, TN=184, FP=95, FN=0
[2025-11-30 18:34:37,659 INFO main.train_one_fold] EVAL SUBJECT | Fold 5 | Epoch 026/100 | Loss: 0.4939 | Acc: 0.8235 | Prec: 0.7273 | Recall: 1.0000 | Spec: 0.6667
[2025-11-30 18:34:37,659 INFO main.train_one_fold]   Confusion: TP=8, TN=6, FP=3, FN=0
[2025-11-30 18:34:37,659 INFO main.train_one_fold] EVAL EC vs EO | Fold 5 | Epoch 026/100 | EO chunk acc: 0.8000 | EC chunk acc: 0.8571
[2025-11-30 18:36:47,719 INFO main.train_one_fold] TRAIN CHUNK | Fold 5 | Epoch 027/100 | Loss: 0.3096 | Acc: 0.8865 | Prec: 0.8554 | Recall: 0.9346 | Spec: 0.8367
[2025-11-30 18:36:52,801 INFO main.train_one_fold] EVAL CHUNK | Fold 5 | Epoch 027/100 | Loss: 0.4953 | Acc: 0.8105 | Prec: 0.6977 | Recall: 1.0000 | Spec: 0.6631
[2025-11-30 18:36:52,802 INFO main.train_one_fold]   Confusion: TP=217, TN=185, FP=94, FN=0
[2025-11-30 18:36:52,802 INFO main.train_one_fold] EVAL SUBJECT | Fold 5 | Epoch 027/100 | Loss: 0.4953 | Acc: 0.8235 | Prec: 0.7273 | Recall: 1.0000 | Spec: 0.6667
[2025-11-30 18:36:52,802 INFO main.train_one_fold]   Confusion: TP=8, TN=6, FP=3, FN=0
[2025-11-30 18:36:52,802 INFO main.train_one_fold] EVAL EC vs EO | Fold 5 | Epoch 027/100 | EO chunk acc: 0.8000 | EC chunk acc: 0.8571
[2025-11-30 18:36:52,805 INFO early_stopping.__call__] Early stopping triggered after 20 epochs without improvement. Best score: 0.8649 at epoch 7
[2025-11-30 18:36:52,805 INFO main.train_one_fold] Early stopping triggered at epoch 27
[2025-11-30 18:36:52,805 INFO main.train_one_fold] 
Fold 5 training completed. Best Combined Val Acc: 0.7632 at epoch 7
[2025-11-30 18:36:52,805 INFO main.train_cross_validation] ================================================================================
[2025-11-30 18:36:52,806 INFO main.train_cross_validation] FOLD 6/6
[2025-11-30 18:36:52,806 INFO main.train_cross_validation] ================================================================================
[2025-11-30 18:36:52,806 INFO main.get_datasets_for_fold] Train subjects (94): ['mdd:H S1 EC', 'mdd:H S1 EO', 'mdd:H S15 EC', 'mdd:H S14 EO', 'mdd:H S14 EC', 'mdd:H S23 EC', 'mdd:H S23 EO', 'mdd:H S29 EC', 'mdd:H S29 EO', 'mdd:MDD S6 EO', 'mdd:MDD S6 EC', 'mdd:MDD S4 EO', 'mdd:MDD S15 EC', 'mdd:MDD S15 EO', 'mdd:MDD S28 EO', 'mdd:MDD S28 EC', 'mdd:MDD S10 EO', 'mdd:MDD S10 EC', 'mdd:MDD S32 EO', 'mdd:MDD S32 EC', 'mdd:H S4 EO', 'mdd:H S4 EC', 'mdd:H S18 EO', 'mdd:H S8 EC', 'mdd:H S8 EO', 'mdd:H S26 EO', 'mdd:H S26 EC', 'mdd:H S22 EC', 'mdd:H S22 EO', 'mdd:MDD S21 EO', 'mdd:MDD S21 EC', 'mdd:MDD S22 EC', 'mdd:MDD S22 EO', 'mdd:MDD S16 EO', 'mdd:MDD S13 EC', 'mdd:MDD S13 EO', 'mdd:MDD S30 EC', 'mdd:MDD S30 EO', 'mdd:MDD S31 EC', 'mdd:MDD S31 EO', 'mdd:H S13 EC', 'mdd:H S13 EO', 'mdd:H S16 EO', 'mdd:H S16 EC', 'mdd:H S11 EO', 'mdd:H S11 EC', 'mdd:H S19 EC', 'mdd:H S19 EO', 'mdd:H S27 EC', 'mdd:H S27 EO', 'mdd:MDD S23 EC', 'mdd:MDD S23 EO', 'mdd:MDD S25 EO', 'mdd:MDD S25 EC', 'mdd:MDD S9 EO', 'mdd:MDD S9 EC', 'mdd:MDD S1 EC', 'mdd:MDD S33 EC', 'mdd:MDD S33 EO', 'mdd:H S9 EC', 'mdd:H S9 EO', 'mdd:H S28 EO', 'mdd:H S28 EC', 'mdd:H S6 EO', 'mdd:H S6 EC', 'mdd:H S25 EC', 'mdd:H S2 EC', 'mdd:H S2 EO', 'mdd:MDD S5 EC', 'mdd:MDD S5 EO', 'mdd:MDD S20 EC', 'mdd:MDD S20 EO', 'mdd:MDD S34 EO', 'mdd:MDD S34 EC', 'mdd:MDD S27 EO', 'mdd:MDD S27 EC', 'mdd:MDD S11 EO', 'mdd:H S12 EO', 'mdd:H S7 EO', 'mdd:H S7 EC', 'mdd:H S3 EO', 'mdd:H S3 EC', 'mdd:H S21 EC', 'mdd:H S21 EO', 'mdd:H S30 EO', 'mdd:H S30 EC', 'mdd:MDD S2 EO', 'mdd:MDD S14 EO', 'mdd:MDD S14 EC', 'mdd:MDD S17 EO', 'mdd:MDD S17 EC', 'mdd:MDD S3 EC', 'mdd:MDD S3 EO', 'mdd:MDD S12 EO']...
[2025-11-30 18:36:52,806 INFO main.get_datasets_for_fold] Val subjects (19): ['mdd:H S10 EO', 'mdd:H S10 EC', 'mdd:H S24 EO', 'mdd:H S24 EC', 'mdd:H S20 EO', 'mdd:H S20 EC', 'mdd:H S17 EO', 'mdd:H S17 EC', 'mdd:H S5 EC', 'mdd:H S5 EO', 'mdd:MDD S24 EO', 'mdd:MDD S19 EO', 'mdd:MDD S19 EC', 'mdd:MDD S29 EC', 'mdd:MDD S29 EO', 'mdd:MDD S26 EC', 'mdd:MDD S26 EO', 'mdd:MDD S18 EO', 'mdd:MDD S18 EC']
[2025-11-30 18:36:52,812 INFO main.get_datasets_for_fold] Training chunks: 2801
[2025-11-30 18:36:52,812 INFO main.get_datasets_for_fold] Validation chunks: 584
[2025-11-30 18:36:52,893 INFO model.__init__] Initialized LSTM with input_size=1728, hidden_size=100, batch_first=True
[2025-11-30 18:36:52,901 INFO main.train_one_fold] Starting training for fold 6
[2025-11-30 18:37:45,972 INFO main.train_one_fold] TRAIN CHUNK | Fold 6 | Epoch 001/100 | Loss: 0.6892 | Acc: 0.5684 | Prec: 0.5629 | Recall: 0.6516 | Spec: 0.4834
[2025-11-30 18:37:49,622 INFO main.train_one_fold] EVAL CHUNK | Fold 6 | Epoch 001/100 | Loss: 0.6743 | Acc: 0.5719 | Prec: 0.5192 | Recall: 1.0000 | Spec: 0.2038
[2025-11-30 18:37:49,622 INFO main.train_one_fold]   Confusion: TP=270, TN=64, FP=250, FN=0
[2025-11-30 18:37:49,622 INFO main.train_one_fold] EVAL SUBJECT | Fold 6 | Epoch 001/100 | Loss: 0.6743 | Acc: 0.5789 | Prec: 0.5294 | Recall: 1.0000 | Spec: 0.2000
[2025-11-30 18:37:49,623 INFO main.train_one_fold]   Confusion: TP=9, TN=2, FP=8, FN=0
[2025-11-30 18:37:49,623 INFO main.train_one_fold] EVAL EC vs EO | Fold 6 | Epoch 001/100 | EO chunk acc: 0.6000 | EC chunk acc: 0.5556
[2025-11-30 18:37:49,663 INFO main.train_one_fold] ✓ Saved best model: experiments/mdd_t3_ec+eo_005/fold_6_best.pth (combined=0.3311, chunk=0.5719, subject=0.5789)
[2025-11-30 18:37:49,663 INFO early_stopping.__call__] Early stopping initialized: best score 0.5719 at epoch 1
[2025-11-30 18:39:33,988 INFO main.train_one_fold] TRAIN CHUNK | Fold 6 | Epoch 002/100 | Loss: 0.5052 | Acc: 0.8022 | Prec: 0.7555 | Recall: 0.8996 | Spec: 0.7027
[2025-11-30 18:39:46,367 INFO main.train_one_fold] EVAL CHUNK | Fold 6 | Epoch 002/100 | Loss: 0.5164 | Acc: 0.8116 | Prec: 0.7564 | Recall: 0.8741 | Spec: 0.7580
[2025-11-30 18:39:46,368 INFO main.train_one_fold]   Confusion: TP=236, TN=238, FP=76, FN=34
[2025-11-30 18:39:46,368 INFO main.train_one_fold] EVAL SUBJECT | Fold 6 | Epoch 002/100 | Loss: 0.5164 | Acc: 0.8421 | Prec: 0.8000 | Recall: 0.8889 | Spec: 0.8000
[2025-11-30 18:39:46,368 INFO main.train_one_fold]   Confusion: TP=8, TN=8, FP=2, FN=1
[2025-11-30 18:39:46,368 INFO main.train_one_fold] EVAL EC vs EO | Fold 6 | Epoch 002/100 | EO chunk acc: 0.8000 | EC chunk acc: 0.8889
[2025-11-30 18:39:46,400 INFO main.train_one_fold] ✓ Saved best model: experiments/mdd_t3_ec+eo_005/fold_6_best.pth (combined=0.6835, chunk=0.8116, subject=0.8421)
[2025-11-30 18:39:46,401 INFO early_stopping.__call__] Validation improved from 0.5719 to 0.8116 (+0.2397) at epoch 2
[2025-11-30 18:42:06,703 INFO main.train_one_fold] TRAIN CHUNK | Fold 6 | Epoch 003/100 | Loss: 0.3767 | Acc: 0.8640 | Prec: 0.8280 | Recall: 0.9223 | Spec: 0.8045
[2025-11-30 18:42:10,534 INFO main.train_one_fold] EVAL CHUNK | Fold 6 | Epoch 003/100 | Loss: 0.5058 | Acc: 0.8288 | Prec: 0.7911 | Recall: 0.8556 | Spec: 0.8057
[2025-11-30 18:42:10,539 INFO main.train_one_fold]   Confusion: TP=231, TN=253, FP=61, FN=39
[2025-11-30 18:42:10,542 INFO main.train_one_fold] EVAL SUBJECT | Fold 6 | Epoch 003/100 | Loss: 0.5058 | Acc: 0.8421 | Prec: 0.8000 | Recall: 0.8889 | Spec: 0.8000
[2025-11-30 18:42:10,542 INFO main.train_one_fold]   Confusion: TP=8, TN=8, FP=2, FN=1
[2025-11-30 18:42:10,544 INFO main.train_one_fold] EVAL EC vs EO | Fold 6 | Epoch 003/100 | EO chunk acc: 0.8000 | EC chunk acc: 0.8889
[2025-11-30 18:42:10,652 INFO main.train_one_fold] ✓ Saved best model: experiments/mdd_t3_ec+eo_005/fold_6_best.pth (combined=0.6979, chunk=0.8288, subject=0.8421)
[2025-11-30 18:42:10,653 INFO early_stopping.__call__] Validation improved from 0.8116 to 0.8288 (+0.0171) at epoch 3
[2025-11-30 18:44:03,024 INFO main.train_one_fold] TRAIN CHUNK | Fold 6 | Epoch 004/100 | Loss: 0.3597 | Acc: 0.8729 | Prec: 0.8307 | Recall: 0.9399 | Spec: 0.8045
[2025-11-30 18:44:11,131 INFO main.train_one_fold] EVAL CHUNK | Fold 6 | Epoch 004/100 | Loss: 0.5342 | Acc: 0.8219 | Prec: 0.7902 | Recall: 0.8370 | Spec: 0.8089
[2025-11-30 18:44:11,134 INFO main.train_one_fold]   Confusion: TP=226, TN=254, FP=60, FN=44
[2025-11-30 18:44:11,134 INFO main.train_one_fold] EVAL SUBJECT | Fold 6 | Epoch 004/100 | Loss: 0.5342 | Acc: 0.8421 | Prec: 0.8000 | Recall: 0.8889 | Spec: 0.8000
[2025-11-30 18:44:11,134 INFO main.train_one_fold]   Confusion: TP=8, TN=8, FP=2, FN=1
[2025-11-30 18:44:11,134 INFO main.train_one_fold] EVAL EC vs EO | Fold 6 | Epoch 004/100 | EO chunk acc: 0.8000 | EC chunk acc: 0.8889
[2025-11-30 18:45:21,165 INFO main.train_one_fold] TRAIN CHUNK | Fold 6 | Epoch 005/100 | Loss: 0.3527 | Acc: 0.8797 | Prec: 0.8373 | Recall: 0.9456 | Spec: 0.8124
[2025-11-30 18:45:22,982 INFO main.train_one_fold] EVAL CHUNK | Fold 6 | Epoch 005/100 | Loss: 0.5104 | Acc: 0.8219 | Prec: 0.7902 | Recall: 0.8370 | Spec: 0.8089
[2025-11-30 18:45:22,982 INFO main.train_one_fold]   Confusion: TP=226, TN=254, FP=60, FN=44
[2025-11-30 18:45:22,982 INFO main.train_one_fold] EVAL SUBJECT | Fold 6 | Epoch 005/100 | Loss: 0.5104 | Acc: 0.8421 | Prec: 0.8000 | Recall: 0.8889 | Spec: 0.8000
[2025-11-30 18:45:22,982 INFO main.train_one_fold]   Confusion: TP=8, TN=8, FP=2, FN=1
[2025-11-30 18:45:22,982 INFO main.train_one_fold] EVAL EC vs EO | Fold 6 | Epoch 005/100 | EO chunk acc: 0.8000 | EC chunk acc: 0.8889
[2025-11-30 18:46:18,675 INFO main.train_one_fold] TRAIN CHUNK | Fold 6 | Epoch 006/100 | Loss: 0.3479 | Acc: 0.8825 | Prec: 0.8402 | Recall: 0.9477 | Spec: 0.8160
[2025-11-30 18:46:21,997 INFO main.train_one_fold] EVAL CHUNK | Fold 6 | Epoch 006/100 | Loss: 0.5179 | Acc: 0.8219 | Prec: 0.7902 | Recall: 0.8370 | Spec: 0.8089
[2025-11-30 18:46:22,000 INFO main.train_one_fold]   Confusion: TP=226, TN=254, FP=60, FN=44
[2025-11-30 18:46:22,000 INFO main.train_one_fold] EVAL SUBJECT | Fold 6 | Epoch 006/100 | Loss: 0.5179 | Acc: 0.8421 | Prec: 0.8000 | Recall: 0.8889 | Spec: 0.8000
[2025-11-30 18:46:22,000 INFO main.train_one_fold]   Confusion: TP=8, TN=8, FP=2, FN=1
[2025-11-30 18:46:22,000 INFO main.train_one_fold] EVAL EC vs EO | Fold 6 | Epoch 006/100 | EO chunk acc: 0.8000 | EC chunk acc: 0.8889
[2025-11-30 18:47:18,230 INFO main.train_one_fold] TRAIN CHUNK | Fold 6 | Epoch 007/100 | Loss: 0.3418 | Acc: 0.8829 | Prec: 0.8408 | Recall: 0.9477 | Spec: 0.8167
[2025-11-30 18:47:25,087 INFO main.train_one_fold] EVAL CHUNK | Fold 6 | Epoch 007/100 | Loss: 0.5232 | Acc: 0.8219 | Prec: 0.7902 | Recall: 0.8370 | Spec: 0.8089
[2025-11-30 18:47:25,088 INFO main.train_one_fold]   Confusion: TP=226, TN=254, FP=60, FN=44
[2025-11-30 18:47:25,088 INFO main.train_one_fold] EVAL SUBJECT | Fold 6 | Epoch 007/100 | Loss: 0.5232 | Acc: 0.8421 | Prec: 0.8000 | Recall: 0.8889 | Spec: 0.8000
[2025-11-30 18:47:25,088 INFO main.train_one_fold]   Confusion: TP=8, TN=8, FP=2, FN=1
[2025-11-30 18:47:25,088 INFO main.train_one_fold] EVAL EC vs EO | Fold 6 | Epoch 007/100 | EO chunk acc: 0.8000 | EC chunk acc: 0.8889
[2025-11-30 18:48:45,951 INFO main.train_one_fold] TRAIN CHUNK | Fold 6 | Epoch 008/100 | Loss: 0.3389 | Acc: 0.8872 | Prec: 0.8454 | Recall: 0.9505 | Spec: 0.8225
[2025-11-30 18:48:51,738 INFO main.train_one_fold] EVAL CHUNK | Fold 6 | Epoch 008/100 | Loss: 0.5372 | Acc: 0.8219 | Prec: 0.7902 | Recall: 0.8370 | Spec: 0.8089
[2025-11-30 18:48:51,746 INFO main.train_one_fold]   Confusion: TP=226, TN=254, FP=60, FN=44
[2025-11-30 18:48:51,746 INFO main.train_one_fold] EVAL SUBJECT | Fold 6 | Epoch 008/100 | Loss: 0.5372 | Acc: 0.8421 | Prec: 0.8000 | Recall: 0.8889 | Spec: 0.8000
[2025-11-30 18:48:51,755 INFO main.train_one_fold]   Confusion: TP=8, TN=8, FP=2, FN=1
[2025-11-30 18:48:51,756 INFO main.train_one_fold] EVAL EC vs EO | Fold 6 | Epoch 008/100 | EO chunk acc: 0.8000 | EC chunk acc: 0.8889
[2025-11-30 18:50:08,134 INFO main.train_one_fold] TRAIN CHUNK | Fold 6 | Epoch 009/100 | Loss: 0.3345 | Acc: 0.8879 | Prec: 0.8464 | Recall: 0.9505 | Spec: 0.8240
[2025-11-30 18:50:10,921 INFO main.train_one_fold] EVAL CHUNK | Fold 6 | Epoch 009/100 | Loss: 0.5271 | Acc: 0.8219 | Prec: 0.7902 | Recall: 0.8370 | Spec: 0.8089
[2025-11-30 18:50:10,922 INFO main.train_one_fold]   Confusion: TP=226, TN=254, FP=60, FN=44
[2025-11-30 18:50:10,922 INFO main.train_one_fold] EVAL SUBJECT | Fold 6 | Epoch 009/100 | Loss: 0.5271 | Acc: 0.8421 | Prec: 0.8000 | Recall: 0.8889 | Spec: 0.8000
[2025-11-30 18:50:10,922 INFO main.train_one_fold]   Confusion: TP=8, TN=8, FP=2, FN=1
[2025-11-30 18:50:10,922 INFO main.train_one_fold] EVAL EC vs EO | Fold 6 | Epoch 009/100 | EO chunk acc: 0.8000 | EC chunk acc: 0.8889
[2025-11-30 18:51:06,756 INFO main.train_one_fold] TRAIN CHUNK | Fold 6 | Epoch 010/100 | Loss: 0.3341 | Acc: 0.8872 | Prec: 0.8454 | Recall: 0.9505 | Spec: 0.8225
[2025-11-30 18:51:10,135 INFO main.train_one_fold] EVAL CHUNK | Fold 6 | Epoch 010/100 | Loss: 0.5443 | Acc: 0.8219 | Prec: 0.7902 | Recall: 0.8370 | Spec: 0.8089
[2025-11-30 18:51:10,139 INFO main.train_one_fold]   Confusion: TP=226, TN=254, FP=60, FN=44
[2025-11-30 18:51:10,140 INFO main.train_one_fold] EVAL SUBJECT | Fold 6 | Epoch 010/100 | Loss: 0.5443 | Acc: 0.8421 | Prec: 0.8000 | Recall: 0.8889 | Spec: 0.8000
[2025-11-30 18:51:10,140 INFO main.train_one_fold]   Confusion: TP=8, TN=8, FP=2, FN=1
[2025-11-30 18:51:10,140 INFO main.train_one_fold] EVAL EC vs EO | Fold 6 | Epoch 010/100 | EO chunk acc: 0.8000 | EC chunk acc: 0.8889
[2025-11-30 18:51:10,182 INFO main.train_one_fold] Saved checkpoint: experiments/mdd_t3_ec+eo_005/fold_6_epoch_010.pth
[2025-11-30 18:52:22,576 INFO main.train_one_fold] TRAIN CHUNK | Fold 6 | Epoch 011/100 | Loss: 0.3345 | Acc: 0.8872 | Prec: 0.8432 | Recall: 0.9541 | Spec: 0.8189
[2025-11-30 18:52:27,390 INFO main.train_one_fold] EVAL CHUNK | Fold 6 | Epoch 011/100 | Loss: 0.5325 | Acc: 0.8219 | Prec: 0.7902 | Recall: 0.8370 | Spec: 0.8089
[2025-11-30 18:52:27,399 INFO main.train_one_fold]   Confusion: TP=226, TN=254, FP=60, FN=44
[2025-11-30 18:52:27,400 INFO main.train_one_fold] EVAL SUBJECT | Fold 6 | Epoch 011/100 | Loss: 0.5325 | Acc: 0.8421 | Prec: 0.8000 | Recall: 0.8889 | Spec: 0.8000
[2025-11-30 18:52:27,401 INFO main.train_one_fold]   Confusion: TP=8, TN=8, FP=2, FN=1
[2025-11-30 18:52:27,401 INFO main.train_one_fold] EVAL EC vs EO | Fold 6 | Epoch 011/100 | EO chunk acc: 0.8000 | EC chunk acc: 0.8889
[2025-11-30 18:53:44,028 INFO main.train_one_fold] TRAIN CHUNK | Fold 6 | Epoch 012/100 | Loss: 0.3355 | Acc: 0.8918 | Prec: 0.8492 | Recall: 0.9555 | Spec: 0.8268
[2025-11-30 18:53:48,524 INFO main.train_one_fold] EVAL CHUNK | Fold 6 | Epoch 012/100 | Loss: 0.5255 | Acc: 0.8219 | Prec: 0.7902 | Recall: 0.8370 | Spec: 0.8089
[2025-11-30 18:53:48,534 INFO main.train_one_fold]   Confusion: TP=226, TN=254, FP=60, FN=44
[2025-11-30 18:53:48,534 INFO main.train_one_fold] EVAL SUBJECT | Fold 6 | Epoch 012/100 | Loss: 0.5255 | Acc: 0.8421 | Prec: 0.8000 | Recall: 0.8889 | Spec: 0.8000
[2025-11-30 18:53:48,534 INFO main.train_one_fold]   Confusion: TP=8, TN=8, FP=2, FN=1
[2025-11-30 18:53:48,534 INFO main.train_one_fold] EVAL EC vs EO | Fold 6 | Epoch 012/100 | EO chunk acc: 0.8000 | EC chunk acc: 0.8889
[2025-11-30 18:54:56,155 INFO main.train_one_fold] TRAIN CHUNK | Fold 6 | Epoch 013/100 | Loss: 0.3253 | Acc: 0.8918 | Prec: 0.8532 | Recall: 0.9491 | Spec: 0.8333
[2025-11-30 18:55:01,146 INFO main.train_one_fold] EVAL CHUNK | Fold 6 | Epoch 013/100 | Loss: 0.5143 | Acc: 0.8219 | Prec: 0.7902 | Recall: 0.8370 | Spec: 0.8089
[2025-11-30 18:55:01,146 INFO main.train_one_fold]   Confusion: TP=226, TN=254, FP=60, FN=44
[2025-11-30 18:55:01,146 INFO main.train_one_fold] EVAL SUBJECT | Fold 6 | Epoch 013/100 | Loss: 0.5143 | Acc: 0.8421 | Prec: 0.8000 | Recall: 0.8889 | Spec: 0.8000
[2025-11-30 18:55:01,146 INFO main.train_one_fold]   Confusion: TP=8, TN=8, FP=2, FN=1
[2025-11-30 18:55:01,146 INFO main.train_one_fold] EVAL EC vs EO | Fold 6 | Epoch 013/100 | EO chunk acc: 0.8000 | EC chunk acc: 0.8889
[2025-11-30 18:56:08,908 INFO main.train_one_fold] TRAIN CHUNK | Fold 6 | Epoch 014/100 | Loss: 0.3251 | Acc: 0.8904 | Prec: 0.8489 | Recall: 0.9527 | Spec: 0.8268
[2025-11-30 18:56:11,509 INFO main.train_one_fold] EVAL CHUNK | Fold 6 | Epoch 014/100 | Loss: 0.5201 | Acc: 0.8219 | Prec: 0.7902 | Recall: 0.8370 | Spec: 0.8089
[2025-11-30 18:56:11,509 INFO main.train_one_fold]   Confusion: TP=226, TN=254, FP=60, FN=44
[2025-11-30 18:56:11,509 INFO main.train_one_fold] EVAL SUBJECT | Fold 6 | Epoch 014/100 | Loss: 0.5201 | Acc: 0.8421 | Prec: 0.8000 | Recall: 0.8889 | Spec: 0.8000
[2025-11-30 18:56:11,509 INFO main.train_one_fold]   Confusion: TP=8, TN=8, FP=2, FN=1
[2025-11-30 18:56:11,510 INFO main.train_one_fold] EVAL EC vs EO | Fold 6 | Epoch 014/100 | EO chunk acc: 0.8000 | EC chunk acc: 0.8889
[2025-11-30 18:56:58,501 INFO main.train_one_fold] TRAIN CHUNK | Fold 6 | Epoch 015/100 | Loss: 0.3167 | Acc: 0.8940 | Prec: 0.8542 | Recall: 0.9527 | Spec: 0.8341
[2025-11-30 18:57:02,155 INFO main.train_one_fold] EVAL CHUNK | Fold 6 | Epoch 015/100 | Loss: 0.5555 | Acc: 0.8219 | Prec: 0.7902 | Recall: 0.8370 | Spec: 0.8089
[2025-11-30 18:57:02,158 INFO main.train_one_fold]   Confusion: TP=226, TN=254, FP=60, FN=44
[2025-11-30 18:57:02,158 INFO main.train_one_fold] EVAL SUBJECT | Fold 6 | Epoch 015/100 | Loss: 0.5555 | Acc: 0.8421 | Prec: 0.8000 | Recall: 0.8889 | Spec: 0.8000
[2025-11-30 18:57:02,158 INFO main.train_one_fold]   Confusion: TP=8, TN=8, FP=2, FN=1
[2025-11-30 18:57:02,159 INFO main.train_one_fold] EVAL EC vs EO | Fold 6 | Epoch 015/100 | EO chunk acc: 0.8000 | EC chunk acc: 0.8889
[2025-11-30 18:57:50,825 INFO main.train_one_fold] TRAIN CHUNK | Fold 6 | Epoch 016/100 | Loss: 0.3177 | Acc: 0.8947 | Prec: 0.8549 | Recall: 0.9534 | Spec: 0.8348
[2025-11-30 18:57:55,580 INFO main.train_one_fold] EVAL CHUNK | Fold 6 | Epoch 016/100 | Loss: 0.5405 | Acc: 0.8219 | Prec: 0.7902 | Recall: 0.8370 | Spec: 0.8089
[2025-11-30 18:57:55,583 INFO main.train_one_fold]   Confusion: TP=226, TN=254, FP=60, FN=44
[2025-11-30 18:57:55,583 INFO main.train_one_fold] EVAL SUBJECT | Fold 6 | Epoch 016/100 | Loss: 0.5405 | Acc: 0.8421 | Prec: 0.8000 | Recall: 0.8889 | Spec: 0.8000
[2025-11-30 18:57:55,583 INFO main.train_one_fold]   Confusion: TP=8, TN=8, FP=2, FN=1
[2025-11-30 18:57:55,583 INFO main.train_one_fold] EVAL EC vs EO | Fold 6 | Epoch 016/100 | EO chunk acc: 0.8000 | EC chunk acc: 0.8889
[2025-11-30 18:58:42,529 INFO main.train_one_fold] TRAIN CHUNK | Fold 6 | Epoch 017/100 | Loss: 0.3160 | Acc: 0.8975 | Prec: 0.8602 | Recall: 0.9519 | Spec: 0.8420
[2025-11-30 18:58:45,838 INFO main.train_one_fold] EVAL CHUNK | Fold 6 | Epoch 017/100 | Loss: 0.5157 | Acc: 0.8219 | Prec: 0.7902 | Recall: 0.8370 | Spec: 0.8089
[2025-11-30 18:58:45,841 INFO main.train_one_fold]   Confusion: TP=226, TN=254, FP=60, FN=44
[2025-11-30 18:58:45,841 INFO main.train_one_fold] EVAL SUBJECT | Fold 6 | Epoch 017/100 | Loss: 0.5157 | Acc: 0.8421 | Prec: 0.8000 | Recall: 0.8889 | Spec: 0.8000
[2025-11-30 18:58:45,841 INFO main.train_one_fold]   Confusion: TP=8, TN=8, FP=2, FN=1
[2025-11-30 18:58:45,841 INFO main.train_one_fold] EVAL EC vs EO | Fold 6 | Epoch 017/100 | EO chunk acc: 0.8000 | EC chunk acc: 0.8889
[2025-11-30 18:59:27,437 INFO main.train_one_fold] TRAIN CHUNK | Fold 6 | Epoch 018/100 | Loss: 0.3131 | Acc: 0.8972 | Prec: 0.8596 | Recall: 0.9519 | Spec: 0.8413
[2025-11-30 18:59:30,661 INFO main.train_one_fold] EVAL CHUNK | Fold 6 | Epoch 018/100 | Loss: 0.5499 | Acc: 0.8219 | Prec: 0.7902 | Recall: 0.8370 | Spec: 0.8089
[2025-11-30 18:59:30,665 INFO main.train_one_fold]   Confusion: TP=226, TN=254, FP=60, FN=44
[2025-11-30 18:59:30,669 INFO main.train_one_fold] EVAL SUBJECT | Fold 6 | Epoch 018/100 | Loss: 0.5499 | Acc: 0.8421 | Prec: 0.8000 | Recall: 0.8889 | Spec: 0.8000
[2025-11-30 18:59:30,669 INFO main.train_one_fold]   Confusion: TP=8, TN=8, FP=2, FN=1
[2025-11-30 18:59:30,669 INFO main.train_one_fold] EVAL EC vs EO | Fold 6 | Epoch 018/100 | EO chunk acc: 0.8000 | EC chunk acc: 0.8889
[2025-11-30 19:00:20,380 INFO main.train_one_fold] TRAIN CHUNK | Fold 6 | Epoch 019/100 | Loss: 0.3113 | Acc: 0.8968 | Prec: 0.8581 | Recall: 0.9534 | Spec: 0.8391
[2025-11-30 19:00:23,603 INFO main.train_one_fold] EVAL CHUNK | Fold 6 | Epoch 019/100 | Loss: 0.5319 | Acc: 0.8219 | Prec: 0.7902 | Recall: 0.8370 | Spec: 0.8089
[2025-11-30 19:00:23,603 INFO main.train_one_fold]   Confusion: TP=226, TN=254, FP=60, FN=44
[2025-11-30 19:00:23,603 INFO main.train_one_fold] EVAL SUBJECT | Fold 6 | Epoch 019/100 | Loss: 0.5319 | Acc: 0.8421 | Prec: 0.8000 | Recall: 0.8889 | Spec: 0.8000
[2025-11-30 19:00:23,603 INFO main.train_one_fold]   Confusion: TP=8, TN=8, FP=2, FN=1
[2025-11-30 19:00:23,603 INFO main.train_one_fold] EVAL EC vs EO | Fold 6 | Epoch 019/100 | EO chunk acc: 0.8000 | EC chunk acc: 0.8889
[2025-11-30 19:01:19,452 INFO main.train_one_fold] TRAIN CHUNK | Fold 6 | Epoch 020/100 | Loss: 0.3118 | Acc: 0.8943 | Prec: 0.8561 | Recall: 0.9505 | Spec: 0.8369
[2025-11-30 19:01:23,603 INFO main.train_one_fold] EVAL CHUNK | Fold 6 | Epoch 020/100 | Loss: 0.5130 | Acc: 0.8219 | Prec: 0.7902 | Recall: 0.8370 | Spec: 0.8089
[2025-11-30 19:01:23,606 INFO main.train_one_fold]   Confusion: TP=226, TN=254, FP=60, FN=44
[2025-11-30 19:01:23,606 INFO main.train_one_fold] EVAL SUBJECT | Fold 6 | Epoch 020/100 | Loss: 0.5130 | Acc: 0.8421 | Prec: 0.8000 | Recall: 0.8889 | Spec: 0.8000
[2025-11-30 19:01:23,606 INFO main.train_one_fold]   Confusion: TP=8, TN=8, FP=2, FN=1
[2025-11-30 19:01:23,606 INFO main.train_one_fold] EVAL EC vs EO | Fold 6 | Epoch 020/100 | EO chunk acc: 0.8000 | EC chunk acc: 0.8889
[2025-11-30 19:01:23,633 INFO main.train_one_fold] Saved checkpoint: experiments/mdd_t3_ec+eo_005/fold_6_epoch_020.pth
[2025-11-30 19:02:15,947 INFO main.train_one_fold] TRAIN CHUNK | Fold 6 | Epoch 021/100 | Loss: 0.3149 | Acc: 0.8933 | Prec: 0.8536 | Recall: 0.9519 | Spec: 0.8333
[2025-11-30 19:02:19,795 INFO main.train_one_fold] EVAL CHUNK | Fold 6 | Epoch 021/100 | Loss: 0.5051 | Acc: 0.8219 | Prec: 0.7902 | Recall: 0.8370 | Spec: 0.8089
[2025-11-30 19:02:19,802 INFO main.train_one_fold]   Confusion: TP=226, TN=254, FP=60, FN=44
[2025-11-30 19:02:19,803 INFO main.train_one_fold] EVAL SUBJECT | Fold 6 | Epoch 021/100 | Loss: 0.5051 | Acc: 0.8421 | Prec: 0.8000 | Recall: 0.8889 | Spec: 0.8000
[2025-11-30 19:02:19,803 INFO main.train_one_fold]   Confusion: TP=8, TN=8, FP=2, FN=1
[2025-11-30 19:02:19,803 INFO main.train_one_fold] EVAL EC vs EO | Fold 6 | Epoch 021/100 | EO chunk acc: 0.8000 | EC chunk acc: 0.8889
[2025-11-30 19:03:03,668 INFO main.train_one_fold] TRAIN CHUNK | Fold 6 | Epoch 022/100 | Loss: 0.3107 | Acc: 0.8986 | Prec: 0.8595 | Recall: 0.9555 | Spec: 0.8405
[2025-11-30 19:03:08,720 INFO main.train_one_fold] EVAL CHUNK | Fold 6 | Epoch 022/100 | Loss: 0.5059 | Acc: 0.8219 | Prec: 0.7902 | Recall: 0.8370 | Spec: 0.8089
[2025-11-30 19:03:08,720 INFO main.train_one_fold]   Confusion: TP=226, TN=254, FP=60, FN=44
[2025-11-30 19:03:08,720 INFO main.train_one_fold] EVAL SUBJECT | Fold 6 | Epoch 022/100 | Loss: 0.5059 | Acc: 0.8421 | Prec: 0.8000 | Recall: 0.8889 | Spec: 0.8000
[2025-11-30 19:03:08,721 INFO main.train_one_fold]   Confusion: TP=8, TN=8, FP=2, FN=1
[2025-11-30 19:03:08,721 INFO main.train_one_fold] EVAL EC vs EO | Fold 6 | Epoch 022/100 | EO chunk acc: 0.8000 | EC chunk acc: 0.8889
[2025-11-30 19:04:16,251 INFO main.train_one_fold] TRAIN CHUNK | Fold 6 | Epoch 023/100 | Loss: 0.3050 | Acc: 0.8986 | Prec: 0.8595 | Recall: 0.9555 | Spec: 0.8405
[2025-11-30 19:04:21,823 INFO main.train_one_fold] EVAL CHUNK | Fold 6 | Epoch 023/100 | Loss: 0.5368 | Acc: 0.8219 | Prec: 0.7902 | Recall: 0.8370 | Spec: 0.8089
[2025-11-30 19:04:21,824 INFO main.train_one_fold]   Confusion: TP=226, TN=254, FP=60, FN=44
[2025-11-30 19:04:21,824 INFO main.train_one_fold] EVAL SUBJECT | Fold 6 | Epoch 023/100 | Loss: 0.5368 | Acc: 0.8421 | Prec: 0.8000 | Recall: 0.8889 | Spec: 0.8000
[2025-11-30 19:04:21,824 INFO main.train_one_fold]   Confusion: TP=8, TN=8, FP=2, FN=1
[2025-11-30 19:04:21,824 INFO main.train_one_fold] EVAL EC vs EO | Fold 6 | Epoch 023/100 | EO chunk acc: 0.8000 | EC chunk acc: 0.8889
[2025-11-30 19:04:21,824 INFO early_stopping.__call__] Early stopping triggered after 20 epochs without improvement. Best score: 0.8288 at epoch 3
[2025-11-30 19:04:21,825 INFO main.train_one_fold] Early stopping triggered at epoch 23
[2025-11-30 19:04:21,825 INFO main.train_one_fold] 
Fold 6 training completed. Best Combined Val Acc: 0.6979 at epoch 3
[2025-11-30 19:04:21,825 INFO main.train_cross_validation] ================================================================================
[2025-11-30 19:04:21,825 INFO main.train_cross_validation] 6-FOLD CROSS-VALIDATION RESULTS
[2025-11-30 19:04:21,825 INFO main.train_cross_validation] ================================================================================
[2025-11-30 19:04:21,825 INFO main.train_cross_validation] 
Per-fold best validation accuracy:
[2025-11-30 19:04:21,825 INFO main.train_cross_validation]   Fold 1: 1.0000 (epoch 3)
[2025-11-30 19:04:21,825 INFO main.train_cross_validation]   Fold 2: 0.8974 (epoch 2)
[2025-11-30 19:04:21,825 INFO main.train_cross_validation]   Fold 3: 0.6214 (epoch 5)
[2025-11-30 19:04:21,825 INFO main.train_cross_validation]   Fold 4: 0.6377 (epoch 1)
[2025-11-30 19:04:21,826 INFO main.train_cross_validation]   Fold 5: 0.7632 (epoch 7)
[2025-11-30 19:04:21,826 INFO main.train_cross_validation]   Fold 6: 0.6979 (epoch 3)
[2025-11-30 19:04:21,827 INFO main.write_results] COMBINED Accuracy Mean: 0.7696 ± 0.1378, Min: 0.6214, Max: 1.0000

[2025-11-30 19:04:21,827 INFO main.write_results] CHUNK Accuracy Mean: 0.8651 ± 0.0836, Min: 0.7652, Max: 1.0000

[2025-11-30 19:04:21,827 INFO main.write_results] SUBJECT Accuracy Mean: 0.8829 ± 0.0720, Min: 0.7895, Max: 1.0000

[2025-11-30 19:04:21,828 INFO main.train_cross_validation] ================================================================================

[2025-11-30 19:04:21,830 INFO main.train] 
Results saved to experiments/mdd_t3_ec+eo_005/cv_results.txt
[2025-11-30 19:04:21,830 INFO main.train] Training completed!
