[2025-12-02 20:29:31,805 INFO main.setup_logging] Logging to console and file: experiments/cane_006_fp1_ec/training_ec_Fp1_noica_20251202_202931.log
[2025-12-02 20:29:31,805 INFO main.train] Starting EEG Classification Training
[2025-12-02 20:29:31,805 INFO main.train] Hyperparameters:
[2025-12-02 20:29:31,805 INFO main.train]   Dataset: cane
[2025-12-02 20:29:31,805 INFO main.train]   Condition: ec
[2025-12-02 20:29:31,805 INFO main.train]   Channel: Fp1
[2025-12-02 20:29:31,805 INFO main.train]   N-Fold CV: 6
[2025-12-02 20:29:31,805 INFO main.train]   Batch Size: 64
[2025-12-02 20:29:31,805 INFO main.train]   Learning Rate: 0.0001
[2025-12-02 20:29:31,805 INFO main.train]   Dropout: 0.5
[2025-12-02 20:29:31,805 INFO main.train]   Weight decay (L2 penalty): 0.0001
[2025-12-02 20:29:31,805 INFO main.train]   Max Epochs: 100
[2025-12-02 20:29:31,805 INFO main.train]   Validation Every: 1 epochs
[2025-12-02 20:29:31,805 INFO main.train]   Save Checkpoint Every: 10 epochs
[2025-12-02 20:29:31,805 INFO main.train]   Early Stopping Patience: 20 epochs
[2025-12-02 20:29:31,805 INFO main.train]   Skip ICA: True
[2025-12-02 20:29:31,805 INFO main.train]   Device: cpu
[2025-12-02 20:29:31,805 INFO main.train]   Checkpoint Directory: experiments/cane_006_fp1_ec
[2025-12-02 20:29:31,806 INFO main.train]   Log File: experiments/cane_006_fp1_ec/training_ec_Fp1_noica_20251202_202931.log
[2025-12-02 20:29:31,806 INFO main.train_cross_validation] ================================================================================
[2025-12-02 20:29:31,806 INFO main.train_cross_validation] Starting 6-Fold Cross-Validation Training
[2025-12-02 20:29:31,806 INFO main.train_cross_validation] Dataset: cane, Condition(s): ['EC']
[2025-12-02 20:29:31,806 INFO main.train_cross_validation] Batch Size: 64, LR: 0.0001
[2025-12-02 20:29:31,806 INFO main.train_cross_validation] Device: cpu
[2025-12-02 20:29:31,806 INFO main.train_cross_validation] Skip ICA: True
[2025-12-02 20:29:31,806 INFO main.train_cross_validation] ================================================================================
[2025-12-02 20:29:31,808 INFO dataset._discover_files] Discovered 37 CANE files
[2025-12-02 20:29:31,808 INFO dataset.__init__] Building chunk index for FlattenedSpectrogramDataset...
[2025-12-02 20:29:31,990 INFO dataset.verify_sampling_rate] Detected sampling rate: 498.97 Hz
[2025-12-02 20:29:32,038 INFO dataset.load_and_preprocess_cane_raw_file] Applied Common Average Reference
[2025-12-02 20:29:32,038 INFO dataset.load_and_preprocess_cane_raw_file] Picking Fp1 channel
[2025-12-02 20:29:32,056 INFO dataset.load_and_preprocess_cane_raw_file] Found 3 artifacts (0.00%)
[2025-12-02 20:29:32,062 INFO dataset.load_and_preprocess_cane_raw_file] Using sampling rate: 500 Hz
[2025-12-02 20:29:32,063 INFO dataset.load_and_preprocess_cane_raw_file] Chunk size: 5000 samples (10s)
[2025-12-02 20:29:32,073 INFO dataset.load_and_preprocess_cane_raw_file] Created 32 chunks of shape torch.Size([32, 1, 5000])
[2025-12-02 20:29:32,084 INFO dataset.convert_to_spectrograms] Created 32 spectrograms
[2025-12-02 20:29:32,255 INFO dataset.verify_sampling_rate] Detected sampling rate: 499.07 Hz
[2025-12-02 20:29:32,294 INFO dataset.load_and_preprocess_cane_raw_file] Applied Common Average Reference
[2025-12-02 20:29:32,294 INFO dataset.load_and_preprocess_cane_raw_file] Picking Fp1 channel
[2025-12-02 20:29:32,303 INFO dataset.load_and_preprocess_cane_raw_file] Found 4 artifacts (0.00%)
[2025-12-02 20:29:32,310 INFO dataset.load_and_preprocess_cane_raw_file] Using sampling rate: 500 Hz
[2025-12-02 20:29:32,310 INFO dataset.load_and_preprocess_cane_raw_file] Chunk size: 5000 samples (10s)
[2025-12-02 20:29:32,316 INFO dataset.load_and_preprocess_cane_raw_file] Created 31 chunks of shape torch.Size([31, 1, 5000])
[2025-12-02 20:29:32,327 INFO dataset.convert_to_spectrograms] Created 31 spectrograms
[2025-12-02 20:29:32,523 INFO dataset.verify_sampling_rate] Detected sampling rate: 498.67 Hz
[2025-12-02 20:29:32,565 INFO dataset.load_and_preprocess_cane_raw_file] Applied Common Average Reference
[2025-12-02 20:29:32,565 INFO dataset.load_and_preprocess_cane_raw_file] Picking Fp1 channel
[2025-12-02 20:29:32,576 INFO dataset.load_and_preprocess_cane_raw_file] Found 634 artifacts (0.41%)
[2025-12-02 20:29:32,632 INFO dataset.load_and_preprocess_cane_raw_file] Using sampling rate: 500 Hz
[2025-12-02 20:29:32,632 INFO dataset.load_and_preprocess_cane_raw_file] Chunk size: 5000 samples (10s)
[2025-12-02 20:29:32,638 INFO dataset.load_and_preprocess_cane_raw_file] Created 31 chunks of shape torch.Size([31, 1, 5000])
[2025-12-02 20:29:32,647 INFO dataset.convert_to_spectrograms] Created 31 spectrograms
[2025-12-02 20:29:32,829 INFO dataset.verify_sampling_rate] Detected sampling rate: 499.65 Hz
[2025-12-02 20:29:32,867 INFO dataset.load_and_preprocess_cane_raw_file] Applied Common Average Reference
[2025-12-02 20:29:32,868 INFO dataset.load_and_preprocess_cane_raw_file] Picking Fp1 channel
[2025-12-02 20:29:32,875 INFO dataset.load_and_preprocess_cane_raw_file] Found 188 artifacts (0.12%)
[2025-12-02 20:29:32,898 INFO dataset.load_and_preprocess_cane_raw_file] Using sampling rate: 500 Hz
[2025-12-02 20:29:32,899 INFO dataset.load_and_preprocess_cane_raw_file] Chunk size: 5000 samples (10s)
[2025-12-02 20:29:32,905 INFO dataset.load_and_preprocess_cane_raw_file] Created 30 chunks of shape torch.Size([30, 1, 5000])
[2025-12-02 20:29:32,914 INFO dataset.convert_to_spectrograms] Created 30 spectrograms
[2025-12-02 20:29:33,060 INFO dataset.verify_sampling_rate] Detected sampling rate: 499.17 Hz
[2025-12-02 20:29:33,093 INFO dataset.load_and_preprocess_cane_raw_file] Applied Common Average Reference
[2025-12-02 20:29:33,093 INFO dataset.load_and_preprocess_cane_raw_file] Picking Fp1 channel
[2025-12-02 20:29:33,099 INFO dataset.load_and_preprocess_cane_raw_file] Found 2808 artifacts (2.19%)
[2025-12-02 20:29:33,318 INFO dataset.load_and_preprocess_cane_raw_file] Using sampling rate: 500 Hz
[2025-12-02 20:29:33,318 INFO dataset.load_and_preprocess_cane_raw_file] Chunk size: 5000 samples (10s)
[2025-12-02 20:29:33,323 INFO dataset.load_and_preprocess_cane_raw_file] Created 25 chunks of shape torch.Size([25, 1, 5000])
[2025-12-02 20:29:33,332 INFO dataset.convert_to_spectrograms] Created 25 spectrograms
[2025-12-02 20:29:33,469 INFO dataset.verify_sampling_rate] Detected sampling rate: 499.41 Hz
[2025-12-02 20:29:33,502 INFO dataset.load_and_preprocess_cane_raw_file] Applied Common Average Reference
[2025-12-02 20:29:33,503 INFO dataset.load_and_preprocess_cane_raw_file] Picking Fp1 channel
[2025-12-02 20:29:33,512 INFO dataset.load_and_preprocess_cane_raw_file] Found 8 artifacts (0.01%)
[2025-12-02 20:29:33,519 INFO dataset.load_and_preprocess_cane_raw_file] Using sampling rate: 500 Hz
[2025-12-02 20:29:33,519 INFO dataset.load_and_preprocess_cane_raw_file] Chunk size: 5000 samples (10s)
[2025-12-02 20:29:33,525 INFO dataset.load_and_preprocess_cane_raw_file] Created 25 chunks of shape torch.Size([25, 1, 5000])
[2025-12-02 20:29:33,535 INFO dataset.convert_to_spectrograms] Created 25 spectrograms
[2025-12-02 20:29:33,700 INFO dataset.verify_sampling_rate] Detected sampling rate: 498.44 Hz
[2025-12-02 20:29:33,737 INFO dataset.load_and_preprocess_cane_raw_file] Applied Common Average Reference
[2025-12-02 20:29:33,737 INFO dataset.load_and_preprocess_cane_raw_file] Picking Fp1 channel
[2025-12-02 20:29:33,746 INFO dataset.load_and_preprocess_cane_raw_file] Found 382 artifacts (0.28%)
[2025-12-02 20:29:33,787 INFO dataset.load_and_preprocess_cane_raw_file] Using sampling rate: 500 Hz
[2025-12-02 20:29:33,787 INFO dataset.load_and_preprocess_cane_raw_file] Chunk size: 5000 samples (10s)
[2025-12-02 20:29:33,792 INFO dataset.load_and_preprocess_cane_raw_file] Created 27 chunks of shape torch.Size([27, 1, 5000])
[2025-12-02 20:29:33,801 INFO dataset.convert_to_spectrograms] Created 27 spectrograms
[2025-12-02 20:29:33,953 INFO dataset.verify_sampling_rate] Detected sampling rate: 499.12 Hz
[2025-12-02 20:29:33,991 INFO dataset.load_and_preprocess_cane_raw_file] Applied Common Average Reference
[2025-12-02 20:29:33,992 INFO dataset.load_and_preprocess_cane_raw_file] Picking Fp1 channel
[2025-12-02 20:29:34,005 INFO dataset.load_and_preprocess_cane_raw_file] Using sampling rate: 500 Hz
[2025-12-02 20:29:34,005 INFO dataset.load_and_preprocess_cane_raw_file] Chunk size: 5000 samples (10s)
[2025-12-02 20:29:34,011 INFO dataset.load_and_preprocess_cane_raw_file] Created 25 chunks of shape torch.Size([25, 1, 5000])
[2025-12-02 20:29:34,020 INFO dataset.convert_to_spectrograms] Created 25 spectrograms
[2025-12-02 20:29:34,187 INFO dataset.verify_sampling_rate] Detected sampling rate: 499.10 Hz
[2025-12-02 20:29:34,220 INFO dataset.load_and_preprocess_cane_raw_file] Applied Common Average Reference
[2025-12-02 20:29:34,220 INFO dataset.load_and_preprocess_cane_raw_file] Picking Fp1 channel
[2025-12-02 20:29:34,226 INFO dataset.load_and_preprocess_cane_raw_file] Found 128 artifacts (0.10%)
[2025-12-02 20:29:34,243 INFO dataset.load_and_preprocess_cane_raw_file] Using sampling rate: 500 Hz
[2025-12-02 20:29:34,243 INFO dataset.load_and_preprocess_cane_raw_file] Chunk size: 5000 samples (10s)
[2025-12-02 20:29:34,248 INFO dataset.load_and_preprocess_cane_raw_file] Created 25 chunks of shape torch.Size([25, 1, 5000])
[2025-12-02 20:29:34,257 INFO dataset.convert_to_spectrograms] Created 25 spectrograms
[2025-12-02 20:29:34,450 INFO dataset.verify_sampling_rate] Detected sampling rate: 499.21 Hz
[2025-12-02 20:29:34,491 INFO dataset.load_and_preprocess_cane_raw_file] Applied Common Average Reference
[2025-12-02 20:29:34,492 INFO dataset.load_and_preprocess_cane_raw_file] Picking Fp1 channel
[2025-12-02 20:29:34,499 INFO dataset.load_and_preprocess_cane_raw_file] Found 106 artifacts (0.07%)
[2025-12-02 20:29:34,516 INFO dataset.load_and_preprocess_cane_raw_file] Using sampling rate: 500 Hz
[2025-12-02 20:29:34,516 INFO dataset.load_and_preprocess_cane_raw_file] Chunk size: 5000 samples (10s)
[2025-12-02 20:29:34,523 INFO dataset.load_and_preprocess_cane_raw_file] Created 30 chunks of shape torch.Size([30, 1, 5000])
[2025-12-02 20:29:34,533 INFO dataset.convert_to_spectrograms] Created 30 spectrograms
[2025-12-02 20:29:34,695 INFO dataset.verify_sampling_rate] Detected sampling rate: 495.81 Hz
[2025-12-02 20:29:34,731 INFO dataset.load_and_preprocess_cane_raw_file] Applied Common Average Reference
[2025-12-02 20:29:34,732 INFO dataset.load_and_preprocess_cane_raw_file] Picking Fp1 channel
[2025-12-02 20:29:34,744 INFO dataset.load_and_preprocess_cane_raw_file] Using sampling rate: 500 Hz
[2025-12-02 20:29:34,745 INFO dataset.load_and_preprocess_cane_raw_file] Chunk size: 5000 samples (10s)
[2025-12-02 20:29:34,751 INFO dataset.load_and_preprocess_cane_raw_file] Created 30 chunks of shape torch.Size([30, 1, 5000])
[2025-12-02 20:29:34,761 INFO dataset.convert_to_spectrograms] Created 30 spectrograms
[2025-12-02 20:29:35,041 INFO dataset.verify_sampling_rate] Detected sampling rate: 498.50 Hz
[2025-12-02 20:29:35,122 INFO dataset.load_and_preprocess_cane_raw_file] Applied Common Average Reference
[2025-12-02 20:29:35,123 INFO dataset.load_and_preprocess_cane_raw_file] Picking Fp1 channel
[2025-12-02 20:29:35,139 INFO dataset.load_and_preprocess_cane_raw_file] Found 151 artifacts (0.08%)
[2025-12-02 20:29:35,182 INFO dataset.load_and_preprocess_cane_raw_file] Using sampling rate: 500 Hz
[2025-12-02 20:29:35,182 INFO dataset.load_and_preprocess_cane_raw_file] Chunk size: 5000 samples (10s)
[2025-12-02 20:29:35,194 INFO dataset.load_and_preprocess_cane_raw_file] Created 37 chunks of shape torch.Size([37, 1, 5000])
[2025-12-02 20:29:35,216 INFO dataset.convert_to_spectrograms] Created 37 spectrograms
[2025-12-02 20:29:35,499 INFO dataset.verify_sampling_rate] Detected sampling rate: 499.26 Hz
[2025-12-02 20:29:35,568 INFO dataset.load_and_preprocess_cane_raw_file] Applied Common Average Reference
[2025-12-02 20:29:35,568 INFO dataset.load_and_preprocess_cane_raw_file] Picking Fp1 channel
[2025-12-02 20:29:35,584 INFO dataset.load_and_preprocess_cane_raw_file] Found 33 artifacts (0.02%)
[2025-12-02 20:29:35,597 INFO dataset.load_and_preprocess_cane_raw_file] Using sampling rate: 500 Hz
[2025-12-02 20:29:35,597 INFO dataset.load_and_preprocess_cane_raw_file] Chunk size: 5000 samples (10s)
[2025-12-02 20:29:35,608 INFO dataset.load_and_preprocess_cane_raw_file] Created 30 chunks of shape torch.Size([30, 1, 5000])
[2025-12-02 20:29:35,634 INFO dataset.convert_to_spectrograms] Created 30 spectrograms
[2025-12-02 20:29:35,903 INFO dataset.verify_sampling_rate] Detected sampling rate: 499.51 Hz
[2025-12-02 20:29:35,969 INFO dataset.load_and_preprocess_cane_raw_file] Applied Common Average Reference
[2025-12-02 20:29:35,970 INFO dataset.load_and_preprocess_cane_raw_file] Picking Fp1 channel
[2025-12-02 20:29:35,989 INFO dataset.load_and_preprocess_cane_raw_file] Using sampling rate: 500 Hz
[2025-12-02 20:29:35,989 INFO dataset.load_and_preprocess_cane_raw_file] Chunk size: 5000 samples (10s)
[2025-12-02 20:29:35,999 INFO dataset.load_and_preprocess_cane_raw_file] Created 30 chunks of shape torch.Size([30, 1, 5000])
[2025-12-02 20:29:36,017 INFO dataset.convert_to_spectrograms] Created 30 spectrograms
[2025-12-02 20:29:36,344 INFO dataset.verify_sampling_rate] Detected sampling rate: 499.61 Hz
[2025-12-02 20:29:36,407 INFO dataset.load_and_preprocess_cane_raw_file] Applied Common Average Reference
[2025-12-02 20:29:36,407 INFO dataset.load_and_preprocess_cane_raw_file] Picking Fp1 channel
[2025-12-02 20:29:36,417 INFO dataset.load_and_preprocess_cane_raw_file] Found 399 artifacts (0.25%)
[2025-12-02 20:29:36,484 INFO dataset.load_and_preprocess_cane_raw_file] Using sampling rate: 500 Hz
[2025-12-02 20:29:36,484 INFO dataset.load_and_preprocess_cane_raw_file] Chunk size: 5000 samples (10s)
[2025-12-02 20:29:36,495 INFO dataset.load_and_preprocess_cane_raw_file] Created 31 chunks of shape torch.Size([31, 1, 5000])
[2025-12-02 20:29:36,514 INFO dataset.convert_to_spectrograms] Created 31 spectrograms
[2025-12-02 20:29:36,881 INFO dataset.verify_sampling_rate] Detected sampling rate: 499.42 Hz
[2025-12-02 20:29:36,929 INFO dataset.load_and_preprocess_cane_raw_file] Applied Common Average Reference
[2025-12-02 20:29:36,930 INFO dataset.load_and_preprocess_cane_raw_file] Picking Fp1 channel
[2025-12-02 20:29:36,947 INFO dataset.load_and_preprocess_cane_raw_file] Using sampling rate: 500 Hz
[2025-12-02 20:29:36,948 INFO dataset.load_and_preprocess_cane_raw_file] Chunk size: 5000 samples (10s)
[2025-12-02 20:29:36,954 INFO dataset.load_and_preprocess_cane_raw_file] Created 30 chunks of shape torch.Size([30, 1, 5000])
[2025-12-02 20:29:36,968 INFO dataset.convert_to_spectrograms] Created 30 spectrograms
[2025-12-02 20:29:37,184 INFO dataset.verify_sampling_rate] Detected sampling rate: 499.74 Hz
[2025-12-02 20:29:37,227 INFO dataset.load_and_preprocess_cane_raw_file] Applied Common Average Reference
[2025-12-02 20:29:37,228 INFO dataset.load_and_preprocess_cane_raw_file] Picking Fp1 channel
[2025-12-02 20:29:37,236 INFO dataset.load_and_preprocess_cane_raw_file] Found 168 artifacts (0.11%)
[2025-12-02 20:29:37,259 INFO dataset.load_and_preprocess_cane_raw_file] Using sampling rate: 500 Hz
[2025-12-02 20:29:37,259 INFO dataset.load_and_preprocess_cane_raw_file] Chunk size: 5000 samples (10s)
[2025-12-02 20:29:37,266 INFO dataset.load_and_preprocess_cane_raw_file] Created 30 chunks of shape torch.Size([30, 1, 5000])
[2025-12-02 20:29:37,280 INFO dataset.convert_to_spectrograms] Created 30 spectrograms
[2025-12-02 20:29:37,514 INFO dataset.verify_sampling_rate] Detected sampling rate: 499.45 Hz
[2025-12-02 20:29:37,560 INFO dataset.load_and_preprocess_cane_raw_file] Applied Common Average Reference
[2025-12-02 20:29:37,560 INFO dataset.load_and_preprocess_cane_raw_file] Picking Fp1 channel
[2025-12-02 20:29:37,574 INFO dataset.load_and_preprocess_cane_raw_file] Using sampling rate: 500 Hz
[2025-12-02 20:29:37,574 INFO dataset.load_and_preprocess_cane_raw_file] Chunk size: 5000 samples (10s)
[2025-12-02 20:29:37,581 INFO dataset.load_and_preprocess_cane_raw_file] Created 30 chunks of shape torch.Size([30, 1, 5000])
[2025-12-02 20:29:37,593 INFO dataset.convert_to_spectrograms] Created 30 spectrograms
[2025-12-02 20:29:37,768 INFO dataset.verify_sampling_rate] Detected sampling rate: 499.60 Hz
[2025-12-02 20:29:37,806 INFO dataset.load_and_preprocess_cane_raw_file] Applied Common Average Reference
[2025-12-02 20:29:37,806 INFO dataset.load_and_preprocess_cane_raw_file] Picking Fp1 channel
[2025-12-02 20:29:37,819 INFO dataset.load_and_preprocess_cane_raw_file] Using sampling rate: 500 Hz
[2025-12-02 20:29:37,819 INFO dataset.load_and_preprocess_cane_raw_file] Chunk size: 5000 samples (10s)
[2025-12-02 20:29:37,825 INFO dataset.load_and_preprocess_cane_raw_file] Created 30 chunks of shape torch.Size([30, 1, 5000])
[2025-12-02 20:29:37,836 INFO dataset.convert_to_spectrograms] Created 30 spectrograms
[2025-12-02 20:29:38,028 INFO dataset.verify_sampling_rate] Detected sampling rate: 499.28 Hz
[2025-12-02 20:29:38,067 INFO dataset.load_and_preprocess_cane_raw_file] Applied Common Average Reference
[2025-12-02 20:29:38,068 INFO dataset.load_and_preprocess_cane_raw_file] Picking Fp1 channel
[2025-12-02 20:29:38,075 INFO dataset.load_and_preprocess_cane_raw_file] Found 9 artifacts (0.01%)
[2025-12-02 20:29:38,083 INFO dataset.load_and_preprocess_cane_raw_file] Using sampling rate: 500 Hz
[2025-12-02 20:29:38,083 INFO dataset.load_and_preprocess_cane_raw_file] Chunk size: 5000 samples (10s)
[2025-12-02 20:29:38,089 INFO dataset.load_and_preprocess_cane_raw_file] Created 30 chunks of shape torch.Size([30, 1, 5000])
[2025-12-02 20:29:38,102 INFO dataset.convert_to_spectrograms] Created 30 spectrograms
[2025-12-02 20:29:38,316 INFO dataset.verify_sampling_rate] Detected sampling rate: 497.83 Hz
[2025-12-02 20:29:38,365 INFO dataset.load_and_preprocess_cane_raw_file] Applied Common Average Reference
[2025-12-02 20:29:38,366 INFO dataset.load_and_preprocess_cane_raw_file] Picking Fp1 channel
[2025-12-02 20:29:38,381 INFO dataset.load_and_preprocess_cane_raw_file] Using sampling rate: 500 Hz
[2025-12-02 20:29:38,381 INFO dataset.load_and_preprocess_cane_raw_file] Chunk size: 5000 samples (10s)
[2025-12-02 20:29:38,388 INFO dataset.load_and_preprocess_cane_raw_file] Created 31 chunks of shape torch.Size([31, 1, 5000])
[2025-12-02 20:29:38,401 INFO dataset.convert_to_spectrograms] Created 31 spectrograms
[2025-12-02 20:29:38,566 INFO dataset.verify_sampling_rate] Detected sampling rate: 499.53 Hz
[2025-12-02 20:29:38,615 INFO dataset.load_and_preprocess_cane_raw_file] Applied Common Average Reference
[2025-12-02 20:29:38,615 INFO dataset.load_and_preprocess_cane_raw_file] Picking Fp1 channel
[2025-12-02 20:29:38,622 INFO dataset.load_and_preprocess_cane_raw_file] Found 76 artifacts (0.05%)
[2025-12-02 20:29:38,638 INFO dataset.load_and_preprocess_cane_raw_file] Using sampling rate: 500 Hz
[2025-12-02 20:29:38,638 INFO dataset.load_and_preprocess_cane_raw_file] Chunk size: 5000 samples (10s)
[2025-12-02 20:29:38,645 INFO dataset.load_and_preprocess_cane_raw_file] Created 30 chunks of shape torch.Size([30, 1, 5000])
[2025-12-02 20:29:38,660 INFO dataset.convert_to_spectrograms] Created 30 spectrograms
[2025-12-02 20:29:38,840 INFO dataset.verify_sampling_rate] Detected sampling rate: 499.58 Hz
[2025-12-02 20:29:38,907 INFO dataset.load_and_preprocess_cane_raw_file] Applied Common Average Reference
[2025-12-02 20:29:38,908 INFO dataset.load_and_preprocess_cane_raw_file] Picking Fp1 channel
[2025-12-02 20:29:38,917 INFO dataset.load_and_preprocess_cane_raw_file] Found 1231 artifacts (0.79%)
[2025-12-02 20:29:39,026 INFO dataset.load_and_preprocess_cane_raw_file] Using sampling rate: 500 Hz
[2025-12-02 20:29:39,026 INFO dataset.load_and_preprocess_cane_raw_file] Chunk size: 5000 samples (10s)
[2025-12-02 20:29:39,034 INFO dataset.load_and_preprocess_cane_raw_file] Created 30 chunks of shape torch.Size([30, 1, 5000])
[2025-12-02 20:29:39,045 INFO dataset.convert_to_spectrograms] Created 30 spectrograms
[2025-12-02 20:29:39,234 INFO dataset.verify_sampling_rate] Detected sampling rate: 498.58 Hz
[2025-12-02 20:29:39,275 INFO dataset.load_and_preprocess_cane_raw_file] Applied Common Average Reference
[2025-12-02 20:29:39,276 INFO dataset.load_and_preprocess_cane_raw_file] Picking Fp1 channel
[2025-12-02 20:29:39,286 INFO dataset.load_and_preprocess_cane_raw_file] Found 44 artifacts (0.03%)
[2025-12-02 20:29:39,296 INFO dataset.load_and_preprocess_cane_raw_file] Using sampling rate: 500 Hz
[2025-12-02 20:29:39,296 INFO dataset.load_and_preprocess_cane_raw_file] Chunk size: 5000 samples (10s)
[2025-12-02 20:29:39,303 INFO dataset.load_and_preprocess_cane_raw_file] Created 33 chunks of shape torch.Size([33, 1, 5000])
[2025-12-02 20:29:39,318 INFO dataset.convert_to_spectrograms] Created 33 spectrograms
[2025-12-02 20:29:39,491 INFO dataset.verify_sampling_rate] Detected sampling rate: 499.56 Hz
[2025-12-02 20:29:39,529 INFO dataset.load_and_preprocess_cane_raw_file] Applied Common Average Reference
[2025-12-02 20:29:39,530 INFO dataset.load_and_preprocess_cane_raw_file] Picking Fp1 channel
[2025-12-02 20:29:39,543 INFO dataset.load_and_preprocess_cane_raw_file] Using sampling rate: 500 Hz
[2025-12-02 20:29:39,543 INFO dataset.load_and_preprocess_cane_raw_file] Chunk size: 5000 samples (10s)
[2025-12-02 20:29:39,550 INFO dataset.load_and_preprocess_cane_raw_file] Created 30 chunks of shape torch.Size([30, 1, 5000])
[2025-12-02 20:29:39,563 INFO dataset.convert_to_spectrograms] Created 30 spectrograms
[2025-12-02 20:29:39,726 INFO dataset.verify_sampling_rate] Detected sampling rate: 498.57 Hz
[2025-12-02 20:29:39,760 INFO dataset.load_and_preprocess_cane_raw_file] Applied Common Average Reference
[2025-12-02 20:29:39,761 INFO dataset.load_and_preprocess_cane_raw_file] Picking Fp1 channel
[2025-12-02 20:29:39,767 INFO dataset.load_and_preprocess_cane_raw_file] Found 337 artifacts (0.26%)
[2025-12-02 20:29:39,801 INFO dataset.load_and_preprocess_cane_raw_file] Using sampling rate: 500 Hz
[2025-12-02 20:29:39,801 INFO dataset.load_and_preprocess_cane_raw_file] Chunk size: 5000 samples (10s)
[2025-12-02 20:29:39,805 INFO dataset.load_and_preprocess_cane_raw_file] Created 26 chunks of shape torch.Size([26, 1, 5000])
[2025-12-02 20:29:39,815 INFO dataset.convert_to_spectrograms] Created 26 spectrograms
[2025-12-02 20:29:40,003 INFO dataset.verify_sampling_rate] Detected sampling rate: 499.57 Hz
[2025-12-02 20:29:40,046 INFO dataset.load_and_preprocess_cane_raw_file] Applied Common Average Reference
[2025-12-02 20:29:40,046 INFO dataset.load_and_preprocess_cane_raw_file] Picking Fp1 channel
[2025-12-02 20:29:40,054 INFO dataset.load_and_preprocess_cane_raw_file] Found 251 artifacts (0.16%)
[2025-12-02 20:29:40,081 INFO dataset.load_and_preprocess_cane_raw_file] Using sampling rate: 500 Hz
[2025-12-02 20:29:40,081 INFO dataset.load_and_preprocess_cane_raw_file] Chunk size: 5000 samples (10s)
[2025-12-02 20:29:40,087 INFO dataset.load_and_preprocess_cane_raw_file] Created 31 chunks of shape torch.Size([31, 1, 5000])
[2025-12-02 20:29:40,099 INFO dataset.convert_to_spectrograms] Created 31 spectrograms
[2025-12-02 20:29:40,275 INFO dataset.verify_sampling_rate] Detected sampling rate: 499.57 Hz
[2025-12-02 20:29:40,312 INFO dataset.load_and_preprocess_cane_raw_file] Applied Common Average Reference
[2025-12-02 20:29:40,313 INFO dataset.load_and_preprocess_cane_raw_file] Picking Fp1 channel
[2025-12-02 20:29:40,326 INFO dataset.load_and_preprocess_cane_raw_file] Using sampling rate: 500 Hz
[2025-12-02 20:29:40,326 INFO dataset.load_and_preprocess_cane_raw_file] Chunk size: 5000 samples (10s)
[2025-12-02 20:29:40,333 INFO dataset.load_and_preprocess_cane_raw_file] Created 30 chunks of shape torch.Size([30, 1, 5000])
[2025-12-02 20:29:40,345 INFO dataset.convert_to_spectrograms] Created 30 spectrograms
[2025-12-02 20:29:40,493 INFO dataset.verify_sampling_rate] Detected sampling rate: 498.36 Hz
[2025-12-02 20:29:40,525 INFO dataset.load_and_preprocess_cane_raw_file] Applied Common Average Reference
[2025-12-02 20:29:40,526 INFO dataset.load_and_preprocess_cane_raw_file] Picking Fp1 channel
[2025-12-02 20:29:40,531 INFO dataset.load_and_preprocess_cane_raw_file] Found 216 artifacts (0.17%)
[2025-12-02 20:29:40,554 INFO dataset.load_and_preprocess_cane_raw_file] Using sampling rate: 500 Hz
[2025-12-02 20:29:40,554 INFO dataset.load_and_preprocess_cane_raw_file] Chunk size: 5000 samples (10s)
[2025-12-02 20:29:40,558 INFO dataset.load_and_preprocess_cane_raw_file] Created 25 chunks of shape torch.Size([25, 1, 5000])
[2025-12-02 20:29:40,570 INFO dataset.convert_to_spectrograms] Created 25 spectrograms
[2025-12-02 20:29:40,801 INFO dataset.verify_sampling_rate] Detected sampling rate: 496.97 Hz
[2025-12-02 20:29:40,882 INFO dataset.load_and_preprocess_cane_raw_file] Applied Common Average Reference
[2025-12-02 20:29:40,883 INFO dataset.load_and_preprocess_cane_raw_file] Picking Fp1 channel
[2025-12-02 20:29:40,895 INFO dataset.load_and_preprocess_cane_raw_file] Found 5935 artifacts (3.13%)
[2025-12-02 20:29:41,354 INFO dataset.load_and_preprocess_cane_raw_file] Using sampling rate: 500 Hz
[2025-12-02 20:29:41,354 INFO dataset.load_and_preprocess_cane_raw_file] Chunk size: 5000 samples (10s)
[2025-12-02 20:29:41,361 INFO dataset.load_and_preprocess_cane_raw_file] Created 37 chunks of shape torch.Size([37, 1, 5000])
[2025-12-02 20:29:41,372 INFO dataset.convert_to_spectrograms] Created 37 spectrograms
[2025-12-02 20:29:41,631 INFO dataset.verify_sampling_rate] Detected sampling rate: 499.05 Hz
[2025-12-02 20:29:41,715 INFO dataset.load_and_preprocess_cane_raw_file] Applied Common Average Reference
[2025-12-02 20:29:41,715 INFO dataset.load_and_preprocess_cane_raw_file] Picking Fp1 channel
[2025-12-02 20:29:41,731 INFO dataset.load_and_preprocess_cane_raw_file] Found 338 artifacts (0.15%)
[2025-12-02 20:29:41,771 INFO dataset.load_and_preprocess_cane_raw_file] Using sampling rate: 500 Hz
[2025-12-02 20:29:41,771 INFO dataset.load_and_preprocess_cane_raw_file] Chunk size: 5000 samples (10s)
[2025-12-02 20:29:41,782 INFO dataset.load_and_preprocess_cane_raw_file] Created 45 chunks of shape torch.Size([45, 1, 5000])
[2025-12-02 20:29:41,797 INFO dataset.convert_to_spectrograms] Created 45 spectrograms
[2025-12-02 20:29:42,022 INFO dataset.verify_sampling_rate] Detected sampling rate: 499.08 Hz
[2025-12-02 20:29:42,072 INFO dataset.load_and_preprocess_cane_raw_file] Applied Common Average Reference
[2025-12-02 20:29:42,073 INFO dataset.load_and_preprocess_cane_raw_file] Picking Fp1 channel
[2025-12-02 20:29:42,086 INFO dataset.load_and_preprocess_cane_raw_file] Found 183 artifacts (0.09%)
[2025-12-02 20:29:42,110 INFO dataset.load_and_preprocess_cane_raw_file] Using sampling rate: 500 Hz
[2025-12-02 20:29:42,110 INFO dataset.load_and_preprocess_cane_raw_file] Chunk size: 5000 samples (10s)
[2025-12-02 20:29:42,118 INFO dataset.load_and_preprocess_cane_raw_file] Created 41 chunks of shape torch.Size([41, 1, 5000])
[2025-12-02 20:29:42,134 INFO dataset.convert_to_spectrograms] Created 41 spectrograms
[2025-12-02 20:29:42,315 INFO dataset.verify_sampling_rate] Detected sampling rate: 499.56 Hz
[2025-12-02 20:29:42,354 INFO dataset.load_and_preprocess_cane_raw_file] Applied Common Average Reference
[2025-12-02 20:29:42,354 INFO dataset.load_and_preprocess_cane_raw_file] Picking Fp1 channel
[2025-12-02 20:29:42,365 INFO dataset.load_and_preprocess_cane_raw_file] Found 284 artifacts (0.18%)
[2025-12-02 20:29:42,395 INFO dataset.load_and_preprocess_cane_raw_file] Using sampling rate: 500 Hz
[2025-12-02 20:29:42,395 INFO dataset.load_and_preprocess_cane_raw_file] Chunk size: 5000 samples (10s)
[2025-12-02 20:29:42,401 INFO dataset.load_and_preprocess_cane_raw_file] Created 31 chunks of shape torch.Size([31, 1, 5000])
[2025-12-02 20:29:42,413 INFO dataset.convert_to_spectrograms] Created 31 spectrograms
[2025-12-02 20:29:42,584 INFO dataset.verify_sampling_rate] Detected sampling rate: 499.16 Hz
[2025-12-02 20:29:42,620 INFO dataset.load_and_preprocess_cane_raw_file] Applied Common Average Reference
[2025-12-02 20:29:42,621 INFO dataset.load_and_preprocess_cane_raw_file] Picking Fp1 channel
[2025-12-02 20:29:42,628 INFO dataset.load_and_preprocess_cane_raw_file] Found 84 artifacts (0.05%)
[2025-12-02 20:29:42,641 INFO dataset.load_and_preprocess_cane_raw_file] Using sampling rate: 500 Hz
[2025-12-02 20:29:42,641 INFO dataset.load_and_preprocess_cane_raw_file] Chunk size: 5000 samples (10s)
[2025-12-02 20:29:42,648 INFO dataset.load_and_preprocess_cane_raw_file] Created 30 chunks of shape torch.Size([30, 1, 5000])
[2025-12-02 20:29:42,660 INFO dataset.convert_to_spectrograms] Created 30 spectrograms
[2025-12-02 20:29:42,828 INFO dataset.verify_sampling_rate] Detected sampling rate: 499.21 Hz
[2025-12-02 20:29:42,866 INFO dataset.load_and_preprocess_cane_raw_file] Applied Common Average Reference
[2025-12-02 20:29:42,866 INFO dataset.load_and_preprocess_cane_raw_file] Picking Fp1 channel
[2025-12-02 20:29:42,880 INFO dataset.load_and_preprocess_cane_raw_file] Using sampling rate: 500 Hz
[2025-12-02 20:29:42,880 INFO dataset.load_and_preprocess_cane_raw_file] Chunk size: 5000 samples (10s)
[2025-12-02 20:29:42,886 INFO dataset.load_and_preprocess_cane_raw_file] Created 30 chunks of shape torch.Size([30, 1, 5000])
[2025-12-02 20:29:42,899 INFO dataset.convert_to_spectrograms] Created 30 spectrograms
[2025-12-02 20:29:43,063 INFO dataset.verify_sampling_rate] Detected sampling rate: 498.62 Hz
[2025-12-02 20:29:43,100 INFO dataset.load_and_preprocess_cane_raw_file] Applied Common Average Reference
[2025-12-02 20:29:43,101 INFO dataset.load_and_preprocess_cane_raw_file] Picking Fp1 channel
[2025-12-02 20:29:43,108 INFO dataset.load_and_preprocess_cane_raw_file] Found 341 artifacts (0.22%)
[2025-12-02 20:29:43,142 INFO dataset.load_and_preprocess_cane_raw_file] Using sampling rate: 500 Hz
[2025-12-02 20:29:43,142 INFO dataset.load_and_preprocess_cane_raw_file] Chunk size: 5000 samples (10s)
[2025-12-02 20:29:43,148 INFO dataset.load_and_preprocess_cane_raw_file] Created 30 chunks of shape torch.Size([30, 1, 5000])
[2025-12-02 20:29:43,159 INFO dataset.convert_to_spectrograms] Created 30 spectrograms
[2025-12-02 20:29:43,316 INFO dataset.verify_sampling_rate] Detected sampling rate: 498.62 Hz
[2025-12-02 20:29:43,355 INFO dataset.load_and_preprocess_cane_raw_file] Applied Common Average Reference
[2025-12-02 20:29:43,356 INFO dataset.load_and_preprocess_cane_raw_file] Picking Fp1 channel
[2025-12-02 20:29:43,374 INFO dataset.load_and_preprocess_cane_raw_file] Using sampling rate: 500 Hz
[2025-12-02 20:29:43,374 INFO dataset.load_and_preprocess_cane_raw_file] Chunk size: 5000 samples (10s)
[2025-12-02 20:29:43,381 INFO dataset.load_and_preprocess_cane_raw_file] Created 31 chunks of shape torch.Size([31, 1, 5000])
[2025-12-02 20:29:43,393 INFO dataset.convert_to_spectrograms] Created 31 spectrograms
[2025-12-02 20:29:43,393 INFO dataset.__init__] Built index with 1130 total chunks
[2025-12-02 20:29:43,393 INFO main.train_cross_validation] CANE dataset: 19 normal, 18 anxious subjects
[2025-12-02 20:29:43,393 INFO main.train_cross_validation] ================================================================================
[2025-12-02 20:29:43,393 INFO main.train_cross_validation] FOLD 1/6
[2025-12-02 20:29:43,393 INFO main.train_cross_validation] ================================================================================
[2025-12-02 20:29:43,393 INFO main.get_datasets_for_fold] Train subjects (30): ['cane:H S1010 EC', 'cane:H S1095 EC', 'cane:H S0079 EC', 'cane:AX S1023 EC', 'cane:AX S1051 EC', 'cane:AX S1006 EC', 'cane:H S1060 EC', 'cane:H S1091 EC', 'cane:H S1096 EC', 'cane:AX S1005 EC', 'cane:AX S0072 EC', 'cane:AX S0057 EC', 'cane:H S0078 EC', 'cane:H S1022 EC', 'cane:H S1101 EC', 'cane:AX S1084 EC', 'cane:AX S1007 EC', 'cane:AX S1065 EC', 'cane:H S1001 EC', 'cane:H S1054 EC', 'cane:H S1008 EC', 'cane:AX S1027 EC', 'cane:AX S0074 EC', 'cane:AX S1009 EC', 'cane:H S1028 EC', 'cane:H S1085 EC', 'cane:H S1003 EC', 'cane:AX S1024 EC', 'cane:AX S0041 EC', 'cane:AX S0056 EC']...
[2025-12-02 20:29:43,393 INFO main.get_datasets_for_fold] Val subjects (7): ['cane:H S0012 EC', 'cane:H S1002 EC', 'cane:H S1033 EC', 'cane:H S0015 EC', 'cane:AX S1087 EC', 'cane:AX S1050 EC', 'cane:AX S0073 EC']
[2025-12-02 20:29:43,394 INFO main.get_datasets_for_fold] Training chunks: 910
[2025-12-02 20:29:43,394 INFO main.get_datasets_for_fold] Validation chunks: 220
[2025-12-02 20:29:43,405 INFO model.__init__] Initialized LSTM with input_size=1728, hidden_size=100, batch_first=True
[2025-12-02 20:29:44,395 INFO main.train_one_fold] Starting training for fold 1
[2025-12-02 20:29:46,369 INFO main.train_one_fold] TRAIN CHUNK | Fold 1 | Epoch 001/100 | Loss: 0.6933 | Acc: 0.5022 | Prec: 0.5246 | Recall: 0.5147 | Spec: 0.4885
[2025-12-02 20:29:46,604 INFO main.train_one_fold] EVAL CHUNK | Fold 1 | Epoch 001/100 | Loss: 0.6938 | Acc: 0.4318 | Prec: 0.4318 | Recall: 1.0000 | Spec: 0.0000
[2025-12-02 20:29:46,604 INFO main.train_one_fold]   Confusion: TP=95, TN=0, FP=125, FN=0
[2025-12-02 20:29:46,604 INFO main.train_one_fold] EVAL SUBJECT | Fold 1 | Epoch 001/100 | Loss: 0.6938 | Acc: 0.4286 | Prec: 0.4286 | Recall: 1.0000 | Spec: 0.0000
[2025-12-02 20:29:46,604 INFO main.train_one_fold]   Confusion: TP=3, TN=0, FP=4, FN=0
[2025-12-02 20:29:46,625 INFO main.train_one_fold] ✓ Saved best model: experiments/cane_006_fp1_ec/fold_1_best.pth (combined=0.1851, chunk=0.4318, subject=0.4286)
[2025-12-02 20:29:46,625 INFO early_stopping.__call__] Early stopping initialized: best score 0.4318 at epoch 1
[2025-12-02 20:29:49,234 INFO main.train_one_fold] TRAIN CHUNK | Fold 1 | Epoch 002/100 | Loss: 0.6922 | Acc: 0.5297 | Prec: 0.5305 | Recall: 0.8782 | Spec: 0.1475
[2025-12-02 20:29:49,504 INFO main.train_one_fold] EVAL CHUNK | Fold 1 | Epoch 002/100 | Loss: 0.6949 | Acc: 0.4318 | Prec: 0.4318 | Recall: 1.0000 | Spec: 0.0000
[2025-12-02 20:29:49,504 INFO main.train_one_fold]   Confusion: TP=95, TN=0, FP=125, FN=0
[2025-12-02 20:29:49,504 INFO main.train_one_fold] EVAL SUBJECT | Fold 1 | Epoch 002/100 | Loss: 0.6949 | Acc: 0.4286 | Prec: 0.4286 | Recall: 1.0000 | Spec: 0.0000
[2025-12-02 20:29:49,504 INFO main.train_one_fold]   Confusion: TP=3, TN=0, FP=4, FN=0
[2025-12-02 20:29:54,966 INFO main.train_one_fold] TRAIN CHUNK | Fold 1 | Epoch 003/100 | Loss: 0.6921 | Acc: 0.5231 | Prec: 0.5238 | Recall: 0.9727 | Spec: 0.0300
[2025-12-02 20:29:55,354 INFO main.train_one_fold] EVAL CHUNK | Fold 1 | Epoch 003/100 | Loss: 0.6958 | Acc: 0.4318 | Prec: 0.4318 | Recall: 1.0000 | Spec: 0.0000
[2025-12-02 20:29:55,354 INFO main.train_one_fold]   Confusion: TP=95, TN=0, FP=125, FN=0
[2025-12-02 20:29:55,354 INFO main.train_one_fold] EVAL SUBJECT | Fold 1 | Epoch 003/100 | Loss: 0.6958 | Acc: 0.4286 | Prec: 0.4286 | Recall: 1.0000 | Spec: 0.0000
[2025-12-02 20:29:55,354 INFO main.train_one_fold]   Confusion: TP=3, TN=0, FP=4, FN=0
[2025-12-02 20:29:59,766 INFO main.train_one_fold] TRAIN CHUNK | Fold 1 | Epoch 004/100 | Loss: 0.6919 | Acc: 0.5242 | Prec: 0.5237 | Recall: 0.9979 | Spec: 0.0046
[2025-12-02 20:30:00,347 INFO main.train_one_fold] EVAL CHUNK | Fold 1 | Epoch 004/100 | Loss: 0.6973 | Acc: 0.4318 | Prec: 0.4318 | Recall: 1.0000 | Spec: 0.0000
[2025-12-02 20:30:00,350 INFO main.train_one_fold]   Confusion: TP=95, TN=0, FP=125, FN=0
[2025-12-02 20:30:00,350 INFO main.train_one_fold] EVAL SUBJECT | Fold 1 | Epoch 004/100 | Loss: 0.6973 | Acc: 0.4286 | Prec: 0.4286 | Recall: 1.0000 | Spec: 0.0000
[2025-12-02 20:30:00,350 INFO main.train_one_fold]   Confusion: TP=3, TN=0, FP=4, FN=0
[2025-12-02 20:30:08,185 INFO main.train_one_fold] TRAIN CHUNK | Fold 1 | Epoch 005/100 | Loss: 0.6911 | Acc: 0.5231 | Prec: 0.5231 | Recall: 1.0000 | Spec: 0.0000
[2025-12-02 20:30:08,560 INFO main.train_one_fold] EVAL CHUNK | Fold 1 | Epoch 005/100 | Loss: 0.6986 | Acc: 0.4318 | Prec: 0.4318 | Recall: 1.0000 | Spec: 0.0000
[2025-12-02 20:30:08,560 INFO main.train_one_fold]   Confusion: TP=95, TN=0, FP=125, FN=0
[2025-12-02 20:30:08,560 INFO main.train_one_fold] EVAL SUBJECT | Fold 1 | Epoch 005/100 | Loss: 0.6986 | Acc: 0.4286 | Prec: 0.4286 | Recall: 1.0000 | Spec: 0.0000
[2025-12-02 20:30:08,560 INFO main.train_one_fold]   Confusion: TP=3, TN=0, FP=4, FN=0
[2025-12-02 20:30:14,382 INFO main.train_one_fold] TRAIN CHUNK | Fold 1 | Epoch 006/100 | Loss: 0.6910 | Acc: 0.5231 | Prec: 0.5231 | Recall: 1.0000 | Spec: 0.0000
[2025-12-02 20:30:14,922 INFO main.train_one_fold] EVAL CHUNK | Fold 1 | Epoch 006/100 | Loss: 0.7005 | Acc: 0.4318 | Prec: 0.4318 | Recall: 1.0000 | Spec: 0.0000
[2025-12-02 20:30:14,923 INFO main.train_one_fold]   Confusion: TP=95, TN=0, FP=125, FN=0
[2025-12-02 20:30:14,923 INFO main.train_one_fold] EVAL SUBJECT | Fold 1 | Epoch 006/100 | Loss: 0.7005 | Acc: 0.4286 | Prec: 0.4286 | Recall: 1.0000 | Spec: 0.0000
[2025-12-02 20:30:14,923 INFO main.train_one_fold]   Confusion: TP=3, TN=0, FP=4, FN=0
[2025-12-02 20:30:22,781 INFO main.train_one_fold] TRAIN CHUNK | Fold 1 | Epoch 007/100 | Loss: 0.6904 | Acc: 0.5231 | Prec: 0.5231 | Recall: 1.0000 | Spec: 0.0000
[2025-12-02 20:30:23,285 INFO main.train_one_fold] EVAL CHUNK | Fold 1 | Epoch 007/100 | Loss: 0.7010 | Acc: 0.4318 | Prec: 0.4318 | Recall: 1.0000 | Spec: 0.0000
[2025-12-02 20:30:23,285 INFO main.train_one_fold]   Confusion: TP=95, TN=0, FP=125, FN=0
[2025-12-02 20:30:23,285 INFO main.train_one_fold] EVAL SUBJECT | Fold 1 | Epoch 007/100 | Loss: 0.7010 | Acc: 0.4286 | Prec: 0.4286 | Recall: 1.0000 | Spec: 0.0000
[2025-12-02 20:30:23,286 INFO main.train_one_fold]   Confusion: TP=3, TN=0, FP=4, FN=0
[2025-12-02 20:30:28,845 INFO main.train_one_fold] TRAIN CHUNK | Fold 1 | Epoch 008/100 | Loss: 0.6897 | Acc: 0.5242 | Prec: 0.5237 | Recall: 1.0000 | Spec: 0.0023
[2025-12-02 20:30:29,337 INFO main.train_one_fold] EVAL CHUNK | Fold 1 | Epoch 008/100 | Loss: 0.7004 | Acc: 0.4318 | Prec: 0.4318 | Recall: 1.0000 | Spec: 0.0000
[2025-12-02 20:30:29,338 INFO main.train_one_fold]   Confusion: TP=95, TN=0, FP=125, FN=0
[2025-12-02 20:30:29,338 INFO main.train_one_fold] EVAL SUBJECT | Fold 1 | Epoch 008/100 | Loss: 0.7004 | Acc: 0.4286 | Prec: 0.4286 | Recall: 1.0000 | Spec: 0.0000
[2025-12-02 20:30:29,338 INFO main.train_one_fold]   Confusion: TP=3, TN=0, FP=4, FN=0
[2025-12-02 20:30:35,410 INFO main.train_one_fold] TRAIN CHUNK | Fold 1 | Epoch 009/100 | Loss: 0.6886 | Acc: 0.5275 | Prec: 0.5256 | Recall: 0.9937 | Spec: 0.0161
[2025-12-02 20:30:35,903 INFO main.train_one_fold] EVAL CHUNK | Fold 1 | Epoch 009/100 | Loss: 0.7003 | Acc: 0.4318 | Prec: 0.4318 | Recall: 1.0000 | Spec: 0.0000
[2025-12-02 20:30:35,903 INFO main.train_one_fold]   Confusion: TP=95, TN=0, FP=125, FN=0
[2025-12-02 20:30:35,903 INFO main.train_one_fold] EVAL SUBJECT | Fold 1 | Epoch 009/100 | Loss: 0.7003 | Acc: 0.4286 | Prec: 0.4286 | Recall: 1.0000 | Spec: 0.0000
[2025-12-02 20:30:35,903 INFO main.train_one_fold]   Confusion: TP=3, TN=0, FP=4, FN=0
[2025-12-02 20:30:41,593 INFO main.train_one_fold] TRAIN CHUNK | Fold 1 | Epoch 010/100 | Loss: 0.6879 | Acc: 0.5220 | Prec: 0.5227 | Recall: 0.9937 | Spec: 0.0046
[2025-12-02 20:30:42,098 INFO main.train_one_fold] EVAL CHUNK | Fold 1 | Epoch 010/100 | Loss: 0.7036 | Acc: 0.4318 | Prec: 0.4318 | Recall: 1.0000 | Spec: 0.0000
[2025-12-02 20:30:42,098 INFO main.train_one_fold]   Confusion: TP=95, TN=0, FP=125, FN=0
[2025-12-02 20:30:42,098 INFO main.train_one_fold] EVAL SUBJECT | Fold 1 | Epoch 010/100 | Loss: 0.7036 | Acc: 0.4286 | Prec: 0.4286 | Recall: 1.0000 | Spec: 0.0000
[2025-12-02 20:30:42,098 INFO main.train_one_fold]   Confusion: TP=3, TN=0, FP=4, FN=0
[2025-12-02 20:30:42,123 INFO main.train_one_fold] Saved checkpoint: experiments/cane_006_fp1_ec/fold_1_epoch_010.pth
[2025-12-02 20:30:52,196 INFO main.train_one_fold] TRAIN CHUNK | Fold 1 | Epoch 011/100 | Loss: 0.6880 | Acc: 0.5253 | Prec: 0.5247 | Recall: 0.9832 | Spec: 0.0230
[2025-12-02 20:30:52,793 INFO main.train_one_fold] EVAL CHUNK | Fold 1 | Epoch 011/100 | Loss: 0.7027 | Acc: 0.4318 | Prec: 0.4318 | Recall: 1.0000 | Spec: 0.0000
[2025-12-02 20:30:52,793 INFO main.train_one_fold]   Confusion: TP=95, TN=0, FP=125, FN=0
[2025-12-02 20:30:52,793 INFO main.train_one_fold] EVAL SUBJECT | Fold 1 | Epoch 011/100 | Loss: 0.7027 | Acc: 0.4286 | Prec: 0.4286 | Recall: 1.0000 | Spec: 0.0000
[2025-12-02 20:30:52,793 INFO main.train_one_fold]   Confusion: TP=3, TN=0, FP=4, FN=0
[2025-12-02 20:30:58,874 INFO main.train_one_fold] TRAIN CHUNK | Fold 1 | Epoch 012/100 | Loss: 0.6866 | Acc: 0.5374 | Prec: 0.5322 | Recall: 0.9538 | Spec: 0.0806
[2025-12-02 20:30:59,379 INFO main.train_one_fold] EVAL CHUNK | Fold 1 | Epoch 012/100 | Loss: 0.7014 | Acc: 0.4273 | Prec: 0.4292 | Recall: 0.9895 | Spec: 0.0000
[2025-12-02 20:30:59,379 INFO main.train_one_fold]   Confusion: TP=94, TN=0, FP=125, FN=1
[2025-12-02 20:30:59,379 INFO main.train_one_fold] EVAL SUBJECT | Fold 1 | Epoch 012/100 | Loss: 0.7014 | Acc: 0.4286 | Prec: 0.4286 | Recall: 1.0000 | Spec: 0.0000
[2025-12-02 20:30:59,379 INFO main.train_one_fold]   Confusion: TP=3, TN=0, FP=4, FN=0
[2025-12-02 20:31:05,452 INFO main.train_one_fold] TRAIN CHUNK | Fold 1 | Epoch 013/100 | Loss: 0.6879 | Acc: 0.5264 | Prec: 0.5296 | Recall: 0.8466 | Spec: 0.1751
[2025-12-02 20:31:05,966 INFO main.train_one_fold] EVAL CHUNK | Fold 1 | Epoch 013/100 | Loss: 0.6988 | Acc: 0.4818 | Prec: 0.4431 | Recall: 0.7789 | Spec: 0.2560
[2025-12-02 20:31:05,966 INFO main.train_one_fold]   Confusion: TP=74, TN=32, FP=93, FN=21
[2025-12-02 20:31:05,967 INFO main.train_one_fold] EVAL SUBJECT | Fold 1 | Epoch 013/100 | Loss: 0.6988 | Acc: 0.4286 | Prec: 0.4000 | Recall: 0.6667 | Spec: 0.2500
[2025-12-02 20:31:05,967 INFO main.train_one_fold]   Confusion: TP=2, TN=1, FP=3, FN=1
[2025-12-02 20:31:06,002 INFO main.train_one_fold] ✓ Saved best model: experiments/cane_006_fp1_ec/fold_1_best.pth (combined=0.2065, chunk=0.4818, subject=0.4286)
[2025-12-02 20:31:06,003 INFO early_stopping.__call__] Validation improved from 0.4318 to 0.4818 (+0.0500) at epoch 13
[2025-12-02 20:31:11,824 INFO main.train_one_fold] TRAIN CHUNK | Fold 1 | Epoch 014/100 | Loss: 0.6838 | Acc: 0.5560 | Prec: 0.5517 | Recall: 0.8067 | Spec: 0.2811
[2025-12-02 20:31:12,351 INFO main.train_one_fold] EVAL CHUNK | Fold 1 | Epoch 014/100 | Loss: 0.6988 | Acc: 0.4955 | Prec: 0.4444 | Recall: 0.6737 | Spec: 0.3600
[2025-12-02 20:31:12,351 INFO main.train_one_fold]   Confusion: TP=64, TN=45, FP=80, FN=31
[2025-12-02 20:31:12,355 INFO main.train_one_fold] EVAL SUBJECT | Fold 1 | Epoch 014/100 | Loss: 0.6988 | Acc: 0.5714 | Prec: 0.5000 | Recall: 0.6667 | Spec: 0.5000
[2025-12-02 20:31:12,355 INFO main.train_one_fold]   Confusion: TP=2, TN=2, FP=2, FN=1
[2025-12-02 20:31:12,410 INFO main.train_one_fold] ✓ Saved best model: experiments/cane_006_fp1_ec/fold_1_best.pth (combined=0.2831, chunk=0.4955, subject=0.5714)
[2025-12-02 20:31:12,411 INFO early_stopping.__call__] Validation improved from 0.4818 to 0.4955 (+0.0136) at epoch 14
[2025-12-02 20:31:20,606 INFO main.train_one_fold] TRAIN CHUNK | Fold 1 | Epoch 015/100 | Loss: 0.6826 | Acc: 0.5604 | Prec: 0.5516 | Recall: 0.8529 | Spec: 0.2396
[2025-12-02 20:31:21,261 INFO main.train_one_fold] EVAL CHUNK | Fold 1 | Epoch 015/100 | Loss: 0.7032 | Acc: 0.4909 | Prec: 0.4485 | Recall: 0.7789 | Spec: 0.2720
[2025-12-02 20:31:21,262 INFO main.train_one_fold]   Confusion: TP=74, TN=34, FP=91, FN=21
[2025-12-02 20:31:21,262 INFO main.train_one_fold] EVAL SUBJECT | Fold 1 | Epoch 015/100 | Loss: 0.7032 | Acc: 0.4286 | Prec: 0.4000 | Recall: 0.6667 | Spec: 0.2500
[2025-12-02 20:31:21,262 INFO main.train_one_fold]   Confusion: TP=2, TN=1, FP=3, FN=1
[2025-12-02 20:31:28,475 INFO main.train_one_fold] TRAIN CHUNK | Fold 1 | Epoch 016/100 | Loss: 0.6843 | Acc: 0.5440 | Prec: 0.5471 | Recall: 0.7437 | Spec: 0.3249
[2025-12-02 20:31:29,137 INFO main.train_one_fold] EVAL CHUNK | Fold 1 | Epoch 016/100 | Loss: 0.6986 | Acc: 0.5591 | Prec: 0.4909 | Recall: 0.5684 | Spec: 0.5520
[2025-12-02 20:31:29,137 INFO main.train_one_fold]   Confusion: TP=54, TN=69, FP=56, FN=41
[2025-12-02 20:31:29,137 INFO main.train_one_fold] EVAL SUBJECT | Fold 1 | Epoch 016/100 | Loss: 0.6986 | Acc: 0.5714 | Prec: 0.5000 | Recall: 0.6667 | Spec: 0.5000
[2025-12-02 20:31:29,137 INFO main.train_one_fold]   Confusion: TP=2, TN=2, FP=2, FN=1
[2025-12-02 20:31:29,186 INFO main.train_one_fold] ✓ Saved best model: experiments/cane_006_fp1_ec/fold_1_best.pth (combined=0.3195, chunk=0.5591, subject=0.5714)
[2025-12-02 20:31:29,187 INFO early_stopping.__call__] Validation improved from 0.4955 to 0.5591 (+0.0636) at epoch 16
[2025-12-02 20:31:41,229 INFO main.train_one_fold] TRAIN CHUNK | Fold 1 | Epoch 017/100 | Loss: 0.6782 | Acc: 0.5736 | Prec: 0.5803 | Recall: 0.6681 | Spec: 0.4700
[2025-12-02 20:31:41,902 INFO main.train_one_fold] EVAL CHUNK | Fold 1 | Epoch 017/100 | Loss: 0.6987 | Acc: 0.5727 | Prec: 0.5060 | Recall: 0.4421 | Spec: 0.6720
[2025-12-02 20:31:41,903 INFO main.train_one_fold]   Confusion: TP=42, TN=84, FP=41, FN=53
[2025-12-02 20:31:41,903 INFO main.train_one_fold] EVAL SUBJECT | Fold 1 | Epoch 017/100 | Loss: 0.6987 | Acc: 0.7143 | Prec: 0.6667 | Recall: 0.6667 | Spec: 0.7500
[2025-12-02 20:31:41,903 INFO main.train_one_fold]   Confusion: TP=2, TN=3, FP=1, FN=1
[2025-12-02 20:31:41,952 INFO main.train_one_fold] ✓ Saved best model: experiments/cane_006_fp1_ec/fold_1_best.pth (combined=0.4091, chunk=0.5727, subject=0.7143)
[2025-12-02 20:31:41,953 INFO early_stopping.__call__] Validation improved from 0.5591 to 0.5727 (+0.0136) at epoch 17
[2025-12-02 20:31:50,235 INFO main.train_one_fold] TRAIN CHUNK | Fold 1 | Epoch 018/100 | Loss: 0.6767 | Acc: 0.5736 | Prec: 0.5843 | Recall: 0.6408 | Spec: 0.5000
[2025-12-02 20:31:50,825 INFO main.train_one_fold] EVAL CHUNK | Fold 1 | Epoch 018/100 | Loss: 0.7016 | Acc: 0.5773 | Prec: 0.5111 | Recall: 0.4842 | Spec: 0.6480
[2025-12-02 20:31:50,826 INFO main.train_one_fold]   Confusion: TP=46, TN=81, FP=44, FN=49
[2025-12-02 20:31:50,826 INFO main.train_one_fold] EVAL SUBJECT | Fold 1 | Epoch 018/100 | Loss: 0.7016 | Acc: 0.7143 | Prec: 0.6667 | Recall: 0.6667 | Spec: 0.7500
[2025-12-02 20:31:50,826 INFO main.train_one_fold]   Confusion: TP=2, TN=3, FP=1, FN=1
[2025-12-02 20:31:50,867 INFO main.train_one_fold] ✓ Saved best model: experiments/cane_006_fp1_ec/fold_1_best.pth (combined=0.4123, chunk=0.5773, subject=0.7143)
[2025-12-02 20:31:50,868 INFO early_stopping.__call__] Validation improved from 0.5727 to 0.5773 (+0.0045) at epoch 18
[2025-12-02 20:31:58,614 INFO main.train_one_fold] TRAIN CHUNK | Fold 1 | Epoch 019/100 | Loss: 0.6819 | Acc: 0.5692 | Prec: 0.5833 | Recall: 0.6176 | Spec: 0.5161
[2025-12-02 20:31:59,282 INFO main.train_one_fold] EVAL CHUNK | Fold 1 | Epoch 019/100 | Loss: 0.7003 | Acc: 0.5409 | Prec: 0.4583 | Recall: 0.3474 | Spec: 0.6880
[2025-12-02 20:31:59,293 INFO main.train_one_fold]   Confusion: TP=33, TN=86, FP=39, FN=62
[2025-12-02 20:31:59,296 INFO main.train_one_fold] EVAL SUBJECT | Fold 1 | Epoch 019/100 | Loss: 0.7003 | Acc: 0.5714 | Prec: 0.5000 | Recall: 0.3333 | Spec: 0.7500
[2025-12-02 20:31:59,296 INFO main.train_one_fold]   Confusion: TP=1, TN=3, FP=1, FN=2
[2025-12-02 20:32:07,189 INFO main.train_one_fold] TRAIN CHUNK | Fold 1 | Epoch 020/100 | Loss: 0.6764 | Acc: 0.5648 | Prec: 0.5851 | Recall: 0.5777 | Spec: 0.5507
[2025-12-02 20:32:07,822 INFO main.train_one_fold] EVAL CHUNK | Fold 1 | Epoch 020/100 | Loss: 0.7004 | Acc: 0.5091 | Prec: 0.3968 | Recall: 0.2632 | Spec: 0.6960
[2025-12-02 20:32:07,828 INFO main.train_one_fold]   Confusion: TP=25, TN=87, FP=38, FN=70
[2025-12-02 20:32:07,830 INFO main.train_one_fold] EVAL SUBJECT | Fold 1 | Epoch 020/100 | Loss: 0.7004 | Acc: 0.5714 | Prec: 0.5000 | Recall: 0.3333 | Spec: 0.7500
[2025-12-02 20:32:07,834 INFO main.train_one_fold]   Confusion: TP=1, TN=3, FP=1, FN=2
[2025-12-02 20:32:07,862 INFO main.train_one_fold] Saved checkpoint: experiments/cane_006_fp1_ec/fold_1_epoch_020.pth
[2025-12-02 20:32:23,013 INFO main.train_one_fold] TRAIN CHUNK | Fold 1 | Epoch 021/100 | Loss: 0.6723 | Acc: 0.5945 | Prec: 0.5989 | Recall: 0.6807 | Spec: 0.5000
[2025-12-02 20:32:23,531 INFO main.train_one_fold] EVAL CHUNK | Fold 1 | Epoch 021/100 | Loss: 0.7121 | Acc: 0.5000 | Prec: 0.4427 | Recall: 0.6105 | Spec: 0.4160
[2025-12-02 20:32:23,531 INFO main.train_one_fold]   Confusion: TP=58, TN=52, FP=73, FN=37
[2025-12-02 20:32:23,531 INFO main.train_one_fold] EVAL SUBJECT | Fold 1 | Epoch 021/100 | Loss: 0.7121 | Acc: 0.5714 | Prec: 0.5000 | Recall: 0.6667 | Spec: 0.5000
[2025-12-02 20:32:23,531 INFO main.train_one_fold]   Confusion: TP=2, TN=2, FP=2, FN=1
[2025-12-02 20:32:29,270 INFO main.train_one_fold] TRAIN CHUNK | Fold 1 | Epoch 022/100 | Loss: 0.6706 | Acc: 0.5879 | Prec: 0.5860 | Recall: 0.7227 | Spec: 0.4401
[2025-12-02 20:32:29,711 INFO main.train_one_fold] EVAL CHUNK | Fold 1 | Epoch 022/100 | Loss: 0.7081 | Acc: 0.4909 | Prec: 0.3559 | Recall: 0.2211 | Spec: 0.6960
[2025-12-02 20:32:29,711 INFO main.train_one_fold]   Confusion: TP=21, TN=87, FP=38, FN=74
[2025-12-02 20:32:29,711 INFO main.train_one_fold] EVAL SUBJECT | Fold 1 | Epoch 022/100 | Loss: 0.7081 | Acc: 0.5714 | Prec: 0.5000 | Recall: 0.3333 | Spec: 0.7500
[2025-12-02 20:32:29,711 INFO main.train_one_fold]   Confusion: TP=1, TN=3, FP=1, FN=2
[2025-12-02 20:32:35,230 INFO main.train_one_fold] TRAIN CHUNK | Fold 1 | Epoch 023/100 | Loss: 0.6682 | Acc: 0.6121 | Prec: 0.6323 | Recall: 0.6176 | Spec: 0.6060
[2025-12-02 20:32:35,658 INFO main.train_one_fold] EVAL CHUNK | Fold 1 | Epoch 023/100 | Loss: 0.7150 | Acc: 0.5682 | Prec: 0.5000 | Recall: 0.4211 | Spec: 0.6800
[2025-12-02 20:32:35,658 INFO main.train_one_fold]   Confusion: TP=40, TN=85, FP=40, FN=55
[2025-12-02 20:32:35,658 INFO main.train_one_fold] EVAL SUBJECT | Fold 1 | Epoch 023/100 | Loss: 0.7150 | Acc: 0.5714 | Prec: 0.5000 | Recall: 0.3333 | Spec: 0.7500
[2025-12-02 20:32:35,658 INFO main.train_one_fold]   Confusion: TP=1, TN=3, FP=1, FN=2
[2025-12-02 20:32:40,476 INFO main.train_one_fold] TRAIN CHUNK | Fold 1 | Epoch 024/100 | Loss: 0.6681 | Acc: 0.6088 | Prec: 0.6103 | Recall: 0.6975 | Spec: 0.5115
[2025-12-02 20:32:40,925 INFO main.train_one_fold] EVAL CHUNK | Fold 1 | Epoch 024/100 | Loss: 0.7178 | Acc: 0.5273 | Prec: 0.4348 | Recall: 0.3158 | Spec: 0.6880
[2025-12-02 20:32:40,926 INFO main.train_one_fold]   Confusion: TP=30, TN=86, FP=39, FN=65
[2025-12-02 20:32:40,926 INFO main.train_one_fold] EVAL SUBJECT | Fold 1 | Epoch 024/100 | Loss: 0.7178 | Acc: 0.5714 | Prec: 0.5000 | Recall: 0.3333 | Spec: 0.7500
[2025-12-02 20:32:40,926 INFO main.train_one_fold]   Confusion: TP=1, TN=3, FP=1, FN=2
[2025-12-02 20:32:45,877 INFO main.train_one_fold] TRAIN CHUNK | Fold 1 | Epoch 025/100 | Loss: 0.6674 | Acc: 0.5890 | Prec: 0.6085 | Recall: 0.6008 | Spec: 0.5760
[2025-12-02 20:32:46,449 INFO main.train_one_fold] EVAL CHUNK | Fold 1 | Epoch 025/100 | Loss: 0.7280 | Acc: 0.4091 | Prec: 0.0513 | Recall: 0.0211 | Spec: 0.7040
[2025-12-02 20:32:46,449 INFO main.train_one_fold]   Confusion: TP=2, TN=88, FP=37, FN=93
[2025-12-02 20:32:46,449 INFO main.train_one_fold] EVAL SUBJECT | Fold 1 | Epoch 025/100 | Loss: 0.7280 | Acc: 0.4286 | Prec: 0.0000 | Recall: 0.0000 | Spec: 0.7500
[2025-12-02 20:32:46,449 INFO main.train_one_fold]   Confusion: TP=0, TN=3, FP=1, FN=3
[2025-12-02 20:32:51,197 INFO main.train_one_fold] TRAIN CHUNK | Fold 1 | Epoch 026/100 | Loss: 0.6663 | Acc: 0.5967 | Prec: 0.6067 | Recall: 0.6513 | Spec: 0.5369
[2025-12-02 20:32:51,632 INFO main.train_one_fold] EVAL CHUNK | Fold 1 | Epoch 026/100 | Loss: 0.7358 | Acc: 0.5273 | Prec: 0.4615 | Recall: 0.5684 | Spec: 0.4960
[2025-12-02 20:32:51,636 INFO main.train_one_fold]   Confusion: TP=54, TN=62, FP=63, FN=41
[2025-12-02 20:32:51,640 INFO main.train_one_fold] EVAL SUBJECT | Fold 1 | Epoch 026/100 | Loss: 0.7358 | Acc: 0.5714 | Prec: 0.5000 | Recall: 0.6667 | Spec: 0.5000
[2025-12-02 20:32:51,640 INFO main.train_one_fold]   Confusion: TP=2, TN=2, FP=2, FN=1
[2025-12-02 20:32:56,646 INFO main.train_one_fold] TRAIN CHUNK | Fold 1 | Epoch 027/100 | Loss: 0.6541 | Acc: 0.6330 | Prec: 0.6599 | Recall: 0.6155 | Spec: 0.6521
[2025-12-02 20:32:57,068 INFO main.train_one_fold] EVAL CHUNK | Fold 1 | Epoch 027/100 | Loss: 0.7424 | Acc: 0.4091 | Prec: 0.0732 | Recall: 0.0316 | Spec: 0.6960
[2025-12-02 20:32:57,072 INFO main.train_one_fold]   Confusion: TP=3, TN=87, FP=38, FN=92
[2025-12-02 20:32:57,076 INFO main.train_one_fold] EVAL SUBJECT | Fold 1 | Epoch 027/100 | Loss: 0.7424 | Acc: 0.4286 | Prec: 0.0000 | Recall: 0.0000 | Spec: 0.7500
[2025-12-02 20:32:57,076 INFO main.train_one_fold]   Confusion: TP=0, TN=3, FP=1, FN=3
[2025-12-02 20:33:03,025 INFO main.train_one_fold] TRAIN CHUNK | Fold 1 | Epoch 028/100 | Loss: 0.6612 | Acc: 0.6231 | Prec: 0.6225 | Recall: 0.7101 | Spec: 0.5276
[2025-12-02 20:33:04,194 INFO main.train_one_fold] EVAL CHUNK | Fold 1 | Epoch 028/100 | Loss: 0.7482 | Acc: 0.4136 | Prec: 0.1136 | Recall: 0.0526 | Spec: 0.6880
[2025-12-02 20:33:04,197 INFO main.train_one_fold]   Confusion: TP=5, TN=86, FP=39, FN=90
[2025-12-02 20:33:04,198 INFO main.train_one_fold] EVAL SUBJECT | Fold 1 | Epoch 028/100 | Loss: 0.7482 | Acc: 0.4286 | Prec: 0.0000 | Recall: 0.0000 | Spec: 0.7500
[2025-12-02 20:33:04,198 INFO main.train_one_fold]   Confusion: TP=0, TN=3, FP=1, FN=3
[2025-12-02 20:33:11,115 INFO main.train_one_fold] TRAIN CHUNK | Fold 1 | Epoch 029/100 | Loss: 0.6546 | Acc: 0.6264 | Prec: 0.6532 | Recall: 0.6092 | Spec: 0.6452
[2025-12-02 20:33:12,067 INFO main.train_one_fold] EVAL CHUNK | Fold 1 | Epoch 029/100 | Loss: 0.7613 | Acc: 0.4409 | Prec: 0.2500 | Recall: 0.1474 | Spec: 0.6640
[2025-12-02 20:33:12,068 INFO main.train_one_fold]   Confusion: TP=14, TN=83, FP=42, FN=81
[2025-12-02 20:33:12,068 INFO main.train_one_fold] EVAL SUBJECT | Fold 1 | Epoch 029/100 | Loss: 0.7613 | Acc: 0.4286 | Prec: 0.0000 | Recall: 0.0000 | Spec: 0.7500
[2025-12-02 20:33:12,068 INFO main.train_one_fold]   Confusion: TP=0, TN=3, FP=1, FN=3
[2025-12-02 20:33:20,137 INFO main.train_one_fold] TRAIN CHUNK | Fold 1 | Epoch 030/100 | Loss: 0.6475 | Acc: 0.6099 | Prec: 0.6378 | Recall: 0.5882 | Spec: 0.6336
[2025-12-02 20:33:20,760 INFO main.train_one_fold] EVAL CHUNK | Fold 1 | Epoch 030/100 | Loss: 0.7933 | Acc: 0.4636 | Prec: 0.3425 | Recall: 0.2632 | Spec: 0.6160
[2025-12-02 20:33:20,760 INFO main.train_one_fold]   Confusion: TP=25, TN=77, FP=48, FN=70
[2025-12-02 20:33:20,760 INFO main.train_one_fold] EVAL SUBJECT | Fold 1 | Epoch 030/100 | Loss: 0.7933 | Acc: 0.5714 | Prec: 0.5000 | Recall: 0.3333 | Spec: 0.7500
[2025-12-02 20:33:20,760 INFO main.train_one_fold]   Confusion: TP=1, TN=3, FP=1, FN=2
[2025-12-02 20:33:20,807 INFO main.train_one_fold] Saved checkpoint: experiments/cane_006_fp1_ec/fold_1_epoch_030.pth
[2025-12-02 20:33:28,584 INFO main.train_one_fold] TRAIN CHUNK | Fold 1 | Epoch 031/100 | Loss: 0.6471 | Acc: 0.6319 | Prec: 0.6328 | Recall: 0.7059 | Spec: 0.5507
[2025-12-02 20:33:29,292 INFO main.train_one_fold] EVAL CHUNK | Fold 1 | Epoch 031/100 | Loss: 0.7848 | Acc: 0.4455 | Prec: 0.3151 | Recall: 0.2421 | Spec: 0.6000
[2025-12-02 20:33:29,293 INFO main.train_one_fold]   Confusion: TP=23, TN=75, FP=50, FN=72
[2025-12-02 20:33:29,293 INFO main.train_one_fold] EVAL SUBJECT | Fold 1 | Epoch 031/100 | Loss: 0.7848 | Acc: 0.5714 | Prec: 0.5000 | Recall: 0.3333 | Spec: 0.7500
[2025-12-02 20:33:29,293 INFO main.train_one_fold]   Confusion: TP=1, TN=3, FP=1, FN=2
[2025-12-02 20:33:40,623 INFO main.train_one_fold] TRAIN CHUNK | Fold 1 | Epoch 032/100 | Loss: 0.6385 | Acc: 0.6462 | Prec: 0.6799 | Recall: 0.6113 | Spec: 0.6843
[2025-12-02 20:33:41,263 INFO main.train_one_fold] EVAL CHUNK | Fold 1 | Epoch 032/100 | Loss: 0.8134 | Acc: 0.3955 | Prec: 0.0000 | Recall: 0.0000 | Spec: 0.6960
[2025-12-02 20:33:41,263 INFO main.train_one_fold]   Confusion: TP=0, TN=87, FP=38, FN=95
[2025-12-02 20:33:41,263 INFO main.train_one_fold] EVAL SUBJECT | Fold 1 | Epoch 032/100 | Loss: 0.8134 | Acc: 0.4286 | Prec: 0.0000 | Recall: 0.0000 | Spec: 0.7500
[2025-12-02 20:33:41,263 INFO main.train_one_fold]   Confusion: TP=0, TN=3, FP=1, FN=3
[2025-12-02 20:33:48,964 INFO main.train_one_fold] TRAIN CHUNK | Fold 1 | Epoch 033/100 | Loss: 0.6345 | Acc: 0.6560 | Prec: 0.6607 | Recall: 0.7038 | Spec: 0.6037
[2025-12-02 20:33:49,643 INFO main.train_one_fold] EVAL CHUNK | Fold 1 | Epoch 033/100 | Loss: 0.7942 | Acc: 0.4182 | Prec: 0.0000 | Recall: 0.0000 | Spec: 0.7360
[2025-12-02 20:33:49,650 INFO main.train_one_fold]   Confusion: TP=0, TN=92, FP=33, FN=95
[2025-12-02 20:33:49,654 INFO main.train_one_fold] EVAL SUBJECT | Fold 1 | Epoch 033/100 | Loss: 0.7942 | Acc: 0.4286 | Prec: 0.0000 | Recall: 0.0000 | Spec: 0.7500
[2025-12-02 20:33:49,654 INFO main.train_one_fold]   Confusion: TP=0, TN=3, FP=1, FN=3
[2025-12-02 20:33:56,823 INFO main.train_one_fold] TRAIN CHUNK | Fold 1 | Epoch 034/100 | Loss: 0.6436 | Acc: 0.6495 | Prec: 0.6958 | Recall: 0.5861 | Spec: 0.7189
[2025-12-02 20:33:57,486 INFO main.train_one_fold] EVAL CHUNK | Fold 1 | Epoch 034/100 | Loss: 0.8451 | Acc: 0.3909 | Prec: 0.3617 | Recall: 0.5368 | Spec: 0.2800
[2025-12-02 20:33:57,490 INFO main.train_one_fold]   Confusion: TP=51, TN=35, FP=90, FN=44
[2025-12-02 20:33:57,490 INFO main.train_one_fold] EVAL SUBJECT | Fold 1 | Epoch 034/100 | Loss: 0.8451 | Acc: 0.2857 | Prec: 0.2500 | Recall: 0.3333 | Spec: 0.2500
[2025-12-02 20:33:57,490 INFO main.train_one_fold]   Confusion: TP=1, TN=1, FP=3, FN=2
[2025-12-02 20:34:05,581 INFO main.train_one_fold] TRAIN CHUNK | Fold 1 | Epoch 035/100 | Loss: 0.6280 | Acc: 0.6593 | Prec: 0.6701 | Recall: 0.6870 | Spec: 0.6290
[2025-12-02 20:34:06,201 INFO main.train_one_fold] EVAL CHUNK | Fold 1 | Epoch 035/100 | Loss: 0.7842 | Acc: 0.4318 | Prec: 0.0000 | Recall: 0.0000 | Spec: 0.7600
[2025-12-02 20:34:06,202 INFO main.train_one_fold]   Confusion: TP=0, TN=95, FP=30, FN=95
[2025-12-02 20:34:06,202 INFO main.train_one_fold] EVAL SUBJECT | Fold 1 | Epoch 035/100 | Loss: 0.7842 | Acc: 0.4286 | Prec: 0.0000 | Recall: 0.0000 | Spec: 0.7500
[2025-12-02 20:34:06,202 INFO main.train_one_fold]   Confusion: TP=0, TN=3, FP=1, FN=3
[2025-12-02 20:34:13,844 INFO main.train_one_fold] TRAIN CHUNK | Fold 1 | Epoch 036/100 | Loss: 0.6220 | Acc: 0.6648 | Prec: 0.6770 | Recall: 0.6870 | Spec: 0.6406
[2025-12-02 20:34:14,505 INFO main.train_one_fold] EVAL CHUNK | Fold 1 | Epoch 036/100 | Loss: 0.8889 | Acc: 0.3773 | Prec: 0.0227 | Recall: 0.0105 | Spec: 0.6560
[2025-12-02 20:34:14,506 INFO main.train_one_fold]   Confusion: TP=1, TN=82, FP=43, FN=94
[2025-12-02 20:34:14,506 INFO main.train_one_fold] EVAL SUBJECT | Fold 1 | Epoch 036/100 | Loss: 0.8889 | Acc: 0.4286 | Prec: 0.0000 | Recall: 0.0000 | Spec: 0.7500
[2025-12-02 20:34:14,506 INFO main.train_one_fold]   Confusion: TP=0, TN=3, FP=1, FN=3
[2025-12-02 20:34:27,599 INFO main.train_one_fold] TRAIN CHUNK | Fold 1 | Epoch 037/100 | Loss: 0.6256 | Acc: 0.6758 | Prec: 0.7062 | Recall: 0.6513 | Spec: 0.7028
[2025-12-02 20:34:28,223 INFO main.train_one_fold] EVAL CHUNK | Fold 1 | Epoch 037/100 | Loss: 0.9042 | Acc: 0.3909 | Prec: 0.1455 | Recall: 0.0842 | Spec: 0.6240
[2025-12-02 20:34:28,233 INFO main.train_one_fold]   Confusion: TP=8, TN=78, FP=47, FN=87
[2025-12-02 20:34:28,234 INFO main.train_one_fold] EVAL SUBJECT | Fold 1 | Epoch 037/100 | Loss: 0.9042 | Acc: 0.4286 | Prec: 0.0000 | Recall: 0.0000 | Spec: 0.7500
[2025-12-02 20:34:28,234 INFO main.train_one_fold]   Confusion: TP=0, TN=3, FP=1, FN=3
[2025-12-02 20:34:36,016 INFO main.train_one_fold] TRAIN CHUNK | Fold 1 | Epoch 038/100 | Loss: 0.6128 | Acc: 0.6802 | Prec: 0.6931 | Recall: 0.6975 | Spec: 0.6613
[2025-12-02 20:34:36,719 INFO main.train_one_fold] EVAL CHUNK | Fold 1 | Epoch 038/100 | Loss: 0.8584 | Acc: 0.3864 | Prec: 0.0000 | Recall: 0.0000 | Spec: 0.6800
[2025-12-02 20:34:36,730 INFO main.train_one_fold]   Confusion: TP=0, TN=85, FP=40, FN=95
[2025-12-02 20:34:36,731 INFO main.train_one_fold] EVAL SUBJECT | Fold 1 | Epoch 038/100 | Loss: 0.8584 | Acc: 0.4286 | Prec: 0.0000 | Recall: 0.0000 | Spec: 0.7500
[2025-12-02 20:34:36,731 INFO main.train_one_fold]   Confusion: TP=0, TN=3, FP=1, FN=3
[2025-12-02 20:34:36,731 INFO early_stopping.__call__] Early stopping triggered after 20 epochs without improvement. Best score: 0.5773 at epoch 18
[2025-12-02 20:34:36,731 INFO main.train_one_fold] Early stopping triggered at epoch 38
[2025-12-02 20:34:36,732 INFO main.train_one_fold] 
Fold 1 training completed. Best Combined Val Acc: 0.4123 at epoch 18
[2025-12-02 20:34:36,732 INFO main.train_cross_validation] ================================================================================
[2025-12-02 20:34:36,732 INFO main.train_cross_validation] FOLD 2/6
[2025-12-02 20:34:36,732 INFO main.train_cross_validation] ================================================================================
[2025-12-02 20:34:36,733 INFO main.get_datasets_for_fold] Train subjects (31): ['cane:H S0012 EC', 'cane:H S1002 EC', 'cane:H S1033 EC', 'cane:H S0015 EC', 'cane:AX S1087 EC', 'cane:AX S1050 EC', 'cane:AX S0073 EC', 'cane:H S1060 EC', 'cane:H S1091 EC', 'cane:H S1096 EC', 'cane:AX S1005 EC', 'cane:AX S0072 EC', 'cane:AX S0057 EC', 'cane:H S0078 EC', 'cane:H S1022 EC', 'cane:H S1101 EC', 'cane:AX S1084 EC', 'cane:AX S1007 EC', 'cane:AX S1065 EC', 'cane:H S1001 EC', 'cane:H S1054 EC', 'cane:H S1008 EC', 'cane:AX S1027 EC', 'cane:AX S0074 EC', 'cane:AX S1009 EC', 'cane:H S1028 EC', 'cane:H S1085 EC', 'cane:H S1003 EC', 'cane:AX S1024 EC', 'cane:AX S0041 EC', 'cane:AX S0056 EC']...
[2025-12-02 20:34:36,733 INFO main.get_datasets_for_fold] Val subjects (6): ['cane:H S1010 EC', 'cane:H S1095 EC', 'cane:H S0079 EC', 'cane:AX S1023 EC', 'cane:AX S1051 EC', 'cane:AX S1006 EC']
[2025-12-02 20:34:36,734 INFO main.get_datasets_for_fold] Training chunks: 947
[2025-12-02 20:34:36,738 INFO main.get_datasets_for_fold] Validation chunks: 183
[2025-12-02 20:34:36,761 INFO model.__init__] Initialized LSTM with input_size=1728, hidden_size=100, batch_first=True
[2025-12-02 20:34:36,763 INFO main.train_one_fold] Starting training for fold 2
[2025-12-02 20:34:44,231 INFO main.train_one_fold] TRAIN CHUNK | Fold 2 | Epoch 001/100 | Loss: 0.6953 | Acc: 0.5005 | Prec: 0.0000 | Recall: 0.0000 | Spec: 1.0000
[2025-12-02 20:34:44,836 INFO main.train_one_fold] EVAL CHUNK | Fold 2 | Epoch 001/100 | Loss: 0.7003 | Acc: 0.4645 | Prec: 0.0000 | Recall: 0.0000 | Spec: 1.0000
[2025-12-02 20:34:44,842 INFO main.train_one_fold]   Confusion: TP=0, TN=85, FP=0, FN=98
[2025-12-02 20:34:44,844 INFO main.train_one_fold] EVAL SUBJECT | Fold 2 | Epoch 001/100 | Loss: 0.7003 | Acc: 0.5000 | Prec: 0.0000 | Recall: 0.0000 | Spec: 1.0000
[2025-12-02 20:34:44,848 INFO main.train_one_fold]   Confusion: TP=0, TN=3, FP=0, FN=3
[2025-12-02 20:34:44,900 INFO main.train_one_fold] ✓ Saved best model: experiments/cane_006_fp1_ec/fold_2_best.pth (combined=0.2322, chunk=0.4645, subject=0.5000)
[2025-12-02 20:34:44,900 INFO early_stopping.__call__] Early stopping initialized: best score 0.4645 at epoch 1
[2025-12-02 20:34:57,626 INFO main.train_one_fold] TRAIN CHUNK | Fold 2 | Epoch 002/100 | Loss: 0.6944 | Acc: 0.5005 | Prec: 0.0000 | Recall: 0.0000 | Spec: 1.0000
[2025-12-02 20:34:58,261 INFO main.train_one_fold] EVAL CHUNK | Fold 2 | Epoch 002/100 | Loss: 0.6998 | Acc: 0.4645 | Prec: 0.0000 | Recall: 0.0000 | Spec: 1.0000
[2025-12-02 20:34:58,271 INFO main.train_one_fold]   Confusion: TP=0, TN=85, FP=0, FN=98
[2025-12-02 20:34:58,272 INFO main.train_one_fold] EVAL SUBJECT | Fold 2 | Epoch 002/100 | Loss: 0.6998 | Acc: 0.5000 | Prec: 0.0000 | Recall: 0.0000 | Spec: 1.0000
[2025-12-02 20:34:58,272 INFO main.train_one_fold]   Confusion: TP=0, TN=3, FP=0, FN=3
[2025-12-02 20:35:06,897 INFO main.train_one_fold] TRAIN CHUNK | Fold 2 | Epoch 003/100 | Loss: 0.6943 | Acc: 0.5005 | Prec: 0.0000 | Recall: 0.0000 | Spec: 1.0000
[2025-12-02 20:35:07,506 INFO main.train_one_fold] EVAL CHUNK | Fold 2 | Epoch 003/100 | Loss: 0.6991 | Acc: 0.4645 | Prec: 0.0000 | Recall: 0.0000 | Spec: 1.0000
[2025-12-02 20:35:07,507 INFO main.train_one_fold]   Confusion: TP=0, TN=85, FP=0, FN=98
[2025-12-02 20:35:07,507 INFO main.train_one_fold] EVAL SUBJECT | Fold 2 | Epoch 003/100 | Loss: 0.6991 | Acc: 0.5000 | Prec: 0.0000 | Recall: 0.0000 | Spec: 1.0000
[2025-12-02 20:35:07,507 INFO main.train_one_fold]   Confusion: TP=0, TN=3, FP=0, FN=3
[2025-12-02 20:35:15,425 INFO main.train_one_fold] TRAIN CHUNK | Fold 2 | Epoch 004/100 | Loss: 0.6930 | Acc: 0.4995 | Prec: 0.3333 | Recall: 0.0021 | Spec: 0.9958
[2025-12-02 20:35:16,424 INFO main.train_one_fold] EVAL CHUNK | Fold 2 | Epoch 004/100 | Loss: 0.6985 | Acc: 0.4645 | Prec: 0.0000 | Recall: 0.0000 | Spec: 1.0000
[2025-12-02 20:35:16,424 INFO main.train_one_fold]   Confusion: TP=0, TN=85, FP=0, FN=98
[2025-12-02 20:35:16,424 INFO main.train_one_fold] EVAL SUBJECT | Fold 2 | Epoch 004/100 | Loss: 0.6985 | Acc: 0.5000 | Prec: 0.0000 | Recall: 0.0000 | Spec: 1.0000
[2025-12-02 20:35:16,425 INFO main.train_one_fold]   Confusion: TP=0, TN=3, FP=0, FN=3
[2025-12-02 20:35:24,651 INFO main.train_one_fold] TRAIN CHUNK | Fold 2 | Epoch 005/100 | Loss: 0.6914 | Acc: 0.5090 | Prec: 0.6667 | Recall: 0.0338 | Spec: 0.9831
[2025-12-02 20:35:25,198 INFO main.train_one_fold] EVAL CHUNK | Fold 2 | Epoch 005/100 | Loss: 0.6987 | Acc: 0.4645 | Prec: 0.0000 | Recall: 0.0000 | Spec: 1.0000
[2025-12-02 20:35:25,198 INFO main.train_one_fold]   Confusion: TP=0, TN=85, FP=0, FN=98
[2025-12-02 20:35:25,199 INFO main.train_one_fold] EVAL SUBJECT | Fold 2 | Epoch 005/100 | Loss: 0.6987 | Acc: 0.5000 | Prec: 0.0000 | Recall: 0.0000 | Spec: 1.0000
[2025-12-02 20:35:25,199 INFO main.train_one_fold]   Confusion: TP=0, TN=3, FP=0, FN=3
[2025-12-02 20:35:33,244 INFO main.train_one_fold] TRAIN CHUNK | Fold 2 | Epoch 006/100 | Loss: 0.6896 | Acc: 0.5428 | Prec: 0.5917 | Recall: 0.2727 | Spec: 0.8122
[2025-12-02 20:35:33,771 INFO main.train_one_fold] EVAL CHUNK | Fold 2 | Epoch 006/100 | Loss: 0.6989 | Acc: 0.3224 | Prec: 0.3968 | Recall: 0.5102 | Spec: 0.1059
[2025-12-02 20:35:33,771 INFO main.train_one_fold]   Confusion: TP=50, TN=9, FP=76, FN=48
[2025-12-02 20:35:33,771 INFO main.train_one_fold] EVAL SUBJECT | Fold 2 | Epoch 006/100 | Loss: 0.6989 | Acc: 0.3333 | Prec: 0.4000 | Recall: 0.6667 | Spec: 0.0000
[2025-12-02 20:35:33,771 INFO main.train_one_fold]   Confusion: TP=2, TN=0, FP=3, FN=1
[2025-12-02 20:35:41,298 INFO main.train_one_fold] TRAIN CHUNK | Fold 2 | Epoch 007/100 | Loss: 0.6891 | Acc: 0.5597 | Prec: 0.5562 | Recall: 0.5856 | Spec: 0.5338
[2025-12-02 20:35:41,959 INFO main.train_one_fold] EVAL CHUNK | Fold 2 | Epoch 007/100 | Loss: 0.7009 | Acc: 0.4317 | Prec: 0.4800 | Recall: 0.7347 | Spec: 0.0824
[2025-12-02 20:35:41,960 INFO main.train_one_fold]   Confusion: TP=72, TN=7, FP=78, FN=26
[2025-12-02 20:35:41,960 INFO main.train_one_fold] EVAL SUBJECT | Fold 2 | Epoch 007/100 | Loss: 0.7009 | Acc: 0.3333 | Prec: 0.4000 | Recall: 0.6667 | Spec: 0.0000
[2025-12-02 20:35:41,960 INFO main.train_one_fold]   Confusion: TP=2, TN=0, FP=3, FN=1
[2025-12-02 20:35:49,996 INFO main.train_one_fold] TRAIN CHUNK | Fold 2 | Epoch 008/100 | Loss: 0.6893 | Acc: 0.5375 | Prec: 0.5303 | Recall: 0.6469 | Spec: 0.4283
[2025-12-02 20:35:50,556 INFO main.train_one_fold] EVAL CHUNK | Fold 2 | Epoch 008/100 | Loss: 0.7038 | Acc: 0.3989 | Prec: 0.4583 | Recall: 0.6735 | Spec: 0.0824
[2025-12-02 20:35:50,556 INFO main.train_one_fold]   Confusion: TP=66, TN=7, FP=78, FN=32
[2025-12-02 20:35:50,557 INFO main.train_one_fold] EVAL SUBJECT | Fold 2 | Epoch 008/100 | Loss: 0.7038 | Acc: 0.3333 | Prec: 0.4000 | Recall: 0.6667 | Spec: 0.0000
[2025-12-02 20:35:50,557 INFO main.train_one_fold]   Confusion: TP=2, TN=0, FP=3, FN=1
[2025-12-02 20:35:58,342 INFO main.train_one_fold] TRAIN CHUNK | Fold 2 | Epoch 009/100 | Loss: 0.6859 | Acc: 0.5692 | Prec: 0.5665 | Recall: 0.5856 | Spec: 0.5527
[2025-12-02 20:35:58,897 INFO main.train_one_fold] EVAL CHUNK | Fold 2 | Epoch 009/100 | Loss: 0.7083 | Acc: 0.3770 | Prec: 0.4420 | Recall: 0.6224 | Spec: 0.0941
[2025-12-02 20:35:58,910 INFO main.train_one_fold]   Confusion: TP=61, TN=8, FP=77, FN=37
[2025-12-02 20:35:58,910 INFO main.train_one_fold] EVAL SUBJECT | Fold 2 | Epoch 009/100 | Loss: 0.7083 | Acc: 0.3333 | Prec: 0.4000 | Recall: 0.6667 | Spec: 0.0000
[2025-12-02 20:35:58,910 INFO main.train_one_fold]   Confusion: TP=2, TN=0, FP=3, FN=1
[2025-12-02 20:36:07,341 INFO main.train_one_fold] TRAIN CHUNK | Fold 2 | Epoch 010/100 | Loss: 0.6839 | Acc: 0.5660 | Prec: 0.5585 | Recall: 0.6258 | Spec: 0.5063
[2025-12-02 20:36:07,908 INFO main.train_one_fold] EVAL CHUNK | Fold 2 | Epoch 010/100 | Loss: 0.7176 | Acc: 0.3880 | Prec: 0.4507 | Recall: 0.6531 | Spec: 0.0824
[2025-12-02 20:36:07,908 INFO main.train_one_fold]   Confusion: TP=64, TN=7, FP=78, FN=34
[2025-12-02 20:36:07,909 INFO main.train_one_fold] EVAL SUBJECT | Fold 2 | Epoch 010/100 | Loss: 0.7176 | Acc: 0.3333 | Prec: 0.4000 | Recall: 0.6667 | Spec: 0.0000
[2025-12-02 20:36:07,909 INFO main.train_one_fold]   Confusion: TP=2, TN=0, FP=3, FN=1
[2025-12-02 20:36:07,954 INFO main.train_one_fold] Saved checkpoint: experiments/cane_006_fp1_ec/fold_2_epoch_010.pth
[2025-12-02 20:36:15,632 INFO main.train_one_fold] TRAIN CHUNK | Fold 2 | Epoch 011/100 | Loss: 0.6813 | Acc: 0.5808 | Prec: 0.5782 | Recall: 0.5941 | Spec: 0.5675
[2025-12-02 20:36:16,167 INFO main.train_one_fold] EVAL CHUNK | Fold 2 | Epoch 011/100 | Loss: 0.7284 | Acc: 0.2514 | Prec: 0.3274 | Recall: 0.3776 | Spec: 0.1059
[2025-12-02 20:36:16,168 INFO main.train_one_fold]   Confusion: TP=37, TN=9, FP=76, FN=61
[2025-12-02 20:36:16,168 INFO main.train_one_fold] EVAL SUBJECT | Fold 2 | Epoch 011/100 | Loss: 0.7284 | Acc: 0.1667 | Prec: 0.2500 | Recall: 0.3333 | Spec: 0.0000
[2025-12-02 20:36:16,168 INFO main.train_one_fold]   Confusion: TP=1, TN=0, FP=3, FN=2
[2025-12-02 20:36:26,524 INFO main.train_one_fold] TRAIN CHUNK | Fold 2 | Epoch 012/100 | Loss: 0.6727 | Acc: 0.6177 | Prec: 0.6282 | Recall: 0.5751 | Spec: 0.6603
[2025-12-02 20:36:26,868 INFO main.train_one_fold] EVAL CHUNK | Fold 2 | Epoch 012/100 | Loss: 0.7502 | Acc: 0.2240 | Prec: 0.2963 | Recall: 0.3265 | Spec: 0.1059
[2025-12-02 20:36:26,872 INFO main.train_one_fold]   Confusion: TP=32, TN=9, FP=76, FN=66
[2025-12-02 20:36:26,872 INFO main.train_one_fold] EVAL SUBJECT | Fold 2 | Epoch 012/100 | Loss: 0.7502 | Acc: 0.1667 | Prec: 0.2500 | Recall: 0.3333 | Spec: 0.0000
[2025-12-02 20:36:26,872 INFO main.train_one_fold]   Confusion: TP=1, TN=0, FP=3, FN=2
[2025-12-02 20:36:32,291 INFO main.train_one_fold] TRAIN CHUNK | Fold 2 | Epoch 013/100 | Loss: 0.6729 | Acc: 0.6051 | Prec: 0.6154 | Recall: 0.5581 | Spec: 0.6519
[2025-12-02 20:36:32,650 INFO main.train_one_fold] EVAL CHUNK | Fold 2 | Epoch 013/100 | Loss: 0.7726 | Acc: 0.2350 | Prec: 0.3019 | Recall: 0.3265 | Spec: 0.1294
[2025-12-02 20:36:32,650 INFO main.train_one_fold]   Confusion: TP=32, TN=11, FP=74, FN=66
[2025-12-02 20:36:32,651 INFO main.train_one_fold] EVAL SUBJECT | Fold 2 | Epoch 013/100 | Loss: 0.7726 | Acc: 0.1667 | Prec: 0.2500 | Recall: 0.3333 | Spec: 0.0000
[2025-12-02 20:36:32,651 INFO main.train_one_fold]   Confusion: TP=1, TN=0, FP=3, FN=2
[2025-12-02 20:36:37,847 INFO main.train_one_fold] TRAIN CHUNK | Fold 2 | Epoch 014/100 | Loss: 0.6654 | Acc: 0.6135 | Prec: 0.6308 | Recall: 0.5455 | Spec: 0.6814
[2025-12-02 20:36:38,216 INFO main.train_one_fold] EVAL CHUNK | Fold 2 | Epoch 014/100 | Loss: 0.7797 | Acc: 0.2623 | Prec: 0.3168 | Recall: 0.3265 | Spec: 0.1882
[2025-12-02 20:36:38,217 INFO main.train_one_fold]   Confusion: TP=32, TN=16, FP=69, FN=66
[2025-12-02 20:36:38,217 INFO main.train_one_fold] EVAL SUBJECT | Fold 2 | Epoch 014/100 | Loss: 0.7797 | Acc: 0.1667 | Prec: 0.2500 | Recall: 0.3333 | Spec: 0.0000
[2025-12-02 20:36:38,217 INFO main.train_one_fold]   Confusion: TP=1, TN=0, FP=3, FN=2
[2025-12-02 20:36:43,349 INFO main.train_one_fold] TRAIN CHUNK | Fold 2 | Epoch 015/100 | Loss: 0.6520 | Acc: 0.6262 | Prec: 0.6441 | Recall: 0.5624 | Spec: 0.6899
[2025-12-02 20:36:43,717 INFO main.train_one_fold] EVAL CHUNK | Fold 2 | Epoch 015/100 | Loss: 0.8412 | Acc: 0.2350 | Prec: 0.3019 | Recall: 0.3265 | Spec: 0.1294
[2025-12-02 20:36:43,721 INFO main.train_one_fold]   Confusion: TP=32, TN=11, FP=74, FN=66
[2025-12-02 20:36:43,721 INFO main.train_one_fold] EVAL SUBJECT | Fold 2 | Epoch 015/100 | Loss: 0.8412 | Acc: 0.1667 | Prec: 0.2500 | Recall: 0.3333 | Spec: 0.0000
[2025-12-02 20:36:43,725 INFO main.train_one_fold]   Confusion: TP=1, TN=0, FP=3, FN=2
[2025-12-02 20:36:49,476 INFO main.train_one_fold] TRAIN CHUNK | Fold 2 | Epoch 016/100 | Loss: 0.6421 | Acc: 0.6663 | Prec: 0.7127 | Recall: 0.5560 | Spec: 0.7764
[2025-12-02 20:36:49,825 INFO main.train_one_fold] EVAL CHUNK | Fold 2 | Epoch 016/100 | Loss: 0.8622 | Acc: 0.2678 | Prec: 0.3200 | Recall: 0.3265 | Spec: 0.2000
[2025-12-02 20:36:49,826 INFO main.train_one_fold]   Confusion: TP=32, TN=17, FP=68, FN=66
[2025-12-02 20:36:49,826 INFO main.train_one_fold] EVAL SUBJECT | Fold 2 | Epoch 016/100 | Loss: 0.8622 | Acc: 0.1667 | Prec: 0.2500 | Recall: 0.3333 | Spec: 0.0000
[2025-12-02 20:36:49,826 INFO main.train_one_fold]   Confusion: TP=1, TN=0, FP=3, FN=2
[2025-12-02 20:36:54,882 INFO main.train_one_fold] TRAIN CHUNK | Fold 2 | Epoch 017/100 | Loss: 0.6388 | Acc: 0.6558 | Prec: 0.6960 | Recall: 0.5518 | Spec: 0.7595
[2025-12-02 20:36:55,234 INFO main.train_one_fold] EVAL CHUNK | Fold 2 | Epoch 017/100 | Loss: 0.8552 | Acc: 0.3169 | Prec: 0.2985 | Recall: 0.2041 | Spec: 0.4471
[2025-12-02 20:36:55,234 INFO main.train_one_fold]   Confusion: TP=20, TN=38, FP=47, FN=78
[2025-12-02 20:36:55,235 INFO main.train_one_fold] EVAL SUBJECT | Fold 2 | Epoch 017/100 | Loss: 0.8552 | Acc: 0.5000 | Prec: 0.5000 | Recall: 0.3333 | Spec: 0.6667
[2025-12-02 20:36:55,235 INFO main.train_one_fold]   Confusion: TP=1, TN=2, FP=1, FN=2
[2025-12-02 20:37:00,653 INFO main.train_one_fold] TRAIN CHUNK | Fold 2 | Epoch 018/100 | Loss: 0.6332 | Acc: 0.6653 | Prec: 0.7203 | Recall: 0.5391 | Spec: 0.7911
[2025-12-02 20:37:00,997 INFO main.train_one_fold] EVAL CHUNK | Fold 2 | Epoch 018/100 | Loss: 0.9559 | Acc: 0.2732 | Prec: 0.3232 | Recall: 0.3265 | Spec: 0.2118
[2025-12-02 20:37:00,997 INFO main.train_one_fold]   Confusion: TP=32, TN=18, FP=67, FN=66
[2025-12-02 20:37:00,997 INFO main.train_one_fold] EVAL SUBJECT | Fold 2 | Epoch 018/100 | Loss: 0.9559 | Acc: 0.1667 | Prec: 0.2500 | Recall: 0.3333 | Spec: 0.0000
[2025-12-02 20:37:00,998 INFO main.train_one_fold]   Confusion: TP=1, TN=0, FP=3, FN=2
[2025-12-02 20:37:12,833 INFO main.train_one_fold] TRAIN CHUNK | Fold 2 | Epoch 019/100 | Loss: 0.6342 | Acc: 0.6843 | Prec: 0.7514 | Recall: 0.5497 | Spec: 0.8186
[2025-12-02 20:37:13,426 INFO main.train_one_fold] EVAL CHUNK | Fold 2 | Epoch 019/100 | Loss: 1.0059 | Acc: 0.2568 | Prec: 0.3137 | Recall: 0.3265 | Spec: 0.1765
[2025-12-02 20:37:13,427 INFO main.train_one_fold]   Confusion: TP=32, TN=15, FP=70, FN=66
[2025-12-02 20:37:13,428 INFO main.train_one_fold] EVAL SUBJECT | Fold 2 | Epoch 019/100 | Loss: 1.0059 | Acc: 0.1667 | Prec: 0.2500 | Recall: 0.3333 | Spec: 0.0000
[2025-12-02 20:37:13,428 INFO main.train_one_fold]   Confusion: TP=1, TN=0, FP=3, FN=2
[2025-12-02 20:37:21,472 INFO main.train_one_fold] TRAIN CHUNK | Fold 2 | Epoch 020/100 | Loss: 0.6239 | Acc: 0.6737 | Prec: 0.7228 | Recall: 0.5624 | Spec: 0.7848
[2025-12-02 20:37:21,991 INFO main.train_one_fold] EVAL CHUNK | Fold 2 | Epoch 020/100 | Loss: 0.8931 | Acc: 0.2623 | Prec: 0.0488 | Recall: 0.0204 | Spec: 0.5412
[2025-12-02 20:37:21,998 INFO main.train_one_fold]   Confusion: TP=2, TN=46, FP=39, FN=96
[2025-12-02 20:37:22,002 INFO main.train_one_fold] EVAL SUBJECT | Fold 2 | Epoch 020/100 | Loss: 0.8931 | Acc: 0.3333 | Prec: 0.0000 | Recall: 0.0000 | Spec: 0.6667
[2025-12-02 20:37:22,002 INFO main.train_one_fold]   Confusion: TP=0, TN=2, FP=1, FN=3
[2025-12-02 20:37:22,035 INFO main.train_one_fold] Saved checkpoint: experiments/cane_006_fp1_ec/fold_2_epoch_020.pth
[2025-12-02 20:37:29,692 INFO main.train_one_fold] TRAIN CHUNK | Fold 2 | Epoch 021/100 | Loss: 0.6088 | Acc: 0.6969 | Prec: 0.7703 | Recall: 0.5603 | Spec: 0.8333
[2025-12-02 20:37:30,225 INFO main.train_one_fold] EVAL CHUNK | Fold 2 | Epoch 021/100 | Loss: 1.1186 | Acc: 0.2131 | Prec: 0.2870 | Recall: 0.3163 | Spec: 0.0941
[2025-12-02 20:37:30,226 INFO main.train_one_fold]   Confusion: TP=31, TN=8, FP=77, FN=67
[2025-12-02 20:37:30,226 INFO main.train_one_fold] EVAL SUBJECT | Fold 2 | Epoch 021/100 | Loss: 1.1186 | Acc: 0.1667 | Prec: 0.2500 | Recall: 0.3333 | Spec: 0.0000
[2025-12-02 20:37:30,226 INFO main.train_one_fold]   Confusion: TP=1, TN=0, FP=3, FN=2
[2025-12-02 20:37:30,226 INFO early_stopping.__call__] Early stopping triggered after 20 epochs without improvement. Best score: 0.4645 at epoch 1
[2025-12-02 20:37:30,226 INFO main.train_one_fold] Early stopping triggered at epoch 21
[2025-12-02 20:37:30,226 INFO main.train_one_fold] 
Fold 2 training completed. Best Combined Val Acc: 0.2322 at epoch 1
[2025-12-02 20:37:30,226 INFO main.train_cross_validation] ================================================================================
[2025-12-02 20:37:30,227 INFO main.train_cross_validation] FOLD 3/6
[2025-12-02 20:37:30,227 INFO main.train_cross_validation] ================================================================================
[2025-12-02 20:37:30,227 INFO main.get_datasets_for_fold] Train subjects (31): ['cane:H S0012 EC', 'cane:H S1002 EC', 'cane:H S1033 EC', 'cane:H S0015 EC', 'cane:AX S1087 EC', 'cane:AX S1050 EC', 'cane:AX S0073 EC', 'cane:H S1010 EC', 'cane:H S1095 EC', 'cane:H S0079 EC', 'cane:AX S1023 EC', 'cane:AX S1051 EC', 'cane:AX S1006 EC', 'cane:H S0078 EC', 'cane:H S1022 EC', 'cane:H S1101 EC', 'cane:AX S1084 EC', 'cane:AX S1007 EC', 'cane:AX S1065 EC', 'cane:H S1001 EC', 'cane:H S1054 EC', 'cane:H S1008 EC', 'cane:AX S1027 EC', 'cane:AX S0074 EC', 'cane:AX S1009 EC', 'cane:H S1028 EC', 'cane:H S1085 EC', 'cane:H S1003 EC', 'cane:AX S1024 EC', 'cane:AX S0041 EC', 'cane:AX S0056 EC']...
[2025-12-02 20:37:30,227 INFO main.get_datasets_for_fold] Val subjects (6): ['cane:H S1060 EC', 'cane:H S1091 EC', 'cane:H S1096 EC', 'cane:AX S1005 EC', 'cane:AX S0072 EC', 'cane:AX S0057 EC']
[2025-12-02 20:37:30,228 INFO main.get_datasets_for_fold] Training chunks: 954
[2025-12-02 20:37:30,228 INFO main.get_datasets_for_fold] Validation chunks: 176
[2025-12-02 20:37:30,249 INFO model.__init__] Initialized LSTM with input_size=1728, hidden_size=100, batch_first=True
[2025-12-02 20:37:30,252 INFO main.train_one_fold] Starting training for fold 3
[2025-12-02 20:37:41,476 INFO main.train_one_fold] TRAIN CHUNK | Fold 3 | Epoch 001/100 | Loss: 0.6959 | Acc: 0.4916 | Prec: 0.0000 | Recall: 0.0000 | Spec: 1.0000
[2025-12-02 20:37:41,974 INFO main.train_one_fold] EVAL CHUNK | Fold 3 | Epoch 001/100 | Loss: 0.6934 | Acc: 0.5114 | Prec: 0.0000 | Recall: 0.0000 | Spec: 1.0000
[2025-12-02 20:37:41,974 INFO main.train_one_fold]   Confusion: TP=0, TN=90, FP=0, FN=86
[2025-12-02 20:37:41,974 INFO main.train_one_fold] EVAL SUBJECT | Fold 3 | Epoch 001/100 | Loss: 0.6934 | Acc: 0.5000 | Prec: 0.0000 | Recall: 0.0000 | Spec: 1.0000
[2025-12-02 20:37:41,974 INFO main.train_one_fold]   Confusion: TP=0, TN=3, FP=0, FN=3
[2025-12-02 20:37:42,005 INFO main.train_one_fold] ✓ Saved best model: experiments/cane_006_fp1_ec/fold_3_best.pth (combined=0.2557, chunk=0.5114, subject=0.5000)
[2025-12-02 20:37:42,005 INFO early_stopping.__call__] Early stopping initialized: best score 0.5114 at epoch 1
[2025-12-02 20:37:53,456 INFO main.train_one_fold] TRAIN CHUNK | Fold 3 | Epoch 002/100 | Loss: 0.6955 | Acc: 0.4916 | Prec: 0.0000 | Recall: 0.0000 | Spec: 1.0000
[2025-12-02 20:37:54,518 INFO main.train_one_fold] EVAL CHUNK | Fold 3 | Epoch 002/100 | Loss: 0.6931 | Acc: 0.5114 | Prec: 0.0000 | Recall: 0.0000 | Spec: 1.0000
[2025-12-02 20:37:54,522 INFO main.train_one_fold]   Confusion: TP=0, TN=90, FP=0, FN=86
[2025-12-02 20:37:54,522 INFO main.train_one_fold] EVAL SUBJECT | Fold 3 | Epoch 002/100 | Loss: 0.6931 | Acc: 0.5000 | Prec: 0.0000 | Recall: 0.0000 | Spec: 1.0000
[2025-12-02 20:37:54,522 INFO main.train_one_fold]   Confusion: TP=0, TN=3, FP=0, FN=3
[2025-12-02 20:38:03,112 INFO main.train_one_fold] TRAIN CHUNK | Fold 3 | Epoch 003/100 | Loss: 0.6950 | Acc: 0.4916 | Prec: 0.0000 | Recall: 0.0000 | Spec: 1.0000
[2025-12-02 20:38:03,562 INFO main.train_one_fold] EVAL CHUNK | Fold 3 | Epoch 003/100 | Loss: 0.6929 | Acc: 0.5114 | Prec: 0.0000 | Recall: 0.0000 | Spec: 1.0000
[2025-12-02 20:38:03,569 INFO main.train_one_fold]   Confusion: TP=0, TN=90, FP=0, FN=86
[2025-12-02 20:38:03,573 INFO main.train_one_fold] EVAL SUBJECT | Fold 3 | Epoch 003/100 | Loss: 0.6929 | Acc: 0.5000 | Prec: 0.0000 | Recall: 0.0000 | Spec: 1.0000
[2025-12-02 20:38:03,573 INFO main.train_one_fold]   Confusion: TP=0, TN=3, FP=0, FN=3
[2025-12-02 20:38:11,163 INFO main.train_one_fold] TRAIN CHUNK | Fold 3 | Epoch 004/100 | Loss: 0.6942 | Acc: 0.4927 | Prec: 1.0000 | Recall: 0.0021 | Spec: 1.0000
[2025-12-02 20:38:11,839 INFO main.train_one_fold] EVAL CHUNK | Fold 3 | Epoch 004/100 | Loss: 0.6926 | Acc: 0.5114 | Prec: 0.0000 | Recall: 0.0000 | Spec: 1.0000
[2025-12-02 20:38:11,852 INFO main.train_one_fold]   Confusion: TP=0, TN=90, FP=0, FN=86
[2025-12-02 20:38:11,853 INFO main.train_one_fold] EVAL SUBJECT | Fold 3 | Epoch 004/100 | Loss: 0.6926 | Acc: 0.5000 | Prec: 0.0000 | Recall: 0.0000 | Spec: 1.0000
[2025-12-02 20:38:11,853 INFO main.train_one_fold]   Confusion: TP=0, TN=3, FP=0, FN=3
[2025-12-02 20:38:22,121 INFO main.train_one_fold] TRAIN CHUNK | Fold 3 | Epoch 005/100 | Loss: 0.6935 | Acc: 0.5115 | Prec: 0.6557 | Recall: 0.0825 | Spec: 0.9552
[2025-12-02 20:38:22,669 INFO main.train_one_fold] EVAL CHUNK | Fold 3 | Epoch 005/100 | Loss: 0.6923 | Acc: 0.5114 | Prec: 0.0000 | Recall: 0.0000 | Spec: 1.0000
[2025-12-02 20:38:22,669 INFO main.train_one_fold]   Confusion: TP=0, TN=90, FP=0, FN=86
[2025-12-02 20:38:22,670 INFO main.train_one_fold] EVAL SUBJECT | Fold 3 | Epoch 005/100 | Loss: 0.6923 | Acc: 0.5000 | Prec: 0.0000 | Recall: 0.0000 | Spec: 1.0000
[2025-12-02 20:38:22,670 INFO main.train_one_fold]   Confusion: TP=0, TN=3, FP=0, FN=3
[2025-12-02 20:38:32,114 INFO main.train_one_fold] TRAIN CHUNK | Fold 3 | Epoch 006/100 | Loss: 0.6925 | Acc: 0.5157 | Prec: 0.5356 | Recall: 0.3567 | Spec: 0.6802
[2025-12-02 20:38:33,092 INFO main.train_one_fold] EVAL CHUNK | Fold 3 | Epoch 006/100 | Loss: 0.6924 | Acc: 0.5227 | Prec: 0.5059 | Recall: 1.0000 | Spec: 0.0667
[2025-12-02 20:38:33,099 INFO main.train_one_fold]   Confusion: TP=86, TN=6, FP=84, FN=0
[2025-12-02 20:38:33,116 INFO main.train_one_fold] EVAL SUBJECT | Fold 3 | Epoch 006/100 | Loss: 0.6924 | Acc: 0.5000 | Prec: 0.5000 | Recall: 1.0000 | Spec: 0.0000
[2025-12-02 20:38:33,117 INFO main.train_one_fold]   Confusion: TP=3, TN=0, FP=3, FN=0
[2025-12-02 20:38:33,160 INFO main.train_one_fold] ✓ Saved best model: experiments/cane_006_fp1_ec/fold_3_best.pth (combined=0.2614, chunk=0.5227, subject=0.5000)
[2025-12-02 20:38:33,161 INFO early_stopping.__call__] Validation improved from 0.5114 to 0.5227 (+0.0114) at epoch 6
[2025-12-02 20:38:40,697 INFO main.train_one_fold] TRAIN CHUNK | Fold 3 | Epoch 007/100 | Loss: 0.6930 | Acc: 0.5073 | Prec: 0.5117 | Recall: 0.6742 | Spec: 0.3348
[2025-12-02 20:38:41,226 INFO main.train_one_fold] EVAL CHUNK | Fold 3 | Epoch 007/100 | Loss: 0.6927 | Acc: 0.4886 | Prec: 0.4886 | Recall: 1.0000 | Spec: 0.0000
[2025-12-02 20:38:41,230 INFO main.train_one_fold]   Confusion: TP=86, TN=0, FP=90, FN=0
[2025-12-02 20:38:41,234 INFO main.train_one_fold] EVAL SUBJECT | Fold 3 | Epoch 007/100 | Loss: 0.6927 | Acc: 0.5000 | Prec: 0.5000 | Recall: 1.0000 | Spec: 0.0000
[2025-12-02 20:38:41,234 INFO main.train_one_fold]   Confusion: TP=3, TN=0, FP=3, FN=0
[2025-12-02 20:38:50,987 INFO main.train_one_fold] TRAIN CHUNK | Fold 3 | Epoch 008/100 | Loss: 0.6921 | Acc: 0.5042 | Prec: 0.5091 | Recall: 0.6948 | Spec: 0.3070
[2025-12-02 20:38:51,747 INFO main.train_one_fold] EVAL CHUNK | Fold 3 | Epoch 008/100 | Loss: 0.6923 | Acc: 0.4886 | Prec: 0.4886 | Recall: 1.0000 | Spec: 0.0000
[2025-12-02 20:38:51,748 INFO main.train_one_fold]   Confusion: TP=86, TN=0, FP=90, FN=0
[2025-12-02 20:38:51,748 INFO main.train_one_fold] EVAL SUBJECT | Fold 3 | Epoch 008/100 | Loss: 0.6923 | Acc: 0.5000 | Prec: 0.5000 | Recall: 1.0000 | Spec: 0.0000
[2025-12-02 20:38:51,748 INFO main.train_one_fold]   Confusion: TP=3, TN=0, FP=3, FN=0
[2025-12-02 20:38:59,912 INFO main.train_one_fold] TRAIN CHUNK | Fold 3 | Epoch 009/100 | Loss: 0.6911 | Acc: 0.5294 | Prec: 0.5247 | Recall: 0.7897 | Spec: 0.2601
[2025-12-02 20:39:00,408 INFO main.train_one_fold] EVAL CHUNK | Fold 3 | Epoch 009/100 | Loss: 0.6924 | Acc: 0.4886 | Prec: 0.4886 | Recall: 1.0000 | Spec: 0.0000
[2025-12-02 20:39:00,409 INFO main.train_one_fold]   Confusion: TP=86, TN=0, FP=90, FN=0
[2025-12-02 20:39:00,409 INFO main.train_one_fold] EVAL SUBJECT | Fold 3 | Epoch 009/100 | Loss: 0.6924 | Acc: 0.5000 | Prec: 0.5000 | Recall: 1.0000 | Spec: 0.0000
[2025-12-02 20:39:00,409 INFO main.train_one_fold]   Confusion: TP=3, TN=0, FP=3, FN=0
[2025-12-02 20:39:08,798 INFO main.train_one_fold] TRAIN CHUNK | Fold 3 | Epoch 010/100 | Loss: 0.6916 | Acc: 0.5157 | Prec: 0.5158 | Recall: 0.7732 | Spec: 0.2495
[2025-12-02 20:39:09,331 INFO main.train_one_fold] EVAL CHUNK | Fold 3 | Epoch 010/100 | Loss: 0.6916 | Acc: 0.4886 | Prec: 0.4886 | Recall: 1.0000 | Spec: 0.0000
[2025-12-02 20:39:09,331 INFO main.train_one_fold]   Confusion: TP=86, TN=0, FP=90, FN=0
[2025-12-02 20:39:09,332 INFO main.train_one_fold] EVAL SUBJECT | Fold 3 | Epoch 010/100 | Loss: 0.6916 | Acc: 0.5000 | Prec: 0.5000 | Recall: 1.0000 | Spec: 0.0000
[2025-12-02 20:39:09,332 INFO main.train_one_fold]   Confusion: TP=3, TN=0, FP=3, FN=0
[2025-12-02 20:39:09,364 INFO main.train_one_fold] Saved checkpoint: experiments/cane_006_fp1_ec/fold_3_epoch_010.pth
[2025-12-02 20:39:16,955 INFO main.train_one_fold] TRAIN CHUNK | Fold 3 | Epoch 011/100 | Loss: 0.6920 | Acc: 0.5210 | Prec: 0.5203 | Recall: 0.7381 | Spec: 0.2964
[2025-12-02 20:39:18,145 INFO main.train_one_fold] EVAL CHUNK | Fold 3 | Epoch 011/100 | Loss: 0.6916 | Acc: 0.4886 | Prec: 0.4886 | Recall: 1.0000 | Spec: 0.0000
[2025-12-02 20:39:18,149 INFO main.train_one_fold]   Confusion: TP=86, TN=0, FP=90, FN=0
[2025-12-02 20:39:18,149 INFO main.train_one_fold] EVAL SUBJECT | Fold 3 | Epoch 011/100 | Loss: 0.6916 | Acc: 0.5000 | Prec: 0.5000 | Recall: 1.0000 | Spec: 0.0000
[2025-12-02 20:39:18,149 INFO main.train_one_fold]   Confusion: TP=3, TN=0, FP=3, FN=0
[2025-12-02 20:39:29,602 INFO main.train_one_fold] TRAIN CHUNK | Fold 3 | Epoch 012/100 | Loss: 0.6933 | Acc: 0.4843 | Prec: 0.4942 | Recall: 0.6103 | Spec: 0.3539
[2025-12-02 20:39:30,334 INFO main.train_one_fold] EVAL CHUNK | Fold 3 | Epoch 012/100 | Loss: 0.6908 | Acc: 0.4886 | Prec: 0.4872 | Recall: 0.8837 | Spec: 0.1111
[2025-12-02 20:39:30,335 INFO main.train_one_fold]   Confusion: TP=76, TN=10, FP=80, FN=10
[2025-12-02 20:39:30,335 INFO main.train_one_fold] EVAL SUBJECT | Fold 3 | Epoch 012/100 | Loss: 0.6908 | Acc: 0.5000 | Prec: 0.5000 | Recall: 1.0000 | Spec: 0.0000
[2025-12-02 20:39:30,335 INFO main.train_one_fold]   Confusion: TP=3, TN=0, FP=3, FN=0
[2025-12-02 20:39:38,571 INFO main.train_one_fold] TRAIN CHUNK | Fold 3 | Epoch 013/100 | Loss: 0.6918 | Acc: 0.5273 | Prec: 0.5311 | Recall: 0.5979 | Spec: 0.4542
[2025-12-02 20:39:39,177 INFO main.train_one_fold] EVAL CHUNK | Fold 3 | Epoch 013/100 | Loss: 0.6903 | Acc: 0.5284 | Prec: 0.5091 | Recall: 0.9767 | Spec: 0.1000
[2025-12-02 20:39:39,177 INFO main.train_one_fold]   Confusion: TP=84, TN=9, FP=81, FN=2
[2025-12-02 20:39:39,177 INFO main.train_one_fold] EVAL SUBJECT | Fold 3 | Epoch 013/100 | Loss: 0.6903 | Acc: 0.5000 | Prec: 0.5000 | Recall: 1.0000 | Spec: 0.0000
[2025-12-02 20:39:39,177 INFO main.train_one_fold]   Confusion: TP=3, TN=0, FP=3, FN=0
[2025-12-02 20:39:39,230 INFO main.train_one_fold] ✓ Saved best model: experiments/cane_006_fp1_ec/fold_3_best.pth (combined=0.2642, chunk=0.5284, subject=0.5000)
[2025-12-02 20:39:39,231 INFO early_stopping.__call__] Validation improved from 0.5227 to 0.5284 (+0.0057) at epoch 13
[2025-12-02 20:39:46,720 INFO main.train_one_fold] TRAIN CHUNK | Fold 3 | Epoch 014/100 | Loss: 0.6924 | Acc: 0.5157 | Prec: 0.5210 | Recall: 0.5876 | Spec: 0.4414
[2025-12-02 20:39:47,584 INFO main.train_one_fold] EVAL CHUNK | Fold 3 | Epoch 014/100 | Loss: 0.6892 | Acc: 0.5795 | Prec: 0.5600 | Recall: 0.6512 | Spec: 0.5111
[2025-12-02 20:39:47,593 INFO main.train_one_fold]   Confusion: TP=56, TN=46, FP=44, FN=30
[2025-12-02 20:39:47,595 INFO main.train_one_fold] EVAL SUBJECT | Fold 3 | Epoch 014/100 | Loss: 0.6892 | Acc: 0.6667 | Prec: 0.6667 | Recall: 0.6667 | Spec: 0.6667
[2025-12-02 20:39:47,595 INFO main.train_one_fold]   Confusion: TP=2, TN=2, FP=1, FN=1
[2025-12-02 20:39:47,646 INFO main.train_one_fold] ✓ Saved best model: experiments/cane_006_fp1_ec/fold_3_best.pth (combined=0.3864, chunk=0.5795, subject=0.6667)
[2025-12-02 20:39:47,647 INFO early_stopping.__call__] Validation improved from 0.5284 to 0.5795 (+0.0511) at epoch 14
[2025-12-02 20:39:57,913 INFO main.train_one_fold] TRAIN CHUNK | Fold 3 | Epoch 015/100 | Loss: 0.6907 | Acc: 0.5241 | Prec: 0.5249 | Recall: 0.6742 | Spec: 0.3689
[2025-12-02 20:39:58,474 INFO main.train_one_fold] EVAL CHUNK | Fold 3 | Epoch 015/100 | Loss: 0.6875 | Acc: 0.5227 | Prec: 0.5059 | Recall: 1.0000 | Spec: 0.0667
[2025-12-02 20:39:58,475 INFO main.train_one_fold]   Confusion: TP=86, TN=6, FP=84, FN=0
[2025-12-02 20:39:58,475 INFO main.train_one_fold] EVAL SUBJECT | Fold 3 | Epoch 015/100 | Loss: 0.6875 | Acc: 0.5000 | Prec: 0.5000 | Recall: 1.0000 | Spec: 0.0000
[2025-12-02 20:39:58,475 INFO main.train_one_fold]   Confusion: TP=3, TN=0, FP=3, FN=0
[2025-12-02 20:40:06,349 INFO main.train_one_fold] TRAIN CHUNK | Fold 3 | Epoch 016/100 | Loss: 0.6916 | Acc: 0.5178 | Prec: 0.5181 | Recall: 0.7361 | Spec: 0.2921
[2025-12-02 20:40:06,852 INFO main.train_one_fold] EVAL CHUNK | Fold 3 | Epoch 016/100 | Loss: 0.6867 | Acc: 0.5284 | Prec: 0.5089 | Recall: 1.0000 | Spec: 0.0778
[2025-12-02 20:40:06,853 INFO main.train_one_fold]   Confusion: TP=86, TN=7, FP=83, FN=0
[2025-12-02 20:40:06,853 INFO main.train_one_fold] EVAL SUBJECT | Fold 3 | Epoch 016/100 | Loss: 0.6867 | Acc: 0.5000 | Prec: 0.5000 | Recall: 1.0000 | Spec: 0.0000
[2025-12-02 20:40:06,853 INFO main.train_one_fold]   Confusion: TP=3, TN=0, FP=3, FN=0
[2025-12-02 20:40:14,512 INFO main.train_one_fold] TRAIN CHUNK | Fold 3 | Epoch 017/100 | Loss: 0.6905 | Acc: 0.5262 | Prec: 0.5247 | Recall: 0.7237 | Spec: 0.3220
[2025-12-02 20:40:15,030 INFO main.train_one_fold] EVAL CHUNK | Fold 3 | Epoch 017/100 | Loss: 0.6850 | Acc: 0.4375 | Prec: 0.4552 | Recall: 0.7674 | Spec: 0.1222
[2025-12-02 20:40:15,038 INFO main.train_one_fold]   Confusion: TP=66, TN=11, FP=79, FN=20
[2025-12-02 20:40:15,040 INFO main.train_one_fold] EVAL SUBJECT | Fold 3 | Epoch 017/100 | Loss: 0.6850 | Acc: 0.3333 | Prec: 0.4000 | Recall: 0.6667 | Spec: 0.0000
[2025-12-02 20:40:15,040 INFO main.train_one_fold]   Confusion: TP=2, TN=0, FP=3, FN=1
[2025-12-02 20:40:22,540 INFO main.train_one_fold] TRAIN CHUNK | Fold 3 | Epoch 018/100 | Loss: 0.6894 | Acc: 0.5294 | Prec: 0.5298 | Recall: 0.6598 | Spec: 0.3945
[2025-12-02 20:40:23,030 INFO main.train_one_fold] EVAL CHUNK | Fold 3 | Epoch 018/100 | Loss: 0.6825 | Acc: 0.4432 | Prec: 0.4516 | Recall: 0.6512 | Spec: 0.2444
[2025-12-02 20:40:23,031 INFO main.train_one_fold]   Confusion: TP=56, TN=22, FP=68, FN=30
[2025-12-02 20:40:23,031 INFO main.train_one_fold] EVAL SUBJECT | Fold 3 | Epoch 018/100 | Loss: 0.6825 | Acc: 0.5000 | Prec: 0.5000 | Recall: 0.6667 | Spec: 0.3333
[2025-12-02 20:40:23,031 INFO main.train_one_fold]   Confusion: TP=2, TN=1, FP=2, FN=1
[2025-12-02 20:40:30,224 INFO main.train_one_fold] TRAIN CHUNK | Fold 3 | Epoch 019/100 | Loss: 0.6911 | Acc: 0.5231 | Prec: 0.5253 | Recall: 0.6412 | Spec: 0.4009
[2025-12-02 20:40:30,726 INFO main.train_one_fold] EVAL CHUNK | Fold 3 | Epoch 019/100 | Loss: 0.6803 | Acc: 0.5398 | Prec: 0.5234 | Recall: 0.6512 | Spec: 0.4333
[2025-12-02 20:40:30,738 INFO main.train_one_fold]   Confusion: TP=56, TN=39, FP=51, FN=30
[2025-12-02 20:40:30,738 INFO main.train_one_fold] EVAL SUBJECT | Fold 3 | Epoch 019/100 | Loss: 0.6803 | Acc: 0.6667 | Prec: 0.6667 | Recall: 0.6667 | Spec: 0.6667
[2025-12-02 20:40:30,739 INFO main.train_one_fold]   Confusion: TP=2, TN=2, FP=1, FN=1
[2025-12-02 20:40:38,364 INFO main.train_one_fold] TRAIN CHUNK | Fold 3 | Epoch 020/100 | Loss: 0.6907 | Acc: 0.5283 | Prec: 0.5356 | Recall: 0.5423 | Spec: 0.5139
[2025-12-02 20:40:38,879 INFO main.train_one_fold] EVAL CHUNK | Fold 3 | Epoch 020/100 | Loss: 0.6789 | Acc: 0.6534 | Prec: 0.6437 | Recall: 0.6512 | Spec: 0.6556
[2025-12-02 20:40:38,880 INFO main.train_one_fold]   Confusion: TP=56, TN=59, FP=31, FN=30
[2025-12-02 20:40:38,880 INFO main.train_one_fold] EVAL SUBJECT | Fold 3 | Epoch 020/100 | Loss: 0.6789 | Acc: 0.6667 | Prec: 0.6667 | Recall: 0.6667 | Spec: 0.6667
[2025-12-02 20:40:38,880 INFO main.train_one_fold]   Confusion: TP=2, TN=2, FP=1, FN=1
[2025-12-02 20:40:38,940 INFO main.train_one_fold] ✓ Saved best model: experiments/cane_006_fp1_ec/fold_3_best.pth (combined=0.4356, chunk=0.6534, subject=0.6667)
[2025-12-02 20:40:38,940 INFO early_stopping.__call__] Validation improved from 0.5795 to 0.6534 (+0.0739) at epoch 20
[2025-12-02 20:40:38,971 INFO main.train_one_fold] Saved checkpoint: experiments/cane_006_fp1_ec/fold_3_epoch_020.pth
[2025-12-02 20:40:46,266 INFO main.train_one_fold] TRAIN CHUNK | Fold 3 | Epoch 021/100 | Loss: 0.6883 | Acc: 0.5556 | Prec: 0.5507 | Recall: 0.6825 | Spec: 0.4243
[2025-12-02 20:40:46,751 INFO main.train_one_fold] EVAL CHUNK | Fold 3 | Epoch 021/100 | Loss: 0.6785 | Acc: 0.4318 | Prec: 0.4453 | Recall: 0.6628 | Spec: 0.2111
[2025-12-02 20:40:46,751 INFO main.train_one_fold]   Confusion: TP=57, TN=19, FP=71, FN=29
[2025-12-02 20:40:46,751 INFO main.train_one_fold] EVAL SUBJECT | Fold 3 | Epoch 021/100 | Loss: 0.6785 | Acc: 0.3333 | Prec: 0.4000 | Recall: 0.6667 | Spec: 0.0000
[2025-12-02 20:40:46,752 INFO main.train_one_fold]   Confusion: TP=2, TN=0, FP=3, FN=1
[2025-12-02 20:40:59,198 INFO main.train_one_fold] TRAIN CHUNK | Fold 3 | Epoch 022/100 | Loss: 0.6916 | Acc: 0.5262 | Prec: 0.5267 | Recall: 0.6701 | Spec: 0.3774
[2025-12-02 20:40:59,705 INFO main.train_one_fold] EVAL CHUNK | Fold 3 | Epoch 022/100 | Loss: 0.6774 | Acc: 0.6193 | Prec: 0.6022 | Recall: 0.6512 | Spec: 0.5889
[2025-12-02 20:40:59,715 INFO main.train_one_fold]   Confusion: TP=56, TN=53, FP=37, FN=30
[2025-12-02 20:40:59,716 INFO main.train_one_fold] EVAL SUBJECT | Fold 3 | Epoch 022/100 | Loss: 0.6774 | Acc: 0.6667 | Prec: 0.6667 | Recall: 0.6667 | Spec: 0.6667
[2025-12-02 20:40:59,716 INFO main.train_one_fold]   Confusion: TP=2, TN=2, FP=1, FN=1
[2025-12-02 20:41:08,211 INFO main.train_one_fold] TRAIN CHUNK | Fold 3 | Epoch 023/100 | Loss: 0.6893 | Acc: 0.5556 | Prec: 0.5648 | Recall: 0.5485 | Spec: 0.5629
[2025-12-02 20:41:08,618 INFO main.train_one_fold] EVAL CHUNK | Fold 3 | Epoch 023/100 | Loss: 0.6757 | Acc: 0.6648 | Prec: 0.6588 | Recall: 0.6512 | Spec: 0.6778
[2025-12-02 20:41:08,618 INFO main.train_one_fold]   Confusion: TP=56, TN=61, FP=29, FN=30
[2025-12-02 20:41:08,619 INFO main.train_one_fold] EVAL SUBJECT | Fold 3 | Epoch 023/100 | Loss: 0.6757 | Acc: 0.6667 | Prec: 0.6667 | Recall: 0.6667 | Spec: 0.6667
[2025-12-02 20:41:08,619 INFO main.train_one_fold]   Confusion: TP=2, TN=2, FP=1, FN=1
[2025-12-02 20:41:08,662 INFO main.train_one_fold] ✓ Saved best model: experiments/cane_006_fp1_ec/fold_3_best.pth (combined=0.4432, chunk=0.6648, subject=0.6667)
[2025-12-02 20:41:08,662 INFO early_stopping.__call__] Validation improved from 0.6534 to 0.6648 (+0.0114) at epoch 23
[2025-12-02 20:41:14,164 INFO main.train_one_fold] TRAIN CHUNK | Fold 3 | Epoch 024/100 | Loss: 0.6860 | Acc: 0.5556 | Prec: 0.5634 | Recall: 0.5588 | Spec: 0.5522
[2025-12-02 20:41:14,507 INFO main.train_one_fold] EVAL CHUNK | Fold 3 | Epoch 024/100 | Loss: 0.6735 | Acc: 0.6023 | Prec: 0.5833 | Recall: 0.6512 | Spec: 0.5556
[2025-12-02 20:41:14,507 INFO main.train_one_fold]   Confusion: TP=56, TN=50, FP=40, FN=30
[2025-12-02 20:41:14,507 INFO main.train_one_fold] EVAL SUBJECT | Fold 3 | Epoch 024/100 | Loss: 0.6735 | Acc: 0.6667 | Prec: 0.6667 | Recall: 0.6667 | Spec: 0.6667
[2025-12-02 20:41:14,507 INFO main.train_one_fold]   Confusion: TP=2, TN=2, FP=1, FN=1
[2025-12-02 20:41:23,333 INFO main.train_one_fold] TRAIN CHUNK | Fold 3 | Epoch 025/100 | Loss: 0.6868 | Acc: 0.5503 | Prec: 0.5452 | Recall: 0.6969 | Spec: 0.3987
[2025-12-02 20:41:23,644 INFO main.train_one_fold] EVAL CHUNK | Fold 3 | Epoch 025/100 | Loss: 0.6731 | Acc: 0.4148 | Prec: 0.4351 | Recall: 0.6628 | Spec: 0.1778
[2025-12-02 20:41:23,650 INFO main.train_one_fold]   Confusion: TP=57, TN=16, FP=74, FN=29
[2025-12-02 20:41:23,651 INFO main.train_one_fold] EVAL SUBJECT | Fold 3 | Epoch 025/100 | Loss: 0.6731 | Acc: 0.3333 | Prec: 0.4000 | Recall: 0.6667 | Spec: 0.0000
[2025-12-02 20:41:23,651 INFO main.train_one_fold]   Confusion: TP=2, TN=0, FP=3, FN=1
[2025-12-02 20:41:28,581 INFO main.train_one_fold] TRAIN CHUNK | Fold 3 | Epoch 026/100 | Loss: 0.6865 | Acc: 0.5367 | Prec: 0.5374 | Recall: 0.6371 | Spec: 0.4328
[2025-12-02 20:41:28,919 INFO main.train_one_fold] EVAL CHUNK | Fold 3 | Epoch 026/100 | Loss: 0.6702 | Acc: 0.6023 | Prec: 0.5833 | Recall: 0.6512 | Spec: 0.5556
[2025-12-02 20:41:28,919 INFO main.train_one_fold]   Confusion: TP=56, TN=50, FP=40, FN=30
[2025-12-02 20:41:28,920 INFO main.train_one_fold] EVAL SUBJECT | Fold 3 | Epoch 026/100 | Loss: 0.6702 | Acc: 0.6667 | Prec: 0.6667 | Recall: 0.6667 | Spec: 0.6667
[2025-12-02 20:41:28,920 INFO main.train_one_fold]   Confusion: TP=2, TN=2, FP=1, FN=1
[2025-12-02 20:41:34,952 INFO main.train_one_fold] TRAIN CHUNK | Fold 3 | Epoch 027/100 | Loss: 0.6839 | Acc: 0.5493 | Prec: 0.5514 | Recall: 0.6082 | Spec: 0.4883
[2025-12-02 20:41:35,297 INFO main.train_one_fold] EVAL CHUNK | Fold 3 | Epoch 027/100 | Loss: 0.6670 | Acc: 0.6420 | Prec: 0.6292 | Recall: 0.6512 | Spec: 0.6333
[2025-12-02 20:41:35,298 INFO main.train_one_fold]   Confusion: TP=56, TN=57, FP=33, FN=30
[2025-12-02 20:41:35,298 INFO main.train_one_fold] EVAL SUBJECT | Fold 3 | Epoch 027/100 | Loss: 0.6670 | Acc: 0.6667 | Prec: 0.6667 | Recall: 0.6667 | Spec: 0.6667
[2025-12-02 20:41:35,298 INFO main.train_one_fold]   Confusion: TP=2, TN=2, FP=1, FN=1
[2025-12-02 20:41:42,008 INFO main.train_one_fold] TRAIN CHUNK | Fold 3 | Epoch 028/100 | Loss: 0.6862 | Acc: 0.5367 | Prec: 0.5556 | Recall: 0.4433 | Spec: 0.6333
[2025-12-02 20:41:42,357 INFO main.train_one_fold] EVAL CHUNK | Fold 3 | Epoch 028/100 | Loss: 0.6634 | Acc: 0.6648 | Prec: 0.6588 | Recall: 0.6512 | Spec: 0.6778
[2025-12-02 20:41:42,357 INFO main.train_one_fold]   Confusion: TP=56, TN=61, FP=29, FN=30
[2025-12-02 20:41:42,357 INFO main.train_one_fold] EVAL SUBJECT | Fold 3 | Epoch 028/100 | Loss: 0.6634 | Acc: 0.6667 | Prec: 0.6667 | Recall: 0.6667 | Spec: 0.6667
[2025-12-02 20:41:42,357 INFO main.train_one_fold]   Confusion: TP=2, TN=2, FP=1, FN=1
[2025-12-02 20:41:48,754 INFO main.train_one_fold] TRAIN CHUNK | Fold 3 | Epoch 029/100 | Loss: 0.6820 | Acc: 0.5702 | Prec: 0.5917 | Recall: 0.4990 | Spec: 0.6439
[2025-12-02 20:41:49,088 INFO main.train_one_fold] EVAL CHUNK | Fold 3 | Epoch 029/100 | Loss: 0.6589 | Acc: 0.6534 | Prec: 0.6437 | Recall: 0.6512 | Spec: 0.6556
[2025-12-02 20:41:49,092 INFO main.train_one_fold]   Confusion: TP=56, TN=59, FP=31, FN=30
[2025-12-02 20:41:49,092 INFO main.train_one_fold] EVAL SUBJECT | Fold 3 | Epoch 029/100 | Loss: 0.6589 | Acc: 0.6667 | Prec: 0.6667 | Recall: 0.6667 | Spec: 0.6667
[2025-12-02 20:41:49,092 INFO main.train_one_fold]   Confusion: TP=2, TN=2, FP=1, FN=1
[2025-12-02 20:41:56,462 INFO main.train_one_fold] TRAIN CHUNK | Fold 3 | Epoch 030/100 | Loss: 0.6829 | Acc: 0.5398 | Prec: 0.5405 | Recall: 0.6330 | Spec: 0.4435
[2025-12-02 20:41:56,980 INFO main.train_one_fold] EVAL CHUNK | Fold 3 | Epoch 030/100 | Loss: 0.6556 | Acc: 0.6534 | Prec: 0.6437 | Recall: 0.6512 | Spec: 0.6556
[2025-12-02 20:41:56,980 INFO main.train_one_fold]   Confusion: TP=56, TN=59, FP=31, FN=30
[2025-12-02 20:41:56,980 INFO main.train_one_fold] EVAL SUBJECT | Fold 3 | Epoch 030/100 | Loss: 0.6556 | Acc: 0.6667 | Prec: 0.6667 | Recall: 0.6667 | Spec: 0.6667
[2025-12-02 20:41:56,980 INFO main.train_one_fold]   Confusion: TP=2, TN=2, FP=1, FN=1
[2025-12-02 20:41:57,021 INFO main.train_one_fold] Saved checkpoint: experiments/cane_006_fp1_ec/fold_3_epoch_030.pth
[2025-12-02 20:42:04,887 INFO main.train_one_fold] TRAIN CHUNK | Fold 3 | Epoch 031/100 | Loss: 0.6876 | Acc: 0.5335 | Prec: 0.5699 | Recall: 0.3361 | Spec: 0.7377
[2025-12-02 20:42:05,402 INFO main.train_one_fold] EVAL CHUNK | Fold 3 | Epoch 031/100 | Loss: 0.6606 | Acc: 0.6477 | Prec: 0.6500 | Recall: 0.6047 | Spec: 0.6889
[2025-12-02 20:42:05,402 INFO main.train_one_fold]   Confusion: TP=52, TN=62, FP=28, FN=34
[2025-12-02 20:42:05,402 INFO main.train_one_fold] EVAL SUBJECT | Fold 3 | Epoch 031/100 | Loss: 0.6606 | Acc: 0.6667 | Prec: 0.6667 | Recall: 0.6667 | Spec: 0.6667
[2025-12-02 20:42:05,403 INFO main.train_one_fold]   Confusion: TP=2, TN=2, FP=1, FN=1
[2025-12-02 20:42:18,089 INFO main.train_one_fold] TRAIN CHUNK | Fold 3 | Epoch 032/100 | Loss: 0.6820 | Acc: 0.5660 | Prec: 0.6029 | Recall: 0.4289 | Spec: 0.7079
[2025-12-02 20:42:18,802 INFO main.train_one_fold] EVAL CHUNK | Fold 3 | Epoch 032/100 | Loss: 0.6562 | Acc: 0.6648 | Prec: 0.6588 | Recall: 0.6512 | Spec: 0.6778
[2025-12-02 20:42:18,802 INFO main.train_one_fold]   Confusion: TP=56, TN=61, FP=29, FN=30
[2025-12-02 20:42:18,802 INFO main.train_one_fold] EVAL SUBJECT | Fold 3 | Epoch 032/100 | Loss: 0.6562 | Acc: 0.6667 | Prec: 0.6667 | Recall: 0.6667 | Spec: 0.6667
[2025-12-02 20:42:18,802 INFO main.train_one_fold]   Confusion: TP=2, TN=2, FP=1, FN=1
[2025-12-02 20:42:27,054 INFO main.train_one_fold] TRAIN CHUNK | Fold 3 | Epoch 033/100 | Loss: 0.6745 | Acc: 0.5776 | Prec: 0.5995 | Recall: 0.5093 | Spec: 0.6482
[2025-12-02 20:42:27,612 INFO main.train_one_fold] EVAL CHUNK | Fold 3 | Epoch 033/100 | Loss: 0.6536 | Acc: 0.6648 | Prec: 0.6588 | Recall: 0.6512 | Spec: 0.6778
[2025-12-02 20:42:27,612 INFO main.train_one_fold]   Confusion: TP=56, TN=61, FP=29, FN=30
[2025-12-02 20:42:27,613 INFO main.train_one_fold] EVAL SUBJECT | Fold 3 | Epoch 033/100 | Loss: 0.6536 | Acc: 0.6667 | Prec: 0.6667 | Recall: 0.6667 | Spec: 0.6667
[2025-12-02 20:42:27,613 INFO main.train_one_fold]   Confusion: TP=2, TN=2, FP=1, FN=1
[2025-12-02 20:42:35,311 INFO main.train_one_fold] TRAIN CHUNK | Fold 3 | Epoch 034/100 | Loss: 0.6678 | Acc: 0.5818 | Prec: 0.6049 | Recall: 0.5113 | Spec: 0.6546
[2025-12-02 20:42:35,837 INFO main.train_one_fold] EVAL CHUNK | Fold 3 | Epoch 034/100 | Loss: 0.6555 | Acc: 0.6648 | Prec: 0.6588 | Recall: 0.6512 | Spec: 0.6778
[2025-12-02 20:42:35,844 INFO main.train_one_fold]   Confusion: TP=56, TN=61, FP=29, FN=30
[2025-12-02 20:42:35,866 INFO main.train_one_fold] EVAL SUBJECT | Fold 3 | Epoch 034/100 | Loss: 0.6555 | Acc: 0.6667 | Prec: 0.6667 | Recall: 0.6667 | Spec: 0.6667
[2025-12-02 20:42:35,867 INFO main.train_one_fold]   Confusion: TP=2, TN=2, FP=1, FN=1
[2025-12-02 20:42:44,069 INFO main.train_one_fold] TRAIN CHUNK | Fold 3 | Epoch 035/100 | Loss: 0.6716 | Acc: 0.5839 | Prec: 0.6183 | Recall: 0.4742 | Spec: 0.6972
[2025-12-02 20:42:44,571 INFO main.train_one_fold] EVAL CHUNK | Fold 3 | Epoch 035/100 | Loss: 0.6715 | Acc: 0.6420 | Prec: 0.6420 | Recall: 0.6047 | Spec: 0.6778
[2025-12-02 20:42:44,572 INFO main.train_one_fold]   Confusion: TP=52, TN=61, FP=29, FN=34
[2025-12-02 20:42:44,572 INFO main.train_one_fold] EVAL SUBJECT | Fold 3 | Epoch 035/100 | Loss: 0.6715 | Acc: 0.6667 | Prec: 0.6667 | Recall: 0.6667 | Spec: 0.6667
[2025-12-02 20:42:44,572 INFO main.train_one_fold]   Confusion: TP=2, TN=2, FP=1, FN=1
[2025-12-02 20:42:52,215 INFO main.train_one_fold] TRAIN CHUNK | Fold 3 | Epoch 036/100 | Loss: 0.6699 | Acc: 0.6059 | Prec: 0.6787 | Recall: 0.4268 | Spec: 0.7910
[2025-12-02 20:42:52,783 INFO main.train_one_fold] EVAL CHUNK | Fold 3 | Epoch 036/100 | Loss: 0.6667 | Acc: 0.6648 | Prec: 0.6588 | Recall: 0.6512 | Spec: 0.6778
[2025-12-02 20:42:52,786 INFO main.train_one_fold]   Confusion: TP=56, TN=61, FP=29, FN=30
[2025-12-02 20:42:52,786 INFO main.train_one_fold] EVAL SUBJECT | Fold 3 | Epoch 036/100 | Loss: 0.6667 | Acc: 0.6667 | Prec: 0.6667 | Recall: 0.6667 | Spec: 0.6667
[2025-12-02 20:42:52,786 INFO main.train_one_fold]   Confusion: TP=2, TN=2, FP=1, FN=1
[2025-12-02 20:43:00,973 INFO main.train_one_fold] TRAIN CHUNK | Fold 3 | Epoch 037/100 | Loss: 0.6587 | Acc: 0.6038 | Prec: 0.6569 | Recall: 0.4619 | Spec: 0.7505
[2025-12-02 20:43:01,484 INFO main.train_one_fold] EVAL CHUNK | Fold 3 | Epoch 037/100 | Loss: 0.6903 | Acc: 0.6534 | Prec: 0.6506 | Recall: 0.6279 | Spec: 0.6778
[2025-12-02 20:43:01,484 INFO main.train_one_fold]   Confusion: TP=54, TN=61, FP=29, FN=32
[2025-12-02 20:43:01,485 INFO main.train_one_fold] EVAL SUBJECT | Fold 3 | Epoch 037/100 | Loss: 0.6903 | Acc: 0.6667 | Prec: 0.6667 | Recall: 0.6667 | Spec: 0.6667
[2025-12-02 20:43:01,485 INFO main.train_one_fold]   Confusion: TP=2, TN=2, FP=1, FN=1
[2025-12-02 20:43:09,303 INFO main.train_one_fold] TRAIN CHUNK | Fold 3 | Epoch 038/100 | Loss: 0.6572 | Acc: 0.6069 | Prec: 0.6627 | Recall: 0.4619 | Spec: 0.7569
[2025-12-02 20:43:10,167 INFO main.train_one_fold] EVAL CHUNK | Fold 3 | Epoch 038/100 | Loss: 0.6826 | Acc: 0.6591 | Prec: 0.6512 | Recall: 0.6512 | Spec: 0.6667
[2025-12-02 20:43:10,170 INFO main.train_one_fold]   Confusion: TP=56, TN=60, FP=30, FN=30
[2025-12-02 20:43:10,171 INFO main.train_one_fold] EVAL SUBJECT | Fold 3 | Epoch 038/100 | Loss: 0.6826 | Acc: 0.6667 | Prec: 0.6667 | Recall: 0.6667 | Spec: 0.6667
[2025-12-02 20:43:10,171 INFO main.train_one_fold]   Confusion: TP=2, TN=2, FP=1, FN=1
[2025-12-02 20:43:18,307 INFO main.train_one_fold] TRAIN CHUNK | Fold 3 | Epoch 039/100 | Loss: 0.6437 | Acc: 0.6373 | Prec: 0.7309 | Recall: 0.4536 | Spec: 0.8273
[2025-12-02 20:43:18,815 INFO main.train_one_fold] EVAL CHUNK | Fold 3 | Epoch 039/100 | Loss: 0.7107 | Acc: 0.6534 | Prec: 0.6471 | Recall: 0.6395 | Spec: 0.6667
[2025-12-02 20:43:18,816 INFO main.train_one_fold]   Confusion: TP=55, TN=60, FP=30, FN=31
[2025-12-02 20:43:18,816 INFO main.train_one_fold] EVAL SUBJECT | Fold 3 | Epoch 039/100 | Loss: 0.7107 | Acc: 0.6667 | Prec: 0.6667 | Recall: 0.6667 | Spec: 0.6667
[2025-12-02 20:43:18,816 INFO main.train_one_fold]   Confusion: TP=2, TN=2, FP=1, FN=1
[2025-12-02 20:43:26,545 INFO main.train_one_fold] TRAIN CHUNK | Fold 3 | Epoch 040/100 | Loss: 0.6495 | Acc: 0.6174 | Prec: 0.6852 | Recall: 0.4577 | Spec: 0.7825
[2025-12-02 20:43:27,672 INFO main.train_one_fold] EVAL CHUNK | Fold 3 | Epoch 040/100 | Loss: 0.7504 | Acc: 0.6193 | Prec: 0.6234 | Recall: 0.5581 | Spec: 0.6778
[2025-12-02 20:43:27,672 INFO main.train_one_fold]   Confusion: TP=48, TN=61, FP=29, FN=38
[2025-12-02 20:43:27,672 INFO main.train_one_fold] EVAL SUBJECT | Fold 3 | Epoch 040/100 | Loss: 0.7504 | Acc: 0.6667 | Prec: 0.6667 | Recall: 0.6667 | Spec: 0.6667
[2025-12-02 20:43:27,672 INFO main.train_one_fold]   Confusion: TP=2, TN=2, FP=1, FN=1
[2025-12-02 20:43:27,700 INFO main.train_one_fold] Saved checkpoint: experiments/cane_006_fp1_ec/fold_3_epoch_040.pth
[2025-12-02 20:43:36,196 INFO main.train_one_fold] TRAIN CHUNK | Fold 3 | Epoch 041/100 | Loss: 0.6377 | Acc: 0.6247 | Prec: 0.7110 | Recall: 0.4412 | Spec: 0.8145
[2025-12-02 20:43:36,761 INFO main.train_one_fold] EVAL CHUNK | Fold 3 | Epoch 041/100 | Loss: 0.7333 | Acc: 0.6534 | Prec: 0.6471 | Recall: 0.6395 | Spec: 0.6667
[2025-12-02 20:43:36,762 INFO main.train_one_fold]   Confusion: TP=55, TN=60, FP=30, FN=31
[2025-12-02 20:43:36,762 INFO main.train_one_fold] EVAL SUBJECT | Fold 3 | Epoch 041/100 | Loss: 0.7333 | Acc: 0.6667 | Prec: 0.6667 | Recall: 0.6667 | Spec: 0.6667
[2025-12-02 20:43:36,762 INFO main.train_one_fold]   Confusion: TP=2, TN=2, FP=1, FN=1
[2025-12-02 20:43:47,321 INFO main.train_one_fold] TRAIN CHUNK | Fold 3 | Epoch 042/100 | Loss: 0.6326 | Acc: 0.6279 | Prec: 0.7057 | Recall: 0.4598 | Spec: 0.8017
[2025-12-02 20:43:47,951 INFO main.train_one_fold] EVAL CHUNK | Fold 3 | Epoch 042/100 | Loss: 0.7857 | Acc: 0.6136 | Prec: 0.6154 | Recall: 0.5581 | Spec: 0.6667
[2025-12-02 20:43:47,958 INFO main.train_one_fold]   Confusion: TP=48, TN=60, FP=30, FN=38
[2025-12-02 20:43:47,960 INFO main.train_one_fold] EVAL SUBJECT | Fold 3 | Epoch 042/100 | Loss: 0.7857 | Acc: 0.6667 | Prec: 0.6667 | Recall: 0.6667 | Spec: 0.6667
[2025-12-02 20:43:47,960 INFO main.train_one_fold]   Confusion: TP=2, TN=2, FP=1, FN=1
[2025-12-02 20:43:56,619 INFO main.train_one_fold] TRAIN CHUNK | Fold 3 | Epoch 043/100 | Loss: 0.6299 | Acc: 0.6426 | Prec: 0.7609 | Recall: 0.4330 | Spec: 0.8593
[2025-12-02 20:43:57,152 INFO main.train_one_fold] EVAL CHUNK | Fold 3 | Epoch 043/100 | Loss: 0.7765 | Acc: 0.6193 | Prec: 0.6145 | Recall: 0.5930 | Spec: 0.6444
[2025-12-02 20:43:57,153 INFO main.train_one_fold]   Confusion: TP=51, TN=58, FP=32, FN=35
[2025-12-02 20:43:57,153 INFO main.train_one_fold] EVAL SUBJECT | Fold 3 | Epoch 043/100 | Loss: 0.7765 | Acc: 0.6667 | Prec: 0.6667 | Recall: 0.6667 | Spec: 0.6667
[2025-12-02 20:43:57,153 INFO main.train_one_fold]   Confusion: TP=2, TN=2, FP=1, FN=1
[2025-12-02 20:43:57,153 INFO early_stopping.__call__] Early stopping triggered after 20 epochs without improvement. Best score: 0.6648 at epoch 23
[2025-12-02 20:43:57,154 INFO main.train_one_fold] Early stopping triggered at epoch 43
[2025-12-02 20:43:57,154 INFO main.train_one_fold] 
Fold 3 training completed. Best Combined Val Acc: 0.4432 at epoch 23
[2025-12-02 20:43:57,154 INFO main.train_cross_validation] ================================================================================
[2025-12-02 20:43:57,154 INFO main.train_cross_validation] FOLD 4/6
[2025-12-02 20:43:57,154 INFO main.train_cross_validation] ================================================================================
[2025-12-02 20:43:57,154 INFO main.get_datasets_for_fold] Train subjects (31): ['cane:H S0012 EC', 'cane:H S1002 EC', 'cane:H S1033 EC', 'cane:H S0015 EC', 'cane:AX S1087 EC', 'cane:AX S1050 EC', 'cane:AX S0073 EC', 'cane:H S1010 EC', 'cane:H S1095 EC', 'cane:H S0079 EC', 'cane:AX S1023 EC', 'cane:AX S1051 EC', 'cane:AX S1006 EC', 'cane:H S1060 EC', 'cane:H S1091 EC', 'cane:H S1096 EC', 'cane:AX S1005 EC', 'cane:AX S0072 EC', 'cane:AX S0057 EC', 'cane:H S1001 EC', 'cane:H S1054 EC', 'cane:H S1008 EC', 'cane:AX S1027 EC', 'cane:AX S0074 EC', 'cane:AX S1009 EC', 'cane:H S1028 EC', 'cane:H S1085 EC', 'cane:H S1003 EC', 'cane:AX S1024 EC', 'cane:AX S0041 EC', 'cane:AX S0056 EC']...
[2025-12-02 20:43:57,155 INFO main.get_datasets_for_fold] Val subjects (6): ['cane:H S0078 EC', 'cane:H S1022 EC', 'cane:H S1101 EC', 'cane:AX S1084 EC', 'cane:AX S1007 EC', 'cane:AX S1065 EC']
[2025-12-02 20:43:57,156 INFO main.get_datasets_for_fold] Training chunks: 949
[2025-12-02 20:43:57,156 INFO main.get_datasets_for_fold] Validation chunks: 181
[2025-12-02 20:43:57,189 INFO model.__init__] Initialized LSTM with input_size=1728, hidden_size=100, batch_first=True
[2025-12-02 20:43:57,192 INFO main.train_one_fold] Starting training for fold 4
[2025-12-02 20:44:04,937 INFO main.train_one_fold] TRAIN CHUNK | Fold 4 | Epoch 001/100 | Loss: 0.6933 | Acc: 0.5068 | Prec: 0.5068 | Recall: 1.0000 | Spec: 0.0000
[2025-12-02 20:44:05,462 INFO main.train_one_fold] EVAL CHUNK | Fold 4 | Epoch 001/100 | Loss: 0.6940 | Acc: 0.4972 | Prec: 0.4972 | Recall: 1.0000 | Spec: 0.0000
[2025-12-02 20:44:05,469 INFO main.train_one_fold]   Confusion: TP=90, TN=0, FP=91, FN=0
[2025-12-02 20:44:05,470 INFO main.train_one_fold] EVAL SUBJECT | Fold 4 | Epoch 001/100 | Loss: 0.6940 | Acc: 0.5000 | Prec: 0.5000 | Recall: 1.0000 | Spec: 0.0000
[2025-12-02 20:44:05,470 INFO main.train_one_fold]   Confusion: TP=3, TN=0, FP=3, FN=0
[2025-12-02 20:44:05,514 INFO main.train_one_fold] ✓ Saved best model: experiments/cane_006_fp1_ec/fold_4_best.pth (combined=0.2486, chunk=0.4972, subject=0.5000)
[2025-12-02 20:44:05,514 INFO early_stopping.__call__] Early stopping initialized: best score 0.4972 at epoch 1
[2025-12-02 20:44:17,480 INFO main.train_one_fold] TRAIN CHUNK | Fold 4 | Epoch 002/100 | Loss: 0.6933 | Acc: 0.5068 | Prec: 0.5068 | Recall: 1.0000 | Spec: 0.0000
[2025-12-02 20:44:18,173 INFO main.train_one_fold] EVAL CHUNK | Fold 4 | Epoch 002/100 | Loss: 0.6939 | Acc: 0.4972 | Prec: 0.4972 | Recall: 1.0000 | Spec: 0.0000
[2025-12-02 20:44:18,174 INFO main.train_one_fold]   Confusion: TP=90, TN=0, FP=91, FN=0
[2025-12-02 20:44:18,174 INFO main.train_one_fold] EVAL SUBJECT | Fold 4 | Epoch 002/100 | Loss: 0.6939 | Acc: 0.5000 | Prec: 0.5000 | Recall: 1.0000 | Spec: 0.0000
[2025-12-02 20:44:18,174 INFO main.train_one_fold]   Confusion: TP=3, TN=0, FP=3, FN=0
[2025-12-02 20:44:26,773 INFO main.train_one_fold] TRAIN CHUNK | Fold 4 | Epoch 003/100 | Loss: 0.6931 | Acc: 0.5068 | Prec: 0.5068 | Recall: 1.0000 | Spec: 0.0000
[2025-12-02 20:44:27,453 INFO main.train_one_fold] EVAL CHUNK | Fold 4 | Epoch 003/100 | Loss: 0.6938 | Acc: 0.4972 | Prec: 0.4972 | Recall: 1.0000 | Spec: 0.0000
[2025-12-02 20:44:27,454 INFO main.train_one_fold]   Confusion: TP=90, TN=0, FP=91, FN=0
[2025-12-02 20:44:27,454 INFO main.train_one_fold] EVAL SUBJECT | Fold 4 | Epoch 003/100 | Loss: 0.6938 | Acc: 0.5000 | Prec: 0.5000 | Recall: 1.0000 | Spec: 0.0000
[2025-12-02 20:44:27,454 INFO main.train_one_fold]   Confusion: TP=3, TN=0, FP=3, FN=0
[2025-12-02 20:44:35,078 INFO main.train_one_fold] TRAIN CHUNK | Fold 4 | Epoch 004/100 | Loss: 0.6927 | Acc: 0.5068 | Prec: 0.5068 | Recall: 1.0000 | Spec: 0.0000
[2025-12-02 20:44:35,626 INFO main.train_one_fold] EVAL CHUNK | Fold 4 | Epoch 004/100 | Loss: 0.6939 | Acc: 0.4972 | Prec: 0.4972 | Recall: 1.0000 | Spec: 0.0000
[2025-12-02 20:44:35,627 INFO main.train_one_fold]   Confusion: TP=90, TN=0, FP=91, FN=0
[2025-12-02 20:44:35,627 INFO main.train_one_fold] EVAL SUBJECT | Fold 4 | Epoch 004/100 | Loss: 0.6939 | Acc: 0.5000 | Prec: 0.5000 | Recall: 1.0000 | Spec: 0.0000
[2025-12-02 20:44:35,627 INFO main.train_one_fold]   Confusion: TP=3, TN=0, FP=3, FN=0
[2025-12-02 20:44:43,996 INFO main.train_one_fold] TRAIN CHUNK | Fold 4 | Epoch 005/100 | Loss: 0.6926 | Acc: 0.5068 | Prec: 0.5068 | Recall: 1.0000 | Spec: 0.0000
[2025-12-02 20:44:44,522 INFO main.train_one_fold] EVAL CHUNK | Fold 4 | Epoch 005/100 | Loss: 0.6943 | Acc: 0.4972 | Prec: 0.4972 | Recall: 1.0000 | Spec: 0.0000
[2025-12-02 20:44:44,523 INFO main.train_one_fold]   Confusion: TP=90, TN=0, FP=91, FN=0
[2025-12-02 20:44:44,523 INFO main.train_one_fold] EVAL SUBJECT | Fold 4 | Epoch 005/100 | Loss: 0.6943 | Acc: 0.5000 | Prec: 0.5000 | Recall: 1.0000 | Spec: 0.0000
[2025-12-02 20:44:44,523 INFO main.train_one_fold]   Confusion: TP=3, TN=0, FP=3, FN=0
[2025-12-02 20:44:52,122 INFO main.train_one_fold] TRAIN CHUNK | Fold 4 | Epoch 006/100 | Loss: 0.6920 | Acc: 0.5068 | Prec: 0.5068 | Recall: 1.0000 | Spec: 0.0000
[2025-12-02 20:44:52,640 INFO main.train_one_fold] EVAL CHUNK | Fold 4 | Epoch 006/100 | Loss: 0.6948 | Acc: 0.4972 | Prec: 0.4972 | Recall: 1.0000 | Spec: 0.0000
[2025-12-02 20:44:52,647 INFO main.train_one_fold]   Confusion: TP=90, TN=0, FP=91, FN=0
[2025-12-02 20:44:52,648 INFO main.train_one_fold] EVAL SUBJECT | Fold 4 | Epoch 006/100 | Loss: 0.6948 | Acc: 0.5000 | Prec: 0.5000 | Recall: 1.0000 | Spec: 0.0000
[2025-12-02 20:44:52,648 INFO main.train_one_fold]   Confusion: TP=3, TN=0, FP=3, FN=0
[2025-12-02 20:45:03,224 INFO main.train_one_fold] TRAIN CHUNK | Fold 4 | Epoch 007/100 | Loss: 0.6911 | Acc: 0.5079 | Prec: 0.5074 | Recall: 1.0000 | Spec: 0.0021
[2025-12-02 20:45:03,727 INFO main.train_one_fold] EVAL CHUNK | Fold 4 | Epoch 007/100 | Loss: 0.6954 | Acc: 0.4972 | Prec: 0.4972 | Recall: 1.0000 | Spec: 0.0000
[2025-12-02 20:45:03,727 INFO main.train_one_fold]   Confusion: TP=90, TN=0, FP=91, FN=0
[2025-12-02 20:45:03,728 INFO main.train_one_fold] EVAL SUBJECT | Fold 4 | Epoch 007/100 | Loss: 0.6954 | Acc: 0.5000 | Prec: 0.5000 | Recall: 1.0000 | Spec: 0.0000
[2025-12-02 20:45:03,728 INFO main.train_one_fold]   Confusion: TP=3, TN=0, FP=3, FN=0
[2025-12-02 20:45:12,395 INFO main.train_one_fold] TRAIN CHUNK | Fold 4 | Epoch 008/100 | Loss: 0.6903 | Acc: 0.5090 | Prec: 0.5079 | Recall: 0.9979 | Spec: 0.0064
[2025-12-02 20:45:12,991 INFO main.train_one_fold] EVAL CHUNK | Fold 4 | Epoch 008/100 | Loss: 0.6963 | Acc: 0.4972 | Prec: 0.4972 | Recall: 1.0000 | Spec: 0.0000
[2025-12-02 20:45:12,992 INFO main.train_one_fold]   Confusion: TP=90, TN=0, FP=91, FN=0
[2025-12-02 20:45:12,992 INFO main.train_one_fold] EVAL SUBJECT | Fold 4 | Epoch 008/100 | Loss: 0.6963 | Acc: 0.5000 | Prec: 0.5000 | Recall: 1.0000 | Spec: 0.0000
[2025-12-02 20:45:12,992 INFO main.train_one_fold]   Confusion: TP=3, TN=0, FP=3, FN=0
[2025-12-02 20:45:20,737 INFO main.train_one_fold] TRAIN CHUNK | Fold 4 | Epoch 009/100 | Loss: 0.6888 | Acc: 0.5132 | Prec: 0.5102 | Recall: 0.9834 | Spec: 0.0299
[2025-12-02 20:45:21,278 INFO main.train_one_fold] EVAL CHUNK | Fold 4 | Epoch 009/100 | Loss: 0.6977 | Acc: 0.4696 | Prec: 0.4824 | Recall: 0.9111 | Spec: 0.0330
[2025-12-02 20:45:21,278 INFO main.train_one_fold]   Confusion: TP=82, TN=3, FP=88, FN=8
[2025-12-02 20:45:21,288 INFO main.train_one_fold] EVAL SUBJECT | Fold 4 | Epoch 009/100 | Loss: 0.6977 | Acc: 0.5000 | Prec: 0.5000 | Recall: 1.0000 | Spec: 0.0000
[2025-12-02 20:45:21,288 INFO main.train_one_fold]   Confusion: TP=3, TN=0, FP=3, FN=0
[2025-12-02 20:45:31,141 INFO main.train_one_fold] TRAIN CHUNK | Fold 4 | Epoch 010/100 | Loss: 0.6853 | Acc: 0.5111 | Prec: 0.5105 | Recall: 0.8565 | Spec: 0.1560
[2025-12-02 20:45:31,690 INFO main.train_one_fold] EVAL CHUNK | Fold 4 | Epoch 010/100 | Loss: 0.6999 | Acc: 0.4862 | Prec: 0.4878 | Recall: 0.6667 | Spec: 0.3077
[2025-12-02 20:45:31,690 INFO main.train_one_fold]   Confusion: TP=60, TN=28, FP=63, FN=30
[2025-12-02 20:45:31,690 INFO main.train_one_fold] EVAL SUBJECT | Fold 4 | Epoch 010/100 | Loss: 0.6999 | Acc: 0.5000 | Prec: 0.5000 | Recall: 0.6667 | Spec: 0.3333
[2025-12-02 20:45:31,691 INFO main.train_one_fold]   Confusion: TP=2, TN=1, FP=2, FN=1
[2025-12-02 20:45:31,718 INFO main.train_one_fold] Saved checkpoint: experiments/cane_006_fp1_ec/fold_4_epoch_010.pth
[2025-12-02 20:45:39,010 INFO main.train_one_fold] TRAIN CHUNK | Fold 4 | Epoch 011/100 | Loss: 0.6836 | Acc: 0.5216 | Prec: 0.5174 | Recall: 0.8358 | Spec: 0.1987
[2025-12-02 20:45:39,907 INFO main.train_one_fold] EVAL CHUNK | Fold 4 | Epoch 011/100 | Loss: 0.7047 | Acc: 0.4972 | Prec: 0.4959 | Recall: 0.6667 | Spec: 0.3297
[2025-12-02 20:45:39,908 INFO main.train_one_fold]   Confusion: TP=60, TN=30, FP=61, FN=30
[2025-12-02 20:45:39,908 INFO main.train_one_fold] EVAL SUBJECT | Fold 4 | Epoch 011/100 | Loss: 0.7047 | Acc: 0.5000 | Prec: 0.5000 | Recall: 0.6667 | Spec: 0.3333
[2025-12-02 20:45:39,908 INFO main.train_one_fold]   Confusion: TP=2, TN=1, FP=2, FN=1
[2025-12-02 20:45:50,804 INFO main.train_one_fold] TRAIN CHUNK | Fold 4 | Epoch 012/100 | Loss: 0.6812 | Acc: 0.5659 | Prec: 0.5697 | Recall: 0.5863 | Spec: 0.5449
[2025-12-02 20:45:51,322 INFO main.train_one_fold] EVAL CHUNK | Fold 4 | Epoch 012/100 | Loss: 0.7119 | Acc: 0.5028 | Prec: 0.5000 | Recall: 0.6222 | Spec: 0.3846
[2025-12-02 20:45:51,323 INFO main.train_one_fold]   Confusion: TP=56, TN=35, FP=56, FN=34
[2025-12-02 20:45:51,323 INFO main.train_one_fold] EVAL SUBJECT | Fold 4 | Epoch 012/100 | Loss: 0.7119 | Acc: 0.5000 | Prec: 0.5000 | Recall: 0.6667 | Spec: 0.3333
[2025-12-02 20:45:51,323 INFO main.train_one_fold]   Confusion: TP=2, TN=1, FP=2, FN=1
[2025-12-02 20:45:51,366 INFO main.train_one_fold] ✓ Saved best model: experiments/cane_006_fp1_ec/fold_4_best.pth (combined=0.2514, chunk=0.5028, subject=0.5000)
[2025-12-02 20:45:51,366 INFO early_stopping.__call__] Validation improved from 0.4972 to 0.5028 (+0.0055) at epoch 12
[2025-12-02 20:46:00,788 INFO main.train_one_fold] TRAIN CHUNK | Fold 4 | Epoch 013/100 | Loss: 0.6765 | Acc: 0.5711 | Prec: 0.5811 | Recall: 0.5509 | Spec: 0.5919
[2025-12-02 20:46:01,296 INFO main.train_one_fold] EVAL CHUNK | Fold 4 | Epoch 013/100 | Loss: 0.7264 | Acc: 0.4807 | Prec: 0.4831 | Recall: 0.6333 | Spec: 0.3297
[2025-12-02 20:46:01,296 INFO main.train_one_fold]   Confusion: TP=57, TN=30, FP=61, FN=33
[2025-12-02 20:46:01,296 INFO main.train_one_fold] EVAL SUBJECT | Fold 4 | Epoch 013/100 | Loss: 0.7264 | Acc: 0.5000 | Prec: 0.5000 | Recall: 0.6667 | Spec: 0.3333
[2025-12-02 20:46:01,297 INFO main.train_one_fold]   Confusion: TP=2, TN=1, FP=2, FN=1
[2025-12-02 20:46:08,587 INFO main.train_one_fold] TRAIN CHUNK | Fold 4 | Epoch 014/100 | Loss: 0.6681 | Acc: 0.5817 | Prec: 0.6000 | Recall: 0.5239 | Spec: 0.6410
[2025-12-02 20:46:09,096 INFO main.train_one_fold] EVAL CHUNK | Fold 4 | Epoch 014/100 | Loss: 0.7502 | Acc: 0.4475 | Prec: 0.4405 | Recall: 0.4111 | Spec: 0.4835
[2025-12-02 20:46:09,111 INFO main.train_one_fold]   Confusion: TP=37, TN=44, FP=47, FN=53
[2025-12-02 20:46:09,111 INFO main.train_one_fold] EVAL SUBJECT | Fold 4 | Epoch 014/100 | Loss: 0.7502 | Acc: 0.3333 | Prec: 0.3333 | Recall: 0.3333 | Spec: 0.3333
[2025-12-02 20:46:09,112 INFO main.train_one_fold]   Confusion: TP=1, TN=1, FP=2, FN=2
[2025-12-02 20:46:17,047 INFO main.train_one_fold] TRAIN CHUNK | Fold 4 | Epoch 015/100 | Loss: 0.6573 | Acc: 0.6070 | Prec: 0.6579 | Recall: 0.4678 | Spec: 0.7500
[2025-12-02 20:46:17,650 INFO main.train_one_fold] EVAL CHUNK | Fold 4 | Epoch 015/100 | Loss: 0.7915 | Acc: 0.4033 | Prec: 0.4062 | Recall: 0.4333 | Spec: 0.3736
[2025-12-02 20:46:17,650 INFO main.train_one_fold]   Confusion: TP=39, TN=34, FP=57, FN=51
[2025-12-02 20:46:17,650 INFO main.train_one_fold] EVAL SUBJECT | Fold 4 | Epoch 015/100 | Loss: 0.7915 | Acc: 0.3333 | Prec: 0.3333 | Recall: 0.3333 | Spec: 0.3333
[2025-12-02 20:46:17,651 INFO main.train_one_fold]   Confusion: TP=1, TN=1, FP=2, FN=2
[2025-12-02 20:46:26,161 INFO main.train_one_fold] TRAIN CHUNK | Fold 4 | Epoch 016/100 | Loss: 0.6491 | Acc: 0.6365 | Prec: 0.7061 | Recall: 0.4844 | Spec: 0.7927
[2025-12-02 20:46:26,950 INFO main.train_one_fold] EVAL CHUNK | Fold 4 | Epoch 016/100 | Loss: 0.8348 | Acc: 0.3702 | Prec: 0.3667 | Recall: 0.3667 | Spec: 0.3736
[2025-12-02 20:46:26,951 INFO main.train_one_fold]   Confusion: TP=33, TN=34, FP=57, FN=57
[2025-12-02 20:46:26,951 INFO main.train_one_fold] EVAL SUBJECT | Fold 4 | Epoch 016/100 | Loss: 0.8348 | Acc: 0.3333 | Prec: 0.3333 | Recall: 0.3333 | Spec: 0.3333
[2025-12-02 20:46:26,951 INFO main.train_one_fold]   Confusion: TP=1, TN=1, FP=2, FN=2
[2025-12-02 20:46:32,917 INFO main.train_one_fold] TRAIN CHUNK | Fold 4 | Epoch 017/100 | Loss: 0.6421 | Acc: 0.6417 | Prec: 0.7104 | Recall: 0.4948 | Spec: 0.7927
[2025-12-02 20:46:33,273 INFO main.train_one_fold] EVAL CHUNK | Fold 4 | Epoch 017/100 | Loss: 0.8872 | Acc: 0.3481 | Prec: 0.3511 | Recall: 0.3667 | Spec: 0.3297
[2025-12-02 20:46:33,273 INFO main.train_one_fold]   Confusion: TP=33, TN=30, FP=61, FN=57
[2025-12-02 20:46:33,273 INFO main.train_one_fold] EVAL SUBJECT | Fold 4 | Epoch 017/100 | Loss: 0.8872 | Acc: 0.3333 | Prec: 0.3333 | Recall: 0.3333 | Spec: 0.3333
[2025-12-02 20:46:33,273 INFO main.train_one_fold]   Confusion: TP=1, TN=1, FP=2, FN=2
[2025-12-02 20:46:38,219 INFO main.train_one_fold] TRAIN CHUNK | Fold 4 | Epoch 018/100 | Loss: 0.6271 | Acc: 0.6649 | Prec: 0.7638 | Recall: 0.4906 | Spec: 0.8440
[2025-12-02 20:46:38,579 INFO main.train_one_fold] EVAL CHUNK | Fold 4 | Epoch 018/100 | Loss: 0.9462 | Acc: 0.3812 | Prec: 0.3900 | Recall: 0.4333 | Spec: 0.3297
[2025-12-02 20:46:38,579 INFO main.train_one_fold]   Confusion: TP=39, TN=30, FP=61, FN=51
[2025-12-02 20:46:38,579 INFO main.train_one_fold] EVAL SUBJECT | Fold 4 | Epoch 018/100 | Loss: 0.9462 | Acc: 0.3333 | Prec: 0.3333 | Recall: 0.3333 | Spec: 0.3333
[2025-12-02 20:46:38,579 INFO main.train_one_fold]   Confusion: TP=1, TN=1, FP=2, FN=2
[2025-12-02 20:46:43,977 INFO main.train_one_fold] TRAIN CHUNK | Fold 4 | Epoch 019/100 | Loss: 0.6218 | Acc: 0.6702 | Prec: 0.7609 | Recall: 0.5094 | Spec: 0.8355
[2025-12-02 20:46:44,322 INFO main.train_one_fold] EVAL CHUNK | Fold 4 | Epoch 019/100 | Loss: 0.9890 | Acc: 0.3315 | Prec: 0.3297 | Recall: 0.3333 | Spec: 0.3297
[2025-12-02 20:46:44,330 INFO main.train_one_fold]   Confusion: TP=30, TN=30, FP=61, FN=60
[2025-12-02 20:46:44,330 INFO main.train_one_fold] EVAL SUBJECT | Fold 4 | Epoch 019/100 | Loss: 0.9890 | Acc: 0.3333 | Prec: 0.3333 | Recall: 0.3333 | Spec: 0.3333
[2025-12-02 20:46:44,330 INFO main.train_one_fold]   Confusion: TP=1, TN=1, FP=2, FN=2
[2025-12-02 20:46:49,169 INFO main.train_one_fold] TRAIN CHUNK | Fold 4 | Epoch 020/100 | Loss: 0.6125 | Acc: 0.6744 | Prec: 0.7688 | Recall: 0.5114 | Spec: 0.8419
[2025-12-02 20:46:49,523 INFO main.train_one_fold] EVAL CHUNK | Fold 4 | Epoch 020/100 | Loss: 1.0367 | Acc: 0.3702 | Prec: 0.3776 | Recall: 0.4111 | Spec: 0.3297
[2025-12-02 20:46:49,523 INFO main.train_one_fold]   Confusion: TP=37, TN=30, FP=61, FN=53
[2025-12-02 20:46:49,523 INFO main.train_one_fold] EVAL SUBJECT | Fold 4 | Epoch 020/100 | Loss: 1.0367 | Acc: 0.3333 | Prec: 0.3333 | Recall: 0.3333 | Spec: 0.3333
[2025-12-02 20:46:49,523 INFO main.train_one_fold]   Confusion: TP=1, TN=1, FP=2, FN=2
[2025-12-02 20:46:49,549 INFO main.train_one_fold] Saved checkpoint: experiments/cane_006_fp1_ec/fold_4_epoch_020.pth
[2025-12-02 20:46:54,429 INFO main.train_one_fold] TRAIN CHUNK | Fold 4 | Epoch 021/100 | Loss: 0.6103 | Acc: 0.6797 | Prec: 0.7864 | Recall: 0.5052 | Spec: 0.8590
[2025-12-02 20:46:56,201 INFO main.train_one_fold] EVAL CHUNK | Fold 4 | Epoch 021/100 | Loss: 1.0578 | Acc: 0.3702 | Prec: 0.3776 | Recall: 0.4111 | Spec: 0.3297
[2025-12-02 20:46:56,201 INFO main.train_one_fold]   Confusion: TP=37, TN=30, FP=61, FN=53
[2025-12-02 20:46:56,201 INFO main.train_one_fold] EVAL SUBJECT | Fold 4 | Epoch 021/100 | Loss: 1.0578 | Acc: 0.3333 | Prec: 0.3333 | Recall: 0.3333 | Spec: 0.3333
[2025-12-02 20:46:56,201 INFO main.train_one_fold]   Confusion: TP=1, TN=1, FP=2, FN=2
[2025-12-02 20:47:03,842 INFO main.train_one_fold] TRAIN CHUNK | Fold 4 | Epoch 022/100 | Loss: 0.5951 | Acc: 0.6807 | Prec: 0.7947 | Recall: 0.4990 | Spec: 0.8675
[2025-12-02 20:47:04,206 INFO main.train_one_fold] EVAL CHUNK | Fold 4 | Epoch 022/100 | Loss: 1.0702 | Acc: 0.3536 | Prec: 0.3579 | Recall: 0.3778 | Spec: 0.3297
[2025-12-02 20:47:04,206 INFO main.train_one_fold]   Confusion: TP=34, TN=30, FP=61, FN=56
[2025-12-02 20:47:04,206 INFO main.train_one_fold] EVAL SUBJECT | Fold 4 | Epoch 022/100 | Loss: 1.0702 | Acc: 0.3333 | Prec: 0.3333 | Recall: 0.3333 | Spec: 0.3333
[2025-12-02 20:47:04,207 INFO main.train_one_fold]   Confusion: TP=1, TN=1, FP=2, FN=2
[2025-12-02 20:47:09,181 INFO main.train_one_fold] TRAIN CHUNK | Fold 4 | Epoch 023/100 | Loss: 0.5989 | Acc: 0.6818 | Prec: 0.7934 | Recall: 0.5031 | Spec: 0.8654
[2025-12-02 20:47:09,534 INFO main.train_one_fold] EVAL CHUNK | Fold 4 | Epoch 023/100 | Loss: 1.0840 | Acc: 0.3591 | Prec: 0.3646 | Recall: 0.3889 | Spec: 0.3297
[2025-12-02 20:47:09,544 INFO main.train_one_fold]   Confusion: TP=35, TN=30, FP=61, FN=55
[2025-12-02 20:47:09,545 INFO main.train_one_fold] EVAL SUBJECT | Fold 4 | Epoch 023/100 | Loss: 1.0840 | Acc: 0.3333 | Prec: 0.3333 | Recall: 0.3333 | Spec: 0.3333
[2025-12-02 20:47:09,545 INFO main.train_one_fold]   Confusion: TP=1, TN=1, FP=2, FN=2
[2025-12-02 20:47:15,347 INFO main.train_one_fold] TRAIN CHUNK | Fold 4 | Epoch 024/100 | Loss: 0.5973 | Acc: 0.6754 | Prec: 0.7764 | Recall: 0.5052 | Spec: 0.8504
[2025-12-02 20:47:15,877 INFO main.train_one_fold] EVAL CHUNK | Fold 4 | Epoch 024/100 | Loss: 1.0602 | Acc: 0.3591 | Prec: 0.3646 | Recall: 0.3889 | Spec: 0.3297
[2025-12-02 20:47:15,891 INFO main.train_one_fold]   Confusion: TP=35, TN=30, FP=61, FN=55
[2025-12-02 20:47:15,892 INFO main.train_one_fold] EVAL SUBJECT | Fold 4 | Epoch 024/100 | Loss: 1.0602 | Acc: 0.3333 | Prec: 0.3333 | Recall: 0.3333 | Spec: 0.3333
[2025-12-02 20:47:15,892 INFO main.train_one_fold]   Confusion: TP=1, TN=1, FP=2, FN=2
[2025-12-02 20:47:23,231 INFO main.train_one_fold] TRAIN CHUNK | Fold 4 | Epoch 025/100 | Loss: 0.6026 | Acc: 0.6744 | Prec: 0.7848 | Recall: 0.4927 | Spec: 0.8611
[2025-12-02 20:47:23,791 INFO main.train_one_fold] EVAL CHUNK | Fold 4 | Epoch 025/100 | Loss: 1.0405 | Acc: 0.3978 | Prec: 0.4078 | Recall: 0.4667 | Spec: 0.3297
[2025-12-02 20:47:23,791 INFO main.train_one_fold]   Confusion: TP=42, TN=30, FP=61, FN=48
[2025-12-02 20:47:23,792 INFO main.train_one_fold] EVAL SUBJECT | Fold 4 | Epoch 025/100 | Loss: 1.0405 | Acc: 0.3333 | Prec: 0.3333 | Recall: 0.3333 | Spec: 0.3333
[2025-12-02 20:47:23,792 INFO main.train_one_fold]   Confusion: TP=1, TN=1, FP=2, FN=2
[2025-12-02 20:47:36,096 INFO main.train_one_fold] TRAIN CHUNK | Fold 4 | Epoch 026/100 | Loss: 0.5863 | Acc: 0.6797 | Prec: 0.7846 | Recall: 0.5073 | Spec: 0.8568
[2025-12-02 20:47:36,597 INFO main.train_one_fold] EVAL CHUNK | Fold 4 | Epoch 026/100 | Loss: 1.1015 | Acc: 0.3536 | Prec: 0.3579 | Recall: 0.3778 | Spec: 0.3297
[2025-12-02 20:47:36,597 INFO main.train_one_fold]   Confusion: TP=34, TN=30, FP=61, FN=56
[2025-12-02 20:47:36,597 INFO main.train_one_fold] EVAL SUBJECT | Fold 4 | Epoch 026/100 | Loss: 1.1015 | Acc: 0.3333 | Prec: 0.3333 | Recall: 0.3333 | Spec: 0.3333
[2025-12-02 20:47:36,598 INFO main.train_one_fold]   Confusion: TP=1, TN=1, FP=2, FN=2
[2025-12-02 20:47:44,271 INFO main.train_one_fold] TRAIN CHUNK | Fold 4 | Epoch 027/100 | Loss: 0.5768 | Acc: 0.6828 | Prec: 0.8020 | Recall: 0.4969 | Spec: 0.8739
[2025-12-02 20:47:44,813 INFO main.train_one_fold] EVAL CHUNK | Fold 4 | Epoch 027/100 | Loss: 1.1252 | Acc: 0.3757 | Prec: 0.3838 | Recall: 0.4222 | Spec: 0.3297
[2025-12-02 20:47:44,813 INFO main.train_one_fold]   Confusion: TP=38, TN=30, FP=61, FN=52
[2025-12-02 20:47:44,813 INFO main.train_one_fold] EVAL SUBJECT | Fold 4 | Epoch 027/100 | Loss: 1.1252 | Acc: 0.3333 | Prec: 0.3333 | Recall: 0.3333 | Spec: 0.3333
[2025-12-02 20:47:44,813 INFO main.train_one_fold]   Confusion: TP=1, TN=1, FP=2, FN=2
[2025-12-02 20:47:51,952 INFO main.train_one_fold] TRAIN CHUNK | Fold 4 | Epoch 028/100 | Loss: 0.5716 | Acc: 0.6955 | Prec: 0.8310 | Recall: 0.5010 | Spec: 0.8953
[2025-12-02 20:47:52,477 INFO main.train_one_fold] EVAL CHUNK | Fold 4 | Epoch 028/100 | Loss: 1.1623 | Acc: 0.3370 | Prec: 0.3370 | Recall: 0.3444 | Spec: 0.3297
[2025-12-02 20:47:52,478 INFO main.train_one_fold]   Confusion: TP=31, TN=30, FP=61, FN=59
[2025-12-02 20:47:52,478 INFO main.train_one_fold] EVAL SUBJECT | Fold 4 | Epoch 028/100 | Loss: 1.1623 | Acc: 0.3333 | Prec: 0.3333 | Recall: 0.3333 | Spec: 0.3333
[2025-12-02 20:47:52,478 INFO main.train_one_fold]   Confusion: TP=1, TN=1, FP=2, FN=2
[2025-12-02 20:48:00,068 INFO main.train_one_fold] TRAIN CHUNK | Fold 4 | Epoch 029/100 | Loss: 0.5787 | Acc: 0.6849 | Prec: 0.8138 | Recall: 0.4906 | Spec: 0.8846
[2025-12-02 20:48:00,586 INFO main.train_one_fold] EVAL CHUNK | Fold 4 | Epoch 029/100 | Loss: 1.1698 | Acc: 0.3536 | Prec: 0.3579 | Recall: 0.3778 | Spec: 0.3297
[2025-12-02 20:48:00,590 INFO main.train_one_fold]   Confusion: TP=34, TN=30, FP=61, FN=56
[2025-12-02 20:48:00,594 INFO main.train_one_fold] EVAL SUBJECT | Fold 4 | Epoch 029/100 | Loss: 1.1698 | Acc: 0.3333 | Prec: 0.3333 | Recall: 0.3333 | Spec: 0.3333
[2025-12-02 20:48:00,598 INFO main.train_one_fold]   Confusion: TP=1, TN=1, FP=2, FN=2
[2025-12-02 20:48:07,769 INFO main.train_one_fold] TRAIN CHUNK | Fold 4 | Epoch 030/100 | Loss: 0.5635 | Acc: 0.6849 | Prec: 0.8054 | Recall: 0.4990 | Spec: 0.8761
[2025-12-02 20:48:08,285 INFO main.train_one_fold] EVAL CHUNK | Fold 4 | Epoch 030/100 | Loss: 1.2225 | Acc: 0.3646 | Prec: 0.3711 | Recall: 0.4000 | Spec: 0.3297
[2025-12-02 20:48:08,286 INFO main.train_one_fold]   Confusion: TP=36, TN=30, FP=61, FN=54
[2025-12-02 20:48:08,286 INFO main.train_one_fold] EVAL SUBJECT | Fold 4 | Epoch 030/100 | Loss: 1.2225 | Acc: 0.3333 | Prec: 0.3333 | Recall: 0.3333 | Spec: 0.3333
[2025-12-02 20:48:08,286 INFO main.train_one_fold]   Confusion: TP=1, TN=1, FP=2, FN=2
[2025-12-02 20:48:08,326 INFO main.train_one_fold] Saved checkpoint: experiments/cane_006_fp1_ec/fold_4_epoch_030.pth
[2025-12-02 20:48:19,280 INFO main.train_one_fold] TRAIN CHUNK | Fold 4 | Epoch 031/100 | Loss: 0.5645 | Acc: 0.6881 | Prec: 0.8223 | Recall: 0.4906 | Spec: 0.8910
[2025-12-02 20:48:19,780 INFO main.train_one_fold] EVAL CHUNK | Fold 4 | Epoch 031/100 | Loss: 1.2359 | Acc: 0.3591 | Prec: 0.3646 | Recall: 0.3889 | Spec: 0.3297
[2025-12-02 20:48:19,780 INFO main.train_one_fold]   Confusion: TP=35, TN=30, FP=61, FN=55
[2025-12-02 20:48:19,781 INFO main.train_one_fold] EVAL SUBJECT | Fold 4 | Epoch 031/100 | Loss: 1.2359 | Acc: 0.3333 | Prec: 0.3333 | Recall: 0.3333 | Spec: 0.3333
[2025-12-02 20:48:19,781 INFO main.train_one_fold]   Confusion: TP=1, TN=1, FP=2, FN=2
[2025-12-02 20:48:27,737 INFO main.train_one_fold] TRAIN CHUNK | Fold 4 | Epoch 032/100 | Loss: 0.5508 | Acc: 0.6955 | Prec: 0.8288 | Recall: 0.5031 | Spec: 0.8932
[2025-12-02 20:48:28,291 INFO main.train_one_fold] EVAL CHUNK | Fold 4 | Epoch 032/100 | Loss: 1.1962 | Acc: 0.3536 | Prec: 0.3579 | Recall: 0.3778 | Spec: 0.3297
[2025-12-02 20:48:28,303 INFO main.train_one_fold]   Confusion: TP=34, TN=30, FP=61, FN=56
[2025-12-02 20:48:28,303 INFO main.train_one_fold] EVAL SUBJECT | Fold 4 | Epoch 032/100 | Loss: 1.1962 | Acc: 0.3333 | Prec: 0.3333 | Recall: 0.3333 | Spec: 0.3333
[2025-12-02 20:48:28,303 INFO main.train_one_fold]   Confusion: TP=1, TN=1, FP=2, FN=2
[2025-12-02 20:48:28,303 INFO early_stopping.__call__] Early stopping triggered after 20 epochs without improvement. Best score: 0.5028 at epoch 12
[2025-12-02 20:48:28,304 INFO main.train_one_fold] Early stopping triggered at epoch 32
[2025-12-02 20:48:28,304 INFO main.train_one_fold] 
Fold 4 training completed. Best Combined Val Acc: 0.2514 at epoch 12
[2025-12-02 20:48:28,304 INFO main.train_cross_validation] ================================================================================
[2025-12-02 20:48:28,304 INFO main.train_cross_validation] FOLD 5/6
[2025-12-02 20:48:28,304 INFO main.train_cross_validation] ================================================================================
[2025-12-02 20:48:28,304 INFO main.get_datasets_for_fold] Train subjects (31): ['cane:H S0012 EC', 'cane:H S1002 EC', 'cane:H S1033 EC', 'cane:H S0015 EC', 'cane:AX S1087 EC', 'cane:AX S1050 EC', 'cane:AX S0073 EC', 'cane:H S1010 EC', 'cane:H S1095 EC', 'cane:H S0079 EC', 'cane:AX S1023 EC', 'cane:AX S1051 EC', 'cane:AX S1006 EC', 'cane:H S1060 EC', 'cane:H S1091 EC', 'cane:H S1096 EC', 'cane:AX S1005 EC', 'cane:AX S0072 EC', 'cane:AX S0057 EC', 'cane:H S0078 EC', 'cane:H S1022 EC', 'cane:H S1101 EC', 'cane:AX S1084 EC', 'cane:AX S1007 EC', 'cane:AX S1065 EC', 'cane:H S1028 EC', 'cane:H S1085 EC', 'cane:H S1003 EC', 'cane:AX S1024 EC', 'cane:AX S0041 EC', 'cane:AX S0056 EC']...
[2025-12-02 20:48:28,305 INFO main.get_datasets_for_fold] Val subjects (6): ['cane:H S1001 EC', 'cane:H S1054 EC', 'cane:H S1008 EC', 'cane:AX S1027 EC', 'cane:AX S0074 EC', 'cane:AX S1009 EC']
[2025-12-02 20:48:28,306 INFO main.get_datasets_for_fold] Training chunks: 954
[2025-12-02 20:48:28,306 INFO main.get_datasets_for_fold] Validation chunks: 176
[2025-12-02 20:48:28,348 INFO model.__init__] Initialized LSTM with input_size=1728, hidden_size=100, batch_first=True
[2025-12-02 20:48:28,351 INFO main.train_one_fold] Starting training for fold 5
[2025-12-02 20:48:36,060 INFO main.train_one_fold] TRAIN CHUNK | Fold 5 | Epoch 001/100 | Loss: 0.7026 | Acc: 0.4979 | Prec: 0.4979 | Recall: 1.0000 | Spec: 0.0000
[2025-12-02 20:48:36,535 INFO main.train_one_fold] EVAL CHUNK | Fold 5 | Epoch 001/100 | Loss: 0.6898 | Acc: 0.5455 | Prec: 0.5455 | Recall: 1.0000 | Spec: 0.0000
[2025-12-02 20:48:36,535 INFO main.train_one_fold]   Confusion: TP=96, TN=0, FP=80, FN=0
[2025-12-02 20:48:36,536 INFO main.train_one_fold] EVAL SUBJECT | Fold 5 | Epoch 001/100 | Loss: 0.6898 | Acc: 0.5000 | Prec: 0.5000 | Recall: 1.0000 | Spec: 0.0000
[2025-12-02 20:48:36,536 INFO main.train_one_fold]   Confusion: TP=3, TN=0, FP=3, FN=0
[2025-12-02 20:48:36,591 INFO main.train_one_fold] ✓ Saved best model: experiments/cane_006_fp1_ec/fold_5_best.pth (combined=0.2727, chunk=0.5455, subject=0.5000)
[2025-12-02 20:48:36,591 INFO early_stopping.__call__] Early stopping initialized: best score 0.5455 at epoch 1
[2025-12-02 20:48:48,135 INFO main.train_one_fold] TRAIN CHUNK | Fold 5 | Epoch 002/100 | Loss: 0.7011 | Acc: 0.4979 | Prec: 0.4979 | Recall: 1.0000 | Spec: 0.0000
[2025-12-02 20:48:48,559 INFO main.train_one_fold] EVAL CHUNK | Fold 5 | Epoch 002/100 | Loss: 0.6896 | Acc: 0.5455 | Prec: 0.5455 | Recall: 1.0000 | Spec: 0.0000
[2025-12-02 20:48:48,559 INFO main.train_one_fold]   Confusion: TP=96, TN=0, FP=80, FN=0
[2025-12-02 20:48:48,560 INFO main.train_one_fold] EVAL SUBJECT | Fold 5 | Epoch 002/100 | Loss: 0.6896 | Acc: 0.5000 | Prec: 0.5000 | Recall: 1.0000 | Spec: 0.0000
[2025-12-02 20:48:48,560 INFO main.train_one_fold]   Confusion: TP=3, TN=0, FP=3, FN=0
[2025-12-02 20:48:56,037 INFO main.train_one_fold] TRAIN CHUNK | Fold 5 | Epoch 003/100 | Loss: 0.7000 | Acc: 0.4979 | Prec: 0.4979 | Recall: 1.0000 | Spec: 0.0000
[2025-12-02 20:48:56,509 INFO main.train_one_fold] EVAL CHUNK | Fold 5 | Epoch 003/100 | Loss: 0.6895 | Acc: 0.5455 | Prec: 0.5455 | Recall: 1.0000 | Spec: 0.0000
[2025-12-02 20:48:56,523 INFO main.train_one_fold]   Confusion: TP=96, TN=0, FP=80, FN=0
[2025-12-02 20:48:56,524 INFO main.train_one_fold] EVAL SUBJECT | Fold 5 | Epoch 003/100 | Loss: 0.6895 | Acc: 0.5000 | Prec: 0.5000 | Recall: 1.0000 | Spec: 0.0000
[2025-12-02 20:48:56,524 INFO main.train_one_fold]   Confusion: TP=3, TN=0, FP=3, FN=0
[2025-12-02 20:49:03,632 INFO main.train_one_fold] TRAIN CHUNK | Fold 5 | Epoch 004/100 | Loss: 0.6980 | Acc: 0.4979 | Prec: 0.4979 | Recall: 1.0000 | Spec: 0.0000
[2025-12-02 20:49:04,138 INFO main.train_one_fold] EVAL CHUNK | Fold 5 | Epoch 004/100 | Loss: 0.6900 | Acc: 0.5455 | Prec: 0.5455 | Recall: 1.0000 | Spec: 0.0000
[2025-12-02 20:49:04,139 INFO main.train_one_fold]   Confusion: TP=96, TN=0, FP=80, FN=0
[2025-12-02 20:49:04,139 INFO main.train_one_fold] EVAL SUBJECT | Fold 5 | Epoch 004/100 | Loss: 0.6900 | Acc: 0.5000 | Prec: 0.5000 | Recall: 1.0000 | Spec: 0.0000
[2025-12-02 20:49:04,139 INFO main.train_one_fold]   Confusion: TP=3, TN=0, FP=3, FN=0
[2025-12-02 20:49:12,118 INFO main.train_one_fold] TRAIN CHUNK | Fold 5 | Epoch 005/100 | Loss: 0.6954 | Acc: 0.4979 | Prec: 0.4979 | Recall: 1.0000 | Spec: 0.0000
[2025-12-02 20:49:12,599 INFO main.train_one_fold] EVAL CHUNK | Fold 5 | Epoch 005/100 | Loss: 0.6914 | Acc: 0.5455 | Prec: 0.5455 | Recall: 1.0000 | Spec: 0.0000
[2025-12-02 20:49:12,599 INFO main.train_one_fold]   Confusion: TP=96, TN=0, FP=80, FN=0
[2025-12-02 20:49:12,599 INFO main.train_one_fold] EVAL SUBJECT | Fold 5 | Epoch 005/100 | Loss: 0.6914 | Acc: 0.5000 | Prec: 0.5000 | Recall: 1.0000 | Spec: 0.0000
[2025-12-02 20:49:12,599 INFO main.train_one_fold]   Confusion: TP=3, TN=0, FP=3, FN=0
[2025-12-02 20:49:19,721 INFO main.train_one_fold] TRAIN CHUNK | Fold 5 | Epoch 006/100 | Loss: 0.6937 | Acc: 0.5021 | Prec: 0.5000 | Recall: 0.8989 | Spec: 0.1086
[2025-12-02 20:49:20,241 INFO main.train_one_fold] EVAL CHUNK | Fold 5 | Epoch 006/100 | Loss: 0.6945 | Acc: 0.4659 | Prec: 0.5062 | Recall: 0.8542 | Spec: 0.0000
[2025-12-02 20:49:20,256 INFO main.train_one_fold]   Confusion: TP=82, TN=0, FP=80, FN=14
[2025-12-02 20:49:20,256 INFO main.train_one_fold] EVAL SUBJECT | Fold 5 | Epoch 006/100 | Loss: 0.6945 | Acc: 0.5000 | Prec: 0.5000 | Recall: 1.0000 | Spec: 0.0000
[2025-12-02 20:49:20,257 INFO main.train_one_fold]   Confusion: TP=3, TN=0, FP=3, FN=0
[2025-12-02 20:49:28,549 INFO main.train_one_fold] TRAIN CHUNK | Fold 5 | Epoch 007/100 | Loss: 0.6918 | Acc: 0.5136 | Prec: 0.5082 | Recall: 0.7200 | Spec: 0.3090
[2025-12-02 20:49:29,032 INFO main.train_one_fold] EVAL CHUNK | Fold 5 | Epoch 007/100 | Loss: 0.6958 | Acc: 0.3466 | Prec: 0.2121 | Recall: 0.0729 | Spec: 0.6750
[2025-12-02 20:49:29,032 INFO main.train_one_fold]   Confusion: TP=7, TN=54, FP=26, FN=89
[2025-12-02 20:49:29,033 INFO main.train_one_fold] EVAL SUBJECT | Fold 5 | Epoch 007/100 | Loss: 0.6958 | Acc: 0.3333 | Prec: 0.0000 | Recall: 0.0000 | Spec: 0.6667
[2025-12-02 20:49:29,033 INFO main.train_one_fold]   Confusion: TP=0, TN=2, FP=1, FN=3
[2025-12-02 20:49:36,290 INFO main.train_one_fold] TRAIN CHUNK | Fold 5 | Epoch 008/100 | Loss: 0.6897 | Acc: 0.5356 | Prec: 0.5315 | Recall: 0.5684 | Spec: 0.5031
[2025-12-02 20:49:36,809 INFO main.train_one_fold] EVAL CHUNK | Fold 5 | Epoch 008/100 | Loss: 0.6984 | Acc: 0.4545 | Prec: 0.0000 | Recall: 0.0000 | Spec: 1.0000
[2025-12-02 20:49:36,823 INFO main.train_one_fold]   Confusion: TP=0, TN=80, FP=0, FN=96
[2025-12-02 20:49:36,824 INFO main.train_one_fold] EVAL SUBJECT | Fold 5 | Epoch 008/100 | Loss: 0.6984 | Acc: 0.5000 | Prec: 0.0000 | Recall: 0.0000 | Spec: 1.0000
[2025-12-02 20:49:36,824 INFO main.train_one_fold]   Confusion: TP=0, TN=3, FP=0, FN=3
[2025-12-02 20:49:44,512 INFO main.train_one_fold] TRAIN CHUNK | Fold 5 | Epoch 009/100 | Loss: 0.6934 | Acc: 0.5031 | Prec: 0.5012 | Recall: 0.4316 | Spec: 0.5741
[2025-12-02 20:49:45,012 INFO main.train_one_fold] EVAL CHUNK | Fold 5 | Epoch 009/100 | Loss: 0.6969 | Acc: 0.4545 | Prec: 0.5000 | Recall: 0.2604 | Spec: 0.6875
[2025-12-02 20:49:45,013 INFO main.train_one_fold]   Confusion: TP=25, TN=55, FP=25, FN=71
[2025-12-02 20:49:45,013 INFO main.train_one_fold] EVAL SUBJECT | Fold 5 | Epoch 009/100 | Loss: 0.6969 | Acc: 0.5000 | Prec: 0.5000 | Recall: 0.3333 | Spec: 0.6667
[2025-12-02 20:49:45,013 INFO main.train_one_fold]   Confusion: TP=1, TN=2, FP=1, FN=2
[2025-12-02 20:49:52,279 INFO main.train_one_fold] TRAIN CHUNK | Fold 5 | Epoch 010/100 | Loss: 0.6890 | Acc: 0.5262 | Prec: 0.5193 | Recall: 0.6526 | Spec: 0.4008
[2025-12-02 20:49:52,781 INFO main.train_one_fold] EVAL CHUNK | Fold 5 | Epoch 010/100 | Loss: 0.6934 | Acc: 0.6364 | Prec: 0.6860 | Recall: 0.6146 | Spec: 0.6625
[2025-12-02 20:49:52,782 INFO main.train_one_fold]   Confusion: TP=59, TN=53, FP=27, FN=37
[2025-12-02 20:49:52,782 INFO main.train_one_fold] EVAL SUBJECT | Fold 5 | Epoch 010/100 | Loss: 0.6934 | Acc: 0.6667 | Prec: 0.6667 | Recall: 0.6667 | Spec: 0.6667
[2025-12-02 20:49:52,782 INFO main.train_one_fold]   Confusion: TP=2, TN=2, FP=1, FN=1
[2025-12-02 20:49:52,839 INFO main.train_one_fold] ✓ Saved best model: experiments/cane_006_fp1_ec/fold_5_best.pth (combined=0.4242, chunk=0.6364, subject=0.6667)
[2025-12-02 20:49:52,839 INFO early_stopping.__call__] Validation improved from 0.5455 to 0.6364 (+0.0909) at epoch 10
[2025-12-02 20:49:52,880 INFO main.train_one_fold] Saved checkpoint: experiments/cane_006_fp1_ec/fold_5_epoch_010.pth
[2025-12-02 20:50:04,786 INFO main.train_one_fold] TRAIN CHUNK | Fold 5 | Epoch 011/100 | Loss: 0.6869 | Acc: 0.5535 | Prec: 0.5467 | Recall: 0.6042 | Spec: 0.5031
[2025-12-02 20:50:05,259 INFO main.train_one_fold] EVAL CHUNK | Fold 5 | Epoch 011/100 | Loss: 0.6963 | Acc: 0.5227 | Prec: 0.5968 | Recall: 0.3854 | Spec: 0.6875
[2025-12-02 20:50:05,259 INFO main.train_one_fold]   Confusion: TP=37, TN=55, FP=25, FN=59
[2025-12-02 20:50:05,260 INFO main.train_one_fold] EVAL SUBJECT | Fold 5 | Epoch 011/100 | Loss: 0.6963 | Acc: 0.5000 | Prec: 0.5000 | Recall: 0.3333 | Spec: 0.6667
[2025-12-02 20:50:05,260 INFO main.train_one_fold]   Confusion: TP=1, TN=2, FP=1, FN=2
[2025-12-02 20:50:13,766 INFO main.train_one_fold] TRAIN CHUNK | Fold 5 | Epoch 012/100 | Loss: 0.6862 | Acc: 0.5388 | Prec: 0.5352 | Recall: 0.5600 | Spec: 0.5177
[2025-12-02 20:50:14,245 INFO main.train_one_fold] EVAL CHUNK | Fold 5 | Epoch 012/100 | Loss: 0.6938 | Acc: 0.6307 | Prec: 0.6914 | Recall: 0.5833 | Spec: 0.6875
[2025-12-02 20:50:14,246 INFO main.train_one_fold]   Confusion: TP=56, TN=55, FP=25, FN=40
[2025-12-02 20:50:14,246 INFO main.train_one_fold] EVAL SUBJECT | Fold 5 | Epoch 012/100 | Loss: 0.6938 | Acc: 0.6667 | Prec: 0.6667 | Recall: 0.6667 | Spec: 0.6667
[2025-12-02 20:50:14,246 INFO main.train_one_fold]   Confusion: TP=2, TN=2, FP=1, FN=1
[2025-12-02 20:50:21,337 INFO main.train_one_fold] TRAIN CHUNK | Fold 5 | Epoch 013/100 | Loss: 0.6820 | Acc: 0.5545 | Prec: 0.5450 | Recall: 0.6379 | Spec: 0.4718
[2025-12-02 20:50:21,800 INFO main.train_one_fold] EVAL CHUNK | Fold 5 | Epoch 013/100 | Loss: 0.6984 | Acc: 0.5511 | Prec: 0.6269 | Recall: 0.4375 | Spec: 0.6875
[2025-12-02 20:50:21,801 INFO main.train_one_fold]   Confusion: TP=42, TN=55, FP=25, FN=54
[2025-12-02 20:50:21,801 INFO main.train_one_fold] EVAL SUBJECT | Fold 5 | Epoch 013/100 | Loss: 0.6984 | Acc: 0.5000 | Prec: 0.5000 | Recall: 0.3333 | Spec: 0.6667
[2025-12-02 20:50:21,801 INFO main.train_one_fold]   Confusion: TP=1, TN=2, FP=1, FN=2
[2025-12-02 20:50:33,121 INFO main.train_one_fold] TRAIN CHUNK | Fold 5 | Epoch 014/100 | Loss: 0.6847 | Acc: 0.5545 | Prec: 0.5731 | Recall: 0.4126 | Spec: 0.6952
[2025-12-02 20:50:33,911 INFO main.train_one_fold] EVAL CHUNK | Fold 5 | Epoch 014/100 | Loss: 0.7015 | Acc: 0.5114 | Prec: 0.5833 | Recall: 0.3646 | Spec: 0.6875
[2025-12-02 20:50:33,911 INFO main.train_one_fold]   Confusion: TP=35, TN=55, FP=25, FN=61
[2025-12-02 20:50:33,911 INFO main.train_one_fold] EVAL SUBJECT | Fold 5 | Epoch 014/100 | Loss: 0.7015 | Acc: 0.5000 | Prec: 0.5000 | Recall: 0.3333 | Spec: 0.6667
[2025-12-02 20:50:33,911 INFO main.train_one_fold]   Confusion: TP=1, TN=2, FP=1, FN=2
[2025-12-02 20:50:42,763 INFO main.train_one_fold] TRAIN CHUNK | Fold 5 | Epoch 015/100 | Loss: 0.6809 | Acc: 0.5671 | Prec: 0.5651 | Recall: 0.5663 | Spec: 0.5678
[2025-12-02 20:50:43,246 INFO main.train_one_fold] EVAL CHUNK | Fold 5 | Epoch 015/100 | Loss: 0.6967 | Acc: 0.6420 | Prec: 0.6988 | Recall: 0.6042 | Spec: 0.6875
[2025-12-02 20:50:43,258 INFO main.train_one_fold]   Confusion: TP=58, TN=55, FP=25, FN=38
[2025-12-02 20:50:43,258 INFO main.train_one_fold] EVAL SUBJECT | Fold 5 | Epoch 015/100 | Loss: 0.6967 | Acc: 0.6667 | Prec: 0.6667 | Recall: 0.6667 | Spec: 0.6667
[2025-12-02 20:50:43,258 INFO main.train_one_fold]   Confusion: TP=2, TN=2, FP=1, FN=1
[2025-12-02 20:50:43,309 INFO main.train_one_fold] ✓ Saved best model: experiments/cane_006_fp1_ec/fold_5_best.pth (combined=0.4280, chunk=0.6420, subject=0.6667)
[2025-12-02 20:50:43,310 INFO early_stopping.__call__] Validation improved from 0.6364 to 0.6420 (+0.0057) at epoch 15
[2025-12-02 20:50:50,329 INFO main.train_one_fold] TRAIN CHUNK | Fold 5 | Epoch 016/100 | Loss: 0.6842 | Acc: 0.5346 | Prec: 0.5278 | Recall: 0.6189 | Spec: 0.4509
[2025-12-02 20:50:50,866 INFO main.train_one_fold] EVAL CHUNK | Fold 5 | Epoch 016/100 | Loss: 0.7018 | Acc: 0.6307 | Prec: 0.6914 | Recall: 0.5833 | Spec: 0.6875
[2025-12-02 20:50:50,867 INFO main.train_one_fold]   Confusion: TP=56, TN=55, FP=25, FN=40
[2025-12-02 20:50:50,867 INFO main.train_one_fold] EVAL SUBJECT | Fold 5 | Epoch 016/100 | Loss: 0.7018 | Acc: 0.6667 | Prec: 0.6667 | Recall: 0.6667 | Spec: 0.6667
[2025-12-02 20:50:50,867 INFO main.train_one_fold]   Confusion: TP=2, TN=2, FP=1, FN=1
[2025-12-02 20:50:58,734 INFO main.train_one_fold] TRAIN CHUNK | Fold 5 | Epoch 017/100 | Loss: 0.6773 | Acc: 0.5744 | Prec: 0.5804 | Recall: 0.5242 | Spec: 0.6242
[2025-12-02 20:50:59,234 INFO main.train_one_fold] EVAL CHUNK | Fold 5 | Epoch 017/100 | Loss: 0.7114 | Acc: 0.5284 | Prec: 0.6032 | Recall: 0.3958 | Spec: 0.6875
[2025-12-02 20:50:59,234 INFO main.train_one_fold]   Confusion: TP=38, TN=55, FP=25, FN=58
[2025-12-02 20:50:59,234 INFO main.train_one_fold] EVAL SUBJECT | Fold 5 | Epoch 017/100 | Loss: 0.7114 | Acc: 0.5000 | Prec: 0.5000 | Recall: 0.3333 | Spec: 0.6667
[2025-12-02 20:50:59,235 INFO main.train_one_fold]   Confusion: TP=1, TN=2, FP=1, FN=2
[2025-12-02 20:51:06,452 INFO main.train_one_fold] TRAIN CHUNK | Fold 5 | Epoch 018/100 | Loss: 0.6773 | Acc: 0.5660 | Prec: 0.5590 | Recall: 0.6084 | Spec: 0.5240
[2025-12-02 20:51:06,969 INFO main.train_one_fold] EVAL CHUNK | Fold 5 | Epoch 018/100 | Loss: 0.7104 | Acc: 0.6364 | Prec: 0.6951 | Recall: 0.5938 | Spec: 0.6875
[2025-12-02 20:51:06,969 INFO main.train_one_fold]   Confusion: TP=57, TN=55, FP=25, FN=39
[2025-12-02 20:51:06,969 INFO main.train_one_fold] EVAL SUBJECT | Fold 5 | Epoch 018/100 | Loss: 0.7104 | Acc: 0.6667 | Prec: 0.6667 | Recall: 0.6667 | Spec: 0.6667
[2025-12-02 20:51:06,969 INFO main.train_one_fold]   Confusion: TP=2, TN=2, FP=1, FN=1
[2025-12-02 20:51:19,095 INFO main.train_one_fold] TRAIN CHUNK | Fold 5 | Epoch 019/100 | Loss: 0.6715 | Acc: 0.5828 | Prec: 0.5850 | Recall: 0.5579 | Spec: 0.6075
[2025-12-02 20:51:19,825 INFO main.train_one_fold] EVAL CHUNK | Fold 5 | Epoch 019/100 | Loss: 0.7184 | Acc: 0.5966 | Prec: 0.6667 | Recall: 0.5208 | Spec: 0.6875
[2025-12-02 20:51:19,825 INFO main.train_one_fold]   Confusion: TP=50, TN=55, FP=25, FN=46
[2025-12-02 20:51:19,825 INFO main.train_one_fold] EVAL SUBJECT | Fold 5 | Epoch 019/100 | Loss: 0.7184 | Acc: 0.6667 | Prec: 0.6667 | Recall: 0.6667 | Spec: 0.6667
[2025-12-02 20:51:19,825 INFO main.train_one_fold]   Confusion: TP=2, TN=2, FP=1, FN=1
[2025-12-02 20:51:27,609 INFO main.train_one_fold] TRAIN CHUNK | Fold 5 | Epoch 020/100 | Loss: 0.6684 | Acc: 0.5713 | Prec: 0.5696 | Recall: 0.5684 | Spec: 0.5741
[2025-12-02 20:51:28,091 INFO main.train_one_fold] EVAL CHUNK | Fold 5 | Epoch 020/100 | Loss: 0.7138 | Acc: 0.6477 | Prec: 0.7024 | Recall: 0.6146 | Spec: 0.6875
[2025-12-02 20:51:28,095 INFO main.train_one_fold]   Confusion: TP=59, TN=55, FP=25, FN=37
[2025-12-02 20:51:28,099 INFO main.train_one_fold] EVAL SUBJECT | Fold 5 | Epoch 020/100 | Loss: 0.7138 | Acc: 0.6667 | Prec: 0.6667 | Recall: 0.6667 | Spec: 0.6667
[2025-12-02 20:51:28,104 INFO main.train_one_fold]   Confusion: TP=2, TN=2, FP=1, FN=1
[2025-12-02 20:51:28,159 INFO main.train_one_fold] ✓ Saved best model: experiments/cane_006_fp1_ec/fold_5_best.pth (combined=0.4318, chunk=0.6477, subject=0.6667)
[2025-12-02 20:51:28,160 INFO early_stopping.__call__] Validation improved from 0.6420 to 0.6477 (+0.0057) at epoch 20
[2025-12-02 20:51:28,193 INFO main.train_one_fold] Saved checkpoint: experiments/cane_006_fp1_ec/fold_5_epoch_020.pth
[2025-12-02 20:51:35,479 INFO main.train_one_fold] TRAIN CHUNK | Fold 5 | Epoch 021/100 | Loss: 0.6612 | Acc: 0.6027 | Prec: 0.5906 | Recall: 0.6589 | Spec: 0.5470
[2025-12-02 20:51:36,005 INFO main.train_one_fold] EVAL CHUNK | Fold 5 | Epoch 021/100 | Loss: 0.7296 | Acc: 0.6023 | Prec: 0.6711 | Recall: 0.5312 | Spec: 0.6875
[2025-12-02 20:51:36,006 INFO main.train_one_fold]   Confusion: TP=51, TN=55, FP=25, FN=45
[2025-12-02 20:51:36,006 INFO main.train_one_fold] EVAL SUBJECT | Fold 5 | Epoch 021/100 | Loss: 0.7296 | Acc: 0.6667 | Prec: 0.6667 | Recall: 0.6667 | Spec: 0.6667
[2025-12-02 20:51:36,006 INFO main.train_one_fold]   Confusion: TP=2, TN=2, FP=1, FN=1
[2025-12-02 20:51:45,484 INFO main.train_one_fold] TRAIN CHUNK | Fold 5 | Epoch 022/100 | Loss: 0.6656 | Acc: 0.5828 | Prec: 0.5748 | Recall: 0.6232 | Spec: 0.5428
[2025-12-02 20:51:46,406 INFO main.train_one_fold] EVAL CHUNK | Fold 5 | Epoch 022/100 | Loss: 0.7483 | Acc: 0.6193 | Prec: 0.6835 | Recall: 0.5625 | Spec: 0.6875
[2025-12-02 20:51:46,406 INFO main.train_one_fold]   Confusion: TP=54, TN=55, FP=25, FN=42
[2025-12-02 20:51:46,406 INFO main.train_one_fold] EVAL SUBJECT | Fold 5 | Epoch 022/100 | Loss: 0.7483 | Acc: 0.6667 | Prec: 0.6667 | Recall: 0.6667 | Spec: 0.6667
[2025-12-02 20:51:46,406 INFO main.train_one_fold]   Confusion: TP=2, TN=2, FP=1, FN=1
[2025-12-02 20:51:54,495 INFO main.train_one_fold] TRAIN CHUNK | Fold 5 | Epoch 023/100 | Loss: 0.6601 | Acc: 0.5954 | Prec: 0.6132 | Recall: 0.5074 | Spec: 0.6827
[2025-12-02 20:51:54,992 INFO main.train_one_fold] EVAL CHUNK | Fold 5 | Epoch 023/100 | Loss: 0.7559 | Acc: 0.6193 | Prec: 0.6835 | Recall: 0.5625 | Spec: 0.6875
[2025-12-02 20:51:54,993 INFO main.train_one_fold]   Confusion: TP=54, TN=55, FP=25, FN=42
[2025-12-02 20:51:54,993 INFO main.train_one_fold] EVAL SUBJECT | Fold 5 | Epoch 023/100 | Loss: 0.7559 | Acc: 0.6667 | Prec: 0.6667 | Recall: 0.6667 | Spec: 0.6667
[2025-12-02 20:51:54,993 INFO main.train_one_fold]   Confusion: TP=2, TN=2, FP=1, FN=1
[2025-12-02 20:52:02,590 INFO main.train_one_fold] TRAIN CHUNK | Fold 5 | Epoch 024/100 | Loss: 0.6572 | Acc: 0.5975 | Prec: 0.5966 | Recall: 0.5916 | Spec: 0.6033
[2025-12-02 20:52:03,107 INFO main.train_one_fold] EVAL CHUNK | Fold 5 | Epoch 024/100 | Loss: 0.7790 | Acc: 0.5341 | Prec: 0.6094 | Recall: 0.4062 | Spec: 0.6875
[2025-12-02 20:52:03,118 INFO main.train_one_fold]   Confusion: TP=39, TN=55, FP=25, FN=57
[2025-12-02 20:52:03,119 INFO main.train_one_fold] EVAL SUBJECT | Fold 5 | Epoch 024/100 | Loss: 0.7790 | Acc: 0.5000 | Prec: 0.5000 | Recall: 0.3333 | Spec: 0.6667
[2025-12-02 20:52:03,119 INFO main.train_one_fold]   Confusion: TP=1, TN=2, FP=1, FN=2
[2025-12-02 20:52:10,303 INFO main.train_one_fold] TRAIN CHUNK | Fold 5 | Epoch 025/100 | Loss: 0.6506 | Acc: 0.6111 | Prec: 0.6083 | Recall: 0.6147 | Spec: 0.6075
[2025-12-02 20:52:11,330 INFO main.train_one_fold] EVAL CHUNK | Fold 5 | Epoch 025/100 | Loss: 0.7885 | Acc: 0.5568 | Prec: 0.6324 | Recall: 0.4479 | Spec: 0.6875
[2025-12-02 20:52:11,331 INFO main.train_one_fold]   Confusion: TP=43, TN=55, FP=25, FN=53
[2025-12-02 20:52:11,331 INFO main.train_one_fold] EVAL SUBJECT | Fold 5 | Epoch 025/100 | Loss: 0.7885 | Acc: 0.5000 | Prec: 0.5000 | Recall: 0.3333 | Spec: 0.6667
[2025-12-02 20:52:11,331 INFO main.train_one_fold]   Confusion: TP=1, TN=2, FP=1, FN=2
[2025-12-02 20:52:19,301 INFO main.train_one_fold] TRAIN CHUNK | Fold 5 | Epoch 026/100 | Loss: 0.6450 | Acc: 0.6174 | Prec: 0.6316 | Recall: 0.5558 | Spec: 0.6785
[2025-12-02 20:52:19,812 INFO main.train_one_fold] EVAL CHUNK | Fold 5 | Epoch 026/100 | Loss: 0.7896 | Acc: 0.5852 | Prec: 0.6575 | Recall: 0.5000 | Spec: 0.6875
[2025-12-02 20:52:19,812 INFO main.train_one_fold]   Confusion: TP=48, TN=55, FP=25, FN=48
[2025-12-02 20:52:19,812 INFO main.train_one_fold] EVAL SUBJECT | Fold 5 | Epoch 026/100 | Loss: 0.7896 | Acc: 0.6667 | Prec: 0.6667 | Recall: 0.6667 | Spec: 0.6667
[2025-12-02 20:52:19,812 INFO main.train_one_fold]   Confusion: TP=2, TN=2, FP=1, FN=1
[2025-12-02 20:52:24,670 INFO main.train_one_fold] TRAIN CHUNK | Fold 5 | Epoch 027/100 | Loss: 0.6379 | Acc: 0.6331 | Prec: 0.6350 | Recall: 0.6189 | Spec: 0.6472
[2025-12-02 20:52:24,999 INFO main.train_one_fold] EVAL CHUNK | Fold 5 | Epoch 027/100 | Loss: 0.7992 | Acc: 0.5966 | Prec: 0.6623 | Recall: 0.5312 | Spec: 0.6750
[2025-12-02 20:52:24,999 INFO main.train_one_fold]   Confusion: TP=51, TN=54, FP=26, FN=45
[2025-12-02 20:52:25,000 INFO main.train_one_fold] EVAL SUBJECT | Fold 5 | Epoch 027/100 | Loss: 0.7992 | Acc: 0.6667 | Prec: 0.6667 | Recall: 0.6667 | Spec: 0.6667
[2025-12-02 20:52:25,000 INFO main.train_one_fold]   Confusion: TP=2, TN=2, FP=1, FN=1
[2025-12-02 20:52:31,709 INFO main.train_one_fold] TRAIN CHUNK | Fold 5 | Epoch 028/100 | Loss: 0.6451 | Acc: 0.6143 | Prec: 0.6076 | Recall: 0.6358 | Spec: 0.5929
[2025-12-02 20:52:32,055 INFO main.train_one_fold] EVAL CHUNK | Fold 5 | Epoch 028/100 | Loss: 0.8296 | Acc: 0.5398 | Prec: 0.5904 | Recall: 0.5104 | Spec: 0.5750
[2025-12-02 20:52:32,063 INFO main.train_one_fold]   Confusion: TP=49, TN=46, FP=34, FN=47
[2025-12-02 20:52:32,063 INFO main.train_one_fold] EVAL SUBJECT | Fold 5 | Epoch 028/100 | Loss: 0.8296 | Acc: 0.6667 | Prec: 0.6667 | Recall: 0.6667 | Spec: 0.6667
[2025-12-02 20:52:32,063 INFO main.train_one_fold]   Confusion: TP=2, TN=2, FP=1, FN=1
[2025-12-02 20:52:37,040 INFO main.train_one_fold] TRAIN CHUNK | Fold 5 | Epoch 029/100 | Loss: 0.6363 | Acc: 0.6331 | Prec: 0.6464 | Recall: 0.5811 | Spec: 0.6848
[2025-12-02 20:52:37,383 INFO main.train_one_fold] EVAL CHUNK | Fold 5 | Epoch 029/100 | Loss: 0.8355 | Acc: 0.5227 | Prec: 0.5833 | Recall: 0.4375 | Spec: 0.6250
[2025-12-02 20:52:37,383 INFO main.train_one_fold]   Confusion: TP=42, TN=50, FP=30, FN=54
[2025-12-02 20:52:37,384 INFO main.train_one_fold] EVAL SUBJECT | Fold 5 | Epoch 029/100 | Loss: 0.8355 | Acc: 0.5000 | Prec: 0.5000 | Recall: 0.3333 | Spec: 0.6667
[2025-12-02 20:52:37,384 INFO main.train_one_fold]   Confusion: TP=1, TN=2, FP=1, FN=2
[2025-12-02 20:52:42,922 INFO main.train_one_fold] TRAIN CHUNK | Fold 5 | Epoch 030/100 | Loss: 0.6373 | Acc: 0.6405 | Prec: 0.6493 | Recall: 0.6042 | Spec: 0.6764
[2025-12-02 20:52:43,253 INFO main.train_one_fold] EVAL CHUNK | Fold 5 | Epoch 030/100 | Loss: 0.8409 | Acc: 0.5341 | Prec: 0.5833 | Recall: 0.5104 | Spec: 0.5625
[2025-12-02 20:52:43,253 INFO main.train_one_fold]   Confusion: TP=49, TN=45, FP=35, FN=47
[2025-12-02 20:52:43,254 INFO main.train_one_fold] EVAL SUBJECT | Fold 5 | Epoch 030/100 | Loss: 0.8409 | Acc: 0.6667 | Prec: 0.6667 | Recall: 0.6667 | Spec: 0.6667
[2025-12-02 20:52:43,254 INFO main.train_one_fold]   Confusion: TP=2, TN=2, FP=1, FN=1
[2025-12-02 20:52:43,273 INFO main.train_one_fold] Saved checkpoint: experiments/cane_006_fp1_ec/fold_5_epoch_030.pth
[2025-12-02 20:52:48,293 INFO main.train_one_fold] TRAIN CHUNK | Fold 5 | Epoch 031/100 | Loss: 0.6185 | Acc: 0.6792 | Prec: 0.6757 | Recall: 0.6842 | Spec: 0.6743
[2025-12-02 20:52:48,637 INFO main.train_one_fold] EVAL CHUNK | Fold 5 | Epoch 031/100 | Loss: 0.8663 | Acc: 0.5227 | Prec: 0.5714 | Recall: 0.5000 | Spec: 0.5500
[2025-12-02 20:52:48,637 INFO main.train_one_fold]   Confusion: TP=48, TN=44, FP=36, FN=48
[2025-12-02 20:52:48,637 INFO main.train_one_fold] EVAL SUBJECT | Fold 5 | Epoch 031/100 | Loss: 0.8663 | Acc: 0.6667 | Prec: 0.6667 | Recall: 0.6667 | Spec: 0.6667
[2025-12-02 20:52:48,637 INFO main.train_one_fold]   Confusion: TP=2, TN=2, FP=1, FN=1
[2025-12-02 20:52:55,141 INFO main.train_one_fold] TRAIN CHUNK | Fold 5 | Epoch 032/100 | Loss: 0.6145 | Acc: 0.6593 | Prec: 0.6562 | Recall: 0.6632 | Spec: 0.6555
[2025-12-02 20:52:55,970 INFO main.train_one_fold] EVAL CHUNK | Fold 5 | Epoch 032/100 | Loss: 0.9099 | Acc: 0.4830 | Prec: 0.5325 | Recall: 0.4271 | Spec: 0.5500
[2025-12-02 20:52:55,971 INFO main.train_one_fold]   Confusion: TP=41, TN=44, FP=36, FN=55
[2025-12-02 20:52:55,971 INFO main.train_one_fold] EVAL SUBJECT | Fold 5 | Epoch 032/100 | Loss: 0.9099 | Acc: 0.5000 | Prec: 0.5000 | Recall: 0.3333 | Spec: 0.6667
[2025-12-02 20:52:55,971 INFO main.train_one_fold]   Confusion: TP=1, TN=2, FP=1, FN=2
[2025-12-02 20:53:05,904 INFO main.train_one_fold] TRAIN CHUNK | Fold 5 | Epoch 033/100 | Loss: 0.5951 | Acc: 0.6897 | Prec: 0.7126 | Recall: 0.6316 | Spec: 0.7474
[2025-12-02 20:53:06,415 INFO main.train_one_fold] EVAL CHUNK | Fold 5 | Epoch 033/100 | Loss: 0.9166 | Acc: 0.4773 | Prec: 0.5189 | Recall: 0.5729 | Spec: 0.3625
[2025-12-02 20:53:06,415 INFO main.train_one_fold]   Confusion: TP=55, TN=29, FP=51, FN=41
[2025-12-02 20:53:06,416 INFO main.train_one_fold] EVAL SUBJECT | Fold 5 | Epoch 033/100 | Loss: 0.9166 | Acc: 0.5000 | Prec: 0.5000 | Recall: 0.6667 | Spec: 0.3333
[2025-12-02 20:53:06,416 INFO main.train_one_fold]   Confusion: TP=2, TN=1, FP=2, FN=1
[2025-12-02 20:53:14,088 INFO main.train_one_fold] TRAIN CHUNK | Fold 5 | Epoch 034/100 | Loss: 0.6114 | Acc: 0.6761 | Prec: 0.6537 | Recall: 0.7432 | Spec: 0.6096
[2025-12-02 20:53:14,612 INFO main.train_one_fold] EVAL CHUNK | Fold 5 | Epoch 034/100 | Loss: 0.9493 | Acc: 0.4545 | Prec: 0.5000 | Recall: 0.4271 | Spec: 0.4875
[2025-12-02 20:53:14,612 INFO main.train_one_fold]   Confusion: TP=41, TN=39, FP=41, FN=55
[2025-12-02 20:53:14,613 INFO main.train_one_fold] EVAL SUBJECT | Fold 5 | Epoch 034/100 | Loss: 0.9493 | Acc: 0.3333 | Prec: 0.3333 | Recall: 0.3333 | Spec: 0.3333
[2025-12-02 20:53:14,613 INFO main.train_one_fold]   Confusion: TP=1, TN=1, FP=2, FN=2
[2025-12-02 20:53:24,596 INFO main.train_one_fold] TRAIN CHUNK | Fold 5 | Epoch 035/100 | Loss: 0.5981 | Acc: 0.6939 | Prec: 0.7075 | Recall: 0.6568 | Spec: 0.7307
[2025-12-02 20:53:25,638 INFO main.train_one_fold] EVAL CHUNK | Fold 5 | Epoch 035/100 | Loss: 0.9590 | Acc: 0.3977 | Prec: 0.4419 | Recall: 0.3958 | Spec: 0.4000
[2025-12-02 20:53:25,639 INFO main.train_one_fold]   Confusion: TP=38, TN=32, FP=48, FN=58
[2025-12-02 20:53:25,639 INFO main.train_one_fold] EVAL SUBJECT | Fold 5 | Epoch 035/100 | Loss: 0.9590 | Acc: 0.3333 | Prec: 0.3333 | Recall: 0.3333 | Spec: 0.3333
[2025-12-02 20:53:25,639 INFO main.train_one_fold]   Confusion: TP=1, TN=1, FP=2, FN=2
[2025-12-02 20:53:34,974 INFO main.train_one_fold] TRAIN CHUNK | Fold 5 | Epoch 036/100 | Loss: 0.5791 | Acc: 0.7055 | Prec: 0.7175 | Recall: 0.6737 | Spec: 0.7370
[2025-12-02 20:53:35,501 INFO main.train_one_fold] EVAL CHUNK | Fold 5 | Epoch 036/100 | Loss: 0.9576 | Acc: 0.4489 | Prec: 0.4954 | Recall: 0.5625 | Spec: 0.3125
[2025-12-02 20:53:35,501 INFO main.train_one_fold]   Confusion: TP=54, TN=25, FP=55, FN=42
[2025-12-02 20:53:35,501 INFO main.train_one_fold] EVAL SUBJECT | Fold 5 | Epoch 036/100 | Loss: 0.9576 | Acc: 0.5000 | Prec: 0.5000 | Recall: 0.6667 | Spec: 0.3333
[2025-12-02 20:53:35,501 INFO main.train_one_fold]   Confusion: TP=2, TN=1, FP=2, FN=1
[2025-12-02 20:53:46,865 INFO main.train_one_fold] TRAIN CHUNK | Fold 5 | Epoch 037/100 | Loss: 0.5802 | Acc: 0.7107 | Prec: 0.7095 | Recall: 0.7095 | Spec: 0.7119
[2025-12-02 20:53:47,390 INFO main.train_one_fold] EVAL CHUNK | Fold 5 | Epoch 037/100 | Loss: 1.0044 | Acc: 0.4375 | Prec: 0.4854 | Recall: 0.5208 | Spec: 0.3375
[2025-12-02 20:53:47,390 INFO main.train_one_fold]   Confusion: TP=50, TN=27, FP=53, FN=46
[2025-12-02 20:53:47,390 INFO main.train_one_fold] EVAL SUBJECT | Fold 5 | Epoch 037/100 | Loss: 1.0044 | Acc: 0.5000 | Prec: 0.5000 | Recall: 0.6667 | Spec: 0.3333
[2025-12-02 20:53:47,390 INFO main.train_one_fold]   Confusion: TP=2, TN=1, FP=2, FN=1
[2025-12-02 20:53:55,438 INFO main.train_one_fold] TRAIN CHUNK | Fold 5 | Epoch 038/100 | Loss: 0.5630 | Acc: 0.7285 | Prec: 0.7278 | Recall: 0.7263 | Spec: 0.7307
[2025-12-02 20:53:56,061 INFO main.train_one_fold] EVAL CHUNK | Fold 5 | Epoch 038/100 | Loss: 1.0415 | Acc: 0.4205 | Prec: 0.4712 | Recall: 0.5104 | Spec: 0.3125
[2025-12-02 20:53:56,070 INFO main.train_one_fold]   Confusion: TP=49, TN=25, FP=55, FN=47
[2025-12-02 20:53:56,070 INFO main.train_one_fold] EVAL SUBJECT | Fold 5 | Epoch 038/100 | Loss: 1.0415 | Acc: 0.5000 | Prec: 0.5000 | Recall: 0.6667 | Spec: 0.3333
[2025-12-02 20:53:56,070 INFO main.train_one_fold]   Confusion: TP=2, TN=1, FP=2, FN=1
[2025-12-02 20:54:06,517 INFO main.train_one_fold] TRAIN CHUNK | Fold 5 | Epoch 039/100 | Loss: 0.5476 | Acc: 0.7348 | Prec: 0.7185 | Recall: 0.7684 | Spec: 0.7015
[2025-12-02 20:54:07,203 INFO main.train_one_fold] EVAL CHUNK | Fold 5 | Epoch 039/100 | Loss: 1.1041 | Acc: 0.4034 | Prec: 0.4516 | Recall: 0.4375 | Spec: 0.3625
[2025-12-02 20:54:07,207 INFO main.train_one_fold]   Confusion: TP=42, TN=29, FP=51, FN=54
[2025-12-02 20:54:07,207 INFO main.train_one_fold] EVAL SUBJECT | Fold 5 | Epoch 039/100 | Loss: 1.1041 | Acc: 0.3333 | Prec: 0.3333 | Recall: 0.3333 | Spec: 0.3333
[2025-12-02 20:54:07,207 INFO main.train_one_fold]   Confusion: TP=1, TN=1, FP=2, FN=2
[2025-12-02 20:54:17,799 INFO main.train_one_fold] TRAIN CHUNK | Fold 5 | Epoch 040/100 | Loss: 0.5402 | Acc: 0.7442 | Prec: 0.7269 | Recall: 0.7789 | Spec: 0.7098
[2025-12-02 20:54:18,307 INFO main.train_one_fold] EVAL CHUNK | Fold 5 | Epoch 040/100 | Loss: 1.1708 | Acc: 0.3977 | Prec: 0.4468 | Recall: 0.4375 | Spec: 0.3500
[2025-12-02 20:54:18,308 INFO main.train_one_fold]   Confusion: TP=42, TN=28, FP=52, FN=54
[2025-12-02 20:54:18,308 INFO main.train_one_fold] EVAL SUBJECT | Fold 5 | Epoch 040/100 | Loss: 1.1708 | Acc: 0.3333 | Prec: 0.3333 | Recall: 0.3333 | Spec: 0.3333
[2025-12-02 20:54:18,308 INFO main.train_one_fold]   Confusion: TP=1, TN=1, FP=2, FN=2
[2025-12-02 20:54:18,308 INFO early_stopping.__call__] Early stopping triggered after 20 epochs without improvement. Best score: 0.6477 at epoch 20
[2025-12-02 20:54:18,309 INFO main.train_one_fold] Early stopping triggered at epoch 40
[2025-12-02 20:54:18,309 INFO main.train_one_fold] 
Fold 5 training completed. Best Combined Val Acc: 0.4318 at epoch 20
[2025-12-02 20:54:18,309 INFO main.train_cross_validation] ================================================================================
[2025-12-02 20:54:18,309 INFO main.train_cross_validation] FOLD 6/6
[2025-12-02 20:54:18,309 INFO main.train_cross_validation] ================================================================================
[2025-12-02 20:54:18,309 INFO main.get_datasets_for_fold] Train subjects (31): ['cane:H S0012 EC', 'cane:H S1002 EC', 'cane:H S1033 EC', 'cane:H S0015 EC', 'cane:AX S1087 EC', 'cane:AX S1050 EC', 'cane:AX S0073 EC', 'cane:H S1010 EC', 'cane:H S1095 EC', 'cane:H S0079 EC', 'cane:AX S1023 EC', 'cane:AX S1051 EC', 'cane:AX S1006 EC', 'cane:H S1060 EC', 'cane:H S1091 EC', 'cane:H S1096 EC', 'cane:AX S1005 EC', 'cane:AX S0072 EC', 'cane:AX S0057 EC', 'cane:H S0078 EC', 'cane:H S1022 EC', 'cane:H S1101 EC', 'cane:AX S1084 EC', 'cane:AX S1007 EC', 'cane:AX S1065 EC', 'cane:H S1001 EC', 'cane:H S1054 EC', 'cane:H S1008 EC', 'cane:AX S1027 EC', 'cane:AX S0074 EC', 'cane:AX S1009 EC']...
[2025-12-02 20:54:18,310 INFO main.get_datasets_for_fold] Val subjects (6): ['cane:H S1028 EC', 'cane:H S1085 EC', 'cane:H S1003 EC', 'cane:AX S1024 EC', 'cane:AX S0041 EC', 'cane:AX S0056 EC']
[2025-12-02 20:54:18,310 INFO main.get_datasets_for_fold] Training chunks: 936
[2025-12-02 20:54:18,311 INFO main.get_datasets_for_fold] Validation chunks: 194
[2025-12-02 20:54:18,332 INFO model.__init__] Initialized LSTM with input_size=1728, hidden_size=100, batch_first=True
[2025-12-02 20:54:18,335 INFO main.train_one_fold] Starting training for fold 6
[2025-12-02 20:54:25,551 INFO main.train_one_fold] TRAIN CHUNK | Fold 6 | Epoch 001/100 | Loss: 0.6976 | Acc: 0.4968 | Prec: 0.4968 | Recall: 1.0000 | Spec: 0.0000
[2025-12-02 20:54:26,538 INFO main.train_one_fold] EVAL CHUNK | Fold 6 | Epoch 001/100 | Loss: 0.6892 | Acc: 0.5464 | Prec: 0.5464 | Recall: 1.0000 | Spec: 0.0000
[2025-12-02 20:54:26,538 INFO main.train_one_fold]   Confusion: TP=106, TN=0, FP=88, FN=0
[2025-12-02 20:54:26,538 INFO main.train_one_fold] EVAL SUBJECT | Fold 6 | Epoch 001/100 | Loss: 0.6892 | Acc: 0.5000 | Prec: 0.5000 | Recall: 1.0000 | Spec: 0.0000
[2025-12-02 20:54:26,539 INFO main.train_one_fold]   Confusion: TP=3, TN=0, FP=3, FN=0
[2025-12-02 20:54:26,572 INFO main.train_one_fold] ✓ Saved best model: experiments/cane_006_fp1_ec/fold_6_best.pth (combined=0.2732, chunk=0.5464, subject=0.5000)
[2025-12-02 20:54:26,573 INFO early_stopping.__call__] Early stopping initialized: best score 0.5464 at epoch 1
[2025-12-02 20:54:33,852 INFO main.train_one_fold] TRAIN CHUNK | Fold 6 | Epoch 002/100 | Loss: 0.6963 | Acc: 0.4968 | Prec: 0.4968 | Recall: 1.0000 | Spec: 0.0000
[2025-12-02 20:54:34,495 INFO main.train_one_fold] EVAL CHUNK | Fold 6 | Epoch 002/100 | Loss: 0.6897 | Acc: 0.5464 | Prec: 0.5464 | Recall: 1.0000 | Spec: 0.0000
[2025-12-02 20:54:34,507 INFO main.train_one_fold]   Confusion: TP=106, TN=0, FP=88, FN=0
[2025-12-02 20:54:34,508 INFO main.train_one_fold] EVAL SUBJECT | Fold 6 | Epoch 002/100 | Loss: 0.6897 | Acc: 0.5000 | Prec: 0.5000 | Recall: 1.0000 | Spec: 0.0000
[2025-12-02 20:54:34,508 INFO main.train_one_fold]   Confusion: TP=3, TN=0, FP=3, FN=0
[2025-12-02 20:54:44,779 INFO main.train_one_fold] TRAIN CHUNK | Fold 6 | Epoch 003/100 | Loss: 0.6959 | Acc: 0.4968 | Prec: 0.4968 | Recall: 1.0000 | Spec: 0.0000
[2025-12-02 20:54:46,248 INFO main.train_one_fold] EVAL CHUNK | Fold 6 | Epoch 003/100 | Loss: 0.6904 | Acc: 0.5464 | Prec: 0.5464 | Recall: 1.0000 | Spec: 0.0000
[2025-12-02 20:54:46,248 INFO main.train_one_fold]   Confusion: TP=106, TN=0, FP=88, FN=0
[2025-12-02 20:54:46,249 INFO main.train_one_fold] EVAL SUBJECT | Fold 6 | Epoch 003/100 | Loss: 0.6904 | Acc: 0.5000 | Prec: 0.5000 | Recall: 1.0000 | Spec: 0.0000
[2025-12-02 20:54:46,249 INFO main.train_one_fold]   Confusion: TP=3, TN=0, FP=3, FN=0
[2025-12-02 20:54:54,736 INFO main.train_one_fold] TRAIN CHUNK | Fold 6 | Epoch 004/100 | Loss: 0.6945 | Acc: 0.4968 | Prec: 0.4968 | Recall: 1.0000 | Spec: 0.0000
[2025-12-02 20:54:55,288 INFO main.train_one_fold] EVAL CHUNK | Fold 6 | Epoch 004/100 | Loss: 0.6907 | Acc: 0.5464 | Prec: 0.5464 | Recall: 1.0000 | Spec: 0.0000
[2025-12-02 20:54:55,288 INFO main.train_one_fold]   Confusion: TP=106, TN=0, FP=88, FN=0
[2025-12-02 20:54:55,288 INFO main.train_one_fold] EVAL SUBJECT | Fold 6 | Epoch 004/100 | Loss: 0.6907 | Acc: 0.5000 | Prec: 0.5000 | Recall: 1.0000 | Spec: 0.0000
[2025-12-02 20:54:55,288 INFO main.train_one_fold]   Confusion: TP=3, TN=0, FP=3, FN=0
[2025-12-02 20:55:02,986 INFO main.train_one_fold] TRAIN CHUNK | Fold 6 | Epoch 005/100 | Loss: 0.6942 | Acc: 0.4979 | Prec: 0.4973 | Recall: 1.0000 | Spec: 0.0021
[2025-12-02 20:55:03,613 INFO main.train_one_fold] EVAL CHUNK | Fold 6 | Epoch 005/100 | Loss: 0.6917 | Acc: 0.5464 | Prec: 0.5464 | Recall: 1.0000 | Spec: 0.0000
[2025-12-02 20:55:03,613 INFO main.train_one_fold]   Confusion: TP=106, TN=0, FP=88, FN=0
[2025-12-02 20:55:03,613 INFO main.train_one_fold] EVAL SUBJECT | Fold 6 | Epoch 005/100 | Loss: 0.6917 | Acc: 0.5000 | Prec: 0.5000 | Recall: 1.0000 | Spec: 0.0000
[2025-12-02 20:55:03,614 INFO main.train_one_fold]   Confusion: TP=3, TN=0, FP=3, FN=0
[2025-12-02 20:55:12,475 INFO main.train_one_fold] TRAIN CHUNK | Fold 6 | Epoch 006/100 | Loss: 0.6940 | Acc: 0.4904 | Prec: 0.4933 | Recall: 0.9484 | Spec: 0.0382
[2025-12-02 20:55:13,039 INFO main.train_one_fold] EVAL CHUNK | Fold 6 | Epoch 006/100 | Loss: 0.6923 | Acc: 0.5464 | Prec: 0.5464 | Recall: 1.0000 | Spec: 0.0000
[2025-12-02 20:55:13,052 INFO main.train_one_fold]   Confusion: TP=106, TN=0, FP=88, FN=0
[2025-12-02 20:55:13,052 INFO main.train_one_fold] EVAL SUBJECT | Fold 6 | Epoch 006/100 | Loss: 0.6923 | Acc: 0.5000 | Prec: 0.5000 | Recall: 1.0000 | Spec: 0.0000
[2025-12-02 20:55:13,053 INFO main.train_one_fold]   Confusion: TP=3, TN=0, FP=3, FN=0
[2025-12-02 20:55:20,800 INFO main.train_one_fold] TRAIN CHUNK | Fold 6 | Epoch 007/100 | Loss: 0.6931 | Acc: 0.5053 | Prec: 0.5012 | Recall: 0.9075 | Spec: 0.1083
[2025-12-02 20:55:21,527 INFO main.train_one_fold] EVAL CHUNK | Fold 6 | Epoch 007/100 | Loss: 0.6926 | Acc: 0.5464 | Prec: 0.5464 | Recall: 1.0000 | Spec: 0.0000
[2025-12-02 20:55:21,531 INFO main.train_one_fold]   Confusion: TP=106, TN=0, FP=88, FN=0
[2025-12-02 20:55:21,535 INFO main.train_one_fold] EVAL SUBJECT | Fold 6 | Epoch 007/100 | Loss: 0.6926 | Acc: 0.5000 | Prec: 0.5000 | Recall: 1.0000 | Spec: 0.0000
[2025-12-02 20:55:21,538 INFO main.train_one_fold]   Confusion: TP=3, TN=0, FP=3, FN=0
[2025-12-02 20:55:29,088 INFO main.train_one_fold] TRAIN CHUNK | Fold 6 | Epoch 008/100 | Loss: 0.6938 | Acc: 0.4968 | Prec: 0.4962 | Recall: 0.8344 | Spec: 0.1635
[2025-12-02 20:55:29,666 INFO main.train_one_fold] EVAL CHUNK | Fold 6 | Epoch 008/100 | Loss: 0.6929 | Acc: 0.5464 | Prec: 0.5464 | Recall: 1.0000 | Spec: 0.0000
[2025-12-02 20:55:29,667 INFO main.train_one_fold]   Confusion: TP=106, TN=0, FP=88, FN=0
[2025-12-02 20:55:29,667 INFO main.train_one_fold] EVAL SUBJECT | Fold 6 | Epoch 008/100 | Loss: 0.6929 | Acc: 0.5000 | Prec: 0.5000 | Recall: 1.0000 | Spec: 0.0000
[2025-12-02 20:55:29,667 INFO main.train_one_fold]   Confusion: TP=3, TN=0, FP=3, FN=0
[2025-12-02 20:55:36,717 INFO main.train_one_fold] TRAIN CHUNK | Fold 6 | Epoch 009/100 | Loss: 0.6930 | Acc: 0.5224 | Prec: 0.5137 | Recall: 0.7269 | Spec: 0.3206
[2025-12-02 20:55:37,283 INFO main.train_one_fold] EVAL CHUNK | Fold 6 | Epoch 009/100 | Loss: 0.6941 | Acc: 0.3711 | Prec: 0.4259 | Recall: 0.4340 | Spec: 0.2955
[2025-12-02 20:55:37,293 INFO main.train_one_fold]   Confusion: TP=46, TN=26, FP=62, FN=60
[2025-12-02 20:55:37,294 INFO main.train_one_fold] EVAL SUBJECT | Fold 6 | Epoch 009/100 | Loss: 0.6941 | Acc: 0.3333 | Prec: 0.3333 | Recall: 0.3333 | Spec: 0.3333
[2025-12-02 20:55:37,294 INFO main.train_one_fold]   Confusion: TP=1, TN=1, FP=2, FN=2
[2025-12-02 20:55:47,092 INFO main.train_one_fold] TRAIN CHUNK | Fold 6 | Epoch 010/100 | Loss: 0.6936 | Acc: 0.4947 | Prec: 0.4920 | Recall: 0.5269 | Spec: 0.4628
[2025-12-02 20:55:47,715 INFO main.train_one_fold] EVAL CHUNK | Fold 6 | Epoch 010/100 | Loss: 0.6941 | Acc: 0.4536 | Prec: 0.5000 | Recall: 0.0566 | Spec: 0.9318
[2025-12-02 20:55:47,715 INFO main.train_one_fold]   Confusion: TP=6, TN=82, FP=6, FN=100
[2025-12-02 20:55:47,716 INFO main.train_one_fold] EVAL SUBJECT | Fold 6 | Epoch 010/100 | Loss: 0.6941 | Acc: 0.5000 | Prec: 0.0000 | Recall: 0.0000 | Spec: 1.0000
[2025-12-02 20:55:47,716 INFO main.train_one_fold]   Confusion: TP=0, TN=3, FP=0, FN=3
[2025-12-02 20:55:47,750 INFO main.train_one_fold] Saved checkpoint: experiments/cane_006_fp1_ec/fold_6_epoch_010.pth
[2025-12-02 20:55:54,831 INFO main.train_one_fold] TRAIN CHUNK | Fold 6 | Epoch 011/100 | Loss: 0.6935 | Acc: 0.4829 | Prec: 0.4817 | Recall: 0.5376 | Spec: 0.4289
[2025-12-02 20:55:55,399 INFO main.train_one_fold] EVAL CHUNK | Fold 6 | Epoch 011/100 | Loss: 0.6935 | Acc: 0.3866 | Prec: 0.4601 | Recall: 0.7075 | Spec: 0.0000
[2025-12-02 20:55:55,412 INFO main.train_one_fold]   Confusion: TP=75, TN=0, FP=88, FN=31
[2025-12-02 20:55:55,412 INFO main.train_one_fold] EVAL SUBJECT | Fold 6 | Epoch 011/100 | Loss: 0.6935 | Acc: 0.3333 | Prec: 0.4000 | Recall: 0.6667 | Spec: 0.0000
[2025-12-02 20:55:55,412 INFO main.train_one_fold]   Confusion: TP=2, TN=0, FP=3, FN=1
[2025-12-02 20:56:06,852 INFO main.train_one_fold] TRAIN CHUNK | Fold 6 | Epoch 012/100 | Loss: 0.6929 | Acc: 0.5053 | Prec: 0.5016 | Recall: 0.6796 | Spec: 0.3333
[2025-12-02 20:56:07,405 INFO main.train_one_fold] EVAL CHUNK | Fold 6 | Epoch 012/100 | Loss: 0.6930 | Acc: 0.5464 | Prec: 0.5464 | Recall: 1.0000 | Spec: 0.0000
[2025-12-02 20:56:07,415 INFO main.train_one_fold]   Confusion: TP=106, TN=0, FP=88, FN=0
[2025-12-02 20:56:07,415 INFO main.train_one_fold] EVAL SUBJECT | Fold 6 | Epoch 012/100 | Loss: 0.6930 | Acc: 0.5000 | Prec: 0.5000 | Recall: 1.0000 | Spec: 0.0000
[2025-12-02 20:56:07,415 INFO main.train_one_fold]   Confusion: TP=3, TN=0, FP=3, FN=0
[2025-12-02 20:56:15,097 INFO main.train_one_fold] TRAIN CHUNK | Fold 6 | Epoch 013/100 | Loss: 0.6923 | Acc: 0.5192 | Prec: 0.5106 | Recall: 0.7785 | Spec: 0.2633
[2025-12-02 20:56:15,678 INFO main.train_one_fold] EVAL CHUNK | Fold 6 | Epoch 013/100 | Loss: 0.6928 | Acc: 0.5464 | Prec: 0.5464 | Recall: 1.0000 | Spec: 0.0000
[2025-12-02 20:56:15,678 INFO main.train_one_fold]   Confusion: TP=106, TN=0, FP=88, FN=0
[2025-12-02 20:56:15,678 INFO main.train_one_fold] EVAL SUBJECT | Fold 6 | Epoch 013/100 | Loss: 0.6928 | Acc: 0.5000 | Prec: 0.5000 | Recall: 1.0000 | Spec: 0.0000
[2025-12-02 20:56:15,679 INFO main.train_one_fold]   Confusion: TP=3, TN=0, FP=3, FN=0
[2025-12-02 20:56:22,971 INFO main.train_one_fold] TRAIN CHUNK | Fold 6 | Epoch 014/100 | Loss: 0.6923 | Acc: 0.5246 | Prec: 0.5161 | Recall: 0.6903 | Spec: 0.3609
[2025-12-02 20:56:23,550 INFO main.train_one_fold] EVAL CHUNK | Fold 6 | Epoch 014/100 | Loss: 0.6932 | Acc: 0.3144 | Prec: 0.3902 | Recall: 0.4528 | Spec: 0.1477
[2025-12-02 20:56:23,550 INFO main.train_one_fold]   Confusion: TP=48, TN=13, FP=75, FN=58
[2025-12-02 20:56:23,550 INFO main.train_one_fold] EVAL SUBJECT | Fold 6 | Epoch 014/100 | Loss: 0.6932 | Acc: 0.1667 | Prec: 0.2500 | Recall: 0.3333 | Spec: 0.0000
[2025-12-02 20:56:23,551 INFO main.train_one_fold]   Confusion: TP=1, TN=0, FP=3, FN=2
[2025-12-02 20:56:31,258 INFO main.train_one_fold] TRAIN CHUNK | Fold 6 | Epoch 015/100 | Loss: 0.6918 | Acc: 0.5288 | Prec: 0.5239 | Recall: 0.5656 | Spec: 0.4926
[2025-12-02 20:56:31,894 INFO main.train_one_fold] EVAL CHUNK | Fold 6 | Epoch 015/100 | Loss: 0.6943 | Acc: 0.4536 | Prec: 0.5000 | Recall: 0.0094 | Spec: 0.9886
[2025-12-02 20:56:31,904 INFO main.train_one_fold]   Confusion: TP=1, TN=87, FP=1, FN=105
[2025-12-02 20:56:31,904 INFO main.train_one_fold] EVAL SUBJECT | Fold 6 | Epoch 015/100 | Loss: 0.6943 | Acc: 0.5000 | Prec: 0.0000 | Recall: 0.0000 | Spec: 1.0000
[2025-12-02 20:56:31,904 INFO main.train_one_fold]   Confusion: TP=0, TN=3, FP=0, FN=3
[2025-12-02 20:56:39,116 INFO main.train_one_fold] TRAIN CHUNK | Fold 6 | Epoch 016/100 | Loss: 0.6931 | Acc: 0.5032 | Prec: 0.5000 | Recall: 0.4280 | Spec: 0.5775
[2025-12-02 20:56:39,684 INFO main.train_one_fold] EVAL CHUNK | Fold 6 | Epoch 016/100 | Loss: 0.6937 | Acc: 0.5000 | Prec: 0.8462 | Recall: 0.1038 | Spec: 0.9773
[2025-12-02 20:56:39,684 INFO main.train_one_fold]   Confusion: TP=11, TN=86, FP=2, FN=95
[2025-12-02 20:56:39,684 INFO main.train_one_fold] EVAL SUBJECT | Fold 6 | Epoch 016/100 | Loss: 0.6937 | Acc: 0.5000 | Prec: 0.0000 | Recall: 0.0000 | Spec: 1.0000
[2025-12-02 20:56:39,684 INFO main.train_one_fold]   Confusion: TP=0, TN=3, FP=0, FN=3
[2025-12-02 20:56:49,196 INFO main.train_one_fold] TRAIN CHUNK | Fold 6 | Epoch 017/100 | Loss: 0.6905 | Acc: 0.5395 | Prec: 0.5399 | Recall: 0.4946 | Spec: 0.5839
[2025-12-02 20:56:49,805 INFO main.train_one_fold] EVAL CHUNK | Fold 6 | Epoch 017/100 | Loss: 0.6929 | Acc: 0.5722 | Prec: 0.8966 | Recall: 0.2453 | Spec: 0.9659
[2025-12-02 20:56:49,805 INFO main.train_one_fold]   Confusion: TP=26, TN=85, FP=3, FN=80
[2025-12-02 20:56:49,805 INFO main.train_one_fold] EVAL SUBJECT | Fold 6 | Epoch 017/100 | Loss: 0.6929 | Acc: 0.6667 | Prec: 1.0000 | Recall: 0.3333 | Spec: 1.0000
[2025-12-02 20:56:49,805 INFO main.train_one_fold]   Confusion: TP=1, TN=3, FP=0, FN=2
[2025-12-02 20:56:49,848 INFO main.train_one_fold] ✓ Saved best model: experiments/cane_006_fp1_ec/fold_6_best.pth (combined=0.3814, chunk=0.5722, subject=0.6667)
[2025-12-02 20:56:49,848 INFO early_stopping.__call__] Validation improved from 0.5464 to 0.5722 (+0.0258) at epoch 17
[2025-12-02 20:56:59,030 INFO main.train_one_fold] TRAIN CHUNK | Fold 6 | Epoch 018/100 | Loss: 0.6921 | Acc: 0.5139 | Prec: 0.5101 | Recall: 0.5441 | Spec: 0.4841
[2025-12-02 20:56:59,869 INFO main.train_one_fold] EVAL CHUNK | Fold 6 | Epoch 018/100 | Loss: 0.6914 | Acc: 0.4381 | Prec: 0.4789 | Recall: 0.3208 | Spec: 0.5795
[2025-12-02 20:56:59,872 INFO main.train_one_fold]   Confusion: TP=34, TN=51, FP=37, FN=72
[2025-12-02 20:56:59,873 INFO main.train_one_fold] EVAL SUBJECT | Fold 6 | Epoch 018/100 | Loss: 0.6914 | Acc: 0.5000 | Prec: 0.5000 | Recall: 0.3333 | Spec: 0.6667
[2025-12-02 20:56:59,873 INFO main.train_one_fold]   Confusion: TP=1, TN=2, FP=1, FN=2
[2025-12-02 20:57:09,690 INFO main.train_one_fold] TRAIN CHUNK | Fold 6 | Epoch 019/100 | Loss: 0.6911 | Acc: 0.5438 | Prec: 0.5370 | Recall: 0.5935 | Spec: 0.4947
[2025-12-02 20:57:10,273 INFO main.train_one_fold] EVAL CHUNK | Fold 6 | Epoch 019/100 | Loss: 0.6895 | Acc: 0.5928 | Prec: 0.6262 | Recall: 0.6321 | Spec: 0.5455
[2025-12-02 20:57:10,284 INFO main.train_one_fold]   Confusion: TP=67, TN=48, FP=40, FN=39
[2025-12-02 20:57:10,284 INFO main.train_one_fold] EVAL SUBJECT | Fold 6 | Epoch 019/100 | Loss: 0.6895 | Acc: 0.6667 | Prec: 0.6667 | Recall: 0.6667 | Spec: 0.6667
[2025-12-02 20:57:10,285 INFO main.train_one_fold]   Confusion: TP=2, TN=2, FP=1, FN=1
[2025-12-02 20:57:10,339 INFO main.train_one_fold] ✓ Saved best model: experiments/cane_006_fp1_ec/fold_6_best.pth (combined=0.3952, chunk=0.5928, subject=0.6667)
[2025-12-02 20:57:10,339 INFO early_stopping.__call__] Validation improved from 0.5722 to 0.5928 (+0.0206) at epoch 19
[2025-12-02 20:57:18,698 INFO main.train_one_fold] TRAIN CHUNK | Fold 6 | Epoch 020/100 | Loss: 0.6892 | Acc: 0.5459 | Prec: 0.5386 | Recall: 0.6000 | Spec: 0.4926
[2025-12-02 20:57:19,292 INFO main.train_one_fold] EVAL CHUNK | Fold 6 | Epoch 020/100 | Loss: 0.6883 | Acc: 0.5825 | Prec: 0.6214 | Recall: 0.6038 | Spec: 0.5568
[2025-12-02 20:57:19,303 INFO main.train_one_fold]   Confusion: TP=64, TN=49, FP=39, FN=42
[2025-12-02 20:57:19,303 INFO main.train_one_fold] EVAL SUBJECT | Fold 6 | Epoch 020/100 | Loss: 0.6883 | Acc: 0.6667 | Prec: 0.6667 | Recall: 0.6667 | Spec: 0.6667
[2025-12-02 20:57:19,304 INFO main.train_one_fold]   Confusion: TP=2, TN=2, FP=1, FN=1
[2025-12-02 20:57:19,350 INFO main.train_one_fold] Saved checkpoint: experiments/cane_006_fp1_ec/fold_6_epoch_020.pth
[2025-12-02 20:57:26,781 INFO main.train_one_fold] TRAIN CHUNK | Fold 6 | Epoch 021/100 | Loss: 0.6893 | Acc: 0.5321 | Prec: 0.5306 | Recall: 0.5032 | Spec: 0.5605
[2025-12-02 20:57:29,144 INFO main.train_one_fold] EVAL CHUNK | Fold 6 | Epoch 021/100 | Loss: 0.6867 | Acc: 0.5619 | Prec: 0.6296 | Recall: 0.4811 | Spec: 0.6591
[2025-12-02 20:57:29,145 INFO main.train_one_fold]   Confusion: TP=51, TN=58, FP=30, FN=55
[2025-12-02 20:57:29,145 INFO main.train_one_fold] EVAL SUBJECT | Fold 6 | Epoch 021/100 | Loss: 0.6867 | Acc: 0.6667 | Prec: 0.6667 | Recall: 0.6667 | Spec: 0.6667
[2025-12-02 20:57:29,145 INFO main.train_one_fold]   Confusion: TP=2, TN=2, FP=1, FN=1
[2025-12-02 20:57:39,160 INFO main.train_one_fold] TRAIN CHUNK | Fold 6 | Epoch 022/100 | Loss: 0.6888 | Acc: 0.5427 | Prec: 0.5461 | Recall: 0.4710 | Spec: 0.6136
[2025-12-02 20:57:39,726 INFO main.train_one_fold] EVAL CHUNK | Fold 6 | Epoch 022/100 | Loss: 0.6839 | Acc: 0.5979 | Prec: 0.6458 | Recall: 0.5849 | Spec: 0.6136
[2025-12-02 20:57:39,726 INFO main.train_one_fold]   Confusion: TP=62, TN=54, FP=34, FN=44
[2025-12-02 20:57:39,726 INFO main.train_one_fold] EVAL SUBJECT | Fold 6 | Epoch 022/100 | Loss: 0.6839 | Acc: 0.6667 | Prec: 0.6667 | Recall: 0.6667 | Spec: 0.6667
[2025-12-02 20:57:39,727 INFO main.train_one_fold]   Confusion: TP=2, TN=2, FP=1, FN=1
[2025-12-02 20:57:39,766 INFO main.train_one_fold] ✓ Saved best model: experiments/cane_006_fp1_ec/fold_6_best.pth (combined=0.3986, chunk=0.5979, subject=0.6667)
[2025-12-02 20:57:39,767 INFO early_stopping.__call__] Validation improved from 0.5928 to 0.5979 (+0.0052) at epoch 22
[2025-12-02 20:57:47,622 INFO main.train_one_fold] TRAIN CHUNK | Fold 6 | Epoch 023/100 | Loss: 0.6870 | Acc: 0.5705 | Prec: 0.5827 | Recall: 0.4774 | Spec: 0.6624
[2025-12-02 20:57:48,178 INFO main.train_one_fold] EVAL CHUNK | Fold 6 | Epoch 023/100 | Loss: 0.6854 | Acc: 0.4948 | Prec: 0.5800 | Recall: 0.2736 | Spec: 0.7614
[2025-12-02 20:57:48,190 INFO main.train_one_fold]   Confusion: TP=29, TN=67, FP=21, FN=77
[2025-12-02 20:57:48,191 INFO main.train_one_fold] EVAL SUBJECT | Fold 6 | Epoch 023/100 | Loss: 0.6854 | Acc: 0.5000 | Prec: 0.5000 | Recall: 0.3333 | Spec: 0.6667
[2025-12-02 20:57:48,191 INFO main.train_one_fold]   Confusion: TP=1, TN=2, FP=1, FN=2
[2025-12-02 20:57:55,125 INFO main.train_one_fold] TRAIN CHUNK | Fold 6 | Epoch 024/100 | Loss: 0.6847 | Acc: 0.5769 | Prec: 0.5723 | Recall: 0.5871 | Spec: 0.5669
[2025-12-02 20:57:55,681 INFO main.train_one_fold] EVAL CHUNK | Fold 6 | Epoch 024/100 | Loss: 0.6822 | Acc: 0.5876 | Prec: 0.6250 | Recall: 0.6132 | Spec: 0.5568
[2025-12-02 20:57:55,681 INFO main.train_one_fold]   Confusion: TP=65, TN=49, FP=39, FN=41
[2025-12-02 20:57:55,694 INFO main.train_one_fold] EVAL SUBJECT | Fold 6 | Epoch 024/100 | Loss: 0.6822 | Acc: 0.6667 | Prec: 0.6667 | Recall: 0.6667 | Spec: 0.6667
[2025-12-02 20:57:55,694 INFO main.train_one_fold]   Confusion: TP=2, TN=2, FP=1, FN=1
[2025-12-02 20:58:03,314 INFO main.train_one_fold] TRAIN CHUNK | Fold 6 | Epoch 025/100 | Loss: 0.6847 | Acc: 0.5748 | Prec: 0.5743 | Recall: 0.5570 | Spec: 0.5924
[2025-12-02 20:58:03,955 INFO main.train_one_fold] EVAL CHUNK | Fold 6 | Epoch 025/100 | Loss: 0.6824 | Acc: 0.5567 | Prec: 0.6064 | Recall: 0.5377 | Spec: 0.5795
[2025-12-02 20:58:03,955 INFO main.train_one_fold]   Confusion: TP=57, TN=51, FP=37, FN=49
[2025-12-02 20:58:03,960 INFO main.train_one_fold] EVAL SUBJECT | Fold 6 | Epoch 025/100 | Loss: 0.6824 | Acc: 0.6667 | Prec: 0.6667 | Recall: 0.6667 | Spec: 0.6667
[2025-12-02 20:58:03,961 INFO main.train_one_fold]   Confusion: TP=2, TN=2, FP=1, FN=1
[2025-12-02 20:58:11,343 INFO main.train_one_fold] TRAIN CHUNK | Fold 6 | Epoch 026/100 | Loss: 0.6857 | Acc: 0.5780 | Prec: 0.5814 | Recall: 0.5376 | Spec: 0.6178
[2025-12-02 20:58:12,240 INFO main.train_one_fold] EVAL CHUNK | Fold 6 | Epoch 026/100 | Loss: 0.6809 | Acc: 0.5928 | Prec: 0.6286 | Recall: 0.6226 | Spec: 0.5568
[2025-12-02 20:58:12,240 INFO main.train_one_fold]   Confusion: TP=66, TN=49, FP=39, FN=40
[2025-12-02 20:58:12,240 INFO main.train_one_fold] EVAL SUBJECT | Fold 6 | Epoch 026/100 | Loss: 0.6809 | Acc: 0.6667 | Prec: 0.6667 | Recall: 0.6667 | Spec: 0.6667
[2025-12-02 20:58:12,240 INFO main.train_one_fold]   Confusion: TP=2, TN=2, FP=1, FN=1
[2025-12-02 20:58:17,093 INFO main.train_one_fold] TRAIN CHUNK | Fold 6 | Epoch 027/100 | Loss: 0.6826 | Acc: 0.5716 | Prec: 0.5751 | Recall: 0.5269 | Spec: 0.6157
[2025-12-02 20:58:17,464 INFO main.train_one_fold] EVAL CHUNK | Fold 6 | Epoch 027/100 | Loss: 0.6930 | Acc: 0.4381 | Prec: 0.4754 | Recall: 0.2736 | Spec: 0.6364
[2025-12-02 20:58:17,464 INFO main.train_one_fold]   Confusion: TP=29, TN=56, FP=32, FN=77
[2025-12-02 20:58:17,464 INFO main.train_one_fold] EVAL SUBJECT | Fold 6 | Epoch 027/100 | Loss: 0.6930 | Acc: 0.5000 | Prec: 0.5000 | Recall: 0.3333 | Spec: 0.6667
[2025-12-02 20:58:17,464 INFO main.train_one_fold]   Confusion: TP=1, TN=2, FP=1, FN=2
[2025-12-02 20:58:22,257 INFO main.train_one_fold] TRAIN CHUNK | Fold 6 | Epoch 028/100 | Loss: 0.6842 | Acc: 0.5673 | Prec: 0.5743 | Recall: 0.4989 | Spec: 0.6348
[2025-12-02 20:58:22,636 INFO main.train_one_fold] EVAL CHUNK | Fold 6 | Epoch 028/100 | Loss: 0.6939 | Acc: 0.4433 | Prec: 0.4868 | Recall: 0.3491 | Spec: 0.5568
[2025-12-02 20:58:22,636 INFO main.train_one_fold]   Confusion: TP=37, TN=49, FP=39, FN=69
[2025-12-02 20:58:22,636 INFO main.train_one_fold] EVAL SUBJECT | Fold 6 | Epoch 028/100 | Loss: 0.6939 | Acc: 0.5000 | Prec: 0.5000 | Recall: 0.3333 | Spec: 0.6667
[2025-12-02 20:58:22,636 INFO main.train_one_fold]   Confusion: TP=1, TN=2, FP=1, FN=2
[2025-12-02 20:58:29,492 INFO main.train_one_fold] TRAIN CHUNK | Fold 6 | Epoch 029/100 | Loss: 0.6770 | Acc: 0.5887 | Prec: 0.5769 | Recall: 0.6452 | Spec: 0.5329
[2025-12-02 20:58:29,873 INFO main.train_one_fold] EVAL CHUNK | Fold 6 | Epoch 029/100 | Loss: 0.6916 | Acc: 0.5619 | Prec: 0.5963 | Recall: 0.6132 | Spec: 0.5000
[2025-12-02 20:58:29,873 INFO main.train_one_fold]   Confusion: TP=65, TN=44, FP=44, FN=41
[2025-12-02 20:58:29,873 INFO main.train_one_fold] EVAL SUBJECT | Fold 6 | Epoch 029/100 | Loss: 0.6916 | Acc: 0.6667 | Prec: 0.6667 | Recall: 0.6667 | Spec: 0.6667
[2025-12-02 20:58:29,873 INFO main.train_one_fold]   Confusion: TP=2, TN=2, FP=1, FN=1
[2025-12-02 20:58:34,925 INFO main.train_one_fold] TRAIN CHUNK | Fold 6 | Epoch 030/100 | Loss: 0.6761 | Acc: 0.5919 | Prec: 0.5822 | Recall: 0.6323 | Spec: 0.5520
[2025-12-02 20:58:35,318 INFO main.train_one_fold] EVAL CHUNK | Fold 6 | Epoch 030/100 | Loss: 0.7104 | Acc: 0.4124 | Prec: 0.4444 | Recall: 0.3019 | Spec: 0.5455
[2025-12-02 20:58:35,318 INFO main.train_one_fold]   Confusion: TP=32, TN=48, FP=40, FN=74
[2025-12-02 20:58:35,318 INFO main.train_one_fold] EVAL SUBJECT | Fold 6 | Epoch 030/100 | Loss: 0.7104 | Acc: 0.5000 | Prec: 0.5000 | Recall: 0.3333 | Spec: 0.6667
[2025-12-02 20:58:35,318 INFO main.train_one_fold]   Confusion: TP=1, TN=2, FP=1, FN=2
[2025-12-02 20:58:35,344 INFO main.train_one_fold] Saved checkpoint: experiments/cane_006_fp1_ec/fold_6_epoch_030.pth
[2025-12-02 20:58:40,157 INFO main.train_one_fold] TRAIN CHUNK | Fold 6 | Epoch 031/100 | Loss: 0.6736 | Acc: 0.5919 | Prec: 0.5958 | Recall: 0.5548 | Spec: 0.6285
[2025-12-02 20:58:40,529 INFO main.train_one_fold] EVAL CHUNK | Fold 6 | Epoch 031/100 | Loss: 0.7016 | Acc: 0.5206 | Prec: 0.5699 | Recall: 0.5000 | Spec: 0.5455
[2025-12-02 20:58:40,530 INFO main.train_one_fold]   Confusion: TP=53, TN=48, FP=40, FN=53
[2025-12-02 20:58:40,530 INFO main.train_one_fold] EVAL SUBJECT | Fold 6 | Epoch 031/100 | Loss: 0.7016 | Acc: 0.6667 | Prec: 0.6667 | Recall: 0.6667 | Spec: 0.6667
[2025-12-02 20:58:40,530 INFO main.train_one_fold]   Confusion: TP=2, TN=2, FP=1, FN=1
[2025-12-02 20:58:50,407 INFO main.train_one_fold] TRAIN CHUNK | Fold 6 | Epoch 032/100 | Loss: 0.6703 | Acc: 0.5929 | Prec: 0.5890 | Recall: 0.5978 | Spec: 0.5881
[2025-12-02 20:58:51,048 INFO main.train_one_fold] EVAL CHUNK | Fold 6 | Epoch 032/100 | Loss: 0.6905 | Acc: 0.5825 | Prec: 0.6190 | Recall: 0.6132 | Spec: 0.5455
[2025-12-02 20:58:51,048 INFO main.train_one_fold]   Confusion: TP=65, TN=48, FP=40, FN=41
[2025-12-02 20:58:51,048 INFO main.train_one_fold] EVAL SUBJECT | Fold 6 | Epoch 032/100 | Loss: 0.6905 | Acc: 0.6667 | Prec: 0.6667 | Recall: 0.6667 | Spec: 0.6667
[2025-12-02 20:58:51,048 INFO main.train_one_fold]   Confusion: TP=2, TN=2, FP=1, FN=1
[2025-12-02 20:58:59,058 INFO main.train_one_fold] TRAIN CHUNK | Fold 6 | Epoch 033/100 | Loss: 0.6749 | Acc: 0.6004 | Prec: 0.5962 | Recall: 0.6065 | Spec: 0.5945
[2025-12-02 20:58:59,610 INFO main.train_one_fold] EVAL CHUNK | Fold 6 | Epoch 033/100 | Loss: 0.7239 | Acc: 0.4330 | Prec: 0.4730 | Recall: 0.3302 | Spec: 0.5568
[2025-12-02 20:58:59,611 INFO main.train_one_fold]   Confusion: TP=35, TN=49, FP=39, FN=71
[2025-12-02 20:58:59,611 INFO main.train_one_fold] EVAL SUBJECT | Fold 6 | Epoch 033/100 | Loss: 0.7239 | Acc: 0.5000 | Prec: 0.5000 | Recall: 0.3333 | Spec: 0.6667
[2025-12-02 20:58:59,611 INFO main.train_one_fold]   Confusion: TP=1, TN=2, FP=1, FN=2
[2025-12-02 20:59:06,936 INFO main.train_one_fold] TRAIN CHUNK | Fold 6 | Epoch 034/100 | Loss: 0.6670 | Acc: 0.6058 | Prec: 0.6057 | Recall: 0.5914 | Spec: 0.6200
[2025-12-02 20:59:07,488 INFO main.train_one_fold] EVAL CHUNK | Fold 6 | Epoch 034/100 | Loss: 0.7170 | Acc: 0.4485 | Prec: 0.4937 | Recall: 0.3679 | Spec: 0.5455
[2025-12-02 20:59:07,499 INFO main.train_one_fold]   Confusion: TP=39, TN=48, FP=40, FN=67
[2025-12-02 20:59:07,500 INFO main.train_one_fold] EVAL SUBJECT | Fold 6 | Epoch 034/100 | Loss: 0.7170 | Acc: 0.5000 | Prec: 0.5000 | Recall: 0.3333 | Spec: 0.6667
[2025-12-02 20:59:07,500 INFO main.train_one_fold]   Confusion: TP=1, TN=2, FP=1, FN=2
[2025-12-02 20:59:16,939 INFO main.train_one_fold] TRAIN CHUNK | Fold 6 | Epoch 035/100 | Loss: 0.6638 | Acc: 0.5994 | Prec: 0.5869 | Recall: 0.6538 | Spec: 0.5456
[2025-12-02 20:59:17,450 INFO main.train_one_fold] EVAL CHUNK | Fold 6 | Epoch 035/100 | Loss: 0.7113 | Acc: 0.5103 | Prec: 0.5604 | Recall: 0.4811 | Spec: 0.5455
[2025-12-02 20:59:17,450 INFO main.train_one_fold]   Confusion: TP=51, TN=48, FP=40, FN=55
[2025-12-02 20:59:17,450 INFO main.train_one_fold] EVAL SUBJECT | Fold 6 | Epoch 035/100 | Loss: 0.7113 | Acc: 0.5000 | Prec: 0.5000 | Recall: 0.3333 | Spec: 0.6667
[2025-12-02 20:59:17,450 INFO main.train_one_fold]   Confusion: TP=1, TN=2, FP=1, FN=2
[2025-12-02 20:59:24,870 INFO main.train_one_fold] TRAIN CHUNK | Fold 6 | Epoch 036/100 | Loss: 0.6638 | Acc: 0.6229 | Prec: 0.6191 | Recall: 0.6258 | Spec: 0.6200
[2025-12-02 20:59:25,428 INFO main.train_one_fold] EVAL CHUNK | Fold 6 | Epoch 036/100 | Loss: 0.7420 | Acc: 0.4433 | Prec: 0.4872 | Recall: 0.3585 | Spec: 0.5455
[2025-12-02 20:59:25,428 INFO main.train_one_fold]   Confusion: TP=38, TN=48, FP=40, FN=68
[2025-12-02 20:59:25,432 INFO main.train_one_fold] EVAL SUBJECT | Fold 6 | Epoch 036/100 | Loss: 0.7420 | Acc: 0.5000 | Prec: 0.5000 | Recall: 0.3333 | Spec: 0.6667
[2025-12-02 20:59:25,436 INFO main.train_one_fold]   Confusion: TP=1, TN=2, FP=1, FN=2
[2025-12-02 20:59:33,242 INFO main.train_one_fold] TRAIN CHUNK | Fold 6 | Epoch 037/100 | Loss: 0.6557 | Acc: 0.6229 | Prec: 0.6256 | Recall: 0.6000 | Spec: 0.6454
[2025-12-02 20:59:33,799 INFO main.train_one_fold] EVAL CHUNK | Fold 6 | Epoch 037/100 | Loss: 0.7190 | Acc: 0.5258 | Prec: 0.5729 | Recall: 0.5189 | Spec: 0.5341
[2025-12-02 20:59:33,811 INFO main.train_one_fold]   Confusion: TP=55, TN=47, FP=41, FN=51
[2025-12-02 20:59:33,811 INFO main.train_one_fold] EVAL SUBJECT | Fold 6 | Epoch 037/100 | Loss: 0.7190 | Acc: 0.6667 | Prec: 0.6667 | Recall: 0.6667 | Spec: 0.6667
[2025-12-02 20:59:33,811 INFO main.train_one_fold]   Confusion: TP=2, TN=2, FP=1, FN=1
[2025-12-02 20:59:40,940 INFO main.train_one_fold] TRAIN CHUNK | Fold 6 | Epoch 038/100 | Loss: 0.6517 | Acc: 0.6421 | Prec: 0.6265 | Recall: 0.6925 | Spec: 0.5924
[2025-12-02 20:59:41,488 INFO main.train_one_fold] EVAL CHUNK | Fold 6 | Epoch 038/100 | Loss: 0.7690 | Acc: 0.4381 | Prec: 0.4762 | Recall: 0.2830 | Spec: 0.6250
[2025-12-02 20:59:41,499 INFO main.train_one_fold]   Confusion: TP=30, TN=55, FP=33, FN=76
[2025-12-02 20:59:41,499 INFO main.train_one_fold] EVAL SUBJECT | Fold 6 | Epoch 038/100 | Loss: 0.7690 | Acc: 0.5000 | Prec: 0.5000 | Recall: 0.3333 | Spec: 0.6667
[2025-12-02 20:59:41,499 INFO main.train_one_fold]   Confusion: TP=1, TN=2, FP=1, FN=2
[2025-12-02 20:59:49,217 INFO main.train_one_fold] TRAIN CHUNK | Fold 6 | Epoch 039/100 | Loss: 0.6589 | Acc: 0.6015 | Prec: 0.6085 | Recall: 0.5548 | Spec: 0.6476
[2025-12-02 20:59:49,771 INFO main.train_one_fold] EVAL CHUNK | Fold 6 | Epoch 039/100 | Loss: 0.7487 | Acc: 0.4742 | Prec: 0.5270 | Recall: 0.3679 | Spec: 0.6023
[2025-12-02 20:59:49,771 INFO main.train_one_fold]   Confusion: TP=39, TN=53, FP=35, FN=67
[2025-12-02 20:59:49,772 INFO main.train_one_fold] EVAL SUBJECT | Fold 6 | Epoch 039/100 | Loss: 0.7487 | Acc: 0.5000 | Prec: 0.5000 | Recall: 0.3333 | Spec: 0.6667
[2025-12-02 20:59:49,772 INFO main.train_one_fold]   Confusion: TP=1, TN=2, FP=1, FN=2
[2025-12-02 20:59:57,382 INFO main.train_one_fold] TRAIN CHUNK | Fold 6 | Epoch 040/100 | Loss: 0.6583 | Acc: 0.6282 | Prec: 0.6370 | Recall: 0.5849 | Spec: 0.6709
[2025-12-02 20:59:57,920 INFO main.train_one_fold] EVAL CHUNK | Fold 6 | Epoch 040/100 | Loss: 0.6808 | Acc: 0.5567 | Prec: 0.5806 | Recall: 0.6792 | Spec: 0.4091
[2025-12-02 20:59:57,924 INFO main.train_one_fold]   Confusion: TP=72, TN=36, FP=52, FN=34
[2025-12-02 20:59:57,929 INFO main.train_one_fold] EVAL SUBJECT | Fold 6 | Epoch 040/100 | Loss: 0.6808 | Acc: 0.5000 | Prec: 0.5000 | Recall: 0.6667 | Spec: 0.3333
[2025-12-02 20:59:57,933 INFO main.train_one_fold]   Confusion: TP=2, TN=1, FP=2, FN=1
[2025-12-02 20:59:57,983 INFO main.train_one_fold] Saved checkpoint: experiments/cane_006_fp1_ec/fold_6_epoch_040.pth
[2025-12-02 21:00:05,143 INFO main.train_one_fold] TRAIN CHUNK | Fold 6 | Epoch 041/100 | Loss: 0.6489 | Acc: 0.6410 | Prec: 0.6257 | Recall: 0.6903 | Spec: 0.5924
[2025-12-02 21:00:05,681 INFO main.train_one_fold] EVAL CHUNK | Fold 6 | Epoch 041/100 | Loss: 0.7495 | Acc: 0.4845 | Prec: 0.5349 | Recall: 0.4340 | Spec: 0.5455
[2025-12-02 21:00:05,681 INFO main.train_one_fold]   Confusion: TP=46, TN=48, FP=40, FN=60
[2025-12-02 21:00:05,682 INFO main.train_one_fold] EVAL SUBJECT | Fold 6 | Epoch 041/100 | Loss: 0.7495 | Acc: 0.5000 | Prec: 0.5000 | Recall: 0.3333 | Spec: 0.6667
[2025-12-02 21:00:05,682 INFO main.train_one_fold]   Confusion: TP=1, TN=2, FP=1, FN=2
[2025-12-02 21:00:15,083 INFO main.train_one_fold] TRAIN CHUNK | Fold 6 | Epoch 042/100 | Loss: 0.6477 | Acc: 0.6538 | Prec: 0.6266 | Recall: 0.7505 | Spec: 0.5584
[2025-12-02 21:00:16,734 INFO main.train_one_fold] EVAL CHUNK | Fold 6 | Epoch 042/100 | Loss: 0.7597 | Acc: 0.4639 | Prec: 0.5128 | Recall: 0.3774 | Spec: 0.5682
[2025-12-02 21:00:16,737 INFO main.train_one_fold]   Confusion: TP=40, TN=50, FP=38, FN=66
[2025-12-02 21:00:16,737 INFO main.train_one_fold] EVAL SUBJECT | Fold 6 | Epoch 042/100 | Loss: 0.7597 | Acc: 0.5000 | Prec: 0.5000 | Recall: 0.3333 | Spec: 0.6667
[2025-12-02 21:00:16,740 INFO main.train_one_fold]   Confusion: TP=1, TN=2, FP=1, FN=2
[2025-12-02 21:00:16,743 INFO early_stopping.__call__] Early stopping triggered after 20 epochs without improvement. Best score: 0.5979 at epoch 22
[2025-12-02 21:00:16,745 INFO main.train_one_fold] Early stopping triggered at epoch 42
[2025-12-02 21:00:16,746 INFO main.train_one_fold] 
Fold 6 training completed. Best Combined Val Acc: 0.3986 at epoch 22
[2025-12-02 21:00:16,746 INFO main.train_cross_validation] ================================================================================
[2025-12-02 21:00:16,746 INFO main.train_cross_validation] 6-FOLD CROSS-VALIDATION RESULTS
[2025-12-02 21:00:16,746 INFO main.train_cross_validation] ================================================================================
[2025-12-02 21:00:16,747 INFO main.train_cross_validation] 
Per-fold best validation accuracy:
[2025-12-02 21:00:16,747 INFO main.train_cross_validation]   Fold 1: 0.4123 (epoch 18)
[2025-12-02 21:00:16,747 INFO main.train_cross_validation]   Fold 2: 0.2322 (epoch 1)
[2025-12-02 21:00:16,747 INFO main.train_cross_validation]   Fold 3: 0.4432 (epoch 23)
[2025-12-02 21:00:16,747 INFO main.train_cross_validation]   Fold 4: 0.2514 (epoch 12)
[2025-12-02 21:00:16,748 INFO main.train_cross_validation]   Fold 5: 0.4318 (epoch 20)
[2025-12-02 21:00:16,748 INFO main.train_cross_validation]   Fold 6: 0.3986 (epoch 22)
[2025-12-02 21:00:16,749 INFO main.write_results] COMBINED Accuracy Mean: 0.3616 ± 0.0860, Min: 0.2322, Max: 0.4432

[2025-12-02 21:00:16,749 INFO main.write_results] CHUNK Accuracy Mean: 0.5758 ± 0.0722, Min: 0.4645, Max: 0.6648

[2025-12-02 21:00:16,749 INFO main.write_results] SUBJECT Accuracy Mean: 0.6190 ± 0.0858, Min: 0.5000, Max: 0.7143

[2025-12-02 21:00:16,750 INFO main.train_cross_validation] ================================================================================

[2025-12-02 21:00:16,752 INFO main.train] 
Results saved to experiments/cane_006_fp1_ec/cv_results.txt
[2025-12-02 21:00:16,752 INFO main.train] Training completed!
