[2026-02-08 15:34:15,027 INFO main.setup_logging] Logging to console and file: experiments/both-014b-all-4class-smallerall/training_ec+eo_all_20260208_153415.log
[2026-02-08 15:34:15,027 INFO main.train] Starting EEG Classification Training
[2026-02-08 15:34:15,028 INFO main.train] Hyperparameters:
[2026-02-08 15:34:15,028 INFO main.train]   Dataset: all
[2026-02-08 15:34:15,028 INFO main.train]   Condition: ec+eo
[2026-02-08 15:34:15,028 INFO main.train]   Channel: all
[2026-02-08 15:34:15,028 INFO main.train]   N-Fold CV: 6
[2026-02-08 15:34:15,028 INFO main.train]   Batch Size: 64
[2026-02-08 15:34:15,028 INFO main.train]   Learning Rate: 0.0001
[2026-02-08 15:34:15,028 INFO main.train]   Dropout: 0.1
[2026-02-08 15:34:15,028 INFO main.train]   Weight decay (L2 penalty): 0.0001
[2026-02-08 15:34:15,028 INFO main.train]   Max Epochs: 100
[2026-02-08 15:34:15,028 INFO main.train]   Validation Every: 1 epochs
[2026-02-08 15:34:15,028 INFO main.train]   Save Checkpoint Every: 100 epochs
[2026-02-08 15:34:15,028 INFO main.train]   Early Stopping Patience: 20 epochs
[2026-02-08 15:34:15,029 INFO main.train]   Skip Artifact Removal: False
[2026-02-08 15:34:15,029 INFO main.train]   Data Augmentation: disabled
[2026-02-08 15:34:15,029 INFO main.train]   Pretrained Checkpoint: None
[2026-02-08 15:34:15,029 INFO main.train]   Freeze CNN: False
[2026-02-08 15:34:15,029 INFO main.train]   Freeze LSTM: False
[2026-02-08 15:34:15,029 INFO main.train]   Class mode: 4
[2026-02-08 15:34:15,029 INFO main.train]   Test mode: False
[2026-02-08 15:34:15,029 INFO main.train]   Device: cpu
[2026-02-08 15:34:15,029 INFO main.train]   Checkpoint Directory: experiments/both-014b-all-4class-smallerall
[2026-02-08 15:34:15,029 INFO main.train]   Log File: experiments/both-014b-all-4class-smallerall/training_ec+eo_all_20260208_153415.log
[2026-02-08 15:34:15,029 INFO main.train_cross_validation] ================================================================================
[2026-02-08 15:34:15,029 INFO main.train_cross_validation] Starting 6-Fold Cross-Validation Training
[2026-02-08 15:34:15,029 INFO main.train_cross_validation] Dataset: all, Condition(s): ['EC', 'EO']
[2026-02-08 15:34:15,029 INFO main.train_cross_validation] Batch Size: 64, LR: 0.0001
[2026-02-08 15:34:15,029 INFO main.train_cross_validation] Device: cpu
[2026-02-08 15:34:15,030 INFO main.train_cross_validation] ================================================================================
[2026-02-08 15:34:15,030 INFO main.train_cross_validation] Classification mode: 4-class
[2026-02-08 15:34:15,033 INFO dataset._log_file_discovery] Discovered 58 MDD files: {'H': 28, 'MDD': 30} labels, {'EC': 58} conditions
[2026-02-08 15:34:15,033 INFO dataset.__init__] Building chunk index for FlattenedSpectrogramDataset...
[2026-02-08 15:34:48,412 INFO dataset.__init__] Built index with 1741 total chunks
[2026-02-08 15:34:48,414 INFO dataset._log_file_discovery] Discovered 60 MDD files: {'H': 28, 'MDD': 32} labels, {'EO': 60} conditions
[2026-02-08 15:34:48,414 INFO dataset.__init__] Building chunk index for FlattenedSpectrogramDataset...
[2026-02-08 15:35:23,610 INFO dataset.__init__] Built index with 1794 total chunks
[2026-02-08 15:35:23,613 INFO dataset._log_file_discovery] Discovered 64 CANE files: {'normal': 19, 'anxiety': 18, 'depression': 1, 'anxiety-depression': 26} labels, {'ec': 64} conditions
[2026-02-08 15:35:23,613 INFO dataset.__init__] Building chunk index for FlattenedSpectrogramDataset...
[2026-02-08 15:35:24,020 INFO dataset.verify_sampling_rate] Detected sampling rate: 498.97 Hz
[2026-02-08 15:35:24,096 INFO dataset.load_and_preprocess_cane_raw_file] Applied Common Average Reference
[2026-02-08 15:35:24,097 INFO dataset.load_and_preprocess_cane_raw_file] Loading all 8 channels in canonical order
[2026-02-08 15:35:24,111 INFO dataset._process_single_channel] Channel Fp1: Found 3 artifacts (0.00%)
[2026-02-08 15:35:24,135 INFO dataset._process_single_channel] Channel Fp2: Found 20 artifacts (0.01%)
[2026-02-08 15:35:24,168 INFO dataset._process_single_channel] Channel C3: Found 139 artifacts (0.09%)
[2026-02-08 15:35:24,259 INFO dataset._process_single_channel] Channel Cz: Found 77 artifacts (0.05%)
[2026-02-08 15:35:24,317 INFO dataset._process_single_channel] Channel C4: Found 51 artifacts (0.03%)
[2026-02-08 15:35:24,362 INFO dataset._process_single_channel] Channel T7: Found 9 artifacts (0.01%)
[2026-02-08 15:35:24,405 INFO dataset._process_single_channel] Channel Oz: Found 543 artifacts (0.34%)
[2026-02-08 15:35:24,730 INFO dataset.load_and_preprocess_cane_raw_file] Using sampling rate: 500 Hz
[2026-02-08 15:35:24,731 INFO dataset.load_and_preprocess_cane_raw_file] Chunk size: 5000 samples (10s)
[2026-02-08 15:35:25,212 INFO dataset.load_and_preprocess_cane_raw_file] Created 32 chunks of shape torch.Size([32, 8, 5000])
[2026-02-08 15:35:25,856 INFO dataset.verify_sampling_rate] Detected sampling rate: 499.07 Hz
[2026-02-08 15:35:25,945 INFO dataset.load_and_preprocess_cane_raw_file] Applied Common Average Reference
[2026-02-08 15:35:25,945 INFO dataset.load_and_preprocess_cane_raw_file] Loading all 8 channels in canonical order
[2026-02-08 15:35:25,959 INFO dataset._process_single_channel] Channel Fp1: Found 4 artifacts (0.00%)
[2026-02-08 15:35:25,986 INFO dataset._process_single_channel] Channel Fp2: Found 12 artifacts (0.01%)
[2026-02-08 15:35:26,016 INFO dataset._process_single_channel] Channel C3: Found 139 artifacts (0.09%)
[2026-02-08 15:35:26,107 INFO dataset._process_single_channel] Channel Cz: Found 42 artifacts (0.03%)
[2026-02-08 15:35:26,191 INFO dataset._process_single_channel] Channel T8: Found 8 artifacts (0.01%)
[2026-02-08 15:35:26,217 INFO dataset._process_single_channel] Channel Oz: Found 8 artifacts (0.01%)
[2026-02-08 15:35:26,244 INFO dataset.load_and_preprocess_cane_raw_file] Using sampling rate: 500 Hz
[2026-02-08 15:35:26,245 INFO dataset.load_and_preprocess_cane_raw_file] Chunk size: 5000 samples (10s)
[2026-02-08 15:35:26,904 INFO dataset.load_and_preprocess_cane_raw_file] Created 31 chunks of shape torch.Size([31, 8, 5000])
[2026-02-08 15:35:28,021 INFO dataset.verify_sampling_rate] Detected sampling rate: 498.67 Hz
[2026-02-08 15:35:28,102 INFO dataset.load_and_preprocess_cane_raw_file] Applied Common Average Reference
[2026-02-08 15:35:28,102 INFO dataset.load_and_preprocess_cane_raw_file] Loading all 8 channels in canonical order
[2026-02-08 15:35:28,116 INFO dataset._process_single_channel] Channel Fp1: Found 634 artifacts (0.41%)
[2026-02-08 15:35:28,451 INFO dataset._process_single_channel] Channel Fp2: Found 583 artifacts (0.37%)
[2026-02-08 15:35:28,768 INFO dataset._process_single_channel] Channel C3: Found 375 artifacts (0.24%)
[2026-02-08 15:35:28,975 INFO dataset._process_single_channel] Channel Cz: Found 406 artifacts (0.26%)
[2026-02-08 15:35:29,194 INFO dataset._process_single_channel] Channel C4: Found 875 artifacts (0.56%)
[2026-02-08 15:35:29,622 INFO dataset._process_single_channel] Channel T7: Found 469 artifacts (0.30%)
[2026-02-08 15:35:29,840 INFO dataset._process_single_channel] Channel T8: Found 21 artifacts (0.01%)
[2026-02-08 15:35:29,866 INFO dataset._process_single_channel] Channel Oz: Found 402 artifacts (0.26%)
[2026-02-08 15:35:30,063 INFO dataset.load_and_preprocess_cane_raw_file] Using sampling rate: 500 Hz
[2026-02-08 15:35:30,063 INFO dataset.load_and_preprocess_cane_raw_file] Chunk size: 5000 samples (10s)
[2026-02-08 15:35:30,512 INFO dataset.load_and_preprocess_cane_raw_file] Created 31 chunks of shape torch.Size([31, 8, 5000])
[2026-02-08 15:35:31,142 INFO dataset.verify_sampling_rate] Detected sampling rate: 499.65 Hz
[2026-02-08 15:35:31,229 INFO dataset.load_and_preprocess_cane_raw_file] Applied Common Average Reference
[2026-02-08 15:35:31,230 INFO dataset.load_and_preprocess_cane_raw_file] Loading all 8 channels in canonical order
[2026-02-08 15:35:31,244 INFO dataset._process_single_channel] Channel Fp1: Found 188 artifacts (0.12%)
[2026-02-08 15:35:31,359 INFO dataset._process_single_channel] Channel Fp2: Found 133 artifacts (0.09%)
[2026-02-08 15:35:31,449 INFO dataset._process_single_channel] Channel C3: Found 15 artifacts (0.01%)
[2026-02-08 15:35:31,540 INFO dataset._process_single_channel] Channel T8: Found 2136 artifacts (1.39%)
[2026-02-08 15:35:32,582 INFO dataset._process_single_channel] Channel Oz: Found 2591 artifacts (1.69%)
[2026-02-08 15:35:33,774 INFO dataset.load_and_preprocess_cane_raw_file] Using sampling rate: 500 Hz
[2026-02-08 15:35:33,774 INFO dataset.load_and_preprocess_cane_raw_file] Chunk size: 5000 samples (10s)
[2026-02-08 15:35:34,138 INFO dataset.load_and_preprocess_cane_raw_file] Created 30 chunks of shape torch.Size([30, 8, 5000])
[2026-02-08 15:35:34,721 INFO dataset.verify_sampling_rate] Detected sampling rate: 499.17 Hz
[2026-02-08 15:35:34,772 INFO dataset.load_and_preprocess_cane_raw_file] Applied Common Average Reference
[2026-02-08 15:35:34,772 INFO dataset.load_and_preprocess_cane_raw_file] Loading all 8 channels in canonical order
[2026-02-08 15:35:34,782 INFO dataset._process_single_channel] Channel Fp1: Found 2808 artifacts (2.19%)
[2026-02-08 15:35:36,736 INFO dataset._process_single_channel] Channel Fp2: Found 2408 artifacts (1.88%)
[2026-02-08 15:35:37,768 INFO dataset._process_single_channel] Channel C3: Found 3075 artifacts (2.40%)
[2026-02-08 15:35:39,042 INFO dataset._process_single_channel] Channel Cz: Found 2863 artifacts (2.23%)
[2026-02-08 15:35:40,229 INFO dataset._process_single_channel] Channel C4: Found 2809 artifacts (2.19%)
[2026-02-08 15:35:41,412 INFO dataset._process_single_channel] Channel T7: Found 3402 artifacts (2.65%)
[2026-02-08 15:35:42,800 INFO dataset._process_single_channel] Channel T8: Found 1273 artifacts (0.99%)
[2026-02-08 15:35:43,433 INFO dataset._process_single_channel] Channel Oz: Found 3255 artifacts (2.54%)
[2026-02-08 15:35:45,198 INFO dataset.load_and_preprocess_cane_raw_file] Using sampling rate: 500 Hz
[2026-02-08 15:35:45,198 INFO dataset.load_and_preprocess_cane_raw_file] Chunk size: 5000 samples (10s)
[2026-02-08 15:35:45,609 INFO dataset.load_and_preprocess_cane_raw_file] Created 25 chunks of shape torch.Size([25, 8, 5000])
[2026-02-08 15:35:46,288 INFO dataset.verify_sampling_rate] Detected sampling rate: 499.41 Hz
[2026-02-08 15:35:46,346 INFO dataset.load_and_preprocess_cane_raw_file] Applied Common Average Reference
[2026-02-08 15:35:46,346 INFO dataset.load_and_preprocess_cane_raw_file] Loading all 8 channels in canonical order
[2026-02-08 15:35:46,357 INFO dataset._process_single_channel] Channel Fp1: Found 8 artifacts (0.01%)
[2026-02-08 15:35:46,379 INFO dataset._process_single_channel] Channel Fp2: Found 8 artifacts (0.01%)
[2026-02-08 15:35:46,403 INFO dataset._process_single_channel] Channel C3: Found 8 artifacts (0.01%)
[2026-02-08 15:35:46,428 INFO dataset._process_single_channel] Channel Cz: Found 7 artifacts (0.01%)
[2026-02-08 15:35:46,450 INFO dataset._process_single_channel] Channel C4: Found 8 artifacts (0.01%)
[2026-02-08 15:35:46,476 INFO dataset._process_single_channel] Channel T7: Found 6 artifacts (0.00%)
[2026-02-08 15:35:46,498 INFO dataset._process_single_channel] Channel T8: Found 6 artifacts (0.00%)
[2026-02-08 15:35:46,523 INFO dataset._process_single_channel] Channel Oz: Found 8 artifacts (0.01%)
[2026-02-08 15:35:46,543 INFO dataset.load_and_preprocess_cane_raw_file] Using sampling rate: 500 Hz
[2026-02-08 15:35:46,544 INFO dataset.load_and_preprocess_cane_raw_file] Chunk size: 5000 samples (10s)
[2026-02-08 15:35:47,022 INFO dataset.load_and_preprocess_cane_raw_file] Created 25 chunks of shape torch.Size([25, 8, 5000])
[2026-02-08 15:35:47,744 INFO dataset.verify_sampling_rate] Detected sampling rate: 498.44 Hz
[2026-02-08 15:35:47,822 INFO dataset.load_and_preprocess_cane_raw_file] Applied Common Average Reference
[2026-02-08 15:35:47,822 INFO dataset.load_and_preprocess_cane_raw_file] Loading all 8 channels in canonical order
[2026-02-08 15:35:47,834 INFO dataset._process_single_channel] Channel Fp1: Found 382 artifacts (0.28%)
[2026-02-08 15:35:48,110 INFO dataset._process_single_channel] Channel Fp2: Found 373 artifacts (0.27%)
[2026-02-08 15:35:48,330 INFO dataset._process_single_channel] Channel C3: Found 2133 artifacts (1.54%)
[2026-02-08 15:35:49,537 INFO dataset._process_single_channel] Channel Cz: Found 597 artifacts (0.43%)
[2026-02-08 15:35:49,891 INFO dataset._process_single_channel] Channel C4: Found 57 artifacts (0.04%)
[2026-02-08 15:35:49,945 INFO dataset._process_single_channel] Channel T7: Found 345 artifacts (0.25%)
[2026-02-08 15:35:50,172 INFO dataset._process_single_channel] Channel T8: Found 406 artifacts (0.29%)
[2026-02-08 15:35:50,413 INFO dataset._process_single_channel] Channel Oz: Found 480 artifacts (0.35%)
[2026-02-08 15:35:50,729 INFO dataset.load_and_preprocess_cane_raw_file] Using sampling rate: 500 Hz
[2026-02-08 15:35:50,751 INFO dataset.load_and_preprocess_cane_raw_file] Chunk size: 5000 samples (10s)
[2026-02-08 15:35:51,536 INFO dataset.load_and_preprocess_cane_raw_file] Created 27 chunks of shape torch.Size([27, 8, 5000])
[2026-02-08 15:35:52,326 INFO dataset.verify_sampling_rate] Detected sampling rate: 499.12 Hz
[2026-02-08 15:35:52,394 INFO dataset.load_and_preprocess_cane_raw_file] Applied Common Average Reference
[2026-02-08 15:35:52,395 INFO dataset.load_and_preprocess_cane_raw_file] Loading all 8 channels in canonical order
[2026-02-08 15:35:52,447 INFO dataset._process_single_channel] Channel C3: Found 1 artifacts (0.00%)
[2026-02-08 15:35:52,469 INFO dataset._process_single_channel] Channel Cz: Found 3 artifacts (0.00%)
[2026-02-08 15:35:52,547 INFO dataset._process_single_channel] Channel Oz: Found 2 artifacts (0.00%)
[2026-02-08 15:35:52,560 INFO dataset.load_and_preprocess_cane_raw_file] Using sampling rate: 500 Hz
[2026-02-08 15:35:52,560 INFO dataset.load_and_preprocess_cane_raw_file] Chunk size: 5000 samples (10s)
[2026-02-08 15:35:53,018 INFO dataset.load_and_preprocess_cane_raw_file] Created 25 chunks of shape torch.Size([25, 8, 5000])
[2026-02-08 15:35:53,654 INFO dataset.verify_sampling_rate] Detected sampling rate: 499.10 Hz
[2026-02-08 15:35:53,714 INFO dataset.load_and_preprocess_cane_raw_file] Applied Common Average Reference
[2026-02-08 15:35:53,714 INFO dataset.load_and_preprocess_cane_raw_file] Loading all 8 channels in canonical order
[2026-02-08 15:35:53,726 INFO dataset._process_single_channel] Channel Fp1: Found 128 artifacts (0.10%)
[2026-02-08 15:35:53,836 INFO dataset._process_single_channel] Channel Fp2: Found 116 artifacts (0.09%)
[2026-02-08 15:35:53,921 INFO dataset._process_single_channel] Channel C3: Found 12 artifacts (0.01%)
[2026-02-08 15:35:53,948 INFO dataset._process_single_channel] Channel Cz: Found 10 artifacts (0.01%)
[2026-02-08 15:35:53,973 INFO dataset._process_single_channel] Channel C4: Found 197 artifacts (0.15%)
[2026-02-08 15:35:54,108 INFO dataset._process_single_channel] Channel T7: Found 59 artifacts (0.05%)
[2026-02-08 15:35:54,163 INFO dataset._process_single_channel] Channel T8: Found 21 artifacts (0.02%)
[2026-02-08 15:35:54,197 INFO dataset._process_single_channel] Channel Oz: Found 114 artifacts (0.09%)
[2026-02-08 15:35:54,276 INFO dataset.load_and_preprocess_cane_raw_file] Using sampling rate: 500 Hz
[2026-02-08 15:35:54,276 INFO dataset.load_and_preprocess_cane_raw_file] Chunk size: 5000 samples (10s)
[2026-02-08 15:35:54,726 INFO dataset.load_and_preprocess_cane_raw_file] Created 25 chunks of shape torch.Size([25, 8, 5000])
[2026-02-08 15:35:55,546 INFO dataset.verify_sampling_rate] Detected sampling rate: 499.21 Hz
[2026-02-08 15:35:55,619 INFO dataset.load_and_preprocess_cane_raw_file] Applied Common Average Reference
[2026-02-08 15:35:55,620 INFO dataset.load_and_preprocess_cane_raw_file] Loading all 8 channels in canonical order
[2026-02-08 15:35:55,632 INFO dataset._process_single_channel] Channel Fp1: Found 106 artifacts (0.07%)
[2026-02-08 15:35:55,718 INFO dataset._process_single_channel] Channel Fp2: Found 15 artifacts (0.01%)
[2026-02-08 15:35:55,745 INFO dataset._process_single_channel] Channel C3: Found 2428 artifacts (1.58%)
[2026-02-08 15:35:57,000 INFO dataset._process_single_channel] Channel Cz: Found 2 artifacts (0.00%)
[2026-02-08 15:35:57,025 INFO dataset._process_single_channel] Channel C4: Found 55 artifacts (0.04%)
[2026-02-08 15:35:57,072 INFO dataset._process_single_channel] Channel T7: Found 1609 artifacts (1.05%)
[2026-02-08 15:35:57,945 INFO dataset._process_single_channel] Channel T8: Found 2770 artifacts (1.81%)
[2026-02-08 15:35:59,441 INFO dataset._process_single_channel] Channel Oz: Found 2 artifacts (0.00%)
[2026-02-08 15:35:59,458 INFO dataset.load_and_preprocess_cane_raw_file] Using sampling rate: 500 Hz
[2026-02-08 15:35:59,458 INFO dataset.load_and_preprocess_cane_raw_file] Chunk size: 5000 samples (10s)
[2026-02-08 15:36:00,119 INFO dataset.load_and_preprocess_cane_raw_file] Created 30 chunks of shape torch.Size([30, 8, 5000])
[2026-02-08 15:36:00,989 INFO dataset.verify_sampling_rate] Detected sampling rate: 495.81 Hz
[2026-02-08 15:36:01,090 INFO dataset.load_and_preprocess_cane_raw_file] Applied Common Average Reference
[2026-02-08 15:36:01,091 INFO dataset.load_and_preprocess_cane_raw_file] Loading all 8 channels in canonical order
[2026-02-08 15:36:01,217 INFO dataset._process_single_channel] Channel C4: Found 2081 artifacts (1.37%)
[2026-02-08 15:36:03,757 INFO dataset.load_and_preprocess_cane_raw_file] Using sampling rate: 500 Hz
[2026-02-08 15:36:03,758 INFO dataset.load_and_preprocess_cane_raw_file] Chunk size: 5000 samples (10s)
[2026-02-08 15:36:05,070 INFO dataset.load_and_preprocess_cane_raw_file] Created 30 chunks of shape torch.Size([30, 8, 5000])
[2026-02-08 15:36:06,589 INFO dataset.verify_sampling_rate] Detected sampling rate: 498.50 Hz
[2026-02-08 15:36:06,826 INFO dataset.load_and_preprocess_cane_raw_file] Applied Common Average Reference
[2026-02-08 15:36:06,827 INFO dataset.load_and_preprocess_cane_raw_file] Loading all 8 channels in canonical order
[2026-02-08 15:36:06,858 INFO dataset._process_single_channel] Channel Fp1: Found 151 artifacts (0.08%)
[2026-02-08 15:36:07,105 INFO dataset._process_single_channel] Channel Fp2: Found 204 artifacts (0.11%)
[2026-02-08 15:36:07,301 INFO dataset._process_single_channel] Channel C3: Found 335 artifacts (0.18%)
[2026-02-08 15:36:07,641 INFO dataset._process_single_channel] Channel Cz: Found 391 artifacts (0.21%)
[2026-02-08 15:36:07,994 INFO dataset._process_single_channel] Channel C4: Found 58 artifacts (0.03%)
[2026-02-08 15:36:08,094 INFO dataset._process_single_channel] Channel T7: Found 2156 artifacts (1.15%)
[2026-02-08 15:36:09,649 INFO dataset._process_single_channel] Channel T8: Found 1139 artifacts (0.61%)
[2026-02-08 15:36:10,358 INFO dataset._process_single_channel] Channel Oz: Found 1168 artifacts (0.62%)
[2026-02-08 15:36:11,185 INFO dataset.load_and_preprocess_cane_raw_file] Using sampling rate: 500 Hz
[2026-02-08 15:36:11,186 INFO dataset.load_and_preprocess_cane_raw_file] Chunk size: 5000 samples (10s)
[2026-02-08 15:36:12,026 INFO dataset.load_and_preprocess_cane_raw_file] Created 37 chunks of shape torch.Size([37, 8, 5000])
[2026-02-08 15:36:13,090 INFO dataset.verify_sampling_rate] Detected sampling rate: 499.26 Hz
[2026-02-08 15:36:13,199 INFO dataset.load_and_preprocess_cane_raw_file] Applied Common Average Reference
[2026-02-08 15:36:13,200 INFO dataset.load_and_preprocess_cane_raw_file] Loading all 8 channels in canonical order
[2026-02-08 15:36:13,219 INFO dataset._process_single_channel] Channel Fp1: Found 33 artifacts (0.02%)
[2026-02-08 15:36:13,275 INFO dataset._process_single_channel] Channel Fp2: Found 1002 artifacts (0.65%)
[2026-02-08 15:36:14,140 INFO dataset._process_single_channel] Channel C3: Found 870 artifacts (0.57%)
[2026-02-08 15:36:14,988 INFO dataset._process_single_channel] Channel T7: Found 915 artifacts (0.60%)
[2026-02-08 15:36:15,705 INFO dataset._process_single_channel] Channel T8: Found 299 artifacts (0.20%)
[2026-02-08 15:36:15,935 INFO dataset._process_single_channel] Channel Oz: Found 841 artifacts (0.55%)
[2026-02-08 15:36:16,509 INFO dataset.load_and_preprocess_cane_raw_file] Using sampling rate: 500 Hz
[2026-02-08 15:36:16,509 INFO dataset.load_and_preprocess_cane_raw_file] Chunk size: 5000 samples (10s)
[2026-02-08 15:36:17,540 INFO dataset.load_and_preprocess_cane_raw_file] Created 30 chunks of shape torch.Size([30, 8, 5000])
[2026-02-08 15:36:18,569 INFO dataset.verify_sampling_rate] Detected sampling rate: 499.51 Hz
[2026-02-08 15:36:18,670 INFO dataset.load_and_preprocess_cane_raw_file] Applied Common Average Reference
[2026-02-08 15:36:18,671 INFO dataset.load_and_preprocess_cane_raw_file] Loading all 8 channels in canonical order
[2026-02-08 15:36:18,894 INFO dataset.load_and_preprocess_cane_raw_file] Using sampling rate: 500 Hz
[2026-02-08 15:36:18,894 INFO dataset.load_and_preprocess_cane_raw_file] Chunk size: 5000 samples (10s)
[2026-02-08 15:36:19,615 INFO dataset.load_and_preprocess_cane_raw_file] Created 30 chunks of shape torch.Size([30, 8, 5000])
[2026-02-08 15:36:20,381 INFO dataset.verify_sampling_rate] Detected sampling rate: 499.61 Hz
[2026-02-08 15:36:20,473 INFO dataset.load_and_preprocess_cane_raw_file] Applied Common Average Reference
[2026-02-08 15:36:20,474 INFO dataset.load_and_preprocess_cane_raw_file] Loading all 8 channels in canonical order
[2026-02-08 15:36:20,494 INFO dataset._process_single_channel] Channel Fp1: Found 399 artifacts (0.25%)
[2026-02-08 15:36:20,796 INFO dataset._process_single_channel] Channel Fp2: Found 5 artifacts (0.00%)
[2026-02-08 15:36:20,823 INFO dataset._process_single_channel] Channel C3: Found 1016 artifacts (0.65%)
[2026-02-08 15:36:21,674 INFO dataset._process_single_channel] Channel Cz: Found 1161 artifacts (0.74%)
[2026-02-08 15:36:22,435 INFO dataset._process_single_channel] Channel C4: Found 2418 artifacts (1.54%)
[2026-02-08 15:36:24,010 INFO dataset._process_single_channel] Channel T7: Found 2323 artifacts (1.48%)
[2026-02-08 15:36:25,384 INFO dataset._process_single_channel] Channel T8: Found 446 artifacts (0.28%)
[2026-02-08 15:36:25,698 INFO dataset._process_single_channel] Channel Oz: Found 1193 artifacts (0.76%)
[2026-02-08 15:36:26,433 INFO dataset.load_and_preprocess_cane_raw_file] Using sampling rate: 500 Hz
[2026-02-08 15:36:26,434 INFO dataset.load_and_preprocess_cane_raw_file] Chunk size: 5000 samples (10s)
[2026-02-08 15:36:27,117 INFO dataset.load_and_preprocess_cane_raw_file] Created 31 chunks of shape torch.Size([31, 8, 5000])
[2026-02-08 15:36:28,039 INFO dataset.verify_sampling_rate] Detected sampling rate: 499.42 Hz
[2026-02-08 15:36:28,144 INFO dataset.load_and_preprocess_cane_raw_file] Applied Common Average Reference
[2026-02-08 15:36:28,144 INFO dataset.load_and_preprocess_cane_raw_file] Loading all 8 channels in canonical order
[2026-02-08 15:36:28,353 INFO dataset.load_and_preprocess_cane_raw_file] Using sampling rate: 500 Hz
[2026-02-08 15:36:28,353 INFO dataset.load_and_preprocess_cane_raw_file] Chunk size: 5000 samples (10s)
[2026-02-08 15:36:29,012 INFO dataset.load_and_preprocess_cane_raw_file] Created 30 chunks of shape torch.Size([30, 8, 5000])
[2026-02-08 15:36:29,862 INFO dataset.verify_sampling_rate] Detected sampling rate: 499.74 Hz
[2026-02-08 15:36:29,940 INFO dataset.load_and_preprocess_cane_raw_file] Applied Common Average Reference
[2026-02-08 15:36:29,940 INFO dataset.load_and_preprocess_cane_raw_file] Loading all 8 channels in canonical order
[2026-02-08 15:36:29,954 INFO dataset._process_single_channel] Channel Fp1: Found 168 artifacts (0.11%)
[2026-02-08 15:36:30,075 INFO dataset._process_single_channel] Channel Fp2: Found 2 artifacts (0.00%)
[2026-02-08 15:36:30,101 INFO dataset._process_single_channel] Channel C3: Found 77 artifacts (0.05%)
[2026-02-08 15:36:30,169 INFO dataset._process_single_channel] Channel Cz: Found 103 artifacts (0.07%)
[2026-02-08 15:36:30,251 INFO dataset._process_single_channel] Channel C4: Found 88 artifacts (0.06%)
[2026-02-08 15:36:30,328 INFO dataset._process_single_channel] Channel T7: Found 103 artifacts (0.07%)
[2026-02-08 15:36:30,438 INFO dataset._process_single_channel] Channel T8: Found 104 artifacts (0.07%)
[2026-02-08 15:36:30,533 INFO dataset._process_single_channel] Channel Oz: Found 110 artifacts (0.07%)
[2026-02-08 15:36:30,635 INFO dataset.load_and_preprocess_cane_raw_file] Using sampling rate: 500 Hz
[2026-02-08 15:36:30,636 INFO dataset.load_and_preprocess_cane_raw_file] Chunk size: 5000 samples (10s)
[2026-02-08 15:36:31,236 INFO dataset.load_and_preprocess_cane_raw_file] Created 30 chunks of shape torch.Size([30, 8, 5000])
[2026-02-08 15:36:32,137 INFO dataset.verify_sampling_rate] Detected sampling rate: 499.45 Hz
[2026-02-08 15:36:32,228 INFO dataset.load_and_preprocess_cane_raw_file] Applied Common Average Reference
[2026-02-08 15:36:32,228 INFO dataset.load_and_preprocess_cane_raw_file] Loading all 8 channels in canonical order
[2026-02-08 15:36:32,342 INFO dataset._process_single_channel] Channel C4: Found 56 artifacts (0.04%)
[2026-02-08 15:36:32,456 INFO dataset._process_single_channel] Channel Oz: Found 257 artifacts (0.17%)
[2026-02-08 15:36:32,663 INFO dataset.load_and_preprocess_cane_raw_file] Using sampling rate: 500 Hz
[2026-02-08 15:36:32,663 INFO dataset.load_and_preprocess_cane_raw_file] Chunk size: 5000 samples (10s)
[2026-02-08 15:36:33,313 INFO dataset.load_and_preprocess_cane_raw_file] Created 30 chunks of shape torch.Size([30, 8, 5000])
[2026-02-08 15:36:34,174 INFO dataset.verify_sampling_rate] Detected sampling rate: 499.60 Hz
[2026-02-08 15:36:34,277 INFO dataset.load_and_preprocess_cane_raw_file] Applied Common Average Reference
[2026-02-08 15:36:34,278 INFO dataset.load_and_preprocess_cane_raw_file] Loading all 8 channels in canonical order
[2026-02-08 15:36:34,522 INFO dataset.load_and_preprocess_cane_raw_file] Using sampling rate: 500 Hz
[2026-02-08 15:36:34,522 INFO dataset.load_and_preprocess_cane_raw_file] Chunk size: 5000 samples (10s)
[2026-02-08 15:36:35,240 INFO dataset.load_and_preprocess_cane_raw_file] Created 30 chunks of shape torch.Size([30, 8, 5000])
[2026-02-08 15:36:36,262 INFO dataset.verify_sampling_rate] Detected sampling rate: 499.28 Hz
[2026-02-08 15:36:36,354 INFO dataset.load_and_preprocess_cane_raw_file] Applied Common Average Reference
[2026-02-08 15:36:36,354 INFO dataset.load_and_preprocess_cane_raw_file] Loading all 8 channels in canonical order
[2026-02-08 15:36:36,371 INFO dataset._process_single_channel] Channel Fp1: Found 9 artifacts (0.01%)
[2026-02-08 15:36:36,416 INFO dataset._process_single_channel] Channel Fp2: Found 339 artifacts (0.22%)
[2026-02-08 15:36:36,660 INFO dataset._process_single_channel] Channel C3: Found 59 artifacts (0.04%)
[2026-02-08 15:36:36,723 INFO dataset._process_single_channel] Channel Cz: Found 991 artifacts (0.65%)
[2026-02-08 15:36:37,306 INFO dataset._process_single_channel] Channel C4: Found 55 artifacts (0.04%)
[2026-02-08 15:36:37,359 INFO dataset._process_single_channel] Channel T7: Found 531 artifacts (0.35%)
[2026-02-08 15:36:37,765 INFO dataset._process_single_channel] Channel T8: Found 1091 artifacts (0.71%)
[2026-02-08 15:36:38,489 INFO dataset._process_single_channel] Channel Oz: Found 241 artifacts (0.16%)
[2026-02-08 15:36:38,631 INFO dataset.load_and_preprocess_cane_raw_file] Using sampling rate: 500 Hz
[2026-02-08 15:36:38,631 INFO dataset.load_and_preprocess_cane_raw_file] Chunk size: 5000 samples (10s)
[2026-02-08 15:36:39,116 INFO dataset.load_and_preprocess_cane_raw_file] Created 30 chunks of shape torch.Size([30, 8, 5000])
[2026-02-08 15:36:39,970 INFO dataset.verify_sampling_rate] Detected sampling rate: 497.83 Hz
[2026-02-08 15:36:40,074 INFO dataset.load_and_preprocess_cane_raw_file] Applied Common Average Reference
[2026-02-08 15:36:40,075 INFO dataset.load_and_preprocess_cane_raw_file] Loading all 8 channels in canonical order
[2026-02-08 15:36:40,116 INFO dataset._process_single_channel] Channel Fp2: Found 12 artifacts (0.01%)
[2026-02-08 15:36:40,151 INFO dataset._process_single_channel] Channel C3: Found 515 artifacts (0.33%)
[2026-02-08 15:36:40,498 INFO dataset._process_single_channel] Channel Cz: Found 808 artifacts (0.51%)
[2026-02-08 15:36:41,053 INFO dataset._process_single_channel] Channel C4: Found 621 artifacts (0.39%)
[2026-02-08 15:36:41,484 INFO dataset._process_single_channel] Channel T7: Found 11 artifacts (0.01%)
[2026-02-08 15:36:41,518 INFO dataset._process_single_channel] Channel T8: Found 10 artifacts (0.01%)
[2026-02-08 15:36:41,554 INFO dataset._process_single_channel] Channel Oz: Found 66 artifacts (0.04%)
[2026-02-08 15:36:41,619 INFO dataset.load_and_preprocess_cane_raw_file] Using sampling rate: 500 Hz
[2026-02-08 15:36:41,619 INFO dataset.load_and_preprocess_cane_raw_file] Chunk size: 5000 samples (10s)
[2026-02-08 15:36:42,329 INFO dataset.load_and_preprocess_cane_raw_file] Created 31 chunks of shape torch.Size([31, 8, 5000])
[2026-02-08 15:36:43,176 INFO dataset.verify_sampling_rate] Detected sampling rate: 499.53 Hz
[2026-02-08 15:36:43,253 INFO dataset.load_and_preprocess_cane_raw_file] Applied Common Average Reference
[2026-02-08 15:36:43,254 INFO dataset.load_and_preprocess_cane_raw_file] Loading all 8 channels in canonical order
[2026-02-08 15:36:43,277 INFO dataset._process_single_channel] Channel Fp1: Found 76 artifacts (0.05%)
[2026-02-08 15:36:43,390 INFO dataset._process_single_channel] Channel C3: Found 41 artifacts (0.03%)
[2026-02-08 15:36:43,443 INFO dataset._process_single_channel] Channel Cz: Found 24 artifacts (0.02%)
[2026-02-08 15:36:43,484 INFO dataset._process_single_channel] Channel C4: Found 133 artifacts (0.09%)
[2026-02-08 15:36:43,601 INFO dataset._process_single_channel] Channel T7: Found 195 artifacts (0.13%)
[2026-02-08 15:36:43,778 INFO dataset._process_single_channel] Channel Oz: Found 40 artifacts (0.03%)
[2026-02-08 15:36:43,821 INFO dataset.load_and_preprocess_cane_raw_file] Using sampling rate: 500 Hz
[2026-02-08 15:36:43,821 INFO dataset.load_and_preprocess_cane_raw_file] Chunk size: 5000 samples (10s)
[2026-02-08 15:36:44,531 INFO dataset.load_and_preprocess_cane_raw_file] Created 30 chunks of shape torch.Size([30, 8, 5000])
[2026-02-08 15:36:45,413 INFO dataset.verify_sampling_rate] Detected sampling rate: 499.58 Hz
[2026-02-08 15:36:45,486 INFO dataset.load_and_preprocess_cane_raw_file] Applied Common Average Reference
[2026-02-08 15:36:45,487 INFO dataset.load_and_preprocess_cane_raw_file] Loading all 8 channels in canonical order
[2026-02-08 15:36:45,502 INFO dataset._process_single_channel] Channel Fp1: Found 1231 artifacts (0.79%)
[2026-02-08 15:36:46,332 INFO dataset._process_single_channel] Channel Fp2: Found 1378 artifacts (0.89%)
[2026-02-08 15:36:47,177 INFO dataset._process_single_channel] Channel C3: Found 351 artifacts (0.23%)
[2026-02-08 15:36:47,413 INFO dataset._process_single_channel] Channel Cz: Found 803 artifacts (0.52%)
[2026-02-08 15:36:47,941 INFO dataset._process_single_channel] Channel C4: Found 325 artifacts (0.21%)
[2026-02-08 15:36:48,174 INFO dataset._process_single_channel] Channel T7: Found 666 artifacts (0.43%)
[2026-02-08 15:36:48,600 INFO dataset._process_single_channel] Channel T8: Found 366 artifacts (0.24%)
[2026-02-08 15:36:48,822 INFO dataset._process_single_channel] Channel Oz: Found 276 artifacts (0.18%)
[2026-02-08 15:36:49,015 INFO dataset.load_and_preprocess_cane_raw_file] Using sampling rate: 500 Hz
[2026-02-08 15:36:49,015 INFO dataset.load_and_preprocess_cane_raw_file] Chunk size: 5000 samples (10s)
[2026-02-08 15:36:49,640 INFO dataset.load_and_preprocess_cane_raw_file] Created 30 chunks of shape torch.Size([30, 8, 5000])
[2026-02-08 15:36:50,482 INFO dataset.verify_sampling_rate] Detected sampling rate: 498.58 Hz
[2026-02-08 15:36:50,570 INFO dataset.load_and_preprocess_cane_raw_file] Applied Common Average Reference
[2026-02-08 15:36:50,571 INFO dataset.load_and_preprocess_cane_raw_file] Loading all 8 channels in canonical order
[2026-02-08 15:36:50,594 INFO dataset._process_single_channel] Channel Fp1: Found 44 artifacts (0.03%)
[2026-02-08 15:36:50,668 INFO dataset._process_single_channel] Channel Fp2: Found 58 artifacts (0.03%)
[2026-02-08 15:36:50,739 INFO dataset._process_single_channel] Channel C3: Found 41 artifacts (0.02%)
[2026-02-08 15:36:50,794 INFO dataset._process_single_channel] Channel Cz: Found 27 artifacts (0.02%)
[2026-02-08 15:36:50,843 INFO dataset._process_single_channel] Channel C4: Found 53 artifacts (0.03%)
[2026-02-08 15:36:50,910 INFO dataset._process_single_channel] Channel T7: Found 53 artifacts (0.03%)
[2026-02-08 15:36:51,030 INFO dataset._process_single_channel] Channel Oz: Found 16 artifacts (0.01%)
[2026-02-08 15:36:51,068 INFO dataset.load_and_preprocess_cane_raw_file] Using sampling rate: 500 Hz
[2026-02-08 15:36:51,069 INFO dataset.load_and_preprocess_cane_raw_file] Chunk size: 5000 samples (10s)
[2026-02-08 15:36:51,993 INFO dataset.load_and_preprocess_cane_raw_file] Created 33 chunks of shape torch.Size([33, 8, 5000])
[2026-02-08 15:36:53,014 INFO dataset.verify_sampling_rate] Detected sampling rate: 499.56 Hz
[2026-02-08 15:36:53,106 INFO dataset.load_and_preprocess_cane_raw_file] Applied Common Average Reference
[2026-02-08 15:36:53,107 INFO dataset.load_and_preprocess_cane_raw_file] Loading all 8 channels in canonical order
[2026-02-08 15:36:53,228 INFO dataset._process_single_channel] Channel Cz: Found 240 artifacts (0.16%)
[2026-02-08 15:36:53,447 INFO dataset._process_single_channel] Channel C4: Found 215 artifacts (0.14%)
[2026-02-08 15:36:53,639 INFO dataset._process_single_channel] Channel T7: Found 768 artifacts (0.50%)
[2026-02-08 15:36:54,223 INFO dataset._process_single_channel] Channel T8: Found 1979 artifacts (1.29%)
[2026-02-08 15:36:55,551 INFO dataset.load_and_preprocess_cane_raw_file] Using sampling rate: 500 Hz
[2026-02-08 15:36:55,551 INFO dataset.load_and_preprocess_cane_raw_file] Chunk size: 5000 samples (10s)
[2026-02-08 15:36:56,127 INFO dataset.load_and_preprocess_cane_raw_file] Created 30 chunks of shape torch.Size([30, 8, 5000])
[2026-02-08 15:36:57,065 INFO dataset.verify_sampling_rate] Detected sampling rate: 498.57 Hz
[2026-02-08 15:36:57,140 INFO dataset.load_and_preprocess_cane_raw_file] Applied Common Average Reference
[2026-02-08 15:36:57,141 INFO dataset.load_and_preprocess_cane_raw_file] Loading all 8 channels in canonical order
[2026-02-08 15:36:57,154 INFO dataset._process_single_channel] Channel Fp1: Found 337 artifacts (0.26%)
[2026-02-08 15:36:57,442 INFO dataset._process_single_channel] Channel C3: Found 181 artifacts (0.14%)
[2026-02-08 15:36:57,575 INFO dataset._process_single_channel] Channel Cz: Found 2 artifacts (0.00%)
[2026-02-08 15:36:57,599 INFO dataset._process_single_channel] Channel C4: Found 84 artifacts (0.06%)
[2026-02-08 15:36:57,719 INFO dataset._process_single_channel] Channel Oz: Found 2 artifacts (0.00%)
[2026-02-08 15:36:57,737 INFO dataset.load_and_preprocess_cane_raw_file] Using sampling rate: 500 Hz
[2026-02-08 15:36:57,738 INFO dataset.load_and_preprocess_cane_raw_file] Chunk size: 5000 samples (10s)
[2026-02-08 15:36:58,222 INFO dataset.load_and_preprocess_cane_raw_file] Created 26 chunks of shape torch.Size([26, 8, 5000])
[2026-02-08 15:36:59,008 INFO dataset.verify_sampling_rate] Detected sampling rate: 499.57 Hz
[2026-02-08 15:36:59,081 INFO dataset.load_and_preprocess_cane_raw_file] Applied Common Average Reference
[2026-02-08 15:36:59,082 INFO dataset.load_and_preprocess_cane_raw_file] Loading all 8 channels in canonical order
[2026-02-08 15:36:59,095 INFO dataset._process_single_channel] Channel Fp1: Found 251 artifacts (0.16%)
[2026-02-08 15:36:59,271 INFO dataset._process_single_channel] Channel Fp2: Found 191 artifacts (0.12%)
[2026-02-08 15:36:59,429 INFO dataset._process_single_channel] Channel C3: Found 310 artifacts (0.20%)
[2026-02-08 15:36:59,663 INFO dataset._process_single_channel] Channel Cz: Found 227 artifacts (0.14%)
[2026-02-08 15:36:59,833 INFO dataset._process_single_channel] Channel C4: Found 541 artifacts (0.34%)
[2026-02-08 15:37:00,285 INFO dataset._process_single_channel] Channel T8: Found 1 artifacts (0.00%)
[2026-02-08 15:37:00,329 INFO dataset.load_and_preprocess_cane_raw_file] Using sampling rate: 500 Hz
[2026-02-08 15:37:00,329 INFO dataset.load_and_preprocess_cane_raw_file] Chunk size: 5000 samples (10s)
[2026-02-08 15:37:01,130 INFO dataset.load_and_preprocess_cane_raw_file] Created 31 chunks of shape torch.Size([31, 8, 5000])
[2026-02-08 15:37:02,146 INFO dataset.verify_sampling_rate] Detected sampling rate: 499.57 Hz
[2026-02-08 15:37:02,245 INFO dataset.load_and_preprocess_cane_raw_file] Applied Common Average Reference
[2026-02-08 15:37:02,246 INFO dataset.load_and_preprocess_cane_raw_file] Loading all 8 channels in canonical order
[2026-02-08 15:37:02,369 INFO dataset._process_single_channel] Channel Cz: Found 2166 artifacts (1.41%)
[2026-02-08 15:37:03,848 INFO dataset._process_single_channel] Channel C4: Found 2131 artifacts (1.38%)
[2026-02-08 15:37:05,222 INFO dataset.load_and_preprocess_cane_raw_file] Using sampling rate: 500 Hz
[2026-02-08 15:37:05,222 INFO dataset.load_and_preprocess_cane_raw_file] Chunk size: 5000 samples (10s)
[2026-02-08 15:37:05,825 INFO dataset.load_and_preprocess_cane_raw_file] Created 30 chunks of shape torch.Size([30, 8, 5000])
[2026-02-08 15:37:06,727 INFO dataset.verify_sampling_rate] Detected sampling rate: 498.36 Hz
[2026-02-08 15:37:06,798 INFO dataset.load_and_preprocess_cane_raw_file] Applied Common Average Reference
[2026-02-08 15:37:06,799 INFO dataset.load_and_preprocess_cane_raw_file] Loading all 8 channels in canonical order
[2026-02-08 15:37:06,811 INFO dataset._process_single_channel] Channel Fp1: Found 216 artifacts (0.17%)
[2026-02-08 15:37:06,960 INFO dataset._process_single_channel] Channel Fp2: Found 1206 artifacts (0.94%)
[2026-02-08 15:37:07,670 INFO dataset._process_single_channel] Channel C3: Found 793 artifacts (0.62%)
[2026-02-08 15:37:08,122 INFO dataset._process_single_channel] Channel Cz: Found 39 artifacts (0.03%)
[2026-02-08 15:37:08,167 INFO dataset._process_single_channel] Channel C4: Found 194 artifacts (0.15%)
[2026-02-08 15:37:08,327 INFO dataset._process_single_channel] Channel T7: Found 512 artifacts (0.40%)
[2026-02-08 15:37:08,725 INFO dataset._process_single_channel] Channel T8: Found 763 artifacts (0.59%)
[2026-02-08 15:37:09,337 INFO dataset._process_single_channel] Channel Oz: Found 59 artifacts (0.05%)
[2026-02-08 15:37:09,398 INFO dataset.load_and_preprocess_cane_raw_file] Using sampling rate: 500 Hz
[2026-02-08 15:37:09,398 INFO dataset.load_and_preprocess_cane_raw_file] Chunk size: 5000 samples (10s)
[2026-02-08 15:37:09,920 INFO dataset.load_and_preprocess_cane_raw_file] Created 25 chunks of shape torch.Size([25, 8, 5000])
[2026-02-08 15:37:10,793 INFO dataset.verify_sampling_rate] Detected sampling rate: 496.97 Hz
[2026-02-08 15:37:10,919 INFO dataset.load_and_preprocess_cane_raw_file] Applied Common Average Reference
[2026-02-08 15:37:10,920 INFO dataset.load_and_preprocess_cane_raw_file] Loading all 8 channels in canonical order
[2026-02-08 15:37:10,937 INFO dataset._process_single_channel] Channel Fp1: Found 5935 artifacts (3.13%)
[2026-02-08 15:37:16,889 INFO dataset._process_single_channel] Channel Fp2: Found 5481 artifacts (2.89%)
[2026-02-08 15:37:24,192 INFO dataset._process_single_channel] Channel C3: Found 5383 artifacts (2.84%)
[2026-02-08 15:37:28,983 INFO dataset._process_single_channel] Channel Cz: Found 857 artifacts (0.45%)
[2026-02-08 15:37:29,581 INFO dataset._process_single_channel] Channel C4: Found 5451 artifacts (2.88%)
[2026-02-08 15:37:33,534 INFO dataset._process_single_channel] Channel T7: Found 757 artifacts (0.40%)
[2026-02-08 15:37:34,162 INFO dataset._process_single_channel] Channel T8: Found 1400 artifacts (0.74%)
[2026-02-08 15:37:35,131 INFO dataset._process_single_channel] Channel Oz: Found 5571 artifacts (2.94%)
[2026-02-08 15:37:39,349 INFO dataset.load_and_preprocess_cane_raw_file] Using sampling rate: 500 Hz
[2026-02-08 15:37:39,349 INFO dataset.load_and_preprocess_cane_raw_file] Chunk size: 5000 samples (10s)
[2026-02-08 15:37:40,239 INFO dataset.load_and_preprocess_cane_raw_file] Created 37 chunks of shape torch.Size([37, 8, 5000])
[2026-02-08 15:37:41,465 INFO dataset.verify_sampling_rate] Detected sampling rate: 499.05 Hz
[2026-02-08 15:37:41,614 INFO dataset.load_and_preprocess_cane_raw_file] Applied Common Average Reference
[2026-02-08 15:37:41,615 INFO dataset.load_and_preprocess_cane_raw_file] Loading all 8 channels in canonical order
[2026-02-08 15:37:41,635 INFO dataset._process_single_channel] Channel Fp1: Found 338 artifacts (0.15%)
[2026-02-08 15:37:41,907 INFO dataset._process_single_channel] Channel Fp2: Found 7918 artifacts (3.49%)
[2026-02-08 15:37:47,203 INFO dataset._process_single_channel] Channel C3: Found 538 artifacts (0.24%)
[2026-02-08 15:37:47,560 INFO dataset._process_single_channel] Channel Cz: Found 394 artifacts (0.17%)
[2026-02-08 15:37:47,847 INFO dataset._process_single_channel] Channel C4: Found 475 artifacts (0.21%)
[2026-02-08 15:37:48,209 INFO dataset._process_single_channel] Channel T7: Found 426 artifacts (0.19%)
[2026-02-08 15:37:48,582 INFO dataset._process_single_channel] Channel T8: Found 200 artifacts (0.09%)
[2026-02-08 15:37:48,780 INFO dataset._process_single_channel] Channel Oz: Found 3271 artifacts (1.44%)
[2026-02-08 15:37:51,219 INFO dataset.load_and_preprocess_cane_raw_file] Using sampling rate: 500 Hz
[2026-02-08 15:37:51,219 INFO dataset.load_and_preprocess_cane_raw_file] Chunk size: 5000 samples (10s)
[2026-02-08 15:37:52,426 INFO dataset.load_and_preprocess_cane_raw_file] Created 45 chunks of shape torch.Size([45, 8, 5000])
[2026-02-08 15:37:53,824 INFO dataset.verify_sampling_rate] Detected sampling rate: 499.08 Hz
[2026-02-08 15:37:53,939 INFO dataset.load_and_preprocess_cane_raw_file] Applied Common Average Reference
[2026-02-08 15:37:53,940 INFO dataset.load_and_preprocess_cane_raw_file] Loading all 8 channels in canonical order
[2026-02-08 15:37:53,958 INFO dataset._process_single_channel] Channel Fp1: Found 183 artifacts (0.09%)
[2026-02-08 15:37:54,163 INFO dataset._process_single_channel] Channel Fp2: Found 829 artifacts (0.40%)
[2026-02-08 15:37:54,938 INFO dataset._process_single_channel] Channel C3: Found 395 artifacts (0.19%)
[2026-02-08 15:37:55,430 INFO dataset._process_single_channel] Channel Cz: Found 1215 artifacts (0.58%)
[2026-02-08 15:37:56,691 INFO dataset._process_single_channel] Channel T8: Found 54 artifacts (0.03%)
[2026-02-08 15:37:56,772 INFO dataset._process_single_channel] Channel Oz: Found 489 artifacts (0.24%)
[2026-02-08 15:37:57,190 INFO dataset.load_and_preprocess_cane_raw_file] Using sampling rate: 500 Hz
[2026-02-08 15:37:57,190 INFO dataset.load_and_preprocess_cane_raw_file] Chunk size: 5000 samples (10s)
[2026-02-08 15:37:58,239 INFO dataset.load_and_preprocess_cane_raw_file] Created 41 chunks of shape torch.Size([41, 8, 5000])
[2026-02-08 15:37:59,472 INFO dataset.verify_sampling_rate] Detected sampling rate: 499.56 Hz
[2026-02-08 15:37:59,563 INFO dataset.load_and_preprocess_cane_raw_file] Applied Common Average Reference
[2026-02-08 15:37:59,564 INFO dataset.load_and_preprocess_cane_raw_file] Loading all 8 channels in canonical order
[2026-02-08 15:37:59,583 INFO dataset._process_single_channel] Channel Fp1: Found 284 artifacts (0.18%)
[2026-02-08 15:37:59,824 INFO dataset._process_single_channel] Channel Fp2: Found 738 artifacts (0.46%)
[2026-02-08 15:38:00,390 INFO dataset._process_single_channel] Channel Cz: Found 15 artifacts (0.01%)
[2026-02-08 15:38:00,432 INFO dataset._process_single_channel] Channel C4: Found 6 artifacts (0.00%)
[2026-02-08 15:38:00,466 INFO dataset._process_single_channel] Channel T7: Found 941 artifacts (0.59%)
[2026-02-08 15:38:01,136 INFO dataset.load_and_preprocess_cane_raw_file] Using sampling rate: 500 Hz
[2026-02-08 15:38:01,136 INFO dataset.load_and_preprocess_cane_raw_file] Chunk size: 5000 samples (10s)
[2026-02-08 15:38:01,603 INFO dataset.load_and_preprocess_cane_raw_file] Created 31 chunks of shape torch.Size([31, 8, 5000])
[2026-02-08 15:38:02,325 INFO dataset.verify_sampling_rate] Detected sampling rate: 499.16 Hz
[2026-02-08 15:38:02,393 INFO dataset.load_and_preprocess_cane_raw_file] Applied Common Average Reference
[2026-02-08 15:38:02,394 INFO dataset.load_and_preprocess_cane_raw_file] Loading all 8 channels in canonical order
[2026-02-08 15:38:02,409 INFO dataset._process_single_channel] Channel Fp1: Found 84 artifacts (0.05%)
[2026-02-08 15:38:02,472 INFO dataset._process_single_channel] Channel Fp2: Found 1482 artifacts (0.97%)
[2026-02-08 15:38:03,411 INFO dataset._process_single_channel] Channel C4: Found 15 artifacts (0.01%)
[2026-02-08 15:38:03,524 INFO dataset.load_and_preprocess_cane_raw_file] Using sampling rate: 500 Hz
[2026-02-08 15:38:03,524 INFO dataset.load_and_preprocess_cane_raw_file] Chunk size: 5000 samples (10s)
[2026-02-08 15:38:04,554 INFO dataset.load_and_preprocess_cane_raw_file] Created 30 chunks of shape torch.Size([30, 8, 5000])
[2026-02-08 15:38:05,443 INFO dataset.verify_sampling_rate] Detected sampling rate: 499.21 Hz
[2026-02-08 15:38:05,520 INFO dataset.load_and_preprocess_cane_raw_file] Applied Common Average Reference
[2026-02-08 15:38:05,521 INFO dataset.load_and_preprocess_cane_raw_file] Loading all 8 channels in canonical order
[2026-02-08 15:38:05,582 INFO dataset._process_single_channel] Channel C3: Found 1598 artifacts (1.04%)
[2026-02-08 15:38:06,608 INFO dataset._process_single_channel] Channel C4: Found 111 artifacts (0.07%)
[2026-02-08 15:38:06,749 INFO dataset.load_and_preprocess_cane_raw_file] Using sampling rate: 500 Hz
[2026-02-08 15:38:06,749 INFO dataset.load_and_preprocess_cane_raw_file] Chunk size: 5000 samples (10s)
[2026-02-08 15:38:07,436 INFO dataset.load_and_preprocess_cane_raw_file] Created 30 chunks of shape torch.Size([30, 8, 5000])
[2026-02-08 15:38:08,317 INFO dataset.verify_sampling_rate] Detected sampling rate: 498.62 Hz
[2026-02-08 15:38:08,406 INFO dataset.load_and_preprocess_cane_raw_file] Applied Common Average Reference
[2026-02-08 15:38:08,407 INFO dataset.load_and_preprocess_cane_raw_file] Loading all 8 channels in canonical order
[2026-02-08 15:38:08,422 INFO dataset._process_single_channel] Channel Fp1: Found 341 artifacts (0.22%)
[2026-02-08 15:38:08,657 INFO dataset._process_single_channel] Channel Fp2: Found 13 artifacts (0.01%)
[2026-02-08 15:38:08,688 INFO dataset._process_single_channel] Channel C3: Found 2333 artifacts (1.51%)
[2026-02-08 15:38:10,014 INFO dataset._process_single_channel] Channel Cz: Found 39 artifacts (0.03%)
[2026-02-08 15:38:10,057 INFO dataset._process_single_channel] Channel C4: Found 15 artifacts (0.01%)
[2026-02-08 15:38:10,088 INFO dataset._process_single_channel] Channel T7: Found 8 artifacts (0.01%)
[2026-02-08 15:38:10,150 INFO dataset.load_and_preprocess_cane_raw_file] Using sampling rate: 500 Hz
[2026-02-08 15:38:10,150 INFO dataset.load_and_preprocess_cane_raw_file] Chunk size: 5000 samples (10s)
[2026-02-08 15:38:10,601 INFO dataset.load_and_preprocess_cane_raw_file] Created 30 chunks of shape torch.Size([30, 8, 5000])
[2026-02-08 15:38:11,218 INFO dataset.verify_sampling_rate] Detected sampling rate: 498.62 Hz
[2026-02-08 15:38:11,280 INFO dataset.load_and_preprocess_cane_raw_file] Applied Common Average Reference
[2026-02-08 15:38:11,280 INFO dataset.load_and_preprocess_cane_raw_file] Loading all 8 channels in canonical order
[2026-02-08 15:38:11,333 INFO dataset._process_single_channel] Channel C3: Found 540 artifacts (0.35%)
[2026-02-08 15:38:11,640 INFO dataset._process_single_channel] Channel Cz: Found 2826 artifacts (1.82%)
[2026-02-08 15:38:13,100 INFO dataset._process_single_channel] Channel C4: Found 65 artifacts (0.04%)
[2026-02-08 15:38:13,159 INFO dataset._process_single_channel] Channel T7: Found 1442 artifacts (0.93%)
[2026-02-08 15:38:14,143 INFO dataset._process_single_channel] Channel T8: Found 1576 artifacts (1.01%)
[2026-02-08 15:38:15,193 INFO dataset._process_single_channel] Channel Oz: Found 1465 artifacts (0.94%)
[2026-02-08 15:38:16,124 INFO dataset.load_and_preprocess_cane_raw_file] Using sampling rate: 500 Hz
[2026-02-08 15:38:16,124 INFO dataset.load_and_preprocess_cane_raw_file] Chunk size: 5000 samples (10s)
[2026-02-08 15:38:16,630 INFO dataset.load_and_preprocess_cane_raw_file] Created 31 chunks of shape torch.Size([31, 8, 5000])
[2026-02-08 15:38:17,444 INFO dataset.verify_sampling_rate] Detected sampling rate: 499.49 Hz
[2026-02-08 15:38:17,526 INFO dataset.load_and_preprocess_cane_raw_file] Applied Common Average Reference
[2026-02-08 15:38:17,527 INFO dataset.load_and_preprocess_cane_raw_file] Loading all 8 channels in canonical order
[2026-02-08 15:38:17,541 INFO dataset._process_single_channel] Channel Fp1: Found 11 artifacts (0.01%)
[2026-02-08 15:38:17,575 INFO dataset._process_single_channel] Channel Fp2: Found 11 artifacts (0.01%)
[2026-02-08 15:38:17,606 INFO dataset._process_single_channel] Channel C3: Found 11 artifacts (0.01%)
[2026-02-08 15:38:17,638 INFO dataset._process_single_channel] Channel Cz: Found 11 artifacts (0.01%)
[2026-02-08 15:38:17,669 INFO dataset._process_single_channel] Channel C4: Found 10 artifacts (0.01%)
[2026-02-08 15:38:17,702 INFO dataset._process_single_channel] Channel T7: Found 11 artifacts (0.01%)
[2026-02-08 15:38:17,733 INFO dataset._process_single_channel] Channel T8: Found 11 artifacts (0.01%)
[2026-02-08 15:38:17,764 INFO dataset._process_single_channel] Channel Oz: Found 11 artifacts (0.01%)
[2026-02-08 15:38:17,785 INFO dataset.load_and_preprocess_cane_raw_file] Using sampling rate: 500 Hz
[2026-02-08 15:38:17,785 INFO dataset.load_and_preprocess_cane_raw_file] Chunk size: 5000 samples (10s)
[2026-02-08 15:38:18,427 INFO dataset.load_and_preprocess_cane_raw_file] Created 30 chunks of shape torch.Size([30, 8, 5000])
[2026-02-08 15:38:19,195 INFO dataset.verify_sampling_rate] Detected sampling rate: 499.44 Hz
[2026-02-08 15:38:19,275 INFO dataset.load_and_preprocess_cane_raw_file] Applied Common Average Reference
[2026-02-08 15:38:19,276 INFO dataset.load_and_preprocess_cane_raw_file] Loading all 8 channels in canonical order
[2026-02-08 15:38:19,291 INFO dataset._process_single_channel] Channel Fp1: Found 4 artifacts (0.00%)
[2026-02-08 15:38:19,321 INFO dataset._process_single_channel] Channel Fp2: Found 4 artifacts (0.00%)
[2026-02-08 15:38:19,349 INFO dataset._process_single_channel] Channel C3: Found 4 artifacts (0.00%)
[2026-02-08 15:38:19,375 INFO dataset._process_single_channel] Channel Cz: Found 4 artifacts (0.00%)
[2026-02-08 15:38:19,401 INFO dataset._process_single_channel] Channel C4: Found 4 artifacts (0.00%)
[2026-02-08 15:38:19,429 INFO dataset._process_single_channel] Channel T7: Found 4 artifacts (0.00%)
[2026-02-08 15:38:19,459 INFO dataset._process_single_channel] Channel T8: Found 4 artifacts (0.00%)
[2026-02-08 15:38:19,491 INFO dataset._process_single_channel] Channel Oz: Found 4 artifacts (0.00%)
[2026-02-08 15:38:19,508 INFO dataset.load_and_preprocess_cane_raw_file] Using sampling rate: 500 Hz
[2026-02-08 15:38:19,508 INFO dataset.load_and_preprocess_cane_raw_file] Chunk size: 5000 samples (10s)
[2026-02-08 15:38:20,134 INFO dataset.load_and_preprocess_cane_raw_file] Created 30 chunks of shape torch.Size([30, 8, 5000])
[2026-02-08 15:38:20,929 INFO dataset.verify_sampling_rate] Detected sampling rate: 498.38 Hz
[2026-02-08 15:38:21,000 INFO dataset.load_and_preprocess_cane_raw_file] Applied Common Average Reference
[2026-02-08 15:38:21,001 INFO dataset.load_and_preprocess_cane_raw_file] Loading all 8 channels in canonical order
[2026-02-08 15:38:21,016 INFO dataset._process_single_channel] Channel Fp1: Found 32 artifacts (0.02%)
[2026-02-08 15:38:21,058 INFO dataset._process_single_channel] Channel Fp2: Found 69 artifacts (0.04%)
[2026-02-08 15:38:21,122 INFO dataset._process_single_channel] Channel C3: Found 18 artifacts (0.01%)
[2026-02-08 15:38:21,155 INFO dataset._process_single_channel] Channel Cz: Found 22 artifacts (0.01%)
[2026-02-08 15:38:21,191 INFO dataset._process_single_channel] Channel C4: Found 19 artifacts (0.01%)
[2026-02-08 15:38:21,227 INFO dataset._process_single_channel] Channel T7: Found 194 artifacts (0.12%)
[2026-02-08 15:38:21,360 INFO dataset._process_single_channel] Channel T8: Found 176 artifacts (0.11%)
[2026-02-08 15:38:21,495 INFO dataset._process_single_channel] Channel Oz: Found 12 artifacts (0.01%)
[2026-02-08 15:38:21,520 INFO dataset.load_and_preprocess_cane_raw_file] Using sampling rate: 500 Hz
[2026-02-08 15:38:21,520 INFO dataset.load_and_preprocess_cane_raw_file] Chunk size: 5000 samples (10s)
[2026-02-08 15:38:22,115 INFO dataset.load_and_preprocess_cane_raw_file] Created 31 chunks of shape torch.Size([31, 8, 5000])
[2026-02-08 15:38:22,921 INFO dataset.verify_sampling_rate] Detected sampling rate: 499.21 Hz
[2026-02-08 15:38:22,997 INFO dataset.load_and_preprocess_cane_raw_file] Applied Common Average Reference
[2026-02-08 15:38:22,998 INFO dataset.load_and_preprocess_cane_raw_file] Loading all 8 channels in canonical order
[2026-02-08 15:38:23,011 INFO dataset._process_single_channel] Channel Fp1: Found 361 artifacts (0.24%)
[2026-02-08 15:38:23,241 INFO dataset._process_single_channel] Channel Fp2: Found 357 artifacts (0.23%)
[2026-02-08 15:38:23,454 INFO dataset._process_single_channel] Channel C3: Found 363 artifacts (0.24%)
[2026-02-08 15:38:23,686 INFO dataset._process_single_channel] Channel Cz: Found 54 artifacts (0.04%)
[2026-02-08 15:38:23,751 INFO dataset._process_single_channel] Channel C4: Found 336 artifacts (0.22%)
[2026-02-08 15:38:24,015 INFO dataset._process_single_channel] Channel T7: Found 701 artifacts (0.46%)
[2026-02-08 15:38:24,435 INFO dataset._process_single_channel] Channel T8: Found 347 artifacts (0.23%)
[2026-02-08 15:38:24,721 INFO dataset._process_single_channel] Channel Oz: Found 317 artifacts (0.21%)
[2026-02-08 15:38:25,080 INFO dataset.load_and_preprocess_cane_raw_file] Using sampling rate: 500 Hz
[2026-02-08 15:38:25,080 INFO dataset.load_and_preprocess_cane_raw_file] Chunk size: 5000 samples (10s)
[2026-02-08 15:38:26,014 INFO dataset.load_and_preprocess_cane_raw_file] Created 30 chunks of shape torch.Size([30, 8, 5000])
[2026-02-08 15:38:26,981 INFO dataset.verify_sampling_rate] Detected sampling rate: 498.31 Hz
[2026-02-08 15:38:27,087 INFO dataset.load_and_preprocess_cane_raw_file] Applied Common Average Reference
[2026-02-08 15:38:27,088 INFO dataset.load_and_preprocess_cane_raw_file] Loading all 8 channels in canonical order
[2026-02-08 15:38:27,109 INFO dataset._process_single_channel] Channel Fp1: Found 653 artifacts (0.41%)
[2026-02-08 15:38:27,699 INFO dataset._process_single_channel] Channel C3: Found 340 artifacts (0.21%)
[2026-02-08 15:38:27,971 INFO dataset._process_single_channel] Channel Cz: Found 319 artifacts (0.20%)
[2026-02-08 15:38:28,189 INFO dataset._process_single_channel] Channel C4: Found 302 artifacts (0.19%)
[2026-02-08 15:38:28,378 INFO dataset._process_single_channel] Channel T7: Found 143 artifacts (0.09%)
[2026-02-08 15:38:28,478 INFO dataset._process_single_channel] Channel T8: Found 279 artifacts (0.18%)
[2026-02-08 15:38:28,648 INFO dataset._process_single_channel] Channel Oz: Found 614 artifacts (0.39%)
[2026-02-08 15:38:28,980 INFO dataset.load_and_preprocess_cane_raw_file] Using sampling rate: 500 Hz
[2026-02-08 15:38:28,980 INFO dataset.load_and_preprocess_cane_raw_file] Chunk size: 5000 samples (10s)
[2026-02-08 15:38:29,495 INFO dataset.load_and_preprocess_cane_raw_file] Created 31 chunks of shape torch.Size([31, 8, 5000])
[2026-02-08 15:38:30,130 INFO dataset.verify_sampling_rate] Detected sampling rate: 498.65 Hz
[2026-02-08 15:38:30,196 INFO dataset.load_and_preprocess_cane_raw_file] Applied Common Average Reference
[2026-02-08 15:38:30,197 INFO dataset.load_and_preprocess_cane_raw_file] Loading all 8 channels in canonical order
[2026-02-08 15:38:30,214 INFO dataset._process_single_channel] Channel Fp1: Found 433 artifacts (0.28%)
[2026-02-08 15:38:30,462 INFO dataset._process_single_channel] Channel Fp2: Found 28 artifacts (0.02%)
[2026-02-08 15:38:30,517 INFO dataset._process_single_channel] Channel Cz: Found 162 artifacts (0.10%)
[2026-02-08 15:38:30,620 INFO dataset._process_single_channel] Channel C4: Found 147 artifacts (0.10%)
[2026-02-08 15:38:30,718 INFO dataset._process_single_channel] Channel T7: Found 69 artifacts (0.04%)
[2026-02-08 15:38:30,771 INFO dataset._process_single_channel] Channel T8: Found 1054 artifacts (0.68%)
[2026-02-08 15:38:31,314 INFO dataset._process_single_channel] Channel Oz: Found 1034 artifacts (0.67%)
[2026-02-08 15:38:31,874 INFO dataset.load_and_preprocess_cane_raw_file] Using sampling rate: 500 Hz
[2026-02-08 15:38:31,874 INFO dataset.load_and_preprocess_cane_raw_file] Chunk size: 5000 samples (10s)
[2026-02-08 15:38:33,396 INFO dataset.load_and_preprocess_cane_raw_file] Created 30 chunks of shape torch.Size([30, 8, 5000])
[2026-02-08 15:38:34,616 INFO dataset.verify_sampling_rate] Detected sampling rate: 498.33 Hz
[2026-02-08 15:38:34,694 INFO dataset.load_and_preprocess_cane_raw_file] Applied Common Average Reference
[2026-02-08 15:38:34,695 INFO dataset.load_and_preprocess_cane_raw_file] Loading all 8 channels in canonical order
[2026-02-08 15:38:34,761 INFO dataset._process_single_channel] Channel C3: Found 2 artifacts (0.00%)
[2026-02-08 15:38:34,788 INFO dataset._process_single_channel] Channel Cz: Found 47 artifacts (0.03%)
[2026-02-08 15:38:34,928 INFO dataset._process_single_channel] Channel T8: Found 6 artifacts (0.00%)
[2026-02-08 15:38:34,990 INFO dataset.load_and_preprocess_cane_raw_file] Using sampling rate: 500 Hz
[2026-02-08 15:38:34,991 INFO dataset.load_and_preprocess_cane_raw_file] Chunk size: 5000 samples (10s)
[2026-02-08 15:38:36,310 INFO dataset.load_and_preprocess_cane_raw_file] Created 31 chunks of shape torch.Size([31, 8, 5000])
[2026-02-08 15:38:38,121 INFO dataset.verify_sampling_rate] Detected sampling rate: 499.44 Hz
[2026-02-08 15:38:38,195 INFO dataset.load_and_preprocess_cane_raw_file] Applied Common Average Reference
[2026-02-08 15:38:38,196 INFO dataset.load_and_preprocess_cane_raw_file] Loading all 8 channels in canonical order
[2026-02-08 15:38:38,233 INFO dataset._process_single_channel] Channel Fp2: Found 2 artifacts (0.00%)
[2026-02-08 15:38:38,260 INFO dataset._process_single_channel] Channel C3: Found 2 artifacts (0.00%)
[2026-02-08 15:38:38,292 INFO dataset._process_single_channel] Channel Cz: Found 2 artifacts (0.00%)
[2026-02-08 15:38:38,345 INFO dataset._process_single_channel] Channel T7: Found 2 artifacts (0.00%)
[2026-02-08 15:38:38,370 INFO dataset._process_single_channel] Channel T8: Found 2 artifacts (0.00%)
[2026-02-08 15:38:38,397 INFO dataset._process_single_channel] Channel Oz: Found 1 artifacts (0.00%)
[2026-02-08 15:38:38,413 INFO dataset.load_and_preprocess_cane_raw_file] Using sampling rate: 500 Hz
[2026-02-08 15:38:38,413 INFO dataset.load_and_preprocess_cane_raw_file] Chunk size: 5000 samples (10s)
[2026-02-08 15:38:39,806 INFO dataset.load_and_preprocess_cane_raw_file] Created 30 chunks of shape torch.Size([30, 8, 5000])
[2026-02-08 15:38:41,316 INFO dataset.verify_sampling_rate] Detected sampling rate: 498.49 Hz
[2026-02-08 15:38:41,389 INFO dataset.load_and_preprocess_cane_raw_file] Applied Common Average Reference
[2026-02-08 15:38:41,390 INFO dataset.load_and_preprocess_cane_raw_file] Loading all 8 channels in canonical order
[2026-02-08 15:38:41,410 INFO dataset._process_single_channel] Channel Fp1: Found 221 artifacts (0.14%)
[2026-02-08 15:38:41,555 INFO dataset._process_single_channel] Channel Fp2: Found 65 artifacts (0.04%)
[2026-02-08 15:38:41,614 INFO dataset._process_single_channel] Channel C3: Found 47 artifacts (0.03%)
[2026-02-08 15:38:41,657 INFO dataset._process_single_channel] Channel Cz: Found 15 artifacts (0.01%)
[2026-02-08 15:38:41,689 INFO dataset._process_single_channel] Channel C4: Found 427 artifacts (0.27%)
[2026-02-08 15:38:41,926 INFO dataset._process_single_channel] Channel T7: Found 11 artifacts (0.01%)
[2026-02-08 15:38:41,953 INFO dataset._process_single_channel] Channel T8: Found 40 artifacts (0.03%)
[2026-02-08 15:38:41,995 INFO dataset._process_single_channel] Channel Oz: Found 503 artifacts (0.32%)
[2026-02-08 15:38:42,265 INFO dataset.load_and_preprocess_cane_raw_file] Using sampling rate: 500 Hz
[2026-02-08 15:38:42,266 INFO dataset.load_and_preprocess_cane_raw_file] Chunk size: 5000 samples (10s)
[2026-02-08 15:38:43,702 INFO dataset.load_and_preprocess_cane_raw_file] Created 31 chunks of shape torch.Size([31, 8, 5000])
[2026-02-08 15:38:45,221 INFO dataset.verify_sampling_rate] Detected sampling rate: 499.26 Hz
[2026-02-08 15:38:45,299 INFO dataset.load_and_preprocess_cane_raw_file] Applied Common Average Reference
[2026-02-08 15:38:45,300 INFO dataset.load_and_preprocess_cane_raw_file] Loading all 8 channels in canonical order
[2026-02-08 15:38:45,343 INFO dataset._process_single_channel] Channel Fp2: Found 31 artifacts (0.02%)
[2026-02-08 15:38:45,515 INFO dataset.load_and_preprocess_cane_raw_file] Using sampling rate: 500 Hz
[2026-02-08 15:38:45,515 INFO dataset.load_and_preprocess_cane_raw_file] Chunk size: 5000 samples (10s)
[2026-02-08 15:38:46,612 INFO dataset.load_and_preprocess_cane_raw_file] Created 30 chunks of shape torch.Size([30, 8, 5000])
[2026-02-08 15:38:48,001 INFO dataset.verify_sampling_rate] Detected sampling rate: 499.40 Hz
[2026-02-08 15:38:48,088 INFO dataset.load_and_preprocess_cane_raw_file] Applied Common Average Reference
[2026-02-08 15:38:48,089 INFO dataset.load_and_preprocess_cane_raw_file] Loading all 8 channels in canonical order
[2026-02-08 15:38:48,105 INFO dataset._process_single_channel] Channel Fp1: Found 47 artifacts (0.03%)
[2026-02-08 15:38:48,157 INFO dataset._process_single_channel] Channel Fp2: Found 43 artifacts (0.03%)
[2026-02-08 15:38:48,228 INFO dataset._process_single_channel] Channel C3: Found 290 artifacts (0.19%)
[2026-02-08 15:38:48,502 INFO dataset._process_single_channel] Channel T7: Found 23 artifacts (0.02%)
[2026-02-08 15:38:48,541 INFO dataset._process_single_channel] Channel T8: Found 47 artifacts (0.03%)
[2026-02-08 15:38:48,607 INFO dataset._process_single_channel] Channel Oz: Found 60 artifacts (0.04%)
[2026-02-08 15:38:48,657 INFO dataset.load_and_preprocess_cane_raw_file] Using sampling rate: 500 Hz
[2026-02-08 15:38:48,657 INFO dataset.load_and_preprocess_cane_raw_file] Chunk size: 5000 samples (10s)
[2026-02-08 15:38:49,615 INFO dataset.load_and_preprocess_cane_raw_file] Created 30 chunks of shape torch.Size([30, 8, 5000])
[2026-02-08 15:38:50,982 INFO dataset.verify_sampling_rate] Detected sampling rate: 498.70 Hz
[2026-02-08 15:38:51,077 INFO dataset.load_and_preprocess_cane_raw_file] Applied Common Average Reference
[2026-02-08 15:38:51,077 INFO dataset.load_and_preprocess_cane_raw_file] Loading all 8 channels in canonical order
[2026-02-08 15:38:51,095 INFO dataset._process_single_channel] Channel Fp1: Found 23 artifacts (0.01%)
[2026-02-08 15:38:51,152 INFO dataset._process_single_channel] Channel Fp2: Found 65 artifacts (0.04%)
[2026-02-08 15:38:51,226 INFO dataset._process_single_channel] Channel C3: Found 955 artifacts (0.61%)
[2026-02-08 15:38:51,970 INFO dataset._process_single_channel] Channel Cz: Found 928 artifacts (0.59%)
[2026-02-08 15:38:52,723 INFO dataset._process_single_channel] Channel C4: Found 377 artifacts (0.24%)
[2026-02-08 15:38:53,038 INFO dataset._process_single_channel] Channel T7: Found 252 artifacts (0.16%)
[2026-02-08 15:38:53,233 INFO dataset._process_single_channel] Channel T8: Found 484 artifacts (0.31%)
[2026-02-08 15:38:53,544 INFO dataset._process_single_channel] Channel Oz: Found 1119 artifacts (0.72%)
[2026-02-08 15:38:54,230 INFO dataset.load_and_preprocess_cane_raw_file] Using sampling rate: 500 Hz
[2026-02-08 15:38:54,230 INFO dataset.load_and_preprocess_cane_raw_file] Chunk size: 5000 samples (10s)
[2026-02-08 15:38:55,608 INFO dataset.load_and_preprocess_cane_raw_file] Created 31 chunks of shape torch.Size([31, 8, 5000])
[2026-02-08 15:38:56,812 INFO dataset.verify_sampling_rate] Detected sampling rate: 498.48 Hz
[2026-02-08 15:38:56,879 INFO dataset.load_and_preprocess_cane_raw_file] Applied Common Average Reference
[2026-02-08 15:38:56,880 INFO dataset.load_and_preprocess_cane_raw_file] Loading all 8 channels in canonical order
[2026-02-08 15:38:56,894 INFO dataset._process_single_channel] Channel Fp1: Found 32 artifacts (0.02%)
[2026-02-08 15:38:57,078 INFO dataset.load_and_preprocess_cane_raw_file] Using sampling rate: 500 Hz
[2026-02-08 15:38:57,078 INFO dataset.load_and_preprocess_cane_raw_file] Chunk size: 5000 samples (10s)
[2026-02-08 15:38:58,995 INFO dataset.load_and_preprocess_cane_raw_file] Created 30 chunks of shape torch.Size([30, 8, 5000])
[2026-02-08 15:39:00,720 INFO dataset.verify_sampling_rate] Detected sampling rate: 499.55 Hz
[2026-02-08 15:39:00,813 INFO dataset.load_and_preprocess_cane_raw_file] Applied Common Average Reference
[2026-02-08 15:39:00,813 INFO dataset.load_and_preprocess_cane_raw_file] Loading all 8 channels in canonical order
[2026-02-08 15:39:00,926 INFO dataset._process_single_channel] Channel Cz: Found 34 artifacts (0.02%)
[2026-02-08 15:39:01,088 INFO dataset.load_and_preprocess_cane_raw_file] Using sampling rate: 500 Hz
[2026-02-08 15:39:01,089 INFO dataset.load_and_preprocess_cane_raw_file] Chunk size: 5000 samples (10s)
[2026-02-08 15:39:02,723 INFO dataset.load_and_preprocess_cane_raw_file] Created 43 chunks of shape torch.Size([43, 8, 5000])
[2026-02-08 15:39:04,240 INFO dataset.verify_sampling_rate] Detected sampling rate: 498.80 Hz
[2026-02-08 15:39:04,319 INFO dataset.load_and_preprocess_cane_raw_file] Applied Common Average Reference
[2026-02-08 15:39:04,319 INFO dataset.load_and_preprocess_cane_raw_file] Loading all 8 channels in canonical order
[2026-02-08 15:39:04,487 INFO dataset._process_single_channel] Channel Oz: Found 612 artifacts (0.40%)
[2026-02-08 15:39:04,845 INFO dataset.load_and_preprocess_cane_raw_file] Using sampling rate: 500 Hz
[2026-02-08 15:39:04,845 INFO dataset.load_and_preprocess_cane_raw_file] Chunk size: 5000 samples (10s)
[2026-02-08 15:39:05,894 INFO dataset.load_and_preprocess_cane_raw_file] Created 30 chunks of shape torch.Size([30, 8, 5000])
[2026-02-08 15:39:07,002 INFO dataset.verify_sampling_rate] Detected sampling rate: 499.29 Hz
[2026-02-08 15:39:07,094 INFO dataset.load_and_preprocess_cane_raw_file] Applied Common Average Reference
[2026-02-08 15:39:07,095 INFO dataset.load_and_preprocess_cane_raw_file] Loading all 8 channels in canonical order
[2026-02-08 15:39:07,120 INFO dataset._process_single_channel] Channel Fp1: Found 92 artifacts (0.04%)
[2026-02-08 15:39:07,202 INFO dataset._process_single_channel] Channel Fp2: Found 104 artifacts (0.05%)
[2026-02-08 15:39:07,292 INFO dataset._process_single_channel] Channel C3: Found 28 artifacts (0.01%)
[2026-02-08 15:39:07,346 INFO dataset._process_single_channel] Channel Cz: Found 1099 artifacts (0.52%)
[2026-02-08 15:39:07,960 INFO dataset._process_single_channel] Channel C4: Found 840 artifacts (0.40%)
[2026-02-08 15:39:08,439 INFO dataset._process_single_channel] Channel T7: Found 66 artifacts (0.03%)
[2026-02-08 15:39:08,507 INFO dataset._process_single_channel] Channel T8: Found 502 artifacts (0.24%)
[2026-02-08 15:39:08,778 INFO dataset._process_single_channel] Channel Oz: Found 81 artifacts (0.04%)
[2026-02-08 15:39:08,832 INFO dataset.load_and_preprocess_cane_raw_file] Using sampling rate: 500 Hz
[2026-02-08 15:39:08,832 INFO dataset.load_and_preprocess_cane_raw_file] Chunk size: 5000 samples (10s)
[2026-02-08 15:39:10,215 INFO dataset.load_and_preprocess_cane_raw_file] Created 42 chunks of shape torch.Size([42, 8, 5000])
[2026-02-08 15:39:11,632 INFO dataset.verify_sampling_rate] Detected sampling rate: 499.49 Hz
[2026-02-08 15:39:11,696 INFO dataset.load_and_preprocess_cane_raw_file] Applied Common Average Reference
[2026-02-08 15:39:11,697 INFO dataset.load_and_preprocess_cane_raw_file] Loading all 8 channels in canonical order
[2026-02-08 15:39:11,710 INFO dataset._process_single_channel] Channel Fp1: Found 50 artifacts (0.03%)
[2026-02-08 15:39:11,754 INFO dataset._process_single_channel] Channel Fp2: Found 314 artifacts (0.20%)
[2026-02-08 15:39:11,940 INFO dataset._process_single_channel] Channel C3: Found 91 artifacts (0.06%)
[2026-02-08 15:39:12,013 INFO dataset._process_single_channel] Channel Cz: Found 2 artifacts (0.00%)
[2026-02-08 15:39:12,036 INFO dataset._process_single_channel] Channel C4: Found 453 artifacts (0.29%)
[2026-02-08 15:39:12,294 INFO dataset._process_single_channel] Channel T7: Found 43 artifacts (0.03%)
[2026-02-08 15:39:12,343 INFO dataset._process_single_channel] Channel T8: Found 28 artifacts (0.02%)
[2026-02-08 15:39:12,379 INFO dataset._process_single_channel] Channel Oz: Found 44 artifacts (0.03%)
[2026-02-08 15:39:12,419 INFO dataset.load_and_preprocess_cane_raw_file] Using sampling rate: 500 Hz
[2026-02-08 15:39:12,419 INFO dataset.load_and_preprocess_cane_raw_file] Chunk size: 5000 samples (10s)
[2026-02-08 15:39:13,501 INFO dataset.load_and_preprocess_cane_raw_file] Created 30 chunks of shape torch.Size([30, 8, 5000])
[2026-02-08 15:39:14,512 INFO dataset.verify_sampling_rate] Detected sampling rate: 499.25 Hz
[2026-02-08 15:39:14,572 INFO dataset.load_and_preprocess_cane_raw_file] Applied Common Average Reference
[2026-02-08 15:39:14,573 INFO dataset.load_and_preprocess_cane_raw_file] Loading all 8 channels in canonical order
[2026-02-08 15:39:14,684 INFO dataset._process_single_channel] Channel T7: Found 9 artifacts (0.01%)
[2026-02-08 15:39:14,742 INFO dataset.load_and_preprocess_cane_raw_file] Using sampling rate: 500 Hz
[2026-02-08 15:39:14,743 INFO dataset.load_and_preprocess_cane_raw_file] Chunk size: 5000 samples (10s)
[2026-02-08 15:39:15,800 INFO dataset.load_and_preprocess_cane_raw_file] Created 30 chunks of shape torch.Size([30, 8, 5000])
[2026-02-08 15:39:16,786 INFO dataset.verify_sampling_rate] Detected sampling rate: 499.21 Hz
[2026-02-08 15:39:16,853 INFO dataset.load_and_preprocess_cane_raw_file] Applied Common Average Reference
[2026-02-08 15:39:16,853 INFO dataset.load_and_preprocess_cane_raw_file] Loading all 8 channels in canonical order
[2026-02-08 15:39:17,056 INFO dataset.load_and_preprocess_cane_raw_file] Using sampling rate: 500 Hz
[2026-02-08 15:39:17,056 INFO dataset.load_and_preprocess_cane_raw_file] Chunk size: 5000 samples (10s)
[2026-02-08 15:39:18,204 INFO dataset.load_and_preprocess_cane_raw_file] Created 30 chunks of shape torch.Size([30, 8, 5000])
[2026-02-08 15:39:19,310 INFO dataset.verify_sampling_rate] Detected sampling rate: 499.58 Hz
[2026-02-08 15:39:19,375 INFO dataset.load_and_preprocess_cane_raw_file] Applied Common Average Reference
[2026-02-08 15:39:19,376 INFO dataset.load_and_preprocess_cane_raw_file] Loading all 8 channels in canonical order
[2026-02-08 15:39:19,395 INFO dataset._process_single_channel] Channel Fp1: Found 38 artifacts (0.02%)
[2026-02-08 15:39:19,448 INFO dataset._process_single_channel] Channel Fp2: Found 96 artifacts (0.06%)
[2026-02-08 15:39:19,521 INFO dataset._process_single_channel] Channel C3: Found 47 artifacts (0.03%)
[2026-02-08 15:39:19,591 INFO dataset._process_single_channel] Channel C4: Found 1073 artifacts (0.68%)
[2026-02-08 15:39:20,155 INFO dataset._process_single_channel] Channel T7: Found 5 artifacts (0.00%)
[2026-02-08 15:39:20,180 INFO dataset._process_single_channel] Channel T8: Found 1 artifacts (0.00%)
[2026-02-08 15:39:20,205 INFO dataset._process_single_channel] Channel Oz: Found 62 artifacts (0.04%)
[2026-02-08 15:39:20,259 INFO dataset.load_and_preprocess_cane_raw_file] Using sampling rate: 500 Hz
[2026-02-08 15:39:20,259 INFO dataset.load_and_preprocess_cane_raw_file] Chunk size: 5000 samples (10s)
[2026-02-08 15:39:21,316 INFO dataset.load_and_preprocess_cane_raw_file] Created 31 chunks of shape torch.Size([31, 8, 5000])
[2026-02-08 15:39:22,418 INFO dataset.verify_sampling_rate] Detected sampling rate: 499.22 Hz
[2026-02-08 15:39:22,498 INFO dataset.load_and_preprocess_cane_raw_file] Applied Common Average Reference
[2026-02-08 15:39:22,498 INFO dataset.load_and_preprocess_cane_raw_file] Loading all 8 channels in canonical order
[2026-02-08 15:39:22,516 INFO dataset._process_single_channel] Channel Fp1: Found 1025 artifacts (0.67%)
[2026-02-08 15:39:23,161 INFO dataset._process_single_channel] Channel Fp2: Found 1192 artifacts (0.78%)
[2026-02-08 15:39:23,808 INFO dataset._process_single_channel] Channel C3: Found 882 artifacts (0.58%)
[2026-02-08 15:39:24,331 INFO dataset._process_single_channel] Channel T8: Found 423 artifacts (0.28%)
[2026-02-08 15:39:24,580 INFO dataset.load_and_preprocess_cane_raw_file] Using sampling rate: 500 Hz
[2026-02-08 15:39:24,580 INFO dataset.load_and_preprocess_cane_raw_file] Chunk size: 5000 samples (10s)
[2026-02-08 15:39:25,500 INFO dataset.load_and_preprocess_cane_raw_file] Created 30 chunks of shape torch.Size([30, 8, 5000])
[2026-02-08 15:39:26,643 INFO dataset.verify_sampling_rate] Detected sampling rate: 499.59 Hz
[2026-02-08 15:39:26,716 INFO dataset.load_and_preprocess_cane_raw_file] Applied Common Average Reference
[2026-02-08 15:39:26,717 INFO dataset.load_and_preprocess_cane_raw_file] Loading all 8 channels in canonical order
[2026-02-08 15:39:26,883 INFO dataset.load_and_preprocess_cane_raw_file] Using sampling rate: 500 Hz
[2026-02-08 15:39:26,883 INFO dataset.load_and_preprocess_cane_raw_file] Chunk size: 5000 samples (10s)
[2026-02-08 15:39:28,199 INFO dataset.load_and_preprocess_cane_raw_file] Created 30 chunks of shape torch.Size([30, 8, 5000])
[2026-02-08 15:39:29,298 INFO dataset.verify_sampling_rate] Detected sampling rate: 499.40 Hz
[2026-02-08 15:39:29,363 INFO dataset.load_and_preprocess_cane_raw_file] Applied Common Average Reference
[2026-02-08 15:39:29,364 INFO dataset.load_and_preprocess_cane_raw_file] Loading all 8 channels in canonical order
[2026-02-08 15:39:29,385 INFO dataset._process_single_channel] Channel Fp1: Found 277 artifacts (0.18%)
[2026-02-08 15:39:29,549 INFO dataset._process_single_channel] Channel Fp2: Found 15 artifacts (0.01%)
[2026-02-08 15:39:29,580 INFO dataset._process_single_channel] Channel C3: Found 56 artifacts (0.04%)
[2026-02-08 15:39:29,633 INFO dataset._process_single_channel] Channel Cz: Found 5 artifacts (0.00%)
[2026-02-08 15:39:29,659 INFO dataset._process_single_channel] Channel C4: Found 475 artifacts (0.31%)
[2026-02-08 15:39:29,929 INFO dataset._process_single_channel] Channel T7: Found 813 artifacts (0.53%)
[2026-02-08 15:39:30,354 INFO dataset._process_single_channel] Channel T8: Found 10 artifacts (0.01%)
[2026-02-08 15:39:30,380 INFO dataset._process_single_channel] Channel Oz: Found 13 artifacts (0.01%)
[2026-02-08 15:39:30,400 INFO dataset.load_and_preprocess_cane_raw_file] Using sampling rate: 500 Hz
[2026-02-08 15:39:30,400 INFO dataset.load_and_preprocess_cane_raw_file] Chunk size: 5000 samples (10s)
[2026-02-08 15:39:31,408 INFO dataset.load_and_preprocess_cane_raw_file] Created 30 chunks of shape torch.Size([30, 8, 5000])
[2026-02-08 15:39:32,447 INFO dataset.verify_sampling_rate] Detected sampling rate: 498.65 Hz
[2026-02-08 15:39:32,538 INFO dataset.load_and_preprocess_cane_raw_file] Applied Common Average Reference
[2026-02-08 15:39:32,539 INFO dataset.load_and_preprocess_cane_raw_file] Loading all 8 channels in canonical order
[2026-02-08 15:39:32,554 INFO dataset._process_single_channel] Channel Fp1: Found 223 artifacts (0.15%)
[2026-02-08 15:39:32,713 INFO dataset._process_single_channel] Channel Fp2: Found 115 artifacts (0.07%)
[2026-02-08 15:39:32,798 INFO dataset._process_single_channel] Channel C3: Found 551 artifacts (0.36%)
[2026-02-08 15:39:33,126 INFO dataset._process_single_channel] Channel Cz: Found 114 artifacts (0.07%)
[2026-02-08 15:39:33,212 INFO dataset._process_single_channel] Channel C4: Found 77 artifacts (0.05%)
[2026-02-08 15:39:33,280 INFO dataset._process_single_channel] Channel T7: Found 423 artifacts (0.28%)
[2026-02-08 15:39:33,535 INFO dataset._process_single_channel] Channel T8: Found 971 artifacts (0.63%)
[2026-02-08 15:39:34,057 INFO dataset._process_single_channel] Channel Oz: Found 74 artifacts (0.05%)
[2026-02-08 15:39:34,108 INFO dataset.load_and_preprocess_cane_raw_file] Using sampling rate: 500 Hz
[2026-02-08 15:39:34,108 INFO dataset.load_and_preprocess_cane_raw_file] Chunk size: 5000 samples (10s)
[2026-02-08 15:39:35,107 INFO dataset.load_and_preprocess_cane_raw_file] Created 30 chunks of shape torch.Size([30, 8, 5000])
[2026-02-08 15:39:36,336 INFO dataset.verify_sampling_rate] Detected sampling rate: 499.73 Hz
[2026-02-08 15:39:36,400 INFO dataset.load_and_preprocess_cane_raw_file] Applied Common Average Reference
[2026-02-08 15:39:36,401 INFO dataset.load_and_preprocess_cane_raw_file] Loading all 8 channels in canonical order
[2026-02-08 15:39:36,436 INFO dataset._process_single_channel] Channel Fp2: Found 42 artifacts (0.03%)
[2026-02-08 15:39:36,604 INFO dataset.load_and_preprocess_cane_raw_file] Using sampling rate: 500 Hz
[2026-02-08 15:39:36,604 INFO dataset.load_and_preprocess_cane_raw_file] Chunk size: 5000 samples (10s)
[2026-02-08 15:39:37,505 INFO dataset.load_and_preprocess_cane_raw_file] Created 30 chunks of shape torch.Size([30, 8, 5000])
[2026-02-08 15:39:38,676 INFO dataset.verify_sampling_rate] Detected sampling rate: 498.65 Hz
[2026-02-08 15:39:38,744 INFO dataset.load_and_preprocess_cane_raw_file] Applied Common Average Reference
[2026-02-08 15:39:38,744 INFO dataset.load_and_preprocess_cane_raw_file] Loading all 8 channels in canonical order
[2026-02-08 15:39:38,758 INFO dataset._process_single_channel] Channel Fp1: Found 304 artifacts (0.19%)
[2026-02-08 15:39:38,939 INFO dataset._process_single_channel] Channel Fp2: Found 324 artifacts (0.20%)
[2026-02-08 15:39:39,141 INFO dataset._process_single_channel] Channel C3: Found 145 artifacts (0.09%)
[2026-02-08 15:39:39,234 INFO dataset._process_single_channel] Channel Cz: Found 304 artifacts (0.19%)
[2026-02-08 15:39:39,443 INFO dataset._process_single_channel] Channel T7: Found 131 artifacts (0.08%)
[2026-02-08 15:39:39,533 INFO dataset._process_single_channel] Channel T8: Found 304 artifacts (0.19%)
[2026-02-08 15:39:39,723 INFO dataset._process_single_channel] Channel Oz: Found 307 artifacts (0.19%)
[2026-02-08 15:39:39,898 INFO dataset.load_and_preprocess_cane_raw_file] Using sampling rate: 500 Hz
[2026-02-08 15:39:39,899 INFO dataset.load_and_preprocess_cane_raw_file] Chunk size: 5000 samples (10s)
[2026-02-08 15:39:41,299 INFO dataset.load_and_preprocess_cane_raw_file] Created 31 chunks of shape torch.Size([31, 8, 5000])
[2026-02-08 15:39:42,468 INFO dataset.verify_sampling_rate] Detected sampling rate: 497.71 Hz
[2026-02-08 15:39:42,551 INFO dataset.load_and_preprocess_cane_raw_file] Applied Common Average Reference
[2026-02-08 15:39:42,552 INFO dataset.load_and_preprocess_cane_raw_file] Loading all 8 channels in canonical order
[2026-02-08 15:39:42,730 INFO dataset.load_and_preprocess_cane_raw_file] Using sampling rate: 500 Hz
[2026-02-08 15:39:42,730 INFO dataset.load_and_preprocess_cane_raw_file] Chunk size: 5000 samples (10s)
[2026-02-08 15:39:44,213 INFO dataset.load_and_preprocess_cane_raw_file] Created 30 chunks of shape torch.Size([30, 8, 5000])
[2026-02-08 15:39:45,012 INFO dataset.__init__] Built index with 1972 total chunks
[2026-02-08 15:39:45,015 INFO dataset._log_file_discovery] Discovered 62 CANE files: {'normal': 18, 'anxiety': 18, 'depression': 1, 'anxiety-depression': 25} labels, {'eo': 62} conditions
[2026-02-08 15:39:45,016 INFO dataset.__init__] Building chunk index for FlattenedSpectrogramDataset...
[2026-02-08 15:39:45,623 INFO dataset.verify_sampling_rate] Detected sampling rate: 499.15 Hz
[2026-02-08 15:39:45,718 INFO dataset.load_and_preprocess_cane_raw_file] Applied Common Average Reference
[2026-02-08 15:39:45,719 INFO dataset.load_and_preprocess_cane_raw_file] Loading all 8 channels in canonical order
[2026-02-08 15:39:45,733 INFO dataset._process_single_channel] Channel Fp1: Found 11 artifacts (0.01%)
[2026-02-08 15:39:45,769 INFO dataset._process_single_channel] Channel Fp2: Found 11 artifacts (0.01%)
[2026-02-08 15:39:45,802 INFO dataset._process_single_channel] Channel C3: Found 36 artifacts (0.02%)
[2026-02-08 15:39:45,849 INFO dataset._process_single_channel] Channel Cz: Found 15 artifacts (0.01%)
[2026-02-08 15:39:45,886 INFO dataset._process_single_channel] Channel C4: Found 115 artifacts (0.08%)
[2026-02-08 15:39:45,984 INFO dataset._process_single_channel] Channel T7: Found 36 artifacts (0.02%)
[2026-02-08 15:39:46,029 INFO dataset._process_single_channel] Channel T8: Found 16 artifacts (0.01%)
[2026-02-08 15:39:46,061 INFO dataset._process_single_channel] Channel Oz: Found 227 artifacts (0.15%)
[2026-02-08 15:39:46,204 INFO dataset.load_and_preprocess_cane_raw_file] Using sampling rate: 500 Hz
[2026-02-08 15:39:46,204 INFO dataset.load_and_preprocess_cane_raw_file] Chunk size: 5000 samples (10s)
[2026-02-08 15:39:47,413 INFO dataset.load_and_preprocess_cane_raw_file] Created 30 chunks of shape torch.Size([30, 8, 5000])
[2026-02-08 15:39:48,724 INFO dataset.verify_sampling_rate] Detected sampling rate: 499.06 Hz
[2026-02-08 15:39:48,800 INFO dataset.load_and_preprocess_cane_raw_file] Applied Common Average Reference
[2026-02-08 15:39:48,801 INFO dataset.load_and_preprocess_cane_raw_file] Loading all 8 channels in canonical order
[2026-02-08 15:39:48,818 INFO dataset._process_single_channel] Channel Fp1: Found 2 artifacts (0.00%)
[2026-02-08 15:39:48,844 INFO dataset._process_single_channel] Channel Fp2: Found 4 artifacts (0.00%)
[2026-02-08 15:39:48,869 INFO dataset._process_single_channel] Channel C3: Found 62 artifacts (0.04%)
[2026-02-08 15:39:48,926 INFO dataset._process_single_channel] Channel Cz: Found 17 artifacts (0.01%)
[2026-02-08 15:39:48,957 INFO dataset._process_single_channel] Channel C4: Found 10 artifacts (0.01%)
[2026-02-08 15:39:49,011 INFO dataset._process_single_channel] Channel T8: Found 67 artifacts (0.04%)
[2026-02-08 15:39:49,078 INFO dataset._process_single_channel] Channel Oz: Found 5 artifacts (0.00%)
[2026-02-08 15:39:49,097 INFO dataset.load_and_preprocess_cane_raw_file] Using sampling rate: 500 Hz
[2026-02-08 15:39:49,098 INFO dataset.load_and_preprocess_cane_raw_file] Chunk size: 5000 samples (10s)
[2026-02-08 15:39:50,313 INFO dataset.load_and_preprocess_cane_raw_file] Created 30 chunks of shape torch.Size([30, 8, 5000])
[2026-02-08 15:39:51,502 INFO dataset.verify_sampling_rate] Detected sampling rate: 498.81 Hz
[2026-02-08 15:39:51,597 INFO dataset.load_and_preprocess_cane_raw_file] Applied Common Average Reference
[2026-02-08 15:39:51,598 INFO dataset.load_and_preprocess_cane_raw_file] Loading all 8 channels in canonical order
[2026-02-08 15:39:51,614 INFO dataset._process_single_channel] Channel Fp1: Found 53 artifacts (0.03%)
[2026-02-08 15:39:51,683 INFO dataset._process_single_channel] Channel Fp2: Found 3 artifacts (0.00%)
[2026-02-08 15:39:51,759 INFO dataset._process_single_channel] Channel Cz: Found 33 artifacts (0.02%)
[2026-02-08 15:39:51,824 INFO dataset._process_single_channel] Channel C4: Found 191 artifacts (0.12%)
[2026-02-08 15:39:52,015 INFO dataset._process_single_channel] Channel T7: Found 546 artifacts (0.34%)
[2026-02-08 15:39:52,372 INFO dataset._process_single_channel] Channel T8: Found 9 artifacts (0.01%)
[2026-02-08 15:39:52,413 INFO dataset._process_single_channel] Channel Oz: Found 34 artifacts (0.02%)
[2026-02-08 15:39:52,489 INFO dataset.load_and_preprocess_cane_raw_file] Using sampling rate: 500 Hz
[2026-02-08 15:39:52,489 INFO dataset.load_and_preprocess_cane_raw_file] Chunk size: 5000 samples (10s)
[2026-02-08 15:39:53,911 INFO dataset.load_and_preprocess_cane_raw_file] Created 32 chunks of shape torch.Size([32, 8, 5000])
[2026-02-08 15:39:55,242 INFO dataset.verify_sampling_rate] Detected sampling rate: 499.86 Hz
[2026-02-08 15:39:55,320 INFO dataset.load_and_preprocess_cane_raw_file] Applied Common Average Reference
[2026-02-08 15:39:55,321 INFO dataset.load_and_preprocess_cane_raw_file] Loading all 8 channels in canonical order
[2026-02-08 15:39:55,363 INFO dataset._process_single_channel] Channel Fp2: Found 121 artifacts (0.08%)
[2026-02-08 15:39:55,462 INFO dataset._process_single_channel] Channel C3: Found 189 artifacts (0.12%)
[2026-02-08 15:39:55,601 INFO dataset._process_single_channel] Channel Cz: Found 1419 artifacts (0.92%)
[2026-02-08 15:39:56,533 INFO dataset._process_single_channel] Channel C4: Found 1280 artifacts (0.83%)
[2026-02-08 15:39:57,534 INFO dataset._process_single_channel] Channel T7: Found 603 artifacts (0.39%)
[2026-02-08 15:39:58,061 INFO dataset._process_single_channel] Channel T8: Found 1430 artifacts (0.93%)
[2026-02-08 15:39:59,144 INFO dataset._process_single_channel] Channel Oz: Found 1039 artifacts (0.68%)
[2026-02-08 15:39:59,830 INFO dataset.load_and_preprocess_cane_raw_file] Using sampling rate: 500 Hz
[2026-02-08 15:39:59,830 INFO dataset.load_and_preprocess_cane_raw_file] Chunk size: 5000 samples (10s)
[2026-02-08 15:40:01,294 INFO dataset.load_and_preprocess_cane_raw_file] Created 30 chunks of shape torch.Size([30, 8, 5000])
[2026-02-08 15:40:02,613 INFO dataset.verify_sampling_rate] Detected sampling rate: 499.24 Hz
[2026-02-08 15:40:02,684 INFO dataset.load_and_preprocess_cane_raw_file] Applied Common Average Reference
[2026-02-08 15:40:02,685 INFO dataset.load_and_preprocess_cane_raw_file] Loading all 8 channels in canonical order
[2026-02-08 15:40:02,699 INFO dataset._process_single_channel] Channel Fp1: Found 9 artifacts (0.01%)
[2026-02-08 15:40:02,732 INFO dataset._process_single_channel] Channel Fp2: Found 7 artifacts (0.01%)
[2026-02-08 15:40:02,765 INFO dataset._process_single_channel] Channel C3: Found 56 artifacts (0.04%)
[2026-02-08 15:40:02,845 INFO dataset._process_single_channel] Channel Cz: Found 8 artifacts (0.01%)
[2026-02-08 15:40:02,910 INFO dataset._process_single_channel] Channel T7: Found 161 artifacts (0.13%)
[2026-02-08 15:40:03,038 INFO dataset._process_single_channel] Channel T8: Found 29 artifacts (0.02%)
[2026-02-08 15:40:03,083 INFO dataset._process_single_channel] Channel Oz: Found 16 artifacts (0.01%)
[2026-02-08 15:40:03,112 INFO dataset.load_and_preprocess_cane_raw_file] Using sampling rate: 500 Hz
[2026-02-08 15:40:03,112 INFO dataset.load_and_preprocess_cane_raw_file] Chunk size: 5000 samples (10s)
[2026-02-08 15:40:04,110 INFO dataset.load_and_preprocess_cane_raw_file] Created 25 chunks of shape torch.Size([25, 8, 5000])
[2026-02-08 15:40:05,292 INFO dataset.verify_sampling_rate] Detected sampling rate: 499.51 Hz
[2026-02-08 15:40:05,356 INFO dataset.load_and_preprocess_cane_raw_file] Applied Common Average Reference
[2026-02-08 15:40:05,357 INFO dataset.load_and_preprocess_cane_raw_file] Loading all 8 channels in canonical order
[2026-02-08 15:40:05,369 INFO dataset._process_single_channel] Channel Fp1: Found 5 artifacts (0.00%)
[2026-02-08 15:40:05,398 INFO dataset._process_single_channel] Channel Fp2: Found 5 artifacts (0.00%)
[2026-02-08 15:40:05,427 INFO dataset._process_single_channel] Channel C3: Found 4 artifacts (0.00%)
[2026-02-08 15:40:05,448 INFO dataset._process_single_channel] Channel Cz: Found 4 artifacts (0.00%)
[2026-02-08 15:40:05,472 INFO dataset._process_single_channel] Channel C4: Found 5 artifacts (0.00%)
[2026-02-08 15:40:05,500 INFO dataset._process_single_channel] Channel T7: Found 4 artifacts (0.00%)
[2026-02-08 15:40:05,528 INFO dataset._process_single_channel] Channel T8: Found 5 artifacts (0.00%)
[2026-02-08 15:40:05,554 INFO dataset._process_single_channel] Channel Oz: Found 5 artifacts (0.00%)
[2026-02-08 15:40:05,570 INFO dataset.load_and_preprocess_cane_raw_file] Using sampling rate: 500 Hz
[2026-02-08 15:40:05,570 INFO dataset.load_and_preprocess_cane_raw_file] Chunk size: 5000 samples (10s)
[2026-02-08 15:40:06,495 INFO dataset.load_and_preprocess_cane_raw_file] Created 25 chunks of shape torch.Size([25, 8, 5000])
[2026-02-08 15:40:07,541 INFO dataset.verify_sampling_rate] Detected sampling rate: 498.47 Hz
[2026-02-08 15:40:07,606 INFO dataset.load_and_preprocess_cane_raw_file] Applied Common Average Reference
[2026-02-08 15:40:07,607 INFO dataset.load_and_preprocess_cane_raw_file] Loading all 8 channels in canonical order
[2026-02-08 15:40:07,638 INFO dataset._process_single_channel] Channel Fp2: Found 7 artifacts (0.01%)
[2026-02-08 15:40:07,730 INFO dataset._process_single_channel] Channel T7: Found 737 artifacts (0.57%)
[2026-02-08 15:40:08,175 INFO dataset.load_and_preprocess_cane_raw_file] Using sampling rate: 500 Hz
[2026-02-08 15:40:08,176 INFO dataset.load_and_preprocess_cane_raw_file] Chunk size: 5000 samples (10s)
[2026-02-08 15:40:09,301 INFO dataset.load_and_preprocess_cane_raw_file] Created 25 chunks of shape torch.Size([25, 8, 5000])
[2026-02-08 15:40:10,366 INFO dataset.verify_sampling_rate] Detected sampling rate: 499.23 Hz
[2026-02-08 15:40:10,462 INFO dataset.load_and_preprocess_cane_raw_file] Applied Common Average Reference
[2026-02-08 15:40:10,462 INFO dataset.load_and_preprocess_cane_raw_file] Loading all 8 channels in canonical order
[2026-02-08 15:40:10,477 INFO dataset._process_single_channel] Channel Fp1: Found 15 artifacts (0.01%)
[2026-02-08 15:40:10,517 INFO dataset._process_single_channel] Channel Fp2: Found 20 artifacts (0.02%)
[2026-02-08 15:40:10,572 INFO dataset._process_single_channel] Channel Cz: Found 1 artifacts (0.00%)
[2026-02-08 15:40:10,601 INFO dataset._process_single_channel] Channel C4: Found 3 artifacts (0.00%)
[2026-02-08 15:40:10,634 INFO dataset._process_single_channel] Channel T7: Found 31 artifacts (0.02%)
[2026-02-08 15:40:10,673 INFO dataset._process_single_channel] Channel T8: Found 177 artifacts (0.14%)
[2026-02-08 15:40:10,837 INFO dataset.load_and_preprocess_cane_raw_file] Using sampling rate: 500 Hz
[2026-02-08 15:40:10,837 INFO dataset.load_and_preprocess_cane_raw_file] Chunk size: 5000 samples (10s)
[2026-02-08 15:40:11,811 INFO dataset.load_and_preprocess_cane_raw_file] Created 26 chunks of shape torch.Size([26, 8, 5000])
[2026-02-08 15:40:13,046 INFO dataset.verify_sampling_rate] Detected sampling rate: 499.20 Hz
[2026-02-08 15:40:13,135 INFO dataset.load_and_preprocess_cane_raw_file] Applied Common Average Reference
[2026-02-08 15:40:13,136 INFO dataset.load_and_preprocess_cane_raw_file] Loading all 8 channels in canonical order
[2026-02-08 15:40:13,146 INFO dataset._process_single_channel] Channel Fp1: Found 97 artifacts (0.08%)
[2026-02-08 15:40:13,245 INFO dataset._process_single_channel] Channel Fp2: Found 95 artifacts (0.07%)
[2026-02-08 15:40:13,347 INFO dataset._process_single_channel] Channel C3: Found 27 artifacts (0.02%)
[2026-02-08 15:40:13,421 INFO dataset._process_single_channel] Channel C4: Found 218 artifacts (0.17%)
[2026-02-08 15:40:13,600 INFO dataset._process_single_channel] Channel T7: Found 3 artifacts (0.00%)
[2026-02-08 15:40:13,626 INFO dataset._process_single_channel] Channel T8: Found 322 artifacts (0.25%)
[2026-02-08 15:40:13,870 INFO dataset._process_single_channel] Channel Oz: Found 42 artifacts (0.03%)
[2026-02-08 15:40:13,920 INFO dataset.load_and_preprocess_cane_raw_file] Using sampling rate: 500 Hz
[2026-02-08 15:40:13,920 INFO dataset.load_and_preprocess_cane_raw_file] Chunk size: 5000 samples (10s)
[2026-02-08 15:40:14,894 INFO dataset.load_and_preprocess_cane_raw_file] Created 25 chunks of shape torch.Size([25, 8, 5000])
[2026-02-08 15:40:16,060 INFO dataset.verify_sampling_rate] Detected sampling rate: 499.28 Hz
[2026-02-08 15:40:16,142 INFO dataset.load_and_preprocess_cane_raw_file] Applied Common Average Reference
[2026-02-08 15:40:16,143 INFO dataset.load_and_preprocess_cane_raw_file] Loading all 8 channels in canonical order
[2026-02-08 15:40:16,156 INFO dataset._process_single_channel] Channel Fp1: Found 98 artifacts (0.06%)
[2026-02-08 15:40:16,246 INFO dataset._process_single_channel] Channel Fp2: Found 5 artifacts (0.00%)
[2026-02-08 15:40:16,275 INFO dataset._process_single_channel] Channel C3: Found 105 artifacts (0.07%)
[2026-02-08 15:40:16,368 INFO dataset._process_single_channel] Channel Cz: Found 6 artifacts (0.00%)
[2026-02-08 15:40:16,404 INFO dataset._process_single_channel] Channel C4: Found 1 artifacts (0.00%)
[2026-02-08 15:40:16,429 INFO dataset._process_single_channel] Channel T7: Found 14 artifacts (0.01%)
[2026-02-08 15:40:16,462 INFO dataset._process_single_channel] Channel T8: Found 4 artifacts (0.00%)
[2026-02-08 15:40:16,499 INFO dataset._process_single_channel] Channel Oz: Found 5 artifacts (0.00%)
[2026-02-08 15:40:16,519 INFO dataset.load_and_preprocess_cane_raw_file] Using sampling rate: 500 Hz
[2026-02-08 15:40:16,520 INFO dataset.load_and_preprocess_cane_raw_file] Chunk size: 5000 samples (10s)
[2026-02-08 15:40:17,695 INFO dataset.load_and_preprocess_cane_raw_file] Created 30 chunks of shape torch.Size([30, 8, 5000])
[2026-02-08 15:40:19,136 INFO dataset.verify_sampling_rate] Detected sampling rate: 498.55 Hz
[2026-02-08 15:40:19,254 INFO dataset.load_and_preprocess_cane_raw_file] Applied Common Average Reference
[2026-02-08 15:40:19,255 INFO dataset.load_and_preprocess_cane_raw_file] Loading all 8 channels in canonical order
[2026-02-08 15:40:19,279 INFO dataset._process_single_channel] Channel Fp1: Found 104 artifacts (0.05%)
[2026-02-08 15:40:19,390 INFO dataset._process_single_channel] Channel Fp2: Found 207 artifacts (0.10%)
[2026-02-08 15:40:19,550 INFO dataset._process_single_channel] Channel C3: Found 999 artifacts (0.47%)
[2026-02-08 15:40:20,113 INFO dataset._process_single_channel] Channel Cz: Found 17 artifacts (0.01%)
[2026-02-08 15:40:20,183 INFO dataset._process_single_channel] Channel T7: Found 2366 artifacts (1.10%)
[2026-02-08 15:40:21,573 INFO dataset._process_single_channel] Channel T8: Found 1493 artifacts (0.70%)
[2026-02-08 15:40:22,425 INFO dataset._process_single_channel] Channel Oz: Found 407 artifacts (0.19%)
[2026-02-08 15:40:22,694 INFO dataset.load_and_preprocess_cane_raw_file] Using sampling rate: 500 Hz
[2026-02-08 15:40:22,694 INFO dataset.load_and_preprocess_cane_raw_file] Chunk size: 5000 samples (10s)
[2026-02-08 15:40:24,508 INFO dataset.load_and_preprocess_cane_raw_file] Created 42 chunks of shape torch.Size([42, 8, 5000])
[2026-02-08 15:40:25,985 INFO dataset.verify_sampling_rate] Detected sampling rate: 491.57 Hz
[2026-02-08 15:40:26,062 INFO dataset.load_and_preprocess_cane_raw_file] Applied Common Average Reference
[2026-02-08 15:40:26,063 INFO dataset.load_and_preprocess_cane_raw_file] Loading all 8 channels in canonical order
[2026-02-08 15:40:26,080 INFO dataset._process_single_channel] Channel Fp1: Found 1172 artifacts (0.78%)
[2026-02-08 15:40:26,893 INFO dataset._process_single_channel] Channel Fp2: Found 1216 artifacts (0.81%)
[2026-02-08 15:40:27,700 INFO dataset._process_single_channel] Channel C3: Found 1045 artifacts (0.69%)
[2026-02-08 15:40:28,553 INFO dataset._process_single_channel] Channel Cz: Found 690 artifacts (0.46%)
[2026-02-08 15:40:29,046 INFO dataset._process_single_channel] Channel C4: Found 991 artifacts (0.66%)
[2026-02-08 15:40:29,696 INFO dataset._process_single_channel] Channel T7: Found 964 artifacts (0.64%)
[2026-02-08 15:40:30,248 INFO dataset._process_single_channel] Channel T8: Found 995 artifacts (0.66%)
[2026-02-08 15:40:30,815 INFO dataset._process_single_channel] Channel Oz: Found 656 artifacts (0.43%)
[2026-02-08 15:40:31,189 INFO dataset.load_and_preprocess_cane_raw_file] Using sampling rate: 500 Hz
[2026-02-08 15:40:31,190 INFO dataset.load_and_preprocess_cane_raw_file] Chunk size: 5000 samples (10s)
[2026-02-08 15:40:32,507 INFO dataset.load_and_preprocess_cane_raw_file] Created 30 chunks of shape torch.Size([30, 8, 5000])
[2026-02-08 15:40:33,780 INFO dataset.verify_sampling_rate] Detected sampling rate: 499.57 Hz
[2026-02-08 15:40:33,858 INFO dataset.load_and_preprocess_cane_raw_file] Applied Common Average Reference
[2026-02-08 15:40:33,859 INFO dataset.load_and_preprocess_cane_raw_file] Loading all 8 channels in canonical order
[2026-02-08 15:40:33,878 INFO dataset._process_single_channel] Channel Fp1: Found 26 artifacts (0.02%)
[2026-02-08 15:40:33,962 INFO dataset._process_single_channel] Channel Cz: Found 109 artifacts (0.07%)
[2026-02-08 15:40:34,123 INFO dataset.load_and_preprocess_cane_raw_file] Using sampling rate: 500 Hz
[2026-02-08 15:40:34,123 INFO dataset.load_and_preprocess_cane_raw_file] Chunk size: 5000 samples (10s)
[2026-02-08 15:40:35,306 INFO dataset.load_and_preprocess_cane_raw_file] Created 30 chunks of shape torch.Size([30, 8, 5000])
[2026-02-08 15:40:36,646 INFO dataset.verify_sampling_rate] Detected sampling rate: 499.69 Hz
[2026-02-08 15:40:36,735 INFO dataset.load_and_preprocess_cane_raw_file] Applied Common Average Reference
[2026-02-08 15:40:36,736 INFO dataset.load_and_preprocess_cane_raw_file] Loading all 8 channels in canonical order
[2026-02-08 15:40:36,750 INFO dataset._process_single_channel] Channel Fp1: Found 271 artifacts (0.16%)
[2026-02-08 15:40:36,950 INFO dataset._process_single_channel] Channel Fp2: Found 156 artifacts (0.09%)
[2026-02-08 15:40:37,108 INFO dataset._process_single_channel] Channel Cz: Found 4 artifacts (0.00%)
[2026-02-08 15:40:37,156 INFO dataset._process_single_channel] Channel T7: Found 6 artifacts (0.00%)
[2026-02-08 15:40:37,194 INFO dataset._process_single_channel] Channel T8: Found 5 artifacts (0.00%)
[2026-02-08 15:40:37,226 INFO dataset._process_single_channel] Channel Oz: Found 263 artifacts (0.15%)
[2026-02-08 15:40:37,415 INFO dataset.load_and_preprocess_cane_raw_file] Using sampling rate: 500 Hz
[2026-02-08 15:40:37,415 INFO dataset.load_and_preprocess_cane_raw_file] Chunk size: 5000 samples (10s)
[2026-02-08 15:40:38,706 INFO dataset.load_and_preprocess_cane_raw_file] Created 34 chunks of shape torch.Size([34, 8, 5000])
[2026-02-08 15:40:39,987 INFO dataset.verify_sampling_rate] Detected sampling rate: 499.58 Hz
[2026-02-08 15:40:40,061 INFO dataset.load_and_preprocess_cane_raw_file] Applied Common Average Reference
[2026-02-08 15:40:40,062 INFO dataset.load_and_preprocess_cane_raw_file] Loading all 8 channels in canonical order
[2026-02-08 15:40:40,201 INFO dataset._process_single_channel] Channel T7: Found 4 artifacts (0.00%)
[2026-02-08 15:40:40,265 INFO dataset.load_and_preprocess_cane_raw_file] Using sampling rate: 500 Hz
[2026-02-08 15:40:40,266 INFO dataset.load_and_preprocess_cane_raw_file] Chunk size: 5000 samples (10s)
[2026-02-08 15:40:41,493 INFO dataset.load_and_preprocess_cane_raw_file] Created 30 chunks of shape torch.Size([30, 8, 5000])
[2026-02-08 15:40:42,752 INFO dataset.verify_sampling_rate] Detected sampling rate: 499.94 Hz
[2026-02-08 15:40:42,835 INFO dataset.load_and_preprocess_cane_raw_file] Applied Common Average Reference
[2026-02-08 15:40:42,836 INFO dataset.load_and_preprocess_cane_raw_file] Loading all 8 channels in canonical order
[2026-02-08 15:40:42,848 INFO dataset._process_single_channel] Channel Fp1: Found 214 artifacts (0.14%)
[2026-02-08 15:40:43,045 INFO dataset._process_single_channel] Channel Fp2: Found 1 artifacts (0.00%)
[2026-02-08 15:40:43,079 INFO dataset._process_single_channel] Channel C3: Found 252 artifacts (0.16%)
[2026-02-08 15:40:43,298 INFO dataset._process_single_channel] Channel Cz: Found 17 artifacts (0.01%)
[2026-02-08 15:40:43,334 INFO dataset._process_single_channel] Channel C4: Found 209 artifacts (0.13%)
[2026-02-08 15:40:43,518 INFO dataset._process_single_channel] Channel T7: Found 22 artifacts (0.01%)
[2026-02-08 15:40:43,557 INFO dataset._process_single_channel] Channel T8: Found 20 artifacts (0.01%)
[2026-02-08 15:40:43,612 INFO dataset._process_single_channel] Channel Oz: Found 20 artifacts (0.01%)
[2026-02-08 15:40:43,648 INFO dataset.load_and_preprocess_cane_raw_file] Using sampling rate: 500 Hz
[2026-02-08 15:40:43,648 INFO dataset.load_and_preprocess_cane_raw_file] Chunk size: 5000 samples (10s)
[2026-02-08 15:40:44,901 INFO dataset.load_and_preprocess_cane_raw_file] Created 31 chunks of shape torch.Size([31, 8, 5000])
[2026-02-08 15:40:46,476 INFO dataset.verify_sampling_rate] Detected sampling rate: 499.58 Hz
[2026-02-08 15:40:46,550 INFO dataset.load_and_preprocess_cane_raw_file] Applied Common Average Reference
[2026-02-08 15:40:46,550 INFO dataset.load_and_preprocess_cane_raw_file] Loading all 8 channels in canonical order
[2026-02-08 15:40:46,625 INFO dataset._process_single_channel] Channel C3: Found 2 artifacts (0.00%)
[2026-02-08 15:40:46,744 INFO dataset._process_single_channel] Channel Oz: Found 156 artifacts (0.10%)
[2026-02-08 15:40:46,854 INFO dataset.load_and_preprocess_cane_raw_file] Using sampling rate: 500 Hz
[2026-02-08 15:40:46,855 INFO dataset.load_and_preprocess_cane_raw_file] Chunk size: 5000 samples (10s)
[2026-02-08 15:40:48,112 INFO dataset.load_and_preprocess_cane_raw_file] Created 30 chunks of shape torch.Size([30, 8, 5000])
[2026-02-08 15:40:49,255 INFO dataset.verify_sampling_rate] Detected sampling rate: 499.71 Hz
[2026-02-08 15:40:49,335 INFO dataset.load_and_preprocess_cane_raw_file] Applied Common Average Reference
[2026-02-08 15:40:49,335 INFO dataset.load_and_preprocess_cane_raw_file] Loading all 8 channels in canonical order
[2026-02-08 15:40:49,534 INFO dataset.load_and_preprocess_cane_raw_file] Using sampling rate: 500 Hz
[2026-02-08 15:40:49,534 INFO dataset.load_and_preprocess_cane_raw_file] Chunk size: 5000 samples (10s)
[2026-02-08 15:40:50,995 INFO dataset.load_and_preprocess_cane_raw_file] Created 30 chunks of shape torch.Size([30, 8, 5000])
[2026-02-08 15:40:52,288 INFO dataset.verify_sampling_rate] Detected sampling rate: 499.29 Hz
[2026-02-08 15:40:52,357 INFO dataset.load_and_preprocess_cane_raw_file] Applied Common Average Reference
[2026-02-08 15:40:52,358 INFO dataset.load_and_preprocess_cane_raw_file] Loading all 8 channels in canonical order
[2026-02-08 15:40:52,373 INFO dataset._process_single_channel] Channel Fp1: Found 218 artifacts (0.14%)
[2026-02-08 15:40:52,537 INFO dataset._process_single_channel] Channel Fp2: Found 273 artifacts (0.18%)
[2026-02-08 15:40:52,743 INFO dataset._process_single_channel] Channel C3: Found 112 artifacts (0.07%)
[2026-02-08 15:40:52,838 INFO dataset._process_single_channel] Channel Cz: Found 663 artifacts (0.43%)
[2026-02-08 15:40:53,289 INFO dataset._process_single_channel] Channel T7: Found 122 artifacts (0.08%)
[2026-02-08 15:40:53,391 INFO dataset._process_single_channel] Channel T8: Found 237 artifacts (0.15%)
[2026-02-08 15:40:53,562 INFO dataset._process_single_channel] Channel Oz: Found 105 artifacts (0.07%)
[2026-02-08 15:40:53,634 INFO dataset.load_and_preprocess_cane_raw_file] Using sampling rate: 500 Hz
[2026-02-08 15:40:53,634 INFO dataset.load_and_preprocess_cane_raw_file] Chunk size: 5000 samples (10s)
[2026-02-08 15:40:54,708 INFO dataset.load_and_preprocess_cane_raw_file] Created 30 chunks of shape torch.Size([30, 8, 5000])
[2026-02-08 15:40:56,257 INFO dataset.verify_sampling_rate] Detected sampling rate: 499.93 Hz
[2026-02-08 15:40:56,345 INFO dataset.load_and_preprocess_cane_raw_file] Applied Common Average Reference
[2026-02-08 15:40:56,346 INFO dataset.load_and_preprocess_cane_raw_file] Loading all 8 channels in canonical order
[2026-02-08 15:40:56,362 INFO dataset._process_single_channel] Channel Fp1: Found 925 artifacts (0.57%)
[2026-02-08 15:40:56,962 INFO dataset._process_single_channel] Channel Fp2: Found 937 artifacts (0.58%)
[2026-02-08 15:40:57,522 INFO dataset._process_single_channel] Channel C3: Found 2780 artifacts (1.71%)
[2026-02-08 15:40:59,372 INFO dataset._process_single_channel] Channel C4: Found 1164 artifacts (0.72%)
[2026-02-08 15:41:00,067 INFO dataset._process_single_channel] Channel T7: Found 3333 artifacts (2.05%)
[2026-02-08 15:41:01,952 INFO dataset._process_single_channel] Channel T8: Found 1994 artifacts (1.23%)
[2026-02-08 15:41:03,027 INFO dataset._process_single_channel] Channel Oz: Found 6 artifacts (0.00%)
[2026-02-08 15:41:03,050 INFO dataset.load_and_preprocess_cane_raw_file] Using sampling rate: 500 Hz
[2026-02-08 15:41:03,050 INFO dataset.load_and_preprocess_cane_raw_file] Chunk size: 5000 samples (10s)
[2026-02-08 15:41:04,417 INFO dataset.load_and_preprocess_cane_raw_file] Created 32 chunks of shape torch.Size([32, 8, 5000])
[2026-02-08 15:41:05,779 INFO dataset.verify_sampling_rate] Detected sampling rate: 499.64 Hz
[2026-02-08 15:41:05,851 INFO dataset.load_and_preprocess_cane_raw_file] Applied Common Average Reference
[2026-02-08 15:41:05,852 INFO dataset.load_and_preprocess_cane_raw_file] Loading all 8 channels in canonical order
[2026-02-08 15:41:05,869 INFO dataset._process_single_channel] Channel Fp1: Found 7 artifacts (0.00%)
[2026-02-08 15:41:05,907 INFO dataset._process_single_channel] Channel Fp2: Found 114 artifacts (0.07%)
[2026-02-08 15:41:06,006 INFO dataset._process_single_channel] Channel C3: Found 102 artifacts (0.07%)
[2026-02-08 15:41:06,089 INFO dataset._process_single_channel] Channel Cz: Found 17 artifacts (0.01%)
[2026-02-08 15:41:06,147 INFO dataset._process_single_channel] Channel T7: Found 1 artifacts (0.00%)
[2026-02-08 15:41:06,172 INFO dataset._process_single_channel] Channel T8: Found 34 artifacts (0.02%)
[2026-02-08 15:41:06,220 INFO dataset._process_single_channel] Channel Oz: Found 27 artifacts (0.02%)
[2026-02-08 15:41:06,247 INFO dataset.load_and_preprocess_cane_raw_file] Using sampling rate: 500 Hz
[2026-02-08 15:41:06,247 INFO dataset.load_and_preprocess_cane_raw_file] Chunk size: 5000 samples (10s)
[2026-02-08 15:41:07,518 INFO dataset.load_and_preprocess_cane_raw_file] Created 30 chunks of shape torch.Size([30, 8, 5000])
[2026-02-08 15:41:08,932 INFO dataset.verify_sampling_rate] Detected sampling rate: 499.64 Hz
[2026-02-08 15:41:09,028 INFO dataset.load_and_preprocess_cane_raw_file] Applied Common Average Reference
[2026-02-08 15:41:09,029 INFO dataset.load_and_preprocess_cane_raw_file] Loading all 8 channels in canonical order
[2026-02-08 15:41:09,045 INFO dataset._process_single_channel] Channel Fp1: Found 255 artifacts (0.16%)
[2026-02-08 15:41:09,237 INFO dataset._process_single_channel] Channel Fp2: Found 67 artifacts (0.04%)
[2026-02-08 15:41:09,334 INFO dataset._process_single_channel] Channel Cz: Found 188 artifacts (0.12%)
[2026-02-08 15:41:09,513 INFO dataset._process_single_channel] Channel T7: Found 11 artifacts (0.01%)
[2026-02-08 15:41:09,545 INFO dataset._process_single_channel] Channel T8: Found 1632 artifacts (1.01%)
[2026-02-08 15:41:10,604 INFO dataset._process_single_channel] Channel Oz: Found 1592 artifacts (0.99%)
[2026-02-08 15:41:11,473 INFO dataset.load_and_preprocess_cane_raw_file] Using sampling rate: 500 Hz
[2026-02-08 15:41:11,474 INFO dataset.load_and_preprocess_cane_raw_file] Chunk size: 5000 samples (10s)
[2026-02-08 15:41:13,021 INFO dataset.load_and_preprocess_cane_raw_file] Created 32 chunks of shape torch.Size([32, 8, 5000])
[2026-02-08 15:41:14,623 INFO dataset.verify_sampling_rate] Detected sampling rate: 498.79 Hz
[2026-02-08 15:41:14,713 INFO dataset.load_and_preprocess_cane_raw_file] Applied Common Average Reference
[2026-02-08 15:41:14,714 INFO dataset.load_and_preprocess_cane_raw_file] Loading all 8 channels in canonical order
[2026-02-08 15:41:14,729 INFO dataset._process_single_channel] Channel Fp1: Found 19 artifacts (0.01%)
[2026-02-08 15:41:14,765 INFO dataset._process_single_channel] Channel Fp2: Found 2 artifacts (0.00%)
[2026-02-08 15:41:14,940 INFO dataset.load_and_preprocess_cane_raw_file] Using sampling rate: 500 Hz
[2026-02-08 15:41:14,941 INFO dataset.load_and_preprocess_cane_raw_file] Chunk size: 5000 samples (10s)
[2026-02-08 15:41:16,412 INFO dataset.load_and_preprocess_cane_raw_file] Created 31 chunks of shape torch.Size([31, 8, 5000])
[2026-02-08 15:41:17,829 INFO dataset.verify_sampling_rate] Detected sampling rate: 499.56 Hz
[2026-02-08 15:41:17,918 INFO dataset.load_and_preprocess_cane_raw_file] Applied Common Average Reference
[2026-02-08 15:41:17,918 INFO dataset.load_and_preprocess_cane_raw_file] Loading all 8 channels in canonical order
[2026-02-08 15:41:17,932 INFO dataset._process_single_channel] Channel Fp1: Found 1 artifacts (0.00%)
[2026-02-08 15:41:17,956 INFO dataset._process_single_channel] Channel Fp2: Found 2 artifacts (0.00%)
[2026-02-08 15:41:17,989 INFO dataset._process_single_channel] Channel C3: Found 81 artifacts (0.05%)
[2026-02-08 15:41:18,064 INFO dataset._process_single_channel] Channel Cz: Found 325 artifacts (0.21%)
[2026-02-08 15:41:18,311 INFO dataset._process_single_channel] Channel C4: Found 117 artifacts (0.08%)
[2026-02-08 15:41:18,416 INFO dataset._process_single_channel] Channel T7: Found 233 artifacts (0.15%)
[2026-02-08 15:41:18,601 INFO dataset._process_single_channel] Channel T8: Found 2165 artifacts (1.41%)
[2026-02-08 15:41:19,905 INFO dataset._process_single_channel] Channel Oz: Found 5 artifacts (0.00%)
[2026-02-08 15:41:19,926 INFO dataset.load_and_preprocess_cane_raw_file] Using sampling rate: 500 Hz
[2026-02-08 15:41:19,927 INFO dataset.load_and_preprocess_cane_raw_file] Chunk size: 5000 samples (10s)
[2026-02-08 15:41:21,516 INFO dataset.load_and_preprocess_cane_raw_file] Created 30 chunks of shape torch.Size([30, 8, 5000])
[2026-02-08 15:41:22,720 INFO dataset.verify_sampling_rate] Detected sampling rate: 498.69 Hz
[2026-02-08 15:41:22,799 INFO dataset.load_and_preprocess_cane_raw_file] Applied Common Average Reference
[2026-02-08 15:41:22,800 INFO dataset.load_and_preprocess_cane_raw_file] Loading all 8 channels in canonical order
[2026-02-08 15:41:22,834 INFO dataset._process_single_channel] Channel Fp2: Found 13 artifacts (0.01%)
[2026-02-08 15:41:22,864 INFO dataset._process_single_channel] Channel C3: Found 3 artifacts (0.00%)
[2026-02-08 15:41:22,894 INFO dataset._process_single_channel] Channel Cz: Found 52 artifacts (0.04%)
[2026-02-08 15:41:22,945 INFO dataset._process_single_channel] Channel C4: Found 4 artifacts (0.00%)
[2026-02-08 15:41:23,017 INFO dataset._process_single_channel] Channel Oz: Found 3 artifacts (0.00%)
[2026-02-08 15:41:23,031 INFO dataset.load_and_preprocess_cane_raw_file] Using sampling rate: 500 Hz
[2026-02-08 15:41:23,031 INFO dataset.load_and_preprocess_cane_raw_file] Chunk size: 5000 samples (10s)
[2026-02-08 15:41:23,995 INFO dataset.load_and_preprocess_cane_raw_file] Created 25 chunks of shape torch.Size([25, 8, 5000])
[2026-02-08 15:41:25,145 INFO dataset.verify_sampling_rate] Detected sampling rate: 499.32 Hz
[2026-02-08 15:41:25,202 INFO dataset.load_and_preprocess_cane_raw_file] Applied Common Average Reference
[2026-02-08 15:41:25,203 INFO dataset.load_and_preprocess_cane_raw_file] Loading all 8 channels in canonical order
[2026-02-08 15:41:25,217 INFO dataset._process_single_channel] Channel Fp1: Found 29 artifacts (0.02%)
[2026-02-08 15:41:25,260 INFO dataset._process_single_channel] Channel Fp2: Found 30 artifacts (0.02%)
[2026-02-08 15:41:25,298 INFO dataset._process_single_channel] Channel C3: Found 17 artifacts (0.01%)
[2026-02-08 15:41:25,328 INFO dataset._process_single_channel] Channel Cz: Found 32 artifacts (0.02%)
[2026-02-08 15:41:25,367 INFO dataset._process_single_channel] Channel C4: Found 12 artifacts (0.01%)
[2026-02-08 15:41:25,413 INFO dataset._process_single_channel] Channel T8: Found 108 artifacts (0.08%)
[2026-02-08 15:41:25,506 INFO dataset.load_and_preprocess_cane_raw_file] Using sampling rate: 500 Hz
[2026-02-08 15:41:25,506 INFO dataset.load_and_preprocess_cane_raw_file] Chunk size: 5000 samples (10s)
[2026-02-08 15:41:26,618 INFO dataset.load_and_preprocess_cane_raw_file] Created 25 chunks of shape torch.Size([25, 8, 5000])
[2026-02-08 15:41:28,078 INFO dataset.verify_sampling_rate] Detected sampling rate: 499.57 Hz
[2026-02-08 15:41:28,179 INFO dataset.load_and_preprocess_cane_raw_file] Applied Common Average Reference
[2026-02-08 15:41:28,183 INFO dataset.load_and_preprocess_cane_raw_file] Loading all 8 channels in canonical order
[2026-02-08 15:41:28,250 INFO dataset._process_single_channel] Channel Fp2: Found 53 artifacts (0.03%)
[2026-02-08 15:41:28,354 INFO dataset._process_single_channel] Channel Cz: Found 4 artifacts (0.00%)
[2026-02-08 15:41:28,504 INFO dataset.load_and_preprocess_cane_raw_file] Using sampling rate: 500 Hz
[2026-02-08 15:41:28,504 INFO dataset.load_and_preprocess_cane_raw_file] Chunk size: 5000 samples (10s)
[2026-02-08 15:41:29,909 INFO dataset.load_and_preprocess_cane_raw_file] Created 31 chunks of shape torch.Size([31, 8, 5000])
[2026-02-08 15:41:31,141 INFO dataset.verify_sampling_rate] Detected sampling rate: 498.50 Hz
[2026-02-08 15:41:31,229 INFO dataset.load_and_preprocess_cane_raw_file] Applied Common Average Reference
[2026-02-08 15:41:31,230 INFO dataset.load_and_preprocess_cane_raw_file] Loading all 8 channels in canonical order
[2026-02-08 15:41:31,246 INFO dataset._process_single_channel] Channel Fp1: Found 3 artifacts (0.00%)
[2026-02-08 15:41:31,280 INFO dataset._process_single_channel] Channel Fp2: Found 103 artifacts (0.06%)
[2026-02-08 15:41:31,372 INFO dataset._process_single_channel] Channel C3: Found 18 artifacts (0.01%)
[2026-02-08 15:41:31,418 INFO dataset._process_single_channel] Channel Cz: Found 1 artifacts (0.00%)
[2026-02-08 15:41:31,441 INFO dataset._process_single_channel] Channel C4: Found 19 artifacts (0.01%)
[2026-02-08 15:41:31,531 INFO dataset._process_single_channel] Channel Oz: Found 111 artifacts (0.07%)
[2026-02-08 15:41:31,632 INFO dataset.load_and_preprocess_cane_raw_file] Using sampling rate: 500 Hz
[2026-02-08 15:41:31,632 INFO dataset.load_and_preprocess_cane_raw_file] Chunk size: 5000 samples (10s)
[2026-02-08 15:41:33,011 INFO dataset.load_and_preprocess_cane_raw_file] Created 32 chunks of shape torch.Size([32, 8, 5000])
[2026-02-08 15:41:34,398 INFO dataset.verify_sampling_rate] Detected sampling rate: 498.62 Hz
[2026-02-08 15:41:34,515 INFO dataset.load_and_preprocess_cane_raw_file] Applied Common Average Reference
[2026-02-08 15:41:34,516 INFO dataset.load_and_preprocess_cane_raw_file] Loading all 8 channels in canonical order
[2026-02-08 15:41:34,535 INFO dataset._process_single_channel] Channel Fp1: Found 603 artifacts (0.32%)
[2026-02-08 15:41:34,913 INFO dataset._process_single_channel] Channel Fp2: Found 574 artifacts (0.31%)
[2026-02-08 15:41:35,255 INFO dataset._process_single_channel] Channel C3: Found 389 artifacts (0.21%)
[2026-02-08 15:41:35,494 INFO dataset._process_single_channel] Channel Cz: Found 359 artifacts (0.19%)
[2026-02-08 15:41:35,719 INFO dataset._process_single_channel] Channel C4: Found 84 artifacts (0.04%)
[2026-02-08 15:41:35,793 INFO dataset._process_single_channel] Channel T7: Found 537 artifacts (0.29%)
[2026-02-08 15:41:36,125 INFO dataset._process_single_channel] Channel T8: Found 663 artifacts (0.36%)
[2026-02-08 15:41:36,534 INFO dataset._process_single_channel] Channel Oz: Found 2357 artifacts (1.26%)
[2026-02-08 15:41:37,921 INFO dataset.load_and_preprocess_cane_raw_file] Using sampling rate: 500 Hz
[2026-02-08 15:41:37,921 INFO dataset.load_and_preprocess_cane_raw_file] Chunk size: 5000 samples (10s)
[2026-02-08 15:41:39,515 INFO dataset.load_and_preprocess_cane_raw_file] Created 37 chunks of shape torch.Size([37, 8, 5000])
[2026-02-08 15:41:41,163 INFO dataset.verify_sampling_rate] Detected sampling rate: 499.70 Hz
[2026-02-08 15:41:41,289 INFO dataset.load_and_preprocess_cane_raw_file] Applied Common Average Reference
[2026-02-08 15:41:41,291 INFO dataset.load_and_preprocess_cane_raw_file] Loading all 8 channels in canonical order
[2026-02-08 15:41:41,313 INFO dataset._process_single_channel] Channel Fp1: Found 1482 artifacts (0.68%)
[2026-02-08 15:41:42,299 INFO dataset._process_single_channel] Channel Fp2: Found 172 artifacts (0.08%)
[2026-02-08 15:41:42,447 INFO dataset._process_single_channel] Channel C3: Found 3865 artifacts (1.77%)
[2026-02-08 15:41:46,886 INFO dataset._process_single_channel] Channel Cz: Found 181 artifacts (0.08%)
[2026-02-08 15:41:47,107 INFO dataset._process_single_channel] Channel C4: Found 129 artifacts (0.06%)
[2026-02-08 15:41:47,267 INFO dataset._process_single_channel] Channel T7: Found 1385 artifacts (0.63%)
[2026-02-08 15:41:48,487 INFO dataset._process_single_channel] Channel T8: Found 186 artifacts (0.09%)
[2026-02-08 15:41:48,660 INFO dataset._process_single_channel] Channel Oz: Found 2885 artifacts (1.32%)
[2026-02-08 15:41:50,433 INFO dataset.load_and_preprocess_cane_raw_file] Using sampling rate: 500 Hz
[2026-02-08 15:41:50,433 INFO dataset.load_and_preprocess_cane_raw_file] Chunk size: 5000 samples (10s)
[2026-02-08 15:41:52,010 INFO dataset.load_and_preprocess_cane_raw_file] Created 43 chunks of shape torch.Size([43, 8, 5000])
[2026-02-08 15:41:53,780 INFO dataset.verify_sampling_rate] Detected sampling rate: 497.74 Hz
[2026-02-08 15:41:53,911 INFO dataset.load_and_preprocess_cane_raw_file] Applied Common Average Reference
[2026-02-08 15:41:53,912 INFO dataset.load_and_preprocess_cane_raw_file] Loading all 8 channels in canonical order
[2026-02-08 15:41:53,970 INFO dataset._process_single_channel] Channel Fp2: Found 868 artifacts (0.45%)
[2026-02-08 15:41:54,642 INFO dataset._process_single_channel] Channel C3: Found 41 artifacts (0.02%)
[2026-02-08 15:41:54,708 INFO dataset._process_single_channel] Channel Cz: Found 60 artifacts (0.03%)
[2026-02-08 15:41:54,897 INFO dataset.load_and_preprocess_cane_raw_file] Using sampling rate: 500 Hz
[2026-02-08 15:41:54,897 INFO dataset.load_and_preprocess_cane_raw_file] Chunk size: 5000 samples (10s)
[2026-02-08 15:41:56,407 INFO dataset.load_and_preprocess_cane_raw_file] Created 38 chunks of shape torch.Size([38, 8, 5000])
[2026-02-08 15:41:57,862 INFO dataset.verify_sampling_rate] Detected sampling rate: 499.84 Hz
[2026-02-08 15:41:57,983 INFO dataset.load_and_preprocess_cane_raw_file] Applied Common Average Reference
[2026-02-08 15:41:57,984 INFO dataset.load_and_preprocess_cane_raw_file] Loading all 8 channels in canonical order
[2026-02-08 15:41:58,034 INFO dataset._process_single_channel] Channel Fp2: Found 289 artifacts (0.17%)
[2026-02-08 15:41:58,435 INFO dataset._process_single_channel] Channel C4: Found 1043 artifacts (0.63%)
[2026-02-08 15:41:59,342 INFO dataset._process_single_channel] Channel T7: Found 1209 artifacts (0.73%)
[2026-02-08 15:42:00,244 INFO dataset.load_and_preprocess_cane_raw_file] Using sampling rate: 500 Hz
[2026-02-08 15:42:00,244 INFO dataset.load_and_preprocess_cane_raw_file] Chunk size: 5000 samples (10s)
[2026-02-08 15:42:02,093 INFO dataset.load_and_preprocess_cane_raw_file] Created 33 chunks of shape torch.Size([33, 8, 5000])
[2026-02-08 15:42:03,415 INFO dataset.verify_sampling_rate] Detected sampling rate: 499.26 Hz
[2026-02-08 15:42:03,484 INFO dataset.load_and_preprocess_cane_raw_file] Applied Common Average Reference
[2026-02-08 15:42:03,485 INFO dataset.load_and_preprocess_cane_raw_file] Loading all 8 channels in canonical order
[2026-02-08 15:42:03,525 INFO dataset._process_single_channel] Channel Fp2: Found 3139 artifacts (2.05%)
[2026-02-08 15:42:05,472 INFO dataset.load_and_preprocess_cane_raw_file] Using sampling rate: 500 Hz
[2026-02-08 15:42:05,472 INFO dataset.load_and_preprocess_cane_raw_file] Chunk size: 5000 samples (10s)
[2026-02-08 15:42:07,015 INFO dataset.load_and_preprocess_cane_raw_file] Created 30 chunks of shape torch.Size([30, 8, 5000])
[2026-02-08 15:42:08,347 INFO dataset.verify_sampling_rate] Detected sampling rate: 499.30 Hz
[2026-02-08 15:42:08,440 INFO dataset.load_and_preprocess_cane_raw_file] Applied Common Average Reference
[2026-02-08 15:42:08,441 INFO dataset.load_and_preprocess_cane_raw_file] Loading all 8 channels in canonical order
[2026-02-08 15:42:08,553 INFO dataset._process_single_channel] Channel C4: Found 151 artifacts (0.10%)
[2026-02-08 15:42:08,736 INFO dataset.load_and_preprocess_cane_raw_file] Using sampling rate: 500 Hz
[2026-02-08 15:42:08,737 INFO dataset.load_and_preprocess_cane_raw_file] Chunk size: 5000 samples (10s)
[2026-02-08 15:42:09,814 INFO dataset.load_and_preprocess_cane_raw_file] Created 30 chunks of shape torch.Size([30, 8, 5000])
[2026-02-08 15:42:11,243 INFO dataset.verify_sampling_rate] Detected sampling rate: 498.70 Hz
[2026-02-08 15:42:11,359 INFO dataset.load_and_preprocess_cane_raw_file] Applied Common Average Reference
[2026-02-08 15:42:11,360 INFO dataset.load_and_preprocess_cane_raw_file] Loading all 8 channels in canonical order
[2026-02-08 15:42:11,430 INFO dataset._process_single_channel] Channel Fp2: Found 11 artifacts (0.01%)
[2026-02-08 15:42:11,480 INFO dataset._process_single_channel] Channel C3: Found 759 artifacts (0.48%)
[2026-02-08 15:42:12,327 INFO dataset._process_single_channel] Channel Cz: Found 48 artifacts (0.03%)
[2026-02-08 15:42:12,404 INFO dataset._process_single_channel] Channel C4: Found 43 artifacts (0.03%)
[2026-02-08 15:42:12,502 INFO dataset._process_single_channel] Channel T7: Found 4 artifacts (0.00%)
[2026-02-08 15:42:12,549 INFO dataset._process_single_channel] Channel T8: Found 7 artifacts (0.00%)
[2026-02-08 15:42:12,629 INFO dataset.load_and_preprocess_cane_raw_file] Using sampling rate: 500 Hz
[2026-02-08 15:42:12,630 INFO dataset.load_and_preprocess_cane_raw_file] Chunk size: 5000 samples (10s)
[2026-02-08 15:42:14,293 INFO dataset.load_and_preprocess_cane_raw_file] Created 31 chunks of shape torch.Size([31, 8, 5000])
[2026-02-08 15:42:15,867 INFO dataset.verify_sampling_rate] Detected sampling rate: 498.82 Hz
[2026-02-08 15:42:15,950 INFO dataset.load_and_preprocess_cane_raw_file] Applied Common Average Reference
[2026-02-08 15:42:15,950 INFO dataset.load_and_preprocess_cane_raw_file] Loading all 8 channels in canonical order
[2026-02-08 15:42:16,161 INFO dataset.load_and_preprocess_cane_raw_file] Using sampling rate: 500 Hz
[2026-02-08 15:42:16,162 INFO dataset.load_and_preprocess_cane_raw_file] Chunk size: 5000 samples (10s)
[2026-02-08 15:42:17,417 INFO dataset.load_and_preprocess_cane_raw_file] Created 30 chunks of shape torch.Size([30, 8, 5000])
[2026-02-08 15:42:18,840 INFO dataset.verify_sampling_rate] Detected sampling rate: 499.52 Hz
[2026-02-08 15:42:18,947 INFO dataset.load_and_preprocess_cane_raw_file] Applied Common Average Reference
[2026-02-08 15:42:18,948 INFO dataset.load_and_preprocess_cane_raw_file] Loading all 8 channels in canonical order
[2026-02-08 15:42:18,967 INFO dataset._process_single_channel] Channel Fp1: Found 4556 artifacts (2.97%)
[2026-02-08 15:42:22,341 INFO dataset._process_single_channel] Channel Fp2: Found 2597 artifacts (1.69%)
[2026-02-08 15:42:23,958 INFO dataset._process_single_channel] Channel C3: Found 3529 artifacts (2.30%)
[2026-02-08 15:42:26,121 INFO dataset._process_single_channel] Channel Cz: Found 59 artifacts (0.04%)
[2026-02-08 15:42:26,185 INFO dataset._process_single_channel] Channel C4: Found 4463 artifacts (2.91%)
[2026-02-08 15:42:29,798 INFO dataset._process_single_channel] Channel T7: Found 7 artifacts (0.00%)
[2026-02-08 15:42:29,830 INFO dataset._process_single_channel] Channel T8: Found 3058 artifacts (2.00%)
[2026-02-08 15:42:31,578 INFO dataset._process_single_channel] Channel Oz: Found 3514 artifacts (2.29%)
[2026-02-08 15:42:33,632 INFO dataset.load_and_preprocess_cane_raw_file] Using sampling rate: 500 Hz
[2026-02-08 15:42:33,632 INFO dataset.load_and_preprocess_cane_raw_file] Chunk size: 5000 samples (10s)
[2026-02-08 15:42:34,893 INFO dataset.load_and_preprocess_cane_raw_file] Created 30 chunks of shape torch.Size([30, 8, 5000])
[2026-02-08 15:42:36,002 INFO dataset.verify_sampling_rate] Detected sampling rate: 499.49 Hz
[2026-02-08 15:42:36,072 INFO dataset.load_and_preprocess_cane_raw_file] Applied Common Average Reference
[2026-02-08 15:42:36,073 INFO dataset.load_and_preprocess_cane_raw_file] Loading all 8 channels in canonical order
[2026-02-08 15:42:36,091 INFO dataset._process_single_channel] Channel Fp1: Found 3 artifacts (0.00%)
[2026-02-08 15:42:36,119 INFO dataset._process_single_channel] Channel Fp2: Found 3 artifacts (0.00%)
[2026-02-08 15:42:36,141 INFO dataset._process_single_channel] Channel C3: Found 3 artifacts (0.00%)
[2026-02-08 15:42:36,168 INFO dataset._process_single_channel] Channel Cz: Found 3 artifacts (0.00%)
[2026-02-08 15:42:36,201 INFO dataset._process_single_channel] Channel C4: Found 4 artifacts (0.00%)
[2026-02-08 15:42:36,225 INFO dataset._process_single_channel] Channel T7: Found 4 artifacts (0.00%)
[2026-02-08 15:42:36,249 INFO dataset._process_single_channel] Channel T8: Found 4 artifacts (0.00%)
[2026-02-08 15:42:36,279 INFO dataset._process_single_channel] Channel Oz: Found 4 artifacts (0.00%)
[2026-02-08 15:42:36,300 INFO dataset.load_and_preprocess_cane_raw_file] Using sampling rate: 500 Hz
[2026-02-08 15:42:36,300 INFO dataset.load_and_preprocess_cane_raw_file] Chunk size: 5000 samples (10s)
[2026-02-08 15:42:37,413 INFO dataset.load_and_preprocess_cane_raw_file] Created 30 chunks of shape torch.Size([30, 8, 5000])
[2026-02-08 15:42:38,809 INFO dataset.verify_sampling_rate] Detected sampling rate: 498.36 Hz
[2026-02-08 15:42:38,890 INFO dataset.load_and_preprocess_cane_raw_file] Applied Common Average Reference
[2026-02-08 15:42:38,891 INFO dataset.load_and_preprocess_cane_raw_file] Loading all 8 channels in canonical order
[2026-02-08 15:42:38,907 INFO dataset._process_single_channel] Channel Fp1: Found 208 artifacts (0.12%)
[2026-02-08 15:42:39,063 INFO dataset._process_single_channel] Channel Fp2: Found 540 artifacts (0.31%)
[2026-02-08 15:42:39,398 INFO dataset._process_single_channel] Channel C3: Found 4128 artifacts (2.38%)
[2026-02-08 15:42:41,541 INFO dataset._process_single_channel] Channel Cz: Found 1863 artifacts (1.07%)
[2026-02-08 15:42:42,641 INFO dataset._process_single_channel] Channel C4: Found 4506 artifacts (2.59%)
[2026-02-08 15:42:45,058 INFO dataset._process_single_channel] Channel T7: Found 505 artifacts (0.29%)
[2026-02-08 15:42:45,465 INFO dataset._process_single_channel] Channel T8: Found 4115 artifacts (2.37%)
[2026-02-08 15:42:47,921 INFO dataset._process_single_channel] Channel Oz: Found 866 artifacts (0.50%)
[2026-02-08 15:42:48,361 INFO dataset.load_and_preprocess_cane_raw_file] Using sampling rate: 500 Hz
[2026-02-08 15:42:48,361 INFO dataset.load_and_preprocess_cane_raw_file] Chunk size: 5000 samples (10s)
[2026-02-08 15:42:49,834 INFO dataset.load_and_preprocess_cane_raw_file] Created 34 chunks of shape torch.Size([34, 8, 5000])
[2026-02-08 15:42:51,656 INFO dataset.verify_sampling_rate] Detected sampling rate: 499.29 Hz
[2026-02-08 15:42:51,726 INFO dataset.load_and_preprocess_cane_raw_file] Applied Common Average Reference
[2026-02-08 15:42:51,727 INFO dataset.load_and_preprocess_cane_raw_file] Loading all 8 channels in canonical order
[2026-02-08 15:42:51,741 INFO dataset._process_single_channel] Channel Fp1: Found 36 artifacts (0.02%)
[2026-02-08 15:42:51,851 INFO dataset._process_single_channel] Channel Cz: Found 3 artifacts (0.00%)
[2026-02-08 15:42:52,013 INFO dataset.load_and_preprocess_cane_raw_file] Using sampling rate: 500 Hz
[2026-02-08 15:42:52,013 INFO dataset.load_and_preprocess_cane_raw_file] Chunk size: 5000 samples (10s)
[2026-02-08 15:42:53,119 INFO dataset.load_and_preprocess_cane_raw_file] Created 30 chunks of shape torch.Size([30, 8, 5000])
[2026-02-08 15:42:54,572 INFO dataset.verify_sampling_rate] Detected sampling rate: 498.44 Hz
[2026-02-08 15:42:54,660 INFO dataset.load_and_preprocess_cane_raw_file] Applied Common Average Reference
[2026-02-08 15:42:54,661 INFO dataset.load_and_preprocess_cane_raw_file] Loading all 8 channels in canonical order
[2026-02-08 15:42:54,680 INFO dataset._process_single_channel] Channel Fp1: Found 3653 artifacts (2.11%)
[2026-02-08 15:42:57,225 INFO dataset._process_single_channel] Channel Fp2: Found 2214 artifacts (1.28%)
[2026-02-08 15:42:58,737 INFO dataset._process_single_channel] Channel C3: Found 182 artifacts (0.10%)
[2026-02-08 15:42:58,921 INFO dataset._process_single_channel] Channel T7: Found 2170 artifacts (1.25%)
[2026-02-08 15:43:00,208 INFO dataset._process_single_channel] Channel T8: Found 2457 artifacts (1.42%)
[2026-02-08 15:43:01,582 INFO dataset._process_single_channel] Channel Oz: Found 1165 artifacts (0.67%)
[2026-02-08 15:43:02,241 INFO dataset.load_and_preprocess_cane_raw_file] Using sampling rate: 500 Hz
[2026-02-08 15:43:02,241 INFO dataset.load_and_preprocess_cane_raw_file] Chunk size: 5000 samples (10s)
[2026-02-08 15:43:03,800 INFO dataset.load_and_preprocess_cane_raw_file] Created 34 chunks of shape torch.Size([34, 8, 5000])
[2026-02-08 15:43:05,125 INFO dataset.verify_sampling_rate] Detected sampling rate: 498.75 Hz
[2026-02-08 15:43:05,188 INFO dataset.load_and_preprocess_cane_raw_file] Applied Common Average Reference
[2026-02-08 15:43:05,188 INFO dataset.load_and_preprocess_cane_raw_file] Loading all 8 channels in canonical order
[2026-02-08 15:43:05,200 INFO dataset._process_single_channel] Channel Fp1: Found 432 artifacts (0.27%)
[2026-02-08 15:43:05,439 INFO dataset._process_single_channel] Channel Fp2: Found 175 artifacts (0.11%)
[2026-02-08 15:43:05,549 INFO dataset._process_single_channel] Channel C3: Found 192 artifacts (0.12%)
[2026-02-08 15:43:05,671 INFO dataset._process_single_channel] Channel Cz: Found 513 artifacts (0.32%)
[2026-02-08 15:43:05,979 INFO dataset._process_single_channel] Channel C4: Found 171 artifacts (0.11%)
[2026-02-08 15:43:06,098 INFO dataset._process_single_channel] Channel T7: Found 424 artifacts (0.26%)
[2026-02-08 15:43:06,343 INFO dataset._process_single_channel] Channel T8: Found 558 artifacts (0.35%)
[2026-02-08 15:43:06,758 INFO dataset._process_single_channel] Channel Oz: Found 1400 artifacts (0.87%)
[2026-02-08 15:43:07,857 INFO dataset.load_and_preprocess_cane_raw_file] Using sampling rate: 500 Hz
[2026-02-08 15:43:07,857 INFO dataset.load_and_preprocess_cane_raw_file] Chunk size: 5000 samples (10s)
[2026-02-08 15:43:09,216 INFO dataset.load_and_preprocess_cane_raw_file] Created 32 chunks of shape torch.Size([32, 8, 5000])
[2026-02-08 15:43:10,456 INFO dataset.verify_sampling_rate] Detected sampling rate: 499.42 Hz
[2026-02-08 15:43:10,522 INFO dataset.load_and_preprocess_cane_raw_file] Applied Common Average Reference
[2026-02-08 15:43:10,523 INFO dataset.load_and_preprocess_cane_raw_file] Loading all 8 channels in canonical order
[2026-02-08 15:43:10,537 INFO dataset._process_single_channel] Channel Fp1: Found 255 artifacts (0.17%)
[2026-02-08 15:43:10,695 INFO dataset._process_single_channel] Channel Fp2: Found 259 artifacts (0.17%)
[2026-02-08 15:43:10,857 INFO dataset._process_single_channel] Channel C3: Found 231 artifacts (0.15%)
[2026-02-08 15:43:11,044 INFO dataset._process_single_channel] Channel Cz: Found 273 artifacts (0.18%)
[2026-02-08 15:43:11,288 INFO dataset._process_single_channel] Channel C4: Found 263 artifacts (0.17%)
[2026-02-08 15:43:11,505 INFO dataset._process_single_channel] Channel T7: Found 263 artifacts (0.17%)
[2026-02-08 15:43:11,694 INFO dataset._process_single_channel] Channel T8: Found 246 artifacts (0.16%)
[2026-02-08 15:43:11,866 INFO dataset._process_single_channel] Channel Oz: Found 254 artifacts (0.17%)
[2026-02-08 15:43:12,022 INFO dataset.load_and_preprocess_cane_raw_file] Using sampling rate: 500 Hz
[2026-02-08 15:43:12,023 INFO dataset.load_and_preprocess_cane_raw_file] Chunk size: 5000 samples (10s)
[2026-02-08 15:43:13,108 INFO dataset.load_and_preprocess_cane_raw_file] Created 30 chunks of shape torch.Size([30, 8, 5000])
[2026-02-08 15:43:14,328 INFO dataset.verify_sampling_rate] Detected sampling rate: 498.65 Hz
[2026-02-08 15:43:14,394 INFO dataset.load_and_preprocess_cane_raw_file] Applied Common Average Reference
[2026-02-08 15:43:14,395 INFO dataset.load_and_preprocess_cane_raw_file] Loading all 8 channels in canonical order
[2026-02-08 15:43:14,413 INFO dataset._process_single_channel] Channel Fp1: Found 150 artifacts (0.10%)
[2026-02-08 15:43:14,521 INFO dataset._process_single_channel] Channel Fp2: Found 8 artifacts (0.01%)
[2026-02-08 15:43:14,550 INFO dataset._process_single_channel] Channel C3: Found 32 artifacts (0.02%)
[2026-02-08 15:43:14,592 INFO dataset._process_single_channel] Channel Cz: Found 11 artifacts (0.01%)
[2026-02-08 15:43:14,623 INFO dataset._process_single_channel] Channel C4: Found 448 artifacts (0.29%)
[2026-02-08 15:43:14,875 INFO dataset._process_single_channel] Channel T7: Found 8 artifacts (0.01%)
[2026-02-08 15:43:14,910 INFO dataset._process_single_channel] Channel T8: Found 35 artifacts (0.02%)
[2026-02-08 15:43:14,951 INFO dataset._process_single_channel] Channel Oz: Found 507 artifacts (0.32%)
[2026-02-08 15:43:15,246 INFO dataset.load_and_preprocess_cane_raw_file] Using sampling rate: 500 Hz
[2026-02-08 15:43:15,246 INFO dataset.load_and_preprocess_cane_raw_file] Chunk size: 5000 samples (10s)
[2026-02-08 15:43:16,594 INFO dataset.load_and_preprocess_cane_raw_file] Created 31 chunks of shape torch.Size([31, 8, 5000])
[2026-02-08 15:43:17,842 INFO dataset.verify_sampling_rate] Detected sampling rate: 499.34 Hz
[2026-02-08 15:43:17,929 INFO dataset.load_and_preprocess_cane_raw_file] Applied Common Average Reference
[2026-02-08 15:43:17,929 INFO dataset.load_and_preprocess_cane_raw_file] Loading all 8 channels in canonical order
[2026-02-08 15:43:17,966 INFO dataset._process_single_channel] Channel Fp2: Found 125 artifacts (0.08%)
[2026-02-08 15:43:18,090 INFO dataset._process_single_channel] Channel Cz: Found 152 artifacts (0.10%)
[2026-02-08 15:43:18,280 INFO dataset.load_and_preprocess_cane_raw_file] Using sampling rate: 500 Hz
[2026-02-08 15:43:18,280 INFO dataset.load_and_preprocess_cane_raw_file] Chunk size: 5000 samples (10s)
[2026-02-08 15:43:19,307 INFO dataset.load_and_preprocess_cane_raw_file] Created 30 chunks of shape torch.Size([30, 8, 5000])
[2026-02-08 15:43:20,532 INFO dataset.verify_sampling_rate] Detected sampling rate: 499.43 Hz
[2026-02-08 15:43:20,621 INFO dataset.load_and_preprocess_cane_raw_file] Applied Common Average Reference
[2026-02-08 15:43:20,621 INFO dataset.load_and_preprocess_cane_raw_file] Loading all 8 channels in canonical order
[2026-02-08 15:43:20,636 INFO dataset._process_single_channel] Channel Fp1: Found 940 artifacts (0.61%)
[2026-02-08 15:43:21,236 INFO dataset._process_single_channel] Channel Fp2: Found 960 artifacts (0.63%)
[2026-02-08 15:43:21,766 INFO dataset._process_single_channel] Channel C3: Found 1544 artifacts (1.01%)
[2026-02-08 15:43:22,792 INFO dataset._process_single_channel] Channel Cz: Found 2270 artifacts (1.48%)
[2026-02-08 15:43:24,071 INFO dataset._process_single_channel] Channel C4: Found 1973 artifacts (1.29%)
[2026-02-08 15:43:25,201 INFO dataset._process_single_channel] Channel T7: Found 1477 artifacts (0.96%)
[2026-02-08 15:43:26,028 INFO dataset._process_single_channel] Channel T8: Found 1489 artifacts (0.97%)
[2026-02-08 15:43:26,930 INFO dataset._process_single_channel] Channel Oz: Found 2600 artifacts (1.70%)
[2026-02-08 15:43:28,457 INFO dataset.load_and_preprocess_cane_raw_file] Using sampling rate: 500 Hz
[2026-02-08 15:43:28,457 INFO dataset.load_and_preprocess_cane_raw_file] Chunk size: 5000 samples (10s)
[2026-02-08 15:43:29,710 INFO dataset.load_and_preprocess_cane_raw_file] Created 30 chunks of shape torch.Size([30, 8, 5000])
[2026-02-08 15:43:31,033 INFO dataset.verify_sampling_rate] Detected sampling rate: 498.89 Hz
[2026-02-08 15:43:31,118 INFO dataset.load_and_preprocess_cane_raw_file] Applied Common Average Reference
[2026-02-08 15:43:31,119 INFO dataset.load_and_preprocess_cane_raw_file] Loading all 8 channels in canonical order
[2026-02-08 15:43:31,135 INFO dataset._process_single_channel] Channel Fp1: Found 12 artifacts (0.01%)
[2026-02-08 15:43:31,200 INFO dataset._process_single_channel] Channel C3: Found 277 artifacts (0.18%)
[2026-02-08 15:43:31,395 INFO dataset._process_single_channel] Channel Cz: Found 1 artifacts (0.00%)
[2026-02-08 15:43:31,487 INFO dataset._process_single_channel] Channel Oz: Found 16 artifacts (0.01%)
[2026-02-08 15:43:31,510 INFO dataset.load_and_preprocess_cane_raw_file] Using sampling rate: 500 Hz
[2026-02-08 15:43:31,511 INFO dataset.load_and_preprocess_cane_raw_file] Chunk size: 5000 samples (10s)
[2026-02-08 15:43:32,815 INFO dataset.load_and_preprocess_cane_raw_file] Created 31 chunks of shape torch.Size([31, 8, 5000])
[2026-02-08 15:43:34,089 INFO dataset.verify_sampling_rate] Detected sampling rate: 499.71 Hz
[2026-02-08 15:43:34,162 INFO dataset.load_and_preprocess_cane_raw_file] Applied Common Average Reference
[2026-02-08 15:43:34,163 INFO dataset.load_and_preprocess_cane_raw_file] Loading all 8 channels in canonical order
[2026-02-08 15:43:34,350 INFO dataset.load_and_preprocess_cane_raw_file] Using sampling rate: 500 Hz
[2026-02-08 15:43:34,350 INFO dataset.load_and_preprocess_cane_raw_file] Chunk size: 5000 samples (10s)
[2026-02-08 15:43:35,604 INFO dataset.load_and_preprocess_cane_raw_file] Created 30 chunks of shape torch.Size([30, 8, 5000])
[2026-02-08 15:43:37,313 INFO dataset.verify_sampling_rate] Detected sampling rate: 499.61 Hz
[2026-02-08 15:43:37,459 INFO dataset.load_and_preprocess_cane_raw_file] Applied Common Average Reference
[2026-02-08 15:43:37,460 INFO dataset.load_and_preprocess_cane_raw_file] Loading all 8 channels in canonical order
[2026-02-08 15:43:37,505 INFO dataset._process_single_channel] Channel Fp1: Found 367 artifacts (0.15%)
[2026-02-08 15:43:37,924 INFO dataset._process_single_channel] Channel Fp2: Found 362 artifacts (0.14%)
[2026-02-08 15:43:38,337 INFO dataset._process_single_channel] Channel C3: Found 32 artifacts (0.01%)
[2026-02-08 15:43:38,912 INFO dataset._process_single_channel] Channel T7: Found 1081 artifacts (0.43%)
[2026-02-08 15:43:39,704 INFO dataset._process_single_channel] Channel T8: Found 422 artifacts (0.17%)
[2026-02-08 15:43:40,128 INFO dataset._process_single_channel] Channel Oz: Found 3377 artifacts (1.35%)
[2026-02-08 15:43:42,119 INFO dataset.load_and_preprocess_cane_raw_file] Using sampling rate: 500 Hz
[2026-02-08 15:43:42,119 INFO dataset.load_and_preprocess_cane_raw_file] Chunk size: 5000 samples (10s)
[2026-02-08 15:43:44,204 INFO dataset.load_and_preprocess_cane_raw_file] Created 50 chunks of shape torch.Size([50, 8, 5000])
[2026-02-08 15:43:45,817 INFO dataset.verify_sampling_rate] Detected sampling rate: 494.10 Hz
[2026-02-08 15:43:45,902 INFO dataset.load_and_preprocess_cane_raw_file] Applied Common Average Reference
[2026-02-08 15:43:45,903 INFO dataset.load_and_preprocess_cane_raw_file] Loading all 8 channels in canonical order
[2026-02-08 15:43:45,915 INFO dataset._process_single_channel] Channel Fp1: Found 29 artifacts (0.02%)
[2026-02-08 15:43:45,977 INFO dataset._process_single_channel] Channel C3: Found 83 artifacts (0.05%)
[2026-02-08 15:43:46,115 INFO dataset._process_single_channel] Channel T7: Found 454 artifacts (0.30%)
[2026-02-08 15:43:46,430 INFO dataset._process_single_channel] Channel T8: Found 154 artifacts (0.10%)
[2026-02-08 15:43:46,550 INFO dataset._process_single_channel] Channel Oz: Found 4 artifacts (0.00%)
[2026-02-08 15:43:46,569 INFO dataset.load_and_preprocess_cane_raw_file] Using sampling rate: 500 Hz
[2026-02-08 15:43:46,569 INFO dataset.load_and_preprocess_cane_raw_file] Chunk size: 5000 samples (10s)
[2026-02-08 15:43:47,907 INFO dataset.load_and_preprocess_cane_raw_file] Created 30 chunks of shape torch.Size([30, 8, 5000])
[2026-02-08 15:43:49,321 INFO dataset.verify_sampling_rate] Detected sampling rate: 499.55 Hz
[2026-02-08 15:43:49,402 INFO dataset.load_and_preprocess_cane_raw_file] Applied Common Average Reference
[2026-02-08 15:43:49,402 INFO dataset.load_and_preprocess_cane_raw_file] Loading all 8 channels in canonical order
[2026-02-08 15:43:49,418 INFO dataset._process_single_channel] Channel Fp1: Found 100 artifacts (0.06%)
[2026-02-08 15:43:49,497 INFO dataset._process_single_channel] Channel Fp2: Found 164 artifacts (0.09%)
[2026-02-08 15:43:49,606 INFO dataset._process_single_channel] Channel C3: Found 113 artifacts (0.06%)
[2026-02-08 15:43:49,687 INFO dataset._process_single_channel] Channel Cz: Found 142 artifacts (0.08%)
[2026-02-08 15:43:49,783 INFO dataset._process_single_channel] Channel C4: Found 119 artifacts (0.07%)
[2026-02-08 15:43:49,866 INFO dataset._process_single_channel] Channel T7: Found 56 artifacts (0.03%)
[2026-02-08 15:43:49,922 INFO dataset._process_single_channel] Channel T8: Found 61 artifacts (0.03%)
[2026-02-08 15:43:49,983 INFO dataset._process_single_channel] Channel Oz: Found 204 artifacts (0.11%)
[2026-02-08 15:43:50,102 INFO dataset.load_and_preprocess_cane_raw_file] Using sampling rate: 500 Hz
[2026-02-08 15:43:50,102 INFO dataset.load_and_preprocess_cane_raw_file] Chunk size: 5000 samples (10s)
[2026-02-08 15:43:51,394 INFO dataset.load_and_preprocess_cane_raw_file] Created 35 chunks of shape torch.Size([35, 8, 5000])
[2026-02-08 15:43:52,732 INFO dataset.verify_sampling_rate] Detected sampling rate: 499.58 Hz
[2026-02-08 15:43:52,817 INFO dataset.load_and_preprocess_cane_raw_file] Applied Common Average Reference
[2026-02-08 15:43:52,818 INFO dataset.load_and_preprocess_cane_raw_file] Loading all 8 channels in canonical order
[2026-02-08 15:43:52,831 INFO dataset._process_single_channel] Channel Fp1: Found 4 artifacts (0.00%)
[2026-02-08 15:43:52,855 INFO dataset._process_single_channel] Channel Fp2: Found 4 artifacts (0.00%)
[2026-02-08 15:43:52,887 INFO dataset._process_single_channel] Channel C3: Found 4 artifacts (0.00%)
[2026-02-08 15:43:52,916 INFO dataset._process_single_channel] Channel Cz: Found 4 artifacts (0.00%)
[2026-02-08 15:43:52,939 INFO dataset._process_single_channel] Channel C4: Found 4 artifacts (0.00%)
[2026-02-08 15:43:52,966 INFO dataset._process_single_channel] Channel T7: Found 4 artifacts (0.00%)
[2026-02-08 15:43:53,001 INFO dataset._process_single_channel] Channel T8: Found 4 artifacts (0.00%)
[2026-02-08 15:43:53,030 INFO dataset._process_single_channel] Channel Oz: Found 4 artifacts (0.00%)
[2026-02-08 15:43:53,045 INFO dataset.load_and_preprocess_cane_raw_file] Using sampling rate: 500 Hz
[2026-02-08 15:43:53,045 INFO dataset.load_and_preprocess_cane_raw_file] Chunk size: 5000 samples (10s)
[2026-02-08 15:43:54,218 INFO dataset.load_and_preprocess_cane_raw_file] Created 30 chunks of shape torch.Size([30, 8, 5000])
[2026-02-08 15:43:55,608 INFO dataset.verify_sampling_rate] Detected sampling rate: 499.33 Hz
[2026-02-08 15:43:55,672 INFO dataset.load_and_preprocess_cane_raw_file] Applied Common Average Reference
[2026-02-08 15:43:55,672 INFO dataset.load_and_preprocess_cane_raw_file] Loading all 8 channels in canonical order
[2026-02-08 15:43:55,687 INFO dataset._process_single_channel] Channel Fp1: Found 45 artifacts (0.03%)
[2026-02-08 15:43:55,735 INFO dataset._process_single_channel] Channel Fp2: Found 1748 artifacts (1.14%)
[2026-02-08 15:43:56,782 INFO dataset._process_single_channel] Channel Cz: Found 16 artifacts (0.01%)
[2026-02-08 15:43:56,819 INFO dataset._process_single_channel] Channel C4: Found 1521 artifacts (0.99%)
[2026-02-08 15:43:57,707 INFO dataset._process_single_channel] Channel T7: Found 1518 artifacts (0.99%)
[2026-02-08 15:43:58,579 INFO dataset.load_and_preprocess_cane_raw_file] Using sampling rate: 500 Hz
[2026-02-08 15:43:58,580 INFO dataset.load_and_preprocess_cane_raw_file] Chunk size: 5000 samples (10s)
[2026-02-08 15:43:59,695 INFO dataset.load_and_preprocess_cane_raw_file] Created 30 chunks of shape torch.Size([30, 8, 5000])
[2026-02-08 15:44:00,911 INFO dataset.verify_sampling_rate] Detected sampling rate: 499.25 Hz
[2026-02-08 15:44:00,986 INFO dataset.load_and_preprocess_cane_raw_file] Applied Common Average Reference
[2026-02-08 15:44:00,987 INFO dataset.load_and_preprocess_cane_raw_file] Loading all 8 channels in canonical order
[2026-02-08 15:44:01,190 INFO dataset.load_and_preprocess_cane_raw_file] Using sampling rate: 500 Hz
[2026-02-08 15:44:01,190 INFO dataset.load_and_preprocess_cane_raw_file] Chunk size: 5000 samples (10s)
[2026-02-08 15:44:02,315 INFO dataset.load_and_preprocess_cane_raw_file] Created 30 chunks of shape torch.Size([30, 8, 5000])
[2026-02-08 15:44:03,690 INFO dataset.verify_sampling_rate] Detected sampling rate: 499.74 Hz
[2026-02-08 15:44:03,770 INFO dataset.load_and_preprocess_cane_raw_file] Applied Common Average Reference
[2026-02-08 15:44:03,771 INFO dataset.load_and_preprocess_cane_raw_file] Loading all 8 channels in canonical order
[2026-02-08 15:44:03,793 INFO dataset._process_single_channel] Channel Fp1: Found 8 artifacts (0.00%)
[2026-02-08 15:44:03,875 INFO dataset._process_single_channel] Channel Cz: Found 10 artifacts (0.01%)
[2026-02-08 15:44:03,913 INFO dataset._process_single_channel] Channel C4: Found 1152 artifacts (0.66%)
[2026-02-08 15:44:04,578 INFO dataset._process_single_channel] Channel T7: Found 6 artifacts (0.00%)
[2026-02-08 15:44:04,630 INFO dataset._process_single_channel] Channel Oz: Found 70 artifacts (0.04%)
[2026-02-08 15:44:04,683 INFO dataset.load_and_preprocess_cane_raw_file] Using sampling rate: 500 Hz
[2026-02-08 15:44:04,684 INFO dataset.load_and_preprocess_cane_raw_file] Chunk size: 5000 samples (10s)
[2026-02-08 15:44:05,995 INFO dataset.load_and_preprocess_cane_raw_file] Created 35 chunks of shape torch.Size([35, 8, 5000])
[2026-02-08 15:44:07,340 INFO dataset.verify_sampling_rate] Detected sampling rate: 499.29 Hz
[2026-02-08 15:44:07,419 INFO dataset.load_and_preprocess_cane_raw_file] Applied Common Average Reference
[2026-02-08 15:44:07,419 INFO dataset.load_and_preprocess_cane_raw_file] Loading all 8 channels in canonical order
[2026-02-08 15:44:07,457 INFO dataset._process_single_channel] Channel Fp2: Found 6 artifacts (0.00%)
[2026-02-08 15:44:07,629 INFO dataset.load_and_preprocess_cane_raw_file] Using sampling rate: 500 Hz
[2026-02-08 15:44:07,629 INFO dataset.load_and_preprocess_cane_raw_file] Chunk size: 5000 samples (10s)
[2026-02-08 15:44:08,815 INFO dataset.load_and_preprocess_cane_raw_file] Created 30 chunks of shape torch.Size([30, 8, 5000])
[2026-02-08 15:44:10,047 INFO dataset.verify_sampling_rate] Detected sampling rate: 499.68 Hz
[2026-02-08 15:44:10,126 INFO dataset.load_and_preprocess_cane_raw_file] Applied Common Average Reference
[2026-02-08 15:44:10,127 INFO dataset.load_and_preprocess_cane_raw_file] Loading all 8 channels in canonical order
[2026-02-08 15:44:10,162 INFO dataset._process_single_channel] Channel Fp2: Found 3 artifacts (0.00%)
[2026-02-08 15:44:10,210 INFO dataset._process_single_channel] Channel Cz: Found 116 artifacts (0.08%)
[2026-02-08 15:44:10,311 INFO dataset._process_single_channel] Channel T7: Found 158 artifacts (0.10%)
[2026-02-08 15:44:10,447 INFO dataset.load_and_preprocess_cane_raw_file] Using sampling rate: 500 Hz
[2026-02-08 15:44:10,447 INFO dataset.load_and_preprocess_cane_raw_file] Chunk size: 5000 samples (10s)
[2026-02-08 15:44:11,608 INFO dataset.load_and_preprocess_cane_raw_file] Created 30 chunks of shape torch.Size([30, 8, 5000])
[2026-02-08 15:44:12,885 INFO dataset.verify_sampling_rate] Detected sampling rate: 499.50 Hz
[2026-02-08 15:44:12,955 INFO dataset.load_and_preprocess_cane_raw_file] Applied Common Average Reference
[2026-02-08 15:44:12,956 INFO dataset.load_and_preprocess_cane_raw_file] Loading all 8 channels in canonical order
[2026-02-08 15:44:12,971 INFO dataset._process_single_channel] Channel Fp1: Found 568 artifacts (0.37%)
[2026-02-08 15:44:13,344 INFO dataset._process_single_channel] Channel Fp2: Found 479 artifacts (0.31%)
[2026-02-08 15:44:13,653 INFO dataset._process_single_channel] Channel C3: Found 672 artifacts (0.44%)
[2026-02-08 15:44:14,068 INFO dataset._process_single_channel] Channel Cz: Found 1023 artifacts (0.67%)
[2026-02-08 15:44:14,668 INFO dataset._process_single_channel] Channel C4: Found 22 artifacts (0.01%)
[2026-02-08 15:44:14,723 INFO dataset._process_single_channel] Channel T8: Found 911 artifacts (0.59%)
[2026-02-08 15:44:15,283 INFO dataset._process_single_channel] Channel Oz: Found 419 artifacts (0.27%)
[2026-02-08 15:44:15,514 INFO dataset.load_and_preprocess_cane_raw_file] Using sampling rate: 500 Hz
[2026-02-08 15:44:15,514 INFO dataset.load_and_preprocess_cane_raw_file] Chunk size: 5000 samples (10s)
[2026-02-08 15:44:16,612 INFO dataset.load_and_preprocess_cane_raw_file] Created 30 chunks of shape torch.Size([30, 8, 5000])
[2026-02-08 15:44:17,805 INFO dataset.verify_sampling_rate] Detected sampling rate: 498.78 Hz
[2026-02-08 15:44:17,883 INFO dataset.load_and_preprocess_cane_raw_file] Applied Common Average Reference
[2026-02-08 15:44:17,883 INFO dataset.load_and_preprocess_cane_raw_file] Loading all 8 channels in canonical order
[2026-02-08 15:44:17,903 INFO dataset._process_single_channel] Channel Fp1: Found 1 artifacts (0.00%)
[2026-02-08 15:44:17,928 INFO dataset._process_single_channel] Channel Fp2: Found 3 artifacts (0.00%)
[2026-02-08 15:44:17,955 INFO dataset._process_single_channel] Channel C3: Found 9 artifacts (0.01%)
[2026-02-08 15:44:17,987 INFO dataset._process_single_channel] Channel Cz: Found 2 artifacts (0.00%)
[2026-02-08 15:44:18,012 INFO dataset._process_single_channel] Channel C4: Found 526 artifacts (0.33%)
[2026-02-08 15:44:18,307 INFO dataset._process_single_channel] Channel T7: Found 3 artifacts (0.00%)
[2026-02-08 15:44:18,334 INFO dataset._process_single_channel] Channel T8: Found 163 artifacts (0.10%)
[2026-02-08 15:44:18,466 INFO dataset.load_and_preprocess_cane_raw_file] Using sampling rate: 500 Hz
[2026-02-08 15:44:18,466 INFO dataset.load_and_preprocess_cane_raw_file] Chunk size: 5000 samples (10s)
[2026-02-08 15:44:19,707 INFO dataset.load_and_preprocess_cane_raw_file] Created 31 chunks of shape torch.Size([31, 8, 5000])
[2026-02-08 15:44:21,037 INFO dataset.verify_sampling_rate] Detected sampling rate: 499.89 Hz
[2026-02-08 15:44:21,122 INFO dataset.load_and_preprocess_cane_raw_file] Applied Common Average Reference
[2026-02-08 15:44:21,123 INFO dataset.load_and_preprocess_cane_raw_file] Loading all 8 channels in canonical order
[2026-02-08 15:44:21,313 INFO dataset.load_and_preprocess_cane_raw_file] Using sampling rate: 500 Hz
[2026-02-08 15:44:21,313 INFO dataset.load_and_preprocess_cane_raw_file] Chunk size: 5000 samples (10s)
[2026-02-08 15:44:22,695 INFO dataset.load_and_preprocess_cane_raw_file] Created 30 chunks of shape torch.Size([30, 8, 5000])
[2026-02-08 15:44:23,938 INFO dataset.verify_sampling_rate] Detected sampling rate: 498.86 Hz
[2026-02-08 15:44:24,028 INFO dataset.load_and_preprocess_cane_raw_file] Applied Common Average Reference
[2026-02-08 15:44:24,029 INFO dataset.load_and_preprocess_cane_raw_file] Loading all 8 channels in canonical order
[2026-02-08 15:44:24,047 INFO dataset._process_single_channel] Channel Fp1: Found 596 artifacts (0.37%)
[2026-02-08 15:44:24,522 INFO dataset._process_single_channel] Channel C3: Found 3 artifacts (0.00%)
[2026-02-08 15:44:24,545 INFO dataset._process_single_channel] Channel Cz: Found 27 artifacts (0.02%)
[2026-02-08 15:44:24,640 INFO dataset._process_single_channel] Channel T8: Found 24 artifacts (0.02%)
[2026-02-08 15:44:24,712 INFO dataset.load_and_preprocess_cane_raw_file] Using sampling rate: 500 Hz
[2026-02-08 15:44:24,712 INFO dataset.load_and_preprocess_cane_raw_file] Chunk size: 5000 samples (10s)
[2026-02-08 15:44:26,009 INFO dataset.load_and_preprocess_cane_raw_file] Created 31 chunks of shape torch.Size([31, 8, 5000])
[2026-02-08 15:44:27,693 INFO dataset.verify_sampling_rate] Detected sampling rate: 498.88 Hz
[2026-02-08 15:44:27,822 INFO dataset.load_and_preprocess_cane_raw_file] Applied Common Average Reference
[2026-02-08 15:44:27,823 INFO dataset.load_and_preprocess_cane_raw_file] Loading all 8 channels in canonical order
[2026-02-08 15:44:27,844 INFO dataset._process_single_channel] Channel Fp1: Found 7 artifacts (0.00%)
[2026-02-08 15:44:27,892 INFO dataset._process_single_channel] Channel Fp2: Found 5 artifacts (0.00%)
[2026-02-08 15:44:27,977 INFO dataset._process_single_channel] Channel Cz: Found 196 artifacts (0.13%)
[2026-02-08 15:44:28,244 INFO dataset._process_single_channel] Channel T7: Found 359 artifacts (0.23%)
[2026-02-08 15:44:28,638 INFO dataset._process_single_channel] Channel T8: Found 6 artifacts (0.00%)
[2026-02-08 15:44:28,699 INFO dataset.load_and_preprocess_cane_raw_file] Using sampling rate: 500 Hz
[2026-02-08 15:44:28,700 INFO dataset.load_and_preprocess_cane_raw_file] Chunk size: 5000 samples (10s)
[2026-02-08 15:44:30,992 INFO dataset.load_and_preprocess_cane_raw_file] Created 30 chunks of shape torch.Size([30, 8, 5000])
[2026-02-08 15:44:32,134 INFO dataset.__init__] Built index with 1929 total chunks
[2026-02-08 15:44:32,205 INFO dataset._log_file_discovery] Discovered 21 AX_MALIK files: {'AX': 21} labels, {'EC': 21} conditions
[2026-02-08 15:44:32,209 INFO dataset.__init__] Building chunk index for FlattenedSpectrogramDataset...
[2026-02-08 15:44:47,103 INFO dataset.__init__] Built index with 252 total chunks
[2026-02-08 15:44:47,114 INFO dataset._log_file_discovery] Discovered 21 AX_MALIK files: {'AX': 21} labels, {'EO': 21} conditions
[2026-02-08 15:44:47,115 INFO dataset.__init__] Building chunk index for FlattenedSpectrogramDataset...
[2026-02-08 15:45:09,993 INFO dataset.__init__] Built index with 252 total chunks
[2026-02-08 15:45:09,998 INFO data_preparation.create_balanced_folds] Created 6 balanced folds:
[2026-02-08 15:45:09,998 INFO data_preparation.create_balanced_folds]   Normal subjects per fold: ~15.5
[2026-02-08 15:45:09,999 INFO data_preparation.create_balanced_folds]   Anxiety subjects per fold: ~13.0
[2026-02-08 15:45:09,999 INFO data_preparation.create_balanced_folds]   Depression subjects per fold: ~10.7
[2026-02-08 15:45:09,999 INFO data_preparation.create_balanced_folds]   Anxiety+Depression subjects per fold: ~8.5
[2026-02-08 15:45:10,000 INFO main.train_cross_validation] Created 6 balanced folds with subjects from MDD, CANE, and AX_MALIK datasets
[2026-02-08 15:45:10,000 INFO main.train_cross_validation] ================================================================================
[2026-02-08 15:45:10,001 INFO main.train_cross_validation] FOLD 1/6
[2026-02-08 15:45:10,001 INFO main.train_cross_validation] ================================================================================
[2026-02-08 15:45:10,002 INFO data_preparation.get_datasets_for_fold] Train subjects (231): ['mdd:H S4 EO', 'mdd:H S4 EC', 'mdd:H S18 EO', 'mdd:H S8 EC', 'mdd:H S8 EO', 'mdd:H S26 EO', 'mdd:H S26 EC', 'mdd:H S22 EC', 'mdd:H S22 EO', 'cane:H S1002 EC', 'cane:H S1002 EO', 'cane:H S1060 EO', 'cane:H S1060 EC', 'cane:H S1101 EO', 'cane:H S1101 EC', 'cane:AX S1006 EC', 'cane:AX S1006 EO', 'cane:AX S1065 EC', 'cane:AX S1065 EO', 'cane:AX S0041 EC', 'cane:AX S0041 EO', 'ax_malik:AX S14 EC', 'ax_malik:AX S14 EO', 'ax_malik:AX S5 EC', 'ax_malik:AX S5 EO', 'ax_malik:AX S20 EO', 'ax_malik:AX S20 EC', 'ax_malik:AX S3 EC', 'ax_malik:AX S3 EO', 'mdd:MDD S32 EO', 'mdd:MDD S32 EC', 'mdd:MDD S26 EO', 'mdd:MDD S26 EC', 'mdd:MDD S34 EO', 'mdd:MDD S34 EC', 'mdd:MDD S17 EO', 'mdd:MDD S17 EC', 'mdd:MDD S11 EC', 'mdd:MDD S11 EO', 'mdd:MDD S20 EC', 'mdd:MDD S20 EO', 'cane:AXDEP S0071 EO', 'cane:AXDEP S0071 EC', 'cane:AXDEP S1047 EC', 'cane:AXDEP S1047 EO', 'cane:AXDEP S1100 EO', 'cane:AXDEP S1100 EC', 'cane:AXDEP S1052 EC', 'cane:AXDEP S1052 EO', 'cane:AXDEP S1038 EC', 'cane:AXDEP S1038 EO', 'mdd:H S13 EC', 'mdd:H S13 EO', 'mdd:H S16 EO', 'mdd:H S16 EC', 'mdd:H S11 EO', 'mdd:H S11 EC', 'mdd:H S19 EC', 'mdd:H S19 EO', 'mdd:H S27 EC', 'mdd:H S27 EO', 'cane:H S1008 EO', 'cane:H S1008 EC', 'cane:H S1028 EC', 'cane:H S1096 EO', 'cane:H S1096 EC', 'cane:AX S1087 EC', 'cane:AX S1087 EO', 'cane:AX S1027 EO', 'cane:AX S1027 EC', 'cane:AX S1007 EC', 'cane:AX S1007 EO', 'ax_malik:AX S13 EC', 'ax_malik:AX S13 EO', 'ax_malik:AX S10 EC', 'ax_malik:AX S10 EO', 'ax_malik:AX S2 EC', 'ax_malik:AX S2 EO', 'ax_malik:AX S12 EC', 'ax_malik:AX S12 EO', 'mdd:MDD S15 EO', 'mdd:MDD S15 EC', 'mdd:MDD S21 EC', 'mdd:MDD S21 EO', 'mdd:MDD S4 EO', 'mdd:MDD S6 EC', 'mdd:MDD S6 EO', 'mdd:MDD S9 EO', 'mdd:MDD S9 EC', 'mdd:MDD S1 EC', 'mdd:MDD S1 EO', 'cane:AXDEP S1094 EC', 'cane:AXDEP S1094 EO', 'cane:AXDEP S1034 EC', 'cane:AXDEP S1034 EO', 'cane:AXDEP S1019 EO', 'cane:AXDEP S1019 EC', 'cane:AXDEP S0042 EO', 'cane:AXDEP S0042 EC', 'mdd:H S9 EC']...
[2026-02-08 15:45:10,002 INFO data_preparation.get_datasets_for_fold] Val subjects (55): ['mdd:H S1 EC', 'mdd:H S1 EO', 'mdd:H S15 EC', 'mdd:H S14 EO', 'mdd:H S14 EC', 'mdd:H S23 EC', 'mdd:H S23 EO', 'mdd:H S29 EC', 'mdd:H S29 EO', 'cane:H S1054 EC', 'cane:H S1054 EO', 'cane:H S1095 EC', 'cane:H S1095 EO', 'cane:H S1033 EO', 'cane:H S1033 EC', 'cane:H S0079 EC', 'cane:H S0079 EO', 'cane:AX S1009 EO', 'cane:AX S1009 EC', 'cane:AX S1084 EO', 'cane:AX S1084 EC', 'cane:AX S0057 EO', 'cane:AX S0057 EC', 'ax_malik:AX S11 EO', 'ax_malik:AX S11 EC', 'ax_malik:AX S1 EO', 'ax_malik:AX S1 EC', 'ax_malik:AX S21 EC', 'ax_malik:AX S21 EO', 'ax_malik:AX S9 EC', 'ax_malik:AX S9 EO', 'mdd:MDD S25 EO', 'mdd:MDD S25 EC', 'mdd:MDD S19 EO', 'mdd:MDD S19 EC', 'mdd:MDD S30 EO', 'mdd:MDD S30 EC', 'mdd:MDD S29 EC', 'mdd:MDD S29 EO', 'mdd:MDD S28 EO', 'mdd:MDD S28 EC', 'mdd:MDD S14 EC', 'mdd:MDD S14 EO', 'cane:DEP S0016 EC', 'cane:DEP S0016 EO', 'cane:AXDEP S0075 EC', 'cane:AXDEP S0075 EO', 'cane:AXDEP S1046 EO', 'cane:AXDEP S1046 EC', 'cane:AXDEP S0044 EC', 'cane:AXDEP S0044 EO', 'cane:AXDEP S1032 EO', 'cane:AXDEP S1032 EC', 'cane:AXDEP S1029 EC', 'cane:AXDEP S1029 EO']
[2026-02-08 15:45:10,028 INFO data_preparation.get_datasets_for_fold] Training chunks: MDD=2916, CANE=3080, AX_MALIK=408, Total=6404
[2026-02-08 15:45:10,028 INFO data_preparation.get_datasets_for_fold] Validation chunks: MDD=619, CANE=821, AX_MALIK=96, Total=1536
[2026-02-08 15:45:10,806 INFO main.train_cross_validation] Fold 1 | Class weights | tensor([0.7056, 0.5614,    inf, 1.2479])
[2026-02-08 15:45:11,227 INFO model.__init__] Initialized LSTM with input_size=880, hidden_size=64, batch_first=True
[2026-02-08 15:45:18,488 INFO main.train_one_fold] Starting training for fold 1
[2026-02-08 15:50:39,408 INFO main.train_one_fold] ✓ Saved best model: experiments/both-014b-all-4class-smallerall/fold_1_best.pth (chunk=0.2103, subject=0.1818, combined=0.0382)
[2026-02-08 15:50:39,412 INFO early_stopping.__call__] Early stopping initialized: best score 0.2103 at epoch 1
[2026-02-08 15:57:27,706 INFO main.train_one_fold] ✓ Saved best model: experiments/both-014b-all-4class-smallerall/fold_1_best.pth (chunk=0.5111, subject=0.5818, combined=0.2973)
[2026-02-08 15:57:27,707 INFO early_stopping.__call__] Validation improved from 0.2103 to 0.5111 (+0.3008) at epoch 3
[2026-02-08 16:00:43,316 INFO main.train_one_fold] ✓ Saved best model: experiments/both-014b-all-4class-smallerall/fold_1_best.pth (chunk=0.5495, subject=0.6000, combined=0.3297)
[2026-02-08 16:00:43,317 INFO early_stopping.__call__] Validation improved from 0.5111 to 0.5495 (+0.0384) at epoch 4
[2026-02-08 16:10:09,801 INFO main.train_one_fold] ✓ Saved best model: experiments/both-014b-all-4class-smallerall/fold_1_best.pth (chunk=0.5599, subject=0.6182, combined=0.3461)
[2026-02-08 16:10:09,801 INFO early_stopping.__call__] Validation improved from 0.5495 to 0.5599 (+0.0104) at epoch 7
[2026-02-08 17:11:23,310 INFO early_stopping.__call__] Early stopping triggered after 20 epochs without improvement. Best score: 0.5599 at epoch 7
[2026-02-08 17:11:23,360 INFO main.train_one_fold] Early stopping triggered at epoch 27
[2026-02-08 17:11:23,361 INFO main.train_one_fold] 
Fold 1 training completed. Best Chunk Val Acc: 0.5599 at epoch 7
[2026-02-08 17:11:23,363 INFO main.train_cross_validation] ================================================================================
[2026-02-08 17:11:23,363 INFO main.train_cross_validation] FOLD 2/6
[2026-02-08 17:11:23,363 INFO main.train_cross_validation] ================================================================================
[2026-02-08 17:11:23,363 INFO data_preparation.get_datasets_for_fold] Train subjects (235): ['mdd:H S1 EC', 'mdd:H S1 EO', 'mdd:H S15 EC', 'mdd:H S14 EO', 'mdd:H S14 EC', 'mdd:H S23 EC', 'mdd:H S23 EO', 'mdd:H S29 EC', 'mdd:H S29 EO', 'cane:H S1054 EC', 'cane:H S1054 EO', 'cane:H S1095 EC', 'cane:H S1095 EO', 'cane:H S1033 EO', 'cane:H S1033 EC', 'cane:H S0079 EC', 'cane:H S0079 EO', 'cane:AX S1009 EO', 'cane:AX S1009 EC', 'cane:AX S1084 EO', 'cane:AX S1084 EC', 'cane:AX S0057 EO', 'cane:AX S0057 EC', 'ax_malik:AX S11 EO', 'ax_malik:AX S11 EC', 'ax_malik:AX S1 EO', 'ax_malik:AX S1 EC', 'ax_malik:AX S21 EC', 'ax_malik:AX S21 EO', 'ax_malik:AX S9 EC', 'ax_malik:AX S9 EO', 'mdd:MDD S25 EO', 'mdd:MDD S25 EC', 'mdd:MDD S19 EO', 'mdd:MDD S19 EC', 'mdd:MDD S30 EO', 'mdd:MDD S30 EC', 'mdd:MDD S29 EC', 'mdd:MDD S29 EO', 'mdd:MDD S28 EO', 'mdd:MDD S28 EC', 'mdd:MDD S14 EC', 'mdd:MDD S14 EO', 'cane:DEP S0016 EC', 'cane:DEP S0016 EO', 'cane:AXDEP S0075 EC', 'cane:AXDEP S0075 EO', 'cane:AXDEP S1046 EO', 'cane:AXDEP S1046 EC', 'cane:AXDEP S0044 EC', 'cane:AXDEP S0044 EO', 'cane:AXDEP S1032 EO', 'cane:AXDEP S1032 EC', 'cane:AXDEP S1029 EC', 'cane:AXDEP S1029 EO', 'mdd:H S13 EC', 'mdd:H S13 EO', 'mdd:H S16 EO', 'mdd:H S16 EC', 'mdd:H S11 EO', 'mdd:H S11 EC', 'mdd:H S19 EC', 'mdd:H S19 EO', 'mdd:H S27 EC', 'mdd:H S27 EO', 'cane:H S1008 EO', 'cane:H S1008 EC', 'cane:H S1028 EC', 'cane:H S1096 EO', 'cane:H S1096 EC', 'cane:AX S1087 EC', 'cane:AX S1087 EO', 'cane:AX S1027 EO', 'cane:AX S1027 EC', 'cane:AX S1007 EC', 'cane:AX S1007 EO', 'ax_malik:AX S13 EC', 'ax_malik:AX S13 EO', 'ax_malik:AX S10 EC', 'ax_malik:AX S10 EO', 'ax_malik:AX S2 EC', 'ax_malik:AX S2 EO', 'ax_malik:AX S12 EC', 'ax_malik:AX S12 EO', 'mdd:MDD S15 EO', 'mdd:MDD S15 EC', 'mdd:MDD S21 EC', 'mdd:MDD S21 EO', 'mdd:MDD S4 EO', 'mdd:MDD S6 EC', 'mdd:MDD S6 EO', 'mdd:MDD S9 EO', 'mdd:MDD S9 EC', 'mdd:MDD S1 EC', 'mdd:MDD S1 EO', 'cane:AXDEP S1094 EC', 'cane:AXDEP S1094 EO', 'cane:AXDEP S1034 EC', 'cane:AXDEP S1034 EO', 'cane:AXDEP S1019 EO']...
[2026-02-08 17:11:23,363 INFO data_preparation.get_datasets_for_fold] Val subjects (51): ['mdd:H S4 EO', 'mdd:H S4 EC', 'mdd:H S18 EO', 'mdd:H S8 EC', 'mdd:H S8 EO', 'mdd:H S26 EO', 'mdd:H S26 EC', 'mdd:H S22 EC', 'mdd:H S22 EO', 'cane:H S1002 EC', 'cane:H S1002 EO', 'cane:H S1060 EO', 'cane:H S1060 EC', 'cane:H S1101 EO', 'cane:H S1101 EC', 'cane:AX S1006 EC', 'cane:AX S1006 EO', 'cane:AX S1065 EC', 'cane:AX S1065 EO', 'cane:AX S0041 EC', 'cane:AX S0041 EO', 'ax_malik:AX S14 EC', 'ax_malik:AX S14 EO', 'ax_malik:AX S5 EC', 'ax_malik:AX S5 EO', 'ax_malik:AX S20 EO', 'ax_malik:AX S20 EC', 'ax_malik:AX S3 EC', 'ax_malik:AX S3 EO', 'mdd:MDD S32 EO', 'mdd:MDD S32 EC', 'mdd:MDD S26 EO', 'mdd:MDD S26 EC', 'mdd:MDD S34 EO', 'mdd:MDD S34 EC', 'mdd:MDD S17 EO', 'mdd:MDD S17 EC', 'mdd:MDD S11 EC', 'mdd:MDD S11 EO', 'mdd:MDD S20 EC', 'mdd:MDD S20 EO', 'cane:AXDEP S0071 EO', 'cane:AXDEP S0071 EC', 'cane:AXDEP S1047 EC', 'cane:AXDEP S1047 EO', 'cane:AXDEP S1100 EO', 'cane:AXDEP S1100 EC', 'cane:AXDEP S1052 EC', 'cane:AXDEP S1052 EO', 'cane:AXDEP S1038 EC', 'cane:AXDEP S1038 EO']
[2026-02-08 17:11:23,375 INFO data_preparation.get_datasets_for_fold] Training chunks: MDD=2904, CANE=3255, AX_MALIK=408, Total=6567
[2026-02-08 17:11:23,375 INFO data_preparation.get_datasets_for_fold] Validation chunks: MDD=631, CANE=646, AX_MALIK=96, Total=1373
[2026-02-08 17:11:23,865 INFO main.train_cross_validation] Fold 2 | Class weights | tensor([ 0.6977,  0.5765, 27.3625,  1.2571])
[2026-02-08 17:11:23,895 INFO model.__init__] Initialized LSTM with input_size=880, hidden_size=64, batch_first=True
[2026-02-08 17:11:23,898 INFO main.train_one_fold] Starting training for fold 2
[2026-02-08 17:14:25,413 INFO main.train_one_fold] ✓ Saved best model: experiments/both-014b-all-4class-smallerall/fold_2_best.pth (chunk=0.2185, subject=0.1961, combined=0.0428)
[2026-02-08 17:14:25,414 INFO early_stopping.__call__] Early stopping initialized: best score 0.2185 at epoch 1
[2026-02-08 17:17:27,609 INFO main.train_one_fold] ✓ Saved best model: experiments/both-014b-all-4class-smallerall/fold_2_best.pth (chunk=0.3248, subject=0.2549, combined=0.0828)
[2026-02-08 17:17:27,609 INFO early_stopping.__call__] Validation improved from 0.2185 to 0.3248 (+0.1063) at epoch 2
[2026-02-08 17:20:26,404 INFO main.train_one_fold] ✓ Saved best model: experiments/both-014b-all-4class-smallerall/fold_2_best.pth (chunk=0.3256, subject=0.3137, combined=0.1021)
[2026-02-08 17:20:26,405 INFO early_stopping.__call__] Validation improved from 0.3248 to 0.3256 (+0.0007) at epoch 3
[2026-02-08 17:23:25,615 INFO main.train_one_fold] ✓ Saved best model: experiments/both-014b-all-4class-smallerall/fold_2_best.pth (chunk=0.4457, subject=0.4118, combined=0.1835)
[2026-02-08 17:23:25,615 INFO early_stopping.__call__] Validation improved from 0.3256 to 0.4457 (+0.1202) at epoch 4
[2026-02-08 17:26:24,197 INFO main.train_one_fold] ✓ Saved best model: experiments/both-014b-all-4class-smallerall/fold_2_best.pth (chunk=0.5397, subject=0.5490, combined=0.2963)
[2026-02-08 17:26:24,198 INFO early_stopping.__call__] Validation improved from 0.4457 to 0.5397 (+0.0940) at epoch 5
[2026-02-08 17:38:14,009 INFO main.train_one_fold] ✓ Saved best model: experiments/both-014b-all-4class-smallerall/fold_2_best.pth (chunk=0.5433, subject=0.5882, combined=0.3196)
[2026-02-08 17:38:14,010 INFO early_stopping.__call__] Validation improved from 0.5397 to 0.5433 (+0.0036) at epoch 9
[2026-02-08 17:47:03,499 INFO main.train_one_fold] ✓ Saved best model: experiments/both-014b-all-4class-smallerall/fold_2_best.pth (chunk=0.5462, subject=0.5882, combined=0.3213)
[2026-02-08 17:47:03,500 INFO early_stopping.__call__] Validation improved from 0.5433 to 0.5462 (+0.0029) at epoch 12
[2026-02-08 17:49:54,307 INFO main.train_one_fold] ✓ Saved best model: experiments/both-014b-all-4class-smallerall/fold_2_best.pth (chunk=0.5477, subject=0.5882, combined=0.3222)
[2026-02-08 17:49:54,307 INFO early_stopping.__call__] Validation improved from 0.5462 to 0.5477 (+0.0015) at epoch 13
[2026-02-08 17:52:46,916 INFO main.train_one_fold] ✓ Saved best model: experiments/both-014b-all-4class-smallerall/fold_2_best.pth (chunk=0.5572, subject=0.6275, combined=0.3496)
[2026-02-08 17:52:46,916 INFO early_stopping.__call__] Validation improved from 0.5477 to 0.5572 (+0.0095) at epoch 14
[2026-02-08 17:58:27,515 INFO main.train_one_fold] ✓ Saved best model: experiments/both-014b-all-4class-smallerall/fold_2_best.pth (chunk=0.5681, subject=0.6078, combined=0.3453)
[2026-02-08 17:58:27,515 INFO early_stopping.__call__] Validation improved from 0.5572 to 0.5681 (+0.0109) at epoch 16
[2026-02-08 18:07:25,902 INFO main.train_one_fold] ✓ Saved best model: experiments/both-014b-all-4class-smallerall/fold_2_best.pth (chunk=0.5688, subject=0.6275, combined=0.3569)
[2026-02-08 18:07:25,902 INFO early_stopping.__call__] Validation improved from 0.5681 to 0.5688 (+0.0007) at epoch 19
[2026-02-08 18:10:28,116 INFO main.train_one_fold] ✓ Saved best model: experiments/both-014b-all-4class-smallerall/fold_2_best.pth (chunk=0.5819, subject=0.6471, combined=0.3765)
[2026-02-08 18:10:28,116 INFO early_stopping.__call__] Validation improved from 0.5688 to 0.5819 (+0.0131) at epoch 20
[2026-02-08 18:19:33,411 INFO main.train_one_fold] ✓ Saved best model: experiments/both-014b-all-4class-smallerall/fold_2_best.pth (chunk=0.6118, subject=0.6471, combined=0.3959)
[2026-02-08 18:19:33,411 INFO early_stopping.__call__] Validation improved from 0.5819 to 0.6118 (+0.0299) at epoch 23
[2026-02-08 18:28:39,014 INFO main.train_one_fold] ✓ Saved best model: experiments/both-014b-all-4class-smallerall/fold_2_best.pth (chunk=0.6162, subject=0.6471, combined=0.3987)
[2026-02-08 18:28:39,023 INFO early_stopping.__call__] Validation improved from 0.6118 to 0.6162 (+0.0044) at epoch 26
[2026-02-08 18:31:43,511 INFO main.train_one_fold] ✓ Saved best model: experiments/both-014b-all-4class-smallerall/fold_2_best.pth (chunk=0.6322, subject=0.6667, combined=0.4215)
[2026-02-08 18:31:43,519 INFO early_stopping.__call__] Validation improved from 0.6162 to 0.6322 (+0.0160) at epoch 27
[2026-02-08 19:08:38,715 INFO main.train_one_fold] ✓ Saved best model: experiments/both-014b-all-4class-smallerall/fold_2_best.pth (chunk=0.6380, subject=0.6667, combined=0.4253)
[2026-02-08 19:08:38,723 INFO early_stopping.__call__] Validation improved from 0.6322 to 0.6380 (+0.0058) at epoch 39
[2026-02-08 19:33:16,301 INFO main.train_one_fold] ✓ Saved best model: experiments/both-014b-all-4class-smallerall/fold_2_best.pth (chunk=0.6431, subject=0.6863, combined=0.4414)
[2026-02-08 19:33:16,306 INFO early_stopping.__call__] Validation improved from 0.6380 to 0.6431 (+0.0051) at epoch 46
[2026-02-08 19:43:02,030 INFO main.train_one_fold] ✓ Saved best model: experiments/both-014b-all-4class-smallerall/fold_2_best.pth (chunk=0.6613, subject=0.6667, combined=0.4409)
[2026-02-08 19:43:02,040 INFO early_stopping.__call__] Validation improved from 0.6431 to 0.6613 (+0.0182) at epoch 48
[2026-02-08 20:09:49,544 INFO main.train_one_fold] ✓ Saved best model: experiments/both-014b-all-4class-smallerall/fold_2_best.pth (chunk=0.6664, subject=0.7059, combined=0.4704)
[2026-02-08 20:09:49,544 INFO early_stopping.__call__] Validation improved from 0.6613 to 0.6664 (+0.0051) at epoch 59
[2026-02-08 20:14:21,200 INFO main.train_one_fold] ✓ Saved best model: experiments/both-014b-all-4class-smallerall/fold_2_best.pth (chunk=0.6672, subject=0.7255, combined=0.4840)
[2026-02-08 20:14:21,200 INFO early_stopping.__call__] Validation improved from 0.6664 to 0.6672 (+0.0007) at epoch 64
[2026-02-08 20:15:23,190 INFO main.train_one_fold] ✓ Saved best model: experiments/both-014b-all-4class-smallerall/fold_2_best.pth (chunk=0.6686, subject=0.7059, combined=0.4720)
[2026-02-08 20:15:23,190 INFO early_stopping.__call__] Validation improved from 0.6672 to 0.6686 (+0.0015) at epoch 65
[2026-02-08 20:19:07,291 INFO main.train_one_fold] ✓ Saved best model: experiments/both-014b-all-4class-smallerall/fold_2_best.pth (chunk=0.6737, subject=0.7255, combined=0.4888)
[2026-02-08 20:19:07,292 INFO early_stopping.__call__] Validation improved from 0.6686 to 0.6737 (+0.0051) at epoch 69
[2026-02-08 20:20:54,974 INFO main.train_one_fold] ✓ Saved best model: experiments/both-014b-all-4class-smallerall/fold_2_best.pth (chunk=0.6773, subject=0.7255, combined=0.4914)
[2026-02-08 20:20:54,975 INFO early_stopping.__call__] Validation improved from 0.6737 to 0.6773 (+0.0036) at epoch 71
[2026-02-08 20:24:58,902 INFO main.train_one_fold] ✓ Saved best model: experiments/both-014b-all-4class-smallerall/fold_2_best.pth (chunk=0.6781, subject=0.7255, combined=0.4919)
[2026-02-08 20:24:58,904 INFO early_stopping.__call__] Validation improved from 0.6773 to 0.6781 (+0.0007) at epoch 75
[2026-02-08 20:26:32,071 INFO main.train_one_fold] ✓ Saved best model: experiments/both-014b-all-4class-smallerall/fold_2_best.pth (chunk=0.6788, subject=0.7255, combined=0.4925)
[2026-02-08 20:26:32,071 INFO early_stopping.__call__] Validation improved from 0.6781 to 0.6788 (+0.0007) at epoch 77
[2026-02-08 20:28:29,807 INFO main.train_one_fold] ✓ Saved best model: experiments/both-014b-all-4class-smallerall/fold_2_best.pth (chunk=0.6839, subject=0.7451, combined=0.5096)
[2026-02-08 20:28:29,807 INFO early_stopping.__call__] Validation improved from 0.6788 to 0.6839 (+0.0051) at epoch 79
[2026-02-08 20:34:04,984 INFO main.train_one_fold] ✓ Saved best model: experiments/both-014b-all-4class-smallerall/fold_2_best.pth (chunk=0.6897, subject=0.7255, combined=0.5004)
[2026-02-08 20:34:04,984 INFO early_stopping.__call__] Validation improved from 0.6839 to 0.6897 (+0.0058) at epoch 86
[2026-02-08 20:35:32,017 INFO main.train_one_fold] ✓ Saved best model: experiments/both-014b-all-4class-smallerall/fold_2_best.pth (chunk=0.6912, subject=0.7255, combined=0.5014)
[2026-02-08 20:35:32,017 INFO early_stopping.__call__] Validation improved from 0.6897 to 0.6912 (+0.0015) at epoch 88
[2026-02-08 20:36:24,166 INFO main.train_one_fold] ✓ Saved best model: experiments/both-014b-all-4class-smallerall/fold_2_best.pth (chunk=0.6970, subject=0.7451, combined=0.5193)
[2026-02-08 20:36:24,166 INFO early_stopping.__call__] Validation improved from 0.6912 to 0.6970 (+0.0058) at epoch 89
[2026-02-08 20:43:28,843 INFO main.train_one_fold] ✓ Saved best model: experiments/both-014b-all-4class-smallerall/fold_2_best.pth (chunk=0.7109, subject=0.7059, combined=0.5018)
[2026-02-08 20:43:28,843 INFO early_stopping.__call__] Validation improved from 0.6970 to 0.7109 (+0.0138) at epoch 98
[2026-02-08 20:45:04,937 INFO main.train_one_fold] Saved checkpoint: experiments/both-014b-all-4class-smallerall/fold_2_epoch_100.pth
[2026-02-08 20:45:04,938 INFO main.train_one_fold] 
Fold 2 training completed. Best Chunk Val Acc: 0.7109 at epoch 98
[2026-02-08 20:45:04,938 INFO main.train_cross_validation] ================================================================================
[2026-02-08 20:45:04,938 INFO main.train_cross_validation] FOLD 3/6
[2026-02-08 20:45:04,938 INFO main.train_cross_validation] ================================================================================
[2026-02-08 20:45:04,938 INFO data_preparation.get_datasets_for_fold] Train subjects (238): ['mdd:H S1 EC', 'mdd:H S1 EO', 'mdd:H S15 EC', 'mdd:H S14 EO', 'mdd:H S14 EC', 'mdd:H S23 EC', 'mdd:H S23 EO', 'mdd:H S29 EC', 'mdd:H S29 EO', 'cane:H S1054 EC', 'cane:H S1054 EO', 'cane:H S1095 EC', 'cane:H S1095 EO', 'cane:H S1033 EO', 'cane:H S1033 EC', 'cane:H S0079 EC', 'cane:H S0079 EO', 'cane:AX S1009 EO', 'cane:AX S1009 EC', 'cane:AX S1084 EO', 'cane:AX S1084 EC', 'cane:AX S0057 EO', 'cane:AX S0057 EC', 'ax_malik:AX S11 EO', 'ax_malik:AX S11 EC', 'ax_malik:AX S1 EO', 'ax_malik:AX S1 EC', 'ax_malik:AX S21 EC', 'ax_malik:AX S21 EO', 'ax_malik:AX S9 EC', 'ax_malik:AX S9 EO', 'mdd:MDD S25 EO', 'mdd:MDD S25 EC', 'mdd:MDD S19 EO', 'mdd:MDD S19 EC', 'mdd:MDD S30 EO', 'mdd:MDD S30 EC', 'mdd:MDD S29 EC', 'mdd:MDD S29 EO', 'mdd:MDD S28 EO', 'mdd:MDD S28 EC', 'mdd:MDD S14 EC', 'mdd:MDD S14 EO', 'cane:DEP S0016 EC', 'cane:DEP S0016 EO', 'cane:AXDEP S0075 EC', 'cane:AXDEP S0075 EO', 'cane:AXDEP S1046 EO', 'cane:AXDEP S1046 EC', 'cane:AXDEP S0044 EC', 'cane:AXDEP S0044 EO', 'cane:AXDEP S1032 EO', 'cane:AXDEP S1032 EC', 'cane:AXDEP S1029 EC', 'cane:AXDEP S1029 EO', 'mdd:H S4 EO', 'mdd:H S4 EC', 'mdd:H S18 EO', 'mdd:H S8 EC', 'mdd:H S8 EO', 'mdd:H S26 EO', 'mdd:H S26 EC', 'mdd:H S22 EC', 'mdd:H S22 EO', 'cane:H S1002 EC', 'cane:H S1002 EO', 'cane:H S1060 EO', 'cane:H S1060 EC', 'cane:H S1101 EO', 'cane:H S1101 EC', 'cane:AX S1006 EC', 'cane:AX S1006 EO', 'cane:AX S1065 EC', 'cane:AX S1065 EO', 'cane:AX S0041 EC', 'cane:AX S0041 EO', 'ax_malik:AX S14 EC', 'ax_malik:AX S14 EO', 'ax_malik:AX S5 EC', 'ax_malik:AX S5 EO', 'ax_malik:AX S20 EO', 'ax_malik:AX S20 EC', 'ax_malik:AX S3 EC', 'ax_malik:AX S3 EO', 'mdd:MDD S32 EO', 'mdd:MDD S32 EC', 'mdd:MDD S26 EO', 'mdd:MDD S26 EC', 'mdd:MDD S34 EO', 'mdd:MDD S34 EC', 'mdd:MDD S17 EO', 'mdd:MDD S17 EC', 'mdd:MDD S11 EC', 'mdd:MDD S11 EO', 'mdd:MDD S20 EC', 'mdd:MDD S20 EO', 'cane:AXDEP S0071 EO', 'cane:AXDEP S0071 EC', 'cane:AXDEP S1047 EC', 'cane:AXDEP S1047 EO']...
[2026-02-08 20:45:04,938 INFO data_preparation.get_datasets_for_fold] Val subjects (48): ['mdd:H S13 EC', 'mdd:H S13 EO', 'mdd:H S16 EO', 'mdd:H S16 EC', 'mdd:H S11 EO', 'mdd:H S11 EC', 'mdd:H S19 EC', 'mdd:H S19 EO', 'mdd:H S27 EC', 'mdd:H S27 EO', 'cane:H S1008 EO', 'cane:H S1008 EC', 'cane:H S1028 EC', 'cane:H S1096 EO', 'cane:H S1096 EC', 'cane:AX S1087 EC', 'cane:AX S1087 EO', 'cane:AX S1027 EO', 'cane:AX S1027 EC', 'cane:AX S1007 EC', 'cane:AX S1007 EO', 'ax_malik:AX S13 EC', 'ax_malik:AX S13 EO', 'ax_malik:AX S10 EC', 'ax_malik:AX S10 EO', 'ax_malik:AX S2 EC', 'ax_malik:AX S2 EO', 'ax_malik:AX S12 EC', 'ax_malik:AX S12 EO', 'mdd:MDD S15 EO', 'mdd:MDD S15 EC', 'mdd:MDD S21 EC', 'mdd:MDD S21 EO', 'mdd:MDD S4 EO', 'mdd:MDD S6 EC', 'mdd:MDD S6 EO', 'mdd:MDD S9 EO', 'mdd:MDD S9 EC', 'mdd:MDD S1 EC', 'mdd:MDD S1 EO', 'cane:AXDEP S1094 EC', 'cane:AXDEP S1094 EO', 'cane:AXDEP S1034 EC', 'cane:AXDEP S1034 EO', 'cane:AXDEP S1019 EO', 'cane:AXDEP S1019 EC', 'cane:AXDEP S0042 EO', 'cane:AXDEP S0042 EC']
[2026-02-08 20:45:04,942 INFO data_preparation.get_datasets_for_fold] Training chunks: MDD=2904, CANE=3282, AX_MALIK=408, Total=6594
[2026-02-08 20:45:04,943 INFO data_preparation.get_datasets_for_fold] Validation chunks: MDD=631, CANE=619, AX_MALIK=96, Total=1346
[2026-02-08 20:45:05,103 INFO main.train_cross_validation] Fold 3 | Class weights | tensor([ 0.7006,  0.5780, 27.4750,  1.2404])
[2026-02-08 20:45:05,110 INFO model.__init__] Initialized LSTM with input_size=880, hidden_size=64, batch_first=True
[2026-02-08 20:45:05,112 INFO main.train_one_fold] Starting training for fold 3
[2026-02-08 20:45:55,974 INFO main.train_one_fold] ✓ Saved best model: experiments/both-014b-all-4class-smallerall/fold_3_best.pth (chunk=0.3276, subject=0.3125, combined=0.1024)
[2026-02-08 20:45:55,974 INFO early_stopping.__call__] Early stopping initialized: best score 0.3276 at epoch 1
[2026-02-08 20:46:43,070 INFO main.train_one_fold] ✓ Saved best model: experiments/both-014b-all-4class-smallerall/fold_3_best.pth (chunk=0.5951, subject=0.5625, combined=0.3347)
[2026-02-08 20:46:43,070 INFO early_stopping.__call__] Validation improved from 0.3276 to 0.5951 (+0.2675) at epoch 2
[2026-02-08 20:55:59,661 INFO main.train_one_fold] ✓ Saved best model: experiments/both-014b-all-4class-smallerall/fold_3_best.pth (chunk=0.6033, subject=0.6667, combined=0.4022)
[2026-02-08 20:55:59,661 INFO early_stopping.__call__] Validation improved from 0.5951 to 0.6033 (+0.0082) at epoch 14
[2026-02-08 20:56:40,993 INFO main.train_one_fold] ✓ Saved best model: experiments/both-014b-all-4class-smallerall/fold_3_best.pth (chunk=0.6137, subject=0.6667, combined=0.4091)
[2026-02-08 20:56:40,993 INFO early_stopping.__call__] Validation improved from 0.6033 to 0.6137 (+0.0104) at epoch 15
[2026-02-08 20:57:31,962 INFO main.train_one_fold] ✓ Saved best model: experiments/both-014b-all-4class-smallerall/fold_3_best.pth (chunk=0.6204, subject=0.6667, combined=0.4136)
[2026-02-08 20:57:31,962 INFO early_stopping.__call__] Validation improved from 0.6137 to 0.6204 (+0.0067) at epoch 16
[2026-02-08 20:58:24,086 INFO main.train_one_fold] ✓ Saved best model: experiments/both-014b-all-4class-smallerall/fold_3_best.pth (chunk=0.6248, subject=0.6667, combined=0.4165)
[2026-02-08 20:58:24,087 INFO early_stopping.__call__] Validation improved from 0.6204 to 0.6248 (+0.0045) at epoch 17
[2026-02-08 20:59:12,944 INFO main.train_one_fold] ✓ Saved best model: experiments/both-014b-all-4class-smallerall/fold_3_best.pth (chunk=0.6263, subject=0.6875, combined=0.4306)
[2026-02-08 20:59:12,944 INFO early_stopping.__call__] Validation improved from 0.6248 to 0.6263 (+0.0015) at epoch 18
[2026-02-08 21:00:42,642 INFO main.train_one_fold] ✓ Saved best model: experiments/both-014b-all-4class-smallerall/fold_3_best.pth (chunk=0.6345, subject=0.6875, combined=0.4362)
[2026-02-08 21:00:42,642 INFO early_stopping.__call__] Validation improved from 0.6263 to 0.6345 (+0.0082) at epoch 20
[2026-02-08 21:01:35,081 INFO main.train_one_fold] ✓ Saved best model: experiments/both-014b-all-4class-smallerall/fold_3_best.pth (chunk=0.6397, subject=0.6875, combined=0.4398)
[2026-02-08 21:01:35,082 INFO early_stopping.__call__] Validation improved from 0.6345 to 0.6397 (+0.0052) at epoch 21
[2026-02-08 21:03:11,315 INFO main.train_one_fold] ✓ Saved best model: experiments/both-014b-all-4class-smallerall/fold_3_best.pth (chunk=0.6419, subject=0.6875, combined=0.4413)
[2026-02-08 21:03:11,315 INFO early_stopping.__call__] Validation improved from 0.6397 to 0.6419 (+0.0022) at epoch 23
[2026-02-08 21:04:52,351 INFO main.train_one_fold] ✓ Saved best model: experiments/both-014b-all-4class-smallerall/fold_3_best.pth (chunk=0.6471, subject=0.6875, combined=0.4449)
[2026-02-08 21:04:52,351 INFO early_stopping.__call__] Validation improved from 0.6419 to 0.6471 (+0.0052) at epoch 25
[2026-02-08 21:07:15,408 INFO main.train_one_fold] ✓ Saved best model: experiments/both-014b-all-4class-smallerall/fold_3_best.pth (chunk=0.6590, subject=0.6875, combined=0.4531)
[2026-02-08 21:07:15,408 INFO early_stopping.__call__] Validation improved from 0.6471 to 0.6590 (+0.0119) at epoch 28
[2026-02-08 21:08:13,438 INFO main.train_one_fold] ✓ Saved best model: experiments/both-014b-all-4class-smallerall/fold_3_best.pth (chunk=0.7058, subject=0.7500, combined=0.5293)
[2026-02-08 21:08:13,438 INFO early_stopping.__call__] Validation improved from 0.6590 to 0.7058 (+0.0468) at epoch 29
[2026-02-08 21:13:15,538 INFO main.train_one_fold] ✓ Saved best model: experiments/both-014b-all-4class-smallerall/fold_3_best.pth (chunk=0.7221, subject=0.7708, combined=0.5566)
[2026-02-08 21:13:15,538 INFO early_stopping.__call__] Validation improved from 0.7058 to 0.7221 (+0.0163) at epoch 35
[2026-02-08 21:16:36,684 INFO main.train_one_fold] ✓ Saved best model: experiments/both-014b-all-4class-smallerall/fold_3_best.pth (chunk=0.7273, subject=0.7917, combined=0.5758)
[2026-02-08 21:16:36,685 INFO early_stopping.__call__] Validation improved from 0.7221 to 0.7273 (+0.0052) at epoch 39
[2026-02-08 21:18:27,612 INFO main.train_one_fold] ✓ Saved best model: experiments/both-014b-all-4class-smallerall/fold_3_best.pth (chunk=0.7288, subject=0.7917, combined=0.5770)
[2026-02-08 21:18:27,612 INFO early_stopping.__call__] Validation improved from 0.7273 to 0.7288 (+0.0015) at epoch 41
[2026-02-08 21:19:11,829 INFO main.train_one_fold] ✓ Saved best model: experiments/both-014b-all-4class-smallerall/fold_3_best.pth (chunk=0.7467, subject=0.8333, combined=0.6222)
[2026-02-08 21:19:11,830 INFO early_stopping.__call__] Validation improved from 0.7288 to 0.7467 (+0.0178) at epoch 42
[2026-02-08 21:40:45,996 INFO early_stopping.__call__] Early stopping triggered after 20 epochs without improvement. Best score: 0.7467 at epoch 42
[2026-02-08 21:40:45,996 INFO main.train_one_fold] Early stopping triggered at epoch 62
[2026-02-08 21:40:45,997 INFO main.train_one_fold] 
Fold 3 training completed. Best Chunk Val Acc: 0.7467 at epoch 42
[2026-02-08 21:40:45,997 INFO main.train_cross_validation] ================================================================================
[2026-02-08 21:40:45,997 INFO main.train_cross_validation] FOLD 4/6
[2026-02-08 21:40:45,997 INFO main.train_cross_validation] ================================================================================
[2026-02-08 21:40:45,997 INFO data_preparation.get_datasets_for_fold] Train subjects (242): ['mdd:H S1 EC', 'mdd:H S1 EO', 'mdd:H S15 EC', 'mdd:H S14 EO', 'mdd:H S14 EC', 'mdd:H S23 EC', 'mdd:H S23 EO', 'mdd:H S29 EC', 'mdd:H S29 EO', 'cane:H S1054 EC', 'cane:H S1054 EO', 'cane:H S1095 EC', 'cane:H S1095 EO', 'cane:H S1033 EO', 'cane:H S1033 EC', 'cane:H S0079 EC', 'cane:H S0079 EO', 'cane:AX S1009 EO', 'cane:AX S1009 EC', 'cane:AX S1084 EO', 'cane:AX S1084 EC', 'cane:AX S0057 EO', 'cane:AX S0057 EC', 'ax_malik:AX S11 EO', 'ax_malik:AX S11 EC', 'ax_malik:AX S1 EO', 'ax_malik:AX S1 EC', 'ax_malik:AX S21 EC', 'ax_malik:AX S21 EO', 'ax_malik:AX S9 EC', 'ax_malik:AX S9 EO', 'mdd:MDD S25 EO', 'mdd:MDD S25 EC', 'mdd:MDD S19 EO', 'mdd:MDD S19 EC', 'mdd:MDD S30 EO', 'mdd:MDD S30 EC', 'mdd:MDD S29 EC', 'mdd:MDD S29 EO', 'mdd:MDD S28 EO', 'mdd:MDD S28 EC', 'mdd:MDD S14 EC', 'mdd:MDD S14 EO', 'cane:DEP S0016 EC', 'cane:DEP S0016 EO', 'cane:AXDEP S0075 EC', 'cane:AXDEP S0075 EO', 'cane:AXDEP S1046 EO', 'cane:AXDEP S1046 EC', 'cane:AXDEP S0044 EC', 'cane:AXDEP S0044 EO', 'cane:AXDEP S1032 EO', 'cane:AXDEP S1032 EC', 'cane:AXDEP S1029 EC', 'cane:AXDEP S1029 EO', 'mdd:H S4 EO', 'mdd:H S4 EC', 'mdd:H S18 EO', 'mdd:H S8 EC', 'mdd:H S8 EO', 'mdd:H S26 EO', 'mdd:H S26 EC', 'mdd:H S22 EC', 'mdd:H S22 EO', 'cane:H S1002 EC', 'cane:H S1002 EO', 'cane:H S1060 EO', 'cane:H S1060 EC', 'cane:H S1101 EO', 'cane:H S1101 EC', 'cane:AX S1006 EC', 'cane:AX S1006 EO', 'cane:AX S1065 EC', 'cane:AX S1065 EO', 'cane:AX S0041 EC', 'cane:AX S0041 EO', 'ax_malik:AX S14 EC', 'ax_malik:AX S14 EO', 'ax_malik:AX S5 EC', 'ax_malik:AX S5 EO', 'ax_malik:AX S20 EO', 'ax_malik:AX S20 EC', 'ax_malik:AX S3 EC', 'ax_malik:AX S3 EO', 'mdd:MDD S32 EO', 'mdd:MDD S32 EC', 'mdd:MDD S26 EO', 'mdd:MDD S26 EC', 'mdd:MDD S34 EO', 'mdd:MDD S34 EC', 'mdd:MDD S17 EO', 'mdd:MDD S17 EC', 'mdd:MDD S11 EC', 'mdd:MDD S11 EO', 'mdd:MDD S20 EC', 'mdd:MDD S20 EO', 'cane:AXDEP S0071 EO', 'cane:AXDEP S0071 EC', 'cane:AXDEP S1047 EC', 'cane:AXDEP S1047 EO']...
[2026-02-08 21:40:45,997 INFO data_preparation.get_datasets_for_fold] Val subjects (44): ['mdd:H S9 EC', 'mdd:H S9 EO', 'mdd:H S28 EO', 'mdd:H S28 EC', 'mdd:H S6 EO', 'mdd:H S6 EC', 'mdd:H S25 EC', 'mdd:H S2 EC', 'mdd:H S2 EO', 'cane:H S1022 EC', 'cane:H S1022 EO', 'cane:H S0012 EO', 'cane:H S0012 EC', 'cane:H S1085 EC', 'cane:H S1085 EO', 'cane:AX S0074 EO', 'cane:AX S0074 EC', 'cane:AX S0056 EO', 'cane:AX S0056 EC', 'cane:AX S1050 EC', 'cane:AX S1050 EO', 'ax_malik:AX S8 EO', 'ax_malik:AX S8 EC', 'ax_malik:AX S17 EO', 'ax_malik:AX S17 EC', 'ax_malik:AX S18 EC', 'ax_malik:AX S18 EO', 'mdd:MDD S5 EC', 'mdd:MDD S5 EO', 'mdd:MDD S10 EO', 'mdd:MDD S10 EC', 'mdd:MDD S33 EC', 'mdd:MDD S33 EO', 'mdd:MDD S22 EO', 'mdd:MDD S22 EC', 'mdd:MDD S16 EO', 'cane:AXDEP S0076 EC', 'cane:AXDEP S0076 EO', 'cane:AXDEP S0039 EC', 'cane:AXDEP S0039 EO', 'cane:AXDEP S1089 EO', 'cane:AXDEP S1089 EC', 'cane:AXDEP S0026 EO', 'cane:AXDEP S0026 EC']
[2026-02-08 21:40:46,001 INFO data_preparation.get_datasets_for_fold] Training chunks: MDD=2994, CANE=3280, AX_MALIK=432, Total=6706
[2026-02-08 21:40:46,001 INFO data_preparation.get_datasets_for_fold] Validation chunks: MDD=541, CANE=621, AX_MALIK=72, Total=1234
[2026-02-08 21:40:46,155 INFO main.train_cross_validation] Fold 4 | Class weights | tensor([ 0.7177,  0.5681, 27.9417,  1.2336])
[2026-02-08 21:40:46,162 INFO model.__init__] Initialized LSTM with input_size=880, hidden_size=64, batch_first=True
[2026-02-08 21:40:46,163 INFO main.train_one_fold] Starting training for fold 4
[2026-02-08 21:41:36,741 INFO main.train_one_fold] ✓ Saved best model: experiments/both-014b-all-4class-smallerall/fold_4_best.pth (chunk=0.3712, subject=0.3409, combined=0.1265)
[2026-02-08 21:41:36,742 INFO early_stopping.__call__] Early stopping initialized: best score 0.3712 at epoch 1
[2026-02-08 21:42:26,281 INFO main.train_one_fold] ✓ Saved best model: experiments/both-014b-all-4class-smallerall/fold_4_best.pth (chunk=0.4019, subject=0.3636, combined=0.1462)
[2026-02-08 21:42:26,281 INFO early_stopping.__call__] Validation improved from 0.3712 to 0.4019 (+0.0308) at epoch 2
[2026-02-08 21:43:04,894 INFO main.train_one_fold] ✓ Saved best model: experiments/both-014b-all-4class-smallerall/fold_4_best.pth (chunk=0.4068, subject=0.3864, combined=0.1572)
[2026-02-08 21:43:04,894 INFO early_stopping.__call__] Validation improved from 0.4019 to 0.4068 (+0.0049) at epoch 3
[2026-02-08 21:43:41,716 INFO main.train_one_fold] ✓ Saved best model: experiments/both-014b-all-4class-smallerall/fold_4_best.pth (chunk=0.4465, subject=0.4318, combined=0.1928)
[2026-02-08 21:43:41,717 INFO early_stopping.__call__] Validation improved from 0.4068 to 0.4465 (+0.0397) at epoch 4
[2026-02-08 21:44:31,113 INFO main.train_one_fold] ✓ Saved best model: experiments/both-014b-all-4class-smallerall/fold_4_best.pth (chunk=0.4652, subject=0.4545, combined=0.2114)
[2026-02-08 21:44:31,113 INFO early_stopping.__call__] Validation improved from 0.4465 to 0.4652 (+0.0186) at epoch 5
[2026-02-08 21:45:21,382 INFO main.train_one_fold] ✓ Saved best model: experiments/both-014b-all-4class-smallerall/fold_4_best.pth (chunk=0.4741, subject=0.4545, combined=0.2155)
[2026-02-08 21:45:21,382 INFO early_stopping.__call__] Validation improved from 0.4652 to 0.4741 (+0.0089) at epoch 6
[2026-02-08 21:46:04,475 INFO main.train_one_fold] ✓ Saved best model: experiments/both-014b-all-4class-smallerall/fold_4_best.pth (chunk=0.5478, subject=0.6364, combined=0.3486)
[2026-02-08 21:46:04,475 INFO early_stopping.__call__] Validation improved from 0.4741 to 0.5478 (+0.0737) at epoch 7
[2026-02-08 21:47:26,784 INFO main.train_one_fold] ✓ Saved best model: experiments/both-014b-all-4class-smallerall/fold_4_best.pth (chunk=0.5875, subject=0.6591, combined=0.3872)
[2026-02-08 21:47:26,784 INFO early_stopping.__call__] Validation improved from 0.5478 to 0.5875 (+0.0397) at epoch 9
[2026-02-08 22:02:08,900 INFO early_stopping.__call__] Early stopping triggered after 20 epochs without improvement. Best score: 0.5875 at epoch 9
[2026-02-08 22:02:08,900 INFO main.train_one_fold] Early stopping triggered at epoch 29
[2026-02-08 22:02:08,900 INFO main.train_one_fold] 
Fold 4 training completed. Best Chunk Val Acc: 0.5875 at epoch 9
[2026-02-08 22:02:08,900 INFO main.train_cross_validation] ================================================================================
[2026-02-08 22:02:08,900 INFO main.train_cross_validation] FOLD 5/6
[2026-02-08 22:02:08,901 INFO main.train_cross_validation] ================================================================================
[2026-02-08 22:02:08,901 INFO data_preparation.get_datasets_for_fold] Train subjects (241): ['mdd:H S1 EC', 'mdd:H S1 EO', 'mdd:H S15 EC', 'mdd:H S14 EO', 'mdd:H S14 EC', 'mdd:H S23 EC', 'mdd:H S23 EO', 'mdd:H S29 EC', 'mdd:H S29 EO', 'cane:H S1054 EC', 'cane:H S1054 EO', 'cane:H S1095 EC', 'cane:H S1095 EO', 'cane:H S1033 EO', 'cane:H S1033 EC', 'cane:H S0079 EC', 'cane:H S0079 EO', 'cane:AX S1009 EO', 'cane:AX S1009 EC', 'cane:AX S1084 EO', 'cane:AX S1084 EC', 'cane:AX S0057 EO', 'cane:AX S0057 EC', 'ax_malik:AX S11 EO', 'ax_malik:AX S11 EC', 'ax_malik:AX S1 EO', 'ax_malik:AX S1 EC', 'ax_malik:AX S21 EC', 'ax_malik:AX S21 EO', 'ax_malik:AX S9 EC', 'ax_malik:AX S9 EO', 'mdd:MDD S25 EO', 'mdd:MDD S25 EC', 'mdd:MDD S19 EO', 'mdd:MDD S19 EC', 'mdd:MDD S30 EO', 'mdd:MDD S30 EC', 'mdd:MDD S29 EC', 'mdd:MDD S29 EO', 'mdd:MDD S28 EO', 'mdd:MDD S28 EC', 'mdd:MDD S14 EC', 'mdd:MDD S14 EO', 'cane:DEP S0016 EC', 'cane:DEP S0016 EO', 'cane:AXDEP S0075 EC', 'cane:AXDEP S0075 EO', 'cane:AXDEP S1046 EO', 'cane:AXDEP S1046 EC', 'cane:AXDEP S0044 EC', 'cane:AXDEP S0044 EO', 'cane:AXDEP S1032 EO', 'cane:AXDEP S1032 EC', 'cane:AXDEP S1029 EC', 'cane:AXDEP S1029 EO', 'mdd:H S4 EO', 'mdd:H S4 EC', 'mdd:H S18 EO', 'mdd:H S8 EC', 'mdd:H S8 EO', 'mdd:H S26 EO', 'mdd:H S26 EC', 'mdd:H S22 EC', 'mdd:H S22 EO', 'cane:H S1002 EC', 'cane:H S1002 EO', 'cane:H S1060 EO', 'cane:H S1060 EC', 'cane:H S1101 EO', 'cane:H S1101 EC', 'cane:AX S1006 EC', 'cane:AX S1006 EO', 'cane:AX S1065 EC', 'cane:AX S1065 EO', 'cane:AX S0041 EC', 'cane:AX S0041 EO', 'ax_malik:AX S14 EC', 'ax_malik:AX S14 EO', 'ax_malik:AX S5 EC', 'ax_malik:AX S5 EO', 'ax_malik:AX S20 EO', 'ax_malik:AX S20 EC', 'ax_malik:AX S3 EC', 'ax_malik:AX S3 EO', 'mdd:MDD S32 EO', 'mdd:MDD S32 EC', 'mdd:MDD S26 EO', 'mdd:MDD S26 EC', 'mdd:MDD S34 EO', 'mdd:MDD S34 EC', 'mdd:MDD S17 EO', 'mdd:MDD S17 EC', 'mdd:MDD S11 EC', 'mdd:MDD S11 EO', 'mdd:MDD S20 EC', 'mdd:MDD S20 EO', 'cane:AXDEP S0071 EO', 'cane:AXDEP S0071 EC', 'cane:AXDEP S1047 EC', 'cane:AXDEP S1047 EO']...
[2026-02-08 22:02:08,901 INFO data_preparation.get_datasets_for_fold] Val subjects (45): ['mdd:H S12 EO', 'mdd:H S7 EO', 'mdd:H S7 EC', 'mdd:H S3 EO', 'mdd:H S3 EC', 'mdd:H S21 EC', 'mdd:H S21 EO', 'mdd:H S30 EO', 'mdd:H S30 EC', 'cane:H S1003 EO', 'cane:H S1003 EC', 'cane:H S0015 EO', 'cane:H S0015 EC', 'cane:H S0078 EO', 'cane:H S0078 EC', 'cane:AX S1024 EC', 'cane:AX S1024 EO', 'cane:AX S1005 EO', 'cane:AX S1005 EC', 'cane:AX S0072 EO', 'cane:AX S0072 EC', 'ax_malik:AX S19 EC', 'ax_malik:AX S19 EO', 'ax_malik:AX S15 EO', 'ax_malik:AX S15 EC', 'ax_malik:AX S6 EC', 'ax_malik:AX S6 EO', 'mdd:MDD S23 EO', 'mdd:MDD S23 EC', 'mdd:MDD S3 EC', 'mdd:MDD S3 EO', 'mdd:MDD S31 EC', 'mdd:MDD S31 EO', 'mdd:MDD S24 EC', 'mdd:MDD S24 EO', 'mdd:MDD S2 EC', 'mdd:MDD S2 EO', 'cane:AXDEP S0013 EC', 'cane:AXDEP S0013 EO', 'cane:AXDEP S1092 EC', 'cane:AXDEP S1092 EO', 'cane:AXDEP S0018 EO', 'cane:AXDEP S0018 EC', 'cane:AXDEP S1035 EO', 'cane:AXDEP S1035 EC']
[2026-02-08 22:02:08,905 INFO data_preparation.get_datasets_for_fold] Training chunks: MDD=2966, CANE=3278, AX_MALIK=432, Total=6676
[2026-02-08 22:02:08,905 INFO data_preparation.get_datasets_for_fold] Validation chunks: MDD=569, CANE=623, AX_MALIK=72, Total=1264
[2026-02-08 22:02:09,066 INFO main.train_cross_validation] Fold 5 | Class weights | tensor([ 0.7136,  0.5722, 27.8167,  1.2272])
[2026-02-08 22:02:09,073 INFO model.__init__] Initialized LSTM with input_size=880, hidden_size=64, batch_first=True
[2026-02-08 22:02:09,074 INFO main.train_one_fold] Starting training for fold 5
[2026-02-08 22:02:58,040 INFO main.train_one_fold] ✓ Saved best model: experiments/both-014b-all-4class-smallerall/fold_5_best.pth (chunk=0.4454, subject=0.4889, combined=0.2178)
[2026-02-08 22:02:58,041 INFO early_stopping.__call__] Early stopping initialized: best score 0.4454 at epoch 1
[2026-02-08 22:04:19,567 INFO main.train_one_fold] ✓ Saved best model: experiments/both-014b-all-4class-smallerall/fold_5_best.pth (chunk=0.5261, subject=0.5556, combined=0.2923)
[2026-02-08 22:04:19,567 INFO early_stopping.__call__] Validation improved from 0.4454 to 0.5261 (+0.0807) at epoch 3
[2026-02-08 22:08:39,073 INFO main.train_one_fold] ✓ Saved best model: experiments/both-014b-all-4class-smallerall/fold_5_best.pth (chunk=0.6005, subject=0.6889, combined=0.4137)
[2026-02-08 22:08:39,074 INFO early_stopping.__call__] Validation improved from 0.5261 to 0.6005 (+0.0744) at epoch 9
[2026-02-08 22:09:27,059 INFO main.train_one_fold] ✓ Saved best model: experiments/both-014b-all-4class-smallerall/fold_5_best.pth (chunk=0.6052, subject=0.6444, combined=0.3900)
[2026-02-08 22:09:27,059 INFO early_stopping.__call__] Validation improved from 0.6005 to 0.6052 (+0.0047) at epoch 10
[2026-02-08 22:10:03,728 INFO main.train_one_fold] ✓ Saved best model: experiments/both-014b-all-4class-smallerall/fold_5_best.pth (chunk=0.6266, subject=0.6889, combined=0.4316)
[2026-02-08 22:10:03,728 INFO early_stopping.__call__] Validation improved from 0.6052 to 0.6266 (+0.0214) at epoch 11
[2026-02-08 22:11:26,863 INFO main.train_one_fold] ✓ Saved best model: experiments/both-014b-all-4class-smallerall/fold_5_best.pth (chunk=0.6369, subject=0.6889, combined=0.4387)
[2026-02-08 22:11:26,863 INFO early_stopping.__call__] Validation improved from 0.6266 to 0.6369 (+0.0103) at epoch 13
[2026-02-08 22:16:21,119 INFO main.train_one_fold] ✓ Saved best model: experiments/both-014b-all-4class-smallerall/fold_5_best.pth (chunk=0.6574, subject=0.7111, combined=0.4675)
[2026-02-08 22:16:21,119 INFO early_stopping.__call__] Validation improved from 0.6369 to 0.6574 (+0.0206) at epoch 20
[2026-02-08 22:30:05,455 INFO early_stopping.__call__] Early stopping triggered after 20 epochs without improvement. Best score: 0.6574 at epoch 20
[2026-02-08 22:30:05,456 INFO main.train_one_fold] Early stopping triggered at epoch 40
[2026-02-08 22:30:05,456 INFO main.train_one_fold] 
Fold 5 training completed. Best Chunk Val Acc: 0.6574 at epoch 20
[2026-02-08 22:30:05,456 INFO main.train_cross_validation] ================================================================================
[2026-02-08 22:30:05,456 INFO main.train_cross_validation] FOLD 6/6
[2026-02-08 22:30:05,456 INFO main.train_cross_validation] ================================================================================
[2026-02-08 22:30:05,456 INFO data_preparation.get_datasets_for_fold] Train subjects (243): ['mdd:H S1 EC', 'mdd:H S1 EO', 'mdd:H S15 EC', 'mdd:H S14 EO', 'mdd:H S14 EC', 'mdd:H S23 EC', 'mdd:H S23 EO', 'mdd:H S29 EC', 'mdd:H S29 EO', 'cane:H S1054 EC', 'cane:H S1054 EO', 'cane:H S1095 EC', 'cane:H S1095 EO', 'cane:H S1033 EO', 'cane:H S1033 EC', 'cane:H S0079 EC', 'cane:H S0079 EO', 'cane:AX S1009 EO', 'cane:AX S1009 EC', 'cane:AX S1084 EO', 'cane:AX S1084 EC', 'cane:AX S0057 EO', 'cane:AX S0057 EC', 'ax_malik:AX S11 EO', 'ax_malik:AX S11 EC', 'ax_malik:AX S1 EO', 'ax_malik:AX S1 EC', 'ax_malik:AX S21 EC', 'ax_malik:AX S21 EO', 'ax_malik:AX S9 EC', 'ax_malik:AX S9 EO', 'mdd:MDD S25 EO', 'mdd:MDD S25 EC', 'mdd:MDD S19 EO', 'mdd:MDD S19 EC', 'mdd:MDD S30 EO', 'mdd:MDD S30 EC', 'mdd:MDD S29 EC', 'mdd:MDD S29 EO', 'mdd:MDD S28 EO', 'mdd:MDD S28 EC', 'mdd:MDD S14 EC', 'mdd:MDD S14 EO', 'cane:DEP S0016 EC', 'cane:DEP S0016 EO', 'cane:AXDEP S0075 EC', 'cane:AXDEP S0075 EO', 'cane:AXDEP S1046 EO', 'cane:AXDEP S1046 EC', 'cane:AXDEP S0044 EC', 'cane:AXDEP S0044 EO', 'cane:AXDEP S1032 EO', 'cane:AXDEP S1032 EC', 'cane:AXDEP S1029 EC', 'cane:AXDEP S1029 EO', 'mdd:H S4 EO', 'mdd:H S4 EC', 'mdd:H S18 EO', 'mdd:H S8 EC', 'mdd:H S8 EO', 'mdd:H S26 EO', 'mdd:H S26 EC', 'mdd:H S22 EC', 'mdd:H S22 EO', 'cane:H S1002 EC', 'cane:H S1002 EO', 'cane:H S1060 EO', 'cane:H S1060 EC', 'cane:H S1101 EO', 'cane:H S1101 EC', 'cane:AX S1006 EC', 'cane:AX S1006 EO', 'cane:AX S1065 EC', 'cane:AX S1065 EO', 'cane:AX S0041 EC', 'cane:AX S0041 EO', 'ax_malik:AX S14 EC', 'ax_malik:AX S14 EO', 'ax_malik:AX S5 EC', 'ax_malik:AX S5 EO', 'ax_malik:AX S20 EO', 'ax_malik:AX S20 EC', 'ax_malik:AX S3 EC', 'ax_malik:AX S3 EO', 'mdd:MDD S32 EO', 'mdd:MDD S32 EC', 'mdd:MDD S26 EO', 'mdd:MDD S26 EC', 'mdd:MDD S34 EO', 'mdd:MDD S34 EC', 'mdd:MDD S17 EO', 'mdd:MDD S17 EC', 'mdd:MDD S11 EC', 'mdd:MDD S11 EO', 'mdd:MDD S20 EC', 'mdd:MDD S20 EO', 'cane:AXDEP S0071 EO', 'cane:AXDEP S0071 EC', 'cane:AXDEP S1047 EC', 'cane:AXDEP S1047 EO']...
[2026-02-08 22:30:05,457 INFO data_preparation.get_datasets_for_fold] Val subjects (43): ['mdd:H S10 EO', 'mdd:H S10 EC', 'mdd:H S24 EO', 'mdd:H S24 EC', 'mdd:H S20 EO', 'mdd:H S20 EC', 'mdd:H S17 EO', 'mdd:H S17 EC', 'mdd:H S5 EC', 'mdd:H S5 EO', 'cane:H S1091 EO', 'cane:H S1091 EC', 'cane:H S1001 EC', 'cane:H S1001 EO', 'cane:H S1010 EC', 'cane:H S1010 EO', 'cane:AX S1051 EO', 'cane:AX S1051 EC', 'cane:AX S1023 EO', 'cane:AX S1023 EC', 'cane:AX S0073 EO', 'cane:AX S0073 EC', 'ax_malik:AX S16 EC', 'ax_malik:AX S16 EO', 'ax_malik:AX S4 EO', 'ax_malik:AX S4 EC', 'ax_malik:AX S7 EO', 'ax_malik:AX S7 EC', 'mdd:MDD S12 EO', 'mdd:MDD S27 EC', 'mdd:MDD S27 EO', 'mdd:MDD S7 EC', 'mdd:MDD S13 EC', 'mdd:MDD S13 EO', 'mdd:MDD S18 EO', 'mdd:MDD S18 EC', 'cane:AXDEP S1093 EO', 'cane:AXDEP S1093 EC', 'cane:AXDEP S0099 EC', 'cane:AXDEP S0099 EO', 'cane:AXDEP S0068 EO', 'cane:AXDEP S0068 EC', 'cane:AXDEP S0043 EC']
[2026-02-08 22:30:05,462 INFO data_preparation.get_datasets_for_fold] Training chunks: MDD=2991, CANE=3330, AX_MALIK=432, Total=6753
[2026-02-08 22:30:05,462 INFO data_preparation.get_datasets_for_fold] Validation chunks: MDD=544, CANE=571, AX_MALIK=72, Total=1187
[2026-02-08 22:30:05,584 INFO main.train_cross_validation] Fold 6 | Class weights | tensor([ 0.7277,  0.5665, 28.1375,  1.2120])
[2026-02-08 22:30:05,588 INFO model.__init__] Initialized LSTM with input_size=880, hidden_size=64, batch_first=True
[2026-02-08 22:30:05,589 INFO main.train_one_fold] Starting training for fold 6
[2026-02-08 22:30:42,456 INFO main.train_one_fold] ✓ Saved best model: experiments/both-014b-all-4class-smallerall/fold_6_best.pth (chunk=0.3909, subject=0.4186, combined=0.1636)
[2026-02-08 22:30:42,456 INFO early_stopping.__call__] Early stopping initialized: best score 0.3909 at epoch 1
[2026-02-08 22:31:29,280 INFO main.train_one_fold] ✓ Saved best model: experiments/both-014b-all-4class-smallerall/fold_6_best.pth (chunk=0.4499, subject=0.5116, combined=0.2302)
[2026-02-08 22:31:29,280 INFO early_stopping.__call__] Validation improved from 0.3909 to 0.4499 (+0.0590) at epoch 2
[2026-02-08 22:32:10,401 INFO main.train_one_fold] ✓ Saved best model: experiments/both-014b-all-4class-smallerall/fold_6_best.pth (chunk=0.4937, subject=0.5581, combined=0.2755)
[2026-02-08 22:32:10,401 INFO early_stopping.__call__] Validation improved from 0.4499 to 0.4937 (+0.0438) at epoch 3
[2026-02-08 22:32:45,410 INFO main.train_one_fold] ✓ Saved best model: experiments/both-014b-all-4class-smallerall/fold_6_best.pth (chunk=0.4945, subject=0.5349, combined=0.2645)
[2026-02-08 22:32:45,410 INFO early_stopping.__call__] Validation improved from 0.4937 to 0.4945 (+0.0008) at epoch 4
[2026-02-08 22:33:28,812 INFO main.train_one_fold] ✓ Saved best model: experiments/both-014b-all-4class-smallerall/fold_6_best.pth (chunk=0.5754, subject=0.6512, combined=0.3747)
[2026-02-08 22:33:28,812 INFO early_stopping.__call__] Validation improved from 0.4945 to 0.5754 (+0.0809) at epoch 5
[2026-02-08 22:34:15,730 INFO main.train_one_fold] ✓ Saved best model: experiments/both-014b-all-4class-smallerall/fold_6_best.pth (chunk=0.5990, subject=0.6744, combined=0.4040)
[2026-02-08 22:34:15,730 INFO early_stopping.__call__] Validation improved from 0.5754 to 0.5990 (+0.0236) at epoch 6
[2026-02-08 22:35:35,536 INFO main.train_one_fold] ✓ Saved best model: experiments/both-014b-all-4class-smallerall/fold_6_best.pth (chunk=0.6125, subject=0.6744, combined=0.4131)
[2026-02-08 22:35:35,537 INFO early_stopping.__call__] Validation improved from 0.5990 to 0.6125 (+0.0135) at epoch 8
[2026-02-08 22:49:40,924 INFO early_stopping.__call__] Early stopping triggered after 20 epochs without improvement. Best score: 0.6125 at epoch 8
[2026-02-08 22:49:40,924 INFO main.train_one_fold] Early stopping triggered at epoch 28
[2026-02-08 22:49:40,924 INFO main.train_one_fold] 
Fold 6 training completed. Best Chunk Val Acc: 0.6125 at epoch 8
[2026-02-08 22:49:40,924 INFO main.train_cross_validation] ================================================================================
[2026-02-08 22:49:40,924 INFO main.train_cross_validation] 6-FOLD CROSS-VALIDATION RESULTS
[2026-02-08 22:49:40,924 INFO main.train_cross_validation] ================================================================================
[2026-02-08 22:49:40,924 INFO main.train_cross_validation] 
Per-fold best validation accuracy (chunk):
[2026-02-08 22:49:40,924 INFO main.train_cross_validation]   Fold 1: 0.5599 (epoch 7)
[2026-02-08 22:49:40,925 INFO main.train_cross_validation]   Fold 2: 0.7109 (epoch 98)
[2026-02-08 22:49:40,925 INFO main.train_cross_validation]   Fold 3: 0.7467 (epoch 42)
[2026-02-08 22:49:40,925 INFO main.train_cross_validation]   Fold 4: 0.5875 (epoch 9)
[2026-02-08 22:49:40,925 INFO main.train_cross_validation]   Fold 5: 0.6574 (epoch 20)
[2026-02-08 22:49:40,925 INFO main.train_cross_validation]   Fold 6: 0.6125 (epoch 8)
[2026-02-08 22:49:40,976 INFO metrics._write_metrics_block] CHUNK Accuracy Mean: 64.58% ± 6.64%, Min: 55.99%, Max: 74.67%

[2026-02-08 22:49:40,977 INFO metrics._write_metrics_block] CHUNK Recall (Normal) Mean: 58.44% ± 9.12%, Min: 45.78%, Max: 69.61%

[2026-02-08 22:49:40,977 INFO metrics._write_metrics_block] CHUNK Recall (Anxiety) Mean: 68.59% ± 13.89%, Min: 46.50%, Max: 85.92%

[2026-02-08 22:49:40,977 INFO metrics._write_metrics_block] CHUNK Recall (Depression) Mean: 0.00% ± 0.00%, Min: 0.00%, Max: 0.00%

[2026-02-08 22:49:40,977 INFO metrics._write_metrics_block] CHUNK Recall (Anxiety+depression) Mean: 68.70% ± 15.30%, Min: 42.00%, Max: 93.81%

[2026-02-08 22:49:40,978 INFO metrics._write_metrics_block] SUBJECT Accuracy Mean: 70.03% ± 6.70%, Min: 61.82%, Max: 83.33%

[2026-02-08 22:49:40,978 INFO metrics._write_metrics_block] SUBJECT Recall (Normal) Mean: 58.34% ± 8.90%, Min: 43.75%, Max: 66.67%

[2026-02-08 22:49:40,978 INFO metrics._write_metrics_block] SUBJECT Recall (Anxiety) Mean: 77.91% ± 12.25%, Min: 57.69%, Max: 96.00%

[2026-02-08 22:49:40,978 INFO metrics._write_metrics_block] SUBJECT Recall (Depression) Mean: 0.00% ± 0.00%, Min: 0.00%, Max: 0.00%

[2026-02-08 22:49:40,979 INFO metrics._write_metrics_block] SUBJECT Recall (Anxiety+depression) Mean: 72.74% ± 17.47%, Min: 40.00%, Max: 100.00%

[2026-02-08 22:49:40,979 INFO metrics.write_results] COMBINED Accuracy Mean (chunk×subject): 45.63% ± 8.99%, Min: 34.61%, Max: 62.22%

[2026-02-08 22:49:40,979 INFO metrics._format_confusion_matrix] 
Aggregated Chunk Confusion Matrix (across folds; TN, FP, FN, TP):


[2026-02-08 22:49:40,979 INFO metrics._format_confusion_matrix] ACTUAL ↓/PRED →         Normal         Anxiety      Depression Anxiety+Depression 

[2026-02-08 22:49:40,979 INFO metrics._format_confusion_matrix] -------------------------------------------------------------------------------

[2026-02-08 22:49:40,979 INFO metrics._format_confusion_matrix]          Normal            1622             493              39             640 

[2026-02-08 22:49:40,979 INFO metrics._format_confusion_matrix]         Anxiety             304            2397              22             757 

[2026-02-08 22:49:40,979 INFO metrics._format_confusion_matrix]      Depression               0               0               0              60 

[2026-02-08 22:49:40,980 INFO metrics._format_confusion_matrix] Anxiety+Depression             165             310              26            1105 

[2026-02-08 22:49:40,980 INFO metrics._format_confusion_matrix] 

[2026-02-08 22:49:40,980 INFO metrics._format_confusion_matrix] Total Predictions: 7940

[2026-02-08 22:49:40,980 INFO metrics._format_confusion_matrix] Correct Predictions: 5124

[2026-02-08 22:49:40,980 INFO metrics._format_confusion_matrix] Overall Accuracy: 0.6453 (64.53%)

[2026-02-08 22:49:40,980 INFO metrics.write_per_dataset_table] 
Per-Dataset Chunk Accuracy (aggregated across folds):

[2026-02-08 22:49:40,980 INFO metrics.write_per_dataset_table]   Dataset        Accuracy   Chunk Count

[2026-02-08 22:49:40,980 INFO metrics.write_per_dataset_table]   ────────────  ──────────  ────────────

[2026-02-08 22:49:40,980 INFO metrics.write_per_dataset_table]   AX_MALIK        100.00%           504

[2026-02-08 22:49:40,980 INFO metrics.write_per_dataset_table]   CANE             42.96%          3901

[2026-02-08 22:49:40,981 INFO metrics.write_per_dataset_table]   MDD              83.28%          3535

[2026-02-08 22:49:40,981 INFO metrics.write_per_dataset_table]   ────────────  ──────────  ────────────

[2026-02-08 22:49:40,981 INFO metrics.write_per_dataset_table]   Total            64.53%          7940

[2026-02-08 22:49:40,981 INFO main.train_cross_validation] ================================================================================

[2026-02-08 22:49:40,985 INFO main.train] 
Results saved to experiments/both-014b-all-4class-smallerall/results.txt
[2026-02-08 22:49:40,985 INFO main.train] Generating training curves...
[2026-02-08 22:49:47,687 INFO main.train] Training curves saved to experiments/both-014b-all-4class-smallerall/loss_curves
[2026-02-08 22:49:47,688 INFO main.train] Training completed!
