[2025-12-02 09:07:57,892 INFO main.setup_logging] Logging to console and file: experiments/fp1_006_mdd_ec/training_ec_Fp1_noica_20251202_090757.log
[2025-12-02 09:07:57,892 INFO main.train] Starting EEG Classification Training
[2025-12-02 09:07:57,892 INFO main.train] Hyperparameters:
[2025-12-02 09:07:57,892 INFO main.train]   Dataset: mdd
[2025-12-02 09:07:57,892 INFO main.train]   Condition: ec
[2025-12-02 09:07:57,892 INFO main.train]   Channel: Fp1
[2025-12-02 09:07:57,892 INFO main.train]   N-Fold CV: 6
[2025-12-02 09:07:57,892 INFO main.train]   Batch Size: 64
[2025-12-02 09:07:57,892 INFO main.train]   Learning Rate: 0.0001
[2025-12-02 09:07:57,892 INFO main.train]   Dropout: 0.5
[2025-12-02 09:07:57,892 INFO main.train]   Weight decay (L2 penalty): 0.0001
[2025-12-02 09:07:57,892 INFO main.train]   Max Epochs: 100
[2025-12-02 09:07:57,892 INFO main.train]   Validation Every: 1 epochs
[2025-12-02 09:07:57,892 INFO main.train]   Save Checkpoint Every: 10 epochs
[2025-12-02 09:07:57,892 INFO main.train]   Early Stopping Patience: 20 epochs
[2025-12-02 09:07:57,892 INFO main.train]   Skip ICA: True
[2025-12-02 09:07:57,892 INFO main.train]   Device: cpu
[2025-12-02 09:07:57,892 INFO main.train]   Checkpoint Directory: experiments/fp1_006_mdd_ec
[2025-12-02 09:07:57,892 INFO main.train]   Log File: experiments/fp1_006_mdd_ec/training_ec_Fp1_noica_20251202_090757.log
[2025-12-02 09:07:57,892 INFO main.train_cross_validation] ================================================================================
[2025-12-02 09:07:57,892 INFO main.train_cross_validation] Starting 6-Fold Cross-Validation Training
[2025-12-02 09:07:57,892 INFO main.train_cross_validation] Dataset: mdd, Condition(s): ['EC']
[2025-12-02 09:07:57,893 INFO main.train_cross_validation] Batch Size: 64, LR: 0.0001
[2025-12-02 09:07:57,893 INFO main.train_cross_validation] Device: cpu
[2025-12-02 09:07:57,893 INFO main.train_cross_validation] Skip ICA: True
[2025-12-02 09:07:57,893 INFO main.train_cross_validation] ================================================================================
[2025-12-02 09:07:57,894 INFO dataset.__init__] Building chunk index for FlattenedSpectrogramDataset...
[2025-12-02 09:07:58,373 INFO dataset.convert_to_spectrograms] Created 30 spectrograms
[2025-12-02 09:07:58,574 INFO dataset.convert_to_spectrograms] Created 38 spectrograms
[2025-12-02 09:07:58,718 INFO dataset.convert_to_spectrograms] Created 30 spectrograms
[2025-12-02 09:07:58,919 INFO dataset.convert_to_spectrograms] Created 30 spectrograms
[2025-12-02 09:07:59,093 INFO dataset.convert_to_spectrograms] Created 30 spectrograms
[2025-12-02 09:07:59,333 INFO dataset.convert_to_spectrograms] Created 30 spectrograms
[2025-12-02 09:07:59,554 INFO dataset.convert_to_spectrograms] Created 29 spectrograms
[2025-12-02 09:07:59,769 INFO dataset.convert_to_spectrograms] Created 31 spectrograms
[2025-12-02 09:07:59,948 INFO dataset.convert_to_spectrograms] Created 30 spectrograms
[2025-12-02 09:08:00,095 INFO dataset.convert_to_spectrograms] Created 30 spectrograms
[2025-12-02 09:08:00,266 INFO dataset.convert_to_spectrograms] Created 31 spectrograms
[2025-12-02 09:08:00,420 INFO dataset.convert_to_spectrograms] Created 30 spectrograms
[2025-12-02 09:08:00,550 INFO dataset.convert_to_spectrograms] Created 30 spectrograms
[2025-12-02 09:08:00,691 INFO dataset.convert_to_spectrograms] Created 30 spectrograms
[2025-12-02 09:08:00,814 INFO dataset.convert_to_spectrograms] Created 30 spectrograms
[2025-12-02 09:08:00,929 INFO dataset.convert_to_spectrograms] Created 30 spectrograms
[2025-12-02 09:08:01,060 INFO dataset.convert_to_spectrograms] Created 30 spectrograms
[2025-12-02 09:08:01,186 INFO dataset.convert_to_spectrograms] Created 30 spectrograms
[2025-12-02 09:08:01,311 INFO dataset.convert_to_spectrograms] Created 30 spectrograms
[2025-12-02 09:08:01,445 INFO dataset.convert_to_spectrograms] Created 31 spectrograms
[2025-12-02 09:08:01,584 INFO dataset.convert_to_spectrograms] Created 30 spectrograms
[2025-12-02 09:08:01,707 INFO dataset.convert_to_spectrograms] Created 30 spectrograms
[2025-12-02 09:08:01,829 INFO dataset.convert_to_spectrograms] Created 30 spectrograms
[2025-12-02 09:08:01,956 INFO dataset.convert_to_spectrograms] Created 31 spectrograms
[2025-12-02 09:08:02,083 INFO dataset.convert_to_spectrograms] Created 30 spectrograms
[2025-12-02 09:08:02,239 INFO dataset.convert_to_spectrograms] Created 36 spectrograms
[2025-12-02 09:08:02,395 INFO dataset.convert_to_spectrograms] Created 30 spectrograms
[2025-12-02 09:08:02,520 INFO dataset.convert_to_spectrograms] Created 30 spectrograms
[2025-12-02 09:08:02,647 INFO dataset.convert_to_spectrograms] Created 31 spectrograms
[2025-12-02 09:08:02,789 INFO dataset.convert_to_spectrograms] Created 30 spectrograms
[2025-12-02 09:08:02,943 INFO dataset.convert_to_spectrograms] Created 30 spectrograms
[2025-12-02 09:08:03,071 INFO dataset.convert_to_spectrograms] Created 30 spectrograms
[2025-12-02 09:08:03,198 INFO dataset.convert_to_spectrograms] Created 30 spectrograms
[2025-12-02 09:08:03,315 INFO dataset.convert_to_spectrograms] Created 30 spectrograms
[2025-12-02 09:08:03,439 INFO dataset.convert_to_spectrograms] Created 30 spectrograms
[2025-12-02 09:08:03,575 INFO dataset.convert_to_spectrograms] Created 30 spectrograms
[2025-12-02 09:08:03,705 INFO dataset.convert_to_spectrograms] Created 30 spectrograms
[2025-12-02 09:08:03,833 INFO dataset.convert_to_spectrograms] Created 30 spectrograms
[2025-12-02 09:08:03,948 INFO dataset.convert_to_spectrograms] Created 30 spectrograms
[2025-12-02 09:08:04,067 INFO dataset.convert_to_spectrograms] Created 31 spectrograms
[2025-12-02 09:08:04,187 INFO dataset.convert_to_spectrograms] Created 30 spectrograms
[2025-12-02 09:08:04,324 INFO dataset.convert_to_spectrograms] Created 30 spectrograms
[2025-12-02 09:08:04,450 INFO dataset.convert_to_spectrograms] Created 30 spectrograms
[2025-12-02 09:08:04,581 INFO dataset.convert_to_spectrograms] Created 30 spectrograms
[2025-12-02 09:08:04,722 INFO dataset.convert_to_spectrograms] Created 30 spectrograms
[2025-12-02 09:08:04,818 INFO dataset.convert_to_spectrograms] Created 18 spectrograms
[2025-12-02 09:08:04,924 INFO dataset.convert_to_spectrograms] Created 24 spectrograms
[2025-12-02 09:08:05,054 INFO dataset.convert_to_spectrograms] Created 30 spectrograms
[2025-12-02 09:08:05,186 INFO dataset.convert_to_spectrograms] Created 30 spectrograms
[2025-12-02 09:08:05,316 INFO dataset.convert_to_spectrograms] Created 30 spectrograms
[2025-12-02 09:08:05,449 INFO dataset.convert_to_spectrograms] Created 30 spectrograms
[2025-12-02 09:08:05,591 INFO dataset.convert_to_spectrograms] Created 30 spectrograms
[2025-12-02 09:08:05,716 INFO dataset.convert_to_spectrograms] Created 30 spectrograms
[2025-12-02 09:08:05,832 INFO dataset.convert_to_spectrograms] Created 30 spectrograms
[2025-12-02 09:08:05,833 INFO dataset.__init__] Built index with 1621 total chunks
[2025-12-02 09:08:05,833 INFO main.train_cross_validation] MDD dataset: 28 normal, 26 MDD subjects
[2025-12-02 09:08:05,833 INFO main.train_cross_validation] ================================================================================
[2025-12-02 09:08:05,833 INFO main.train_cross_validation] FOLD 1/6
[2025-12-02 09:08:05,833 INFO main.train_cross_validation] ================================================================================
[2025-12-02 09:08:05,833 INFO main.get_datasets_for_fold] Train subjects (44): ['mdd:H S22 EC', 'mdd:H S27 EC', 'mdd:H S4 EC', 'mdd:H S21 EC', 'mdd:H S23 EC', 'mdd:MDD S17 EC', 'mdd:MDD S3 EC', 'mdd:MDD S1 EC', 'mdd:MDD S14 EC', 'mdd:MDD S10 EC', 'mdd:H S25 EC', 'mdd:H S10 EC', 'mdd:H S14 EC', 'mdd:H S15 EC', 'mdd:H S11 EC', 'mdd:MDD S26 EC', 'mdd:MDD S20 EC', 'mdd:MDD S33 EC', 'mdd:MDD S18 EC', 'mdd:H S26 EC', 'mdd:H S5 EC', 'mdd:H S13 EC', 'mdd:H S8 EC', 'mdd:H S6 EC', 'mdd:MDD S5 EC', 'mdd:MDD S15 EC', 'mdd:MDD S13 EC', 'mdd:MDD S9 EC', 'mdd:H S28 EC', 'mdd:H S9 EC', 'mdd:H S3 EC', 'mdd:H S17 EC', 'mdd:MDD S30 EC', 'mdd:MDD S32 EC', 'mdd:MDD S27 EC', 'mdd:MDD S28 EC', 'mdd:H S20 EC', 'mdd:H S24 EC', 'mdd:H S29 EC', 'mdd:H S16 EC', 'mdd:MDD S21 EC', 'mdd:MDD S29 EC', 'mdd:MDD S6 EC', 'mdd:MDD S23 EC']...
[2025-12-02 09:08:05,833 INFO main.get_datasets_for_fold] Val subjects (10): ['mdd:H S2 EC', 'mdd:H S7 EC', 'mdd:H S19 EC', 'mdd:H S30 EC', 'mdd:H S1 EC', 'mdd:MDD S31 EC', 'mdd:MDD S22 EC', 'mdd:MDD S19 EC', 'mdd:MDD S25 EC', 'mdd:MDD S34 EC']
[2025-12-02 09:08:05,834 INFO main.get_datasets_for_fold] Training chunks: 1315
[2025-12-02 09:08:05,834 INFO main.get_datasets_for_fold] Validation chunks: 306
[2025-12-02 09:08:05,844 INFO model.__init__] Initialized LSTM with input_size=1728, hidden_size=100, batch_first=True
[2025-12-02 09:08:07,177 INFO main.train_one_fold] Starting training for fold 1
[2025-12-02 09:08:10,534 INFO main.train_one_fold] TRAIN CHUNK | Fold 1 | Epoch 001/100 | Loss: 0.6966 | Acc: 0.4669 | Prec: 0.4669 | Recall: 1.0000 | Spec: 0.0000
[2025-12-02 09:08:10,837 INFO main.train_one_fold] EVAL CHUNK | Fold 1 | Epoch 001/100 | Loss: 0.6932 | Acc: 0.4902 | Prec: 0.4902 | Recall: 1.0000 | Spec: 0.0000
[2025-12-02 09:08:10,838 INFO main.train_one_fold]   Confusion: TP=150, TN=0, FP=156, FN=0
[2025-12-02 09:08:10,838 INFO main.train_one_fold] EVAL SUBJECT | Fold 1 | Epoch 001/100 | Loss: 0.6932 | Acc: 0.5000 | Prec: 0.5000 | Recall: 1.0000 | Spec: 0.0000
[2025-12-02 09:08:10,838 INFO main.train_one_fold]   Confusion: TP=5, TN=0, FP=5, FN=0
[2025-12-02 09:08:10,851 INFO main.train_one_fold] ✓ Saved best model: experiments/fp1_006_mdd_ec/fold_1_best.pth (combined=0.2451, chunk=0.4902, subject=0.5000)
[2025-12-02 09:08:10,851 INFO early_stopping.__call__] Early stopping initialized: best score 0.4902 at epoch 1
[2025-12-02 09:08:15,325 INFO main.train_one_fold] TRAIN CHUNK | Fold 1 | Epoch 002/100 | Loss: 0.6925 | Acc: 0.4996 | Prec: 0.4785 | Recall: 0.7964 | Spec: 0.2397
[2025-12-02 09:08:15,679 INFO main.train_one_fold] EVAL CHUNK | Fold 1 | Epoch 002/100 | Loss: 0.6911 | Acc: 0.5098 | Prec: 0.0000 | Recall: 0.0000 | Spec: 1.0000
[2025-12-02 09:08:15,679 INFO main.train_one_fold]   Confusion: TP=0, TN=156, FP=0, FN=150
[2025-12-02 09:08:15,679 INFO main.train_one_fold] EVAL SUBJECT | Fold 1 | Epoch 002/100 | Loss: 0.6911 | Acc: 0.5000 | Prec: 0.0000 | Recall: 0.0000 | Spec: 1.0000
[2025-12-02 09:08:15,679 INFO main.train_one_fold]   Confusion: TP=0, TN=5, FP=0, FN=5
[2025-12-02 09:08:15,703 INFO main.train_one_fold] ✓ Saved best model: experiments/fp1_006_mdd_ec/fold_1_best.pth (combined=0.2549, chunk=0.5098, subject=0.5000)
[2025-12-02 09:08:15,703 INFO early_stopping.__call__] Validation improved from 0.4902 to 0.5098 (+0.0196) at epoch 2
[2025-12-02 09:08:19,630 INFO main.train_one_fold] TRAIN CHUNK | Fold 1 | Epoch 003/100 | Loss: 0.6864 | Acc: 0.5711 | Prec: 0.5801 | Recall: 0.2948 | Spec: 0.8131
[2025-12-02 09:08:19,972 INFO main.train_one_fold] EVAL CHUNK | Fold 1 | Epoch 003/100 | Loss: 0.6851 | Acc: 0.5098 | Prec: 0.0000 | Recall: 0.0000 | Spec: 1.0000
[2025-12-02 09:08:19,973 INFO main.train_one_fold]   Confusion: TP=0, TN=156, FP=0, FN=150
[2025-12-02 09:08:19,973 INFO main.train_one_fold] EVAL SUBJECT | Fold 1 | Epoch 003/100 | Loss: 0.6851 | Acc: 0.5000 | Prec: 0.0000 | Recall: 0.0000 | Spec: 1.0000
[2025-12-02 09:08:19,973 INFO main.train_one_fold]   Confusion: TP=0, TN=5, FP=0, FN=5
[2025-12-02 09:08:23,768 INFO main.train_one_fold] TRAIN CHUNK | Fold 1 | Epoch 004/100 | Loss: 0.6742 | Acc: 0.5817 | Prec: 0.6839 | Recall: 0.1938 | Spec: 0.9215
[2025-12-02 09:08:24,143 INFO main.train_one_fold] EVAL CHUNK | Fold 1 | Epoch 004/100 | Loss: 0.6433 | Acc: 0.7549 | Prec: 1.0000 | Recall: 0.5000 | Spec: 1.0000
[2025-12-02 09:08:24,143 INFO main.train_one_fold]   Confusion: TP=75, TN=156, FP=0, FN=75
[2025-12-02 09:08:24,143 INFO main.train_one_fold] EVAL SUBJECT | Fold 1 | Epoch 004/100 | Loss: 0.6433 | Acc: 0.7000 | Prec: 1.0000 | Recall: 0.4000 | Spec: 1.0000
[2025-12-02 09:08:24,143 INFO main.train_one_fold]   Confusion: TP=2, TN=5, FP=0, FN=3
[2025-12-02 09:08:24,169 INFO main.train_one_fold] ✓ Saved best model: experiments/fp1_006_mdd_ec/fold_1_best.pth (combined=0.5284, chunk=0.7549, subject=0.7000)
[2025-12-02 09:08:24,169 INFO early_stopping.__call__] Validation improved from 0.5098 to 0.7549 (+0.2451) at epoch 4
[2025-12-02 09:08:28,971 INFO main.train_one_fold] TRAIN CHUNK | Fold 1 | Epoch 005/100 | Loss: 0.6393 | Acc: 0.6837 | Prec: 0.7487 | Recall: 0.4853 | Spec: 0.8573
[2025-12-02 09:08:29,512 INFO main.train_one_fold] EVAL CHUNK | Fold 1 | Epoch 005/100 | Loss: 0.5822 | Acc: 0.7647 | Prec: 0.8900 | Recall: 0.5933 | Spec: 0.9295
[2025-12-02 09:08:29,512 INFO main.train_one_fold]   Confusion: TP=89, TN=145, FP=11, FN=61
[2025-12-02 09:08:29,512 INFO main.train_one_fold] EVAL SUBJECT | Fold 1 | Epoch 005/100 | Loss: 0.5822 | Acc: 0.9000 | Prec: 1.0000 | Recall: 0.8000 | Spec: 1.0000
[2025-12-02 09:08:29,512 INFO main.train_one_fold]   Confusion: TP=4, TN=5, FP=0, FN=1
[2025-12-02 09:08:29,543 INFO main.train_one_fold] ✓ Saved best model: experiments/fp1_006_mdd_ec/fold_1_best.pth (combined=0.6882, chunk=0.7647, subject=0.9000)
[2025-12-02 09:08:29,543 INFO early_stopping.__call__] Validation improved from 0.7549 to 0.7647 (+0.0098) at epoch 5
[2025-12-02 09:08:36,109 INFO main.train_one_fold] TRAIN CHUNK | Fold 1 | Epoch 006/100 | Loss: 0.5753 | Acc: 0.7696 | Prec: 0.7874 | Recall: 0.6938 | Spec: 0.8359
[2025-12-02 09:08:36,594 INFO main.train_one_fold] EVAL CHUNK | Fold 1 | Epoch 006/100 | Loss: 0.5028 | Acc: 0.7712 | Prec: 0.7817 | Recall: 0.7400 | Spec: 0.8013
[2025-12-02 09:08:36,594 INFO main.train_one_fold]   Confusion: TP=111, TN=125, FP=31, FN=39
[2025-12-02 09:08:36,594 INFO main.train_one_fold] EVAL SUBJECT | Fold 1 | Epoch 006/100 | Loss: 0.5028 | Acc: 0.8000 | Prec: 0.8000 | Recall: 0.8000 | Spec: 0.8000
[2025-12-02 09:08:36,594 INFO main.train_one_fold]   Confusion: TP=4, TN=4, FP=1, FN=1
[2025-12-02 09:08:36,594 INFO early_stopping.__call__] Validation improved from 0.7647 to 0.7712 (+0.0065) at epoch 6
[2025-12-02 09:08:42,378 INFO main.train_one_fold] TRAIN CHUNK | Fold 1 | Epoch 007/100 | Loss: 0.4994 | Acc: 0.7992 | Prec: 0.7859 | Recall: 0.7834 | Spec: 0.8131
[2025-12-02 09:08:42,943 INFO main.train_one_fold] EVAL CHUNK | Fold 1 | Epoch 007/100 | Loss: 0.4564 | Acc: 0.8137 | Prec: 0.8039 | Recall: 0.8200 | Spec: 0.8077
[2025-12-02 09:08:42,943 INFO main.train_one_fold]   Confusion: TP=123, TN=126, FP=30, FN=27
[2025-12-02 09:08:42,943 INFO main.train_one_fold] EVAL SUBJECT | Fold 1 | Epoch 007/100 | Loss: 0.4564 | Acc: 0.9000 | Prec: 0.8333 | Recall: 1.0000 | Spec: 0.8000
[2025-12-02 09:08:42,943 INFO main.train_one_fold]   Confusion: TP=5, TN=4, FP=1, FN=0
[2025-12-02 09:08:42,963 INFO main.train_one_fold] ✓ Saved best model: experiments/fp1_006_mdd_ec/fold_1_best.pth (combined=0.7324, chunk=0.8137, subject=0.9000)
[2025-12-02 09:08:42,963 INFO early_stopping.__call__] Validation improved from 0.7712 to 0.8137 (+0.0425) at epoch 7
[2025-12-02 09:08:49,356 INFO main.train_one_fold] TRAIN CHUNK | Fold 1 | Epoch 008/100 | Loss: 0.4228 | Acc: 0.8510 | Prec: 0.8110 | Recall: 0.8876 | Spec: 0.8188
[2025-12-02 09:08:49,920 INFO main.train_one_fold] EVAL CHUNK | Fold 1 | Epoch 008/100 | Loss: 0.4267 | Acc: 0.8529 | Prec: 0.8182 | Recall: 0.9000 | Spec: 0.8077
[2025-12-02 09:08:49,920 INFO main.train_one_fold]   Confusion: TP=135, TN=126, FP=30, FN=15
[2025-12-02 09:08:49,920 INFO main.train_one_fold] EVAL SUBJECT | Fold 1 | Epoch 008/100 | Loss: 0.4267 | Acc: 0.9000 | Prec: 0.8333 | Recall: 1.0000 | Spec: 0.8000
[2025-12-02 09:08:49,920 INFO main.train_one_fold]   Confusion: TP=5, TN=4, FP=1, FN=0
[2025-12-02 09:08:49,942 INFO main.train_one_fold] ✓ Saved best model: experiments/fp1_006_mdd_ec/fold_1_best.pth (combined=0.7676, chunk=0.8529, subject=0.9000)
[2025-12-02 09:08:49,942 INFO early_stopping.__call__] Validation improved from 0.8137 to 0.8529 (+0.0392) at epoch 8
[2025-12-02 09:08:56,009 INFO main.train_one_fold] TRAIN CHUNK | Fold 1 | Epoch 009/100 | Loss: 0.3682 | Acc: 0.8646 | Prec: 0.8053 | Recall: 0.9365 | Spec: 0.8017
[2025-12-02 09:08:56,645 INFO main.train_one_fold] EVAL CHUNK | Fold 1 | Epoch 009/100 | Loss: 0.4224 | Acc: 0.8562 | Prec: 0.8193 | Recall: 0.9067 | Spec: 0.8077
[2025-12-02 09:08:56,645 INFO main.train_one_fold]   Confusion: TP=136, TN=126, FP=30, FN=14
[2025-12-02 09:08:56,645 INFO main.train_one_fold] EVAL SUBJECT | Fold 1 | Epoch 009/100 | Loss: 0.4224 | Acc: 0.9000 | Prec: 0.8333 | Recall: 1.0000 | Spec: 0.8000
[2025-12-02 09:08:56,645 INFO main.train_one_fold]   Confusion: TP=5, TN=4, FP=1, FN=0
[2025-12-02 09:08:56,677 INFO main.train_one_fold] ✓ Saved best model: experiments/fp1_006_mdd_ec/fold_1_best.pth (combined=0.7706, chunk=0.8562, subject=0.9000)
[2025-12-02 09:08:56,677 INFO early_stopping.__call__] Validation improved from 0.8529 to 0.8562 (+0.0033) at epoch 9
[2025-12-02 09:09:04,840 INFO main.train_one_fold] TRAIN CHUNK | Fold 1 | Epoch 010/100 | Loss: 0.3350 | Acc: 0.8821 | Prec: 0.8228 | Recall: 0.9528 | Spec: 0.8203
[2025-12-02 09:09:05,463 INFO main.train_one_fold] EVAL CHUNK | Fold 1 | Epoch 010/100 | Loss: 0.4353 | Acc: 0.8562 | Prec: 0.8193 | Recall: 0.9067 | Spec: 0.8077
[2025-12-02 09:09:05,463 INFO main.train_one_fold]   Confusion: TP=136, TN=126, FP=30, FN=14
[2025-12-02 09:09:05,463 INFO main.train_one_fold] EVAL SUBJECT | Fold 1 | Epoch 010/100 | Loss: 0.4353 | Acc: 0.9000 | Prec: 0.8333 | Recall: 1.0000 | Spec: 0.8000
[2025-12-02 09:09:05,463 INFO main.train_one_fold]   Confusion: TP=5, TN=4, FP=1, FN=0
[2025-12-02 09:09:05,489 INFO main.train_one_fold] Saved checkpoint: experiments/fp1_006_mdd_ec/fold_1_epoch_010.pth
[2025-12-02 09:09:15,137 INFO main.train_one_fold] TRAIN CHUNK | Fold 1 | Epoch 011/100 | Loss: 0.3131 | Acc: 0.8867 | Prec: 0.8270 | Recall: 0.9577 | Spec: 0.8245
[2025-12-02 09:09:15,737 INFO main.train_one_fold] EVAL CHUNK | Fold 1 | Epoch 011/100 | Loss: 0.4545 | Acc: 0.8562 | Prec: 0.8193 | Recall: 0.9067 | Spec: 0.8077
[2025-12-02 09:09:15,750 INFO main.train_one_fold]   Confusion: TP=136, TN=126, FP=30, FN=14
[2025-12-02 09:09:15,750 INFO main.train_one_fold] EVAL SUBJECT | Fold 1 | Epoch 011/100 | Loss: 0.4545 | Acc: 0.9000 | Prec: 0.8333 | Recall: 1.0000 | Spec: 0.8000
[2025-12-02 09:09:15,750 INFO main.train_one_fold]   Confusion: TP=5, TN=4, FP=1, FN=0
[2025-12-02 09:09:24,742 INFO main.train_one_fold] TRAIN CHUNK | Fold 1 | Epoch 012/100 | Loss: 0.3139 | Acc: 0.8806 | Prec: 0.8205 | Recall: 0.9528 | Spec: 0.8174
[2025-12-02 09:09:25,656 INFO main.train_one_fold] EVAL CHUNK | Fold 1 | Epoch 012/100 | Loss: 0.4651 | Acc: 0.8562 | Prec: 0.8193 | Recall: 0.9067 | Spec: 0.8077
[2025-12-02 09:09:25,656 INFO main.train_one_fold]   Confusion: TP=136, TN=126, FP=30, FN=14
[2025-12-02 09:09:25,657 INFO main.train_one_fold] EVAL SUBJECT | Fold 1 | Epoch 012/100 | Loss: 0.4651 | Acc: 0.9000 | Prec: 0.8333 | Recall: 1.0000 | Spec: 0.8000
[2025-12-02 09:09:25,657 INFO main.train_one_fold]   Confusion: TP=5, TN=4, FP=1, FN=0
[2025-12-02 09:09:39,405 INFO main.train_one_fold] TRAIN CHUNK | Fold 1 | Epoch 013/100 | Loss: 0.2998 | Acc: 0.8920 | Prec: 0.8296 | Recall: 0.9674 | Spec: 0.8260
[2025-12-02 09:09:40,108 INFO main.train_one_fold] EVAL CHUNK | Fold 1 | Epoch 013/100 | Loss: 0.4735 | Acc: 0.8562 | Prec: 0.8193 | Recall: 0.9067 | Spec: 0.8077
[2025-12-02 09:09:40,109 INFO main.train_one_fold]   Confusion: TP=136, TN=126, FP=30, FN=14
[2025-12-02 09:09:40,109 INFO main.train_one_fold] EVAL SUBJECT | Fold 1 | Epoch 013/100 | Loss: 0.4735 | Acc: 0.9000 | Prec: 0.8333 | Recall: 1.0000 | Spec: 0.8000
[2025-12-02 09:09:40,109 INFO main.train_one_fold]   Confusion: TP=5, TN=4, FP=1, FN=0
[2025-12-02 09:09:49,692 INFO main.train_one_fold] TRAIN CHUNK | Fold 1 | Epoch 014/100 | Loss: 0.3121 | Acc: 0.8837 | Prec: 0.8233 | Recall: 0.9560 | Spec: 0.8203
[2025-12-02 09:09:50,350 INFO main.train_one_fold] EVAL CHUNK | Fold 1 | Epoch 014/100 | Loss: 0.4672 | Acc: 0.8562 | Prec: 0.8193 | Recall: 0.9067 | Spec: 0.8077
[2025-12-02 09:09:50,356 INFO main.train_one_fold]   Confusion: TP=136, TN=126, FP=30, FN=14
[2025-12-02 09:09:50,356 INFO main.train_one_fold] EVAL SUBJECT | Fold 1 | Epoch 014/100 | Loss: 0.4672 | Acc: 0.9000 | Prec: 0.8333 | Recall: 1.0000 | Spec: 0.8000
[2025-12-02 09:09:50,356 INFO main.train_one_fold]   Confusion: TP=5, TN=4, FP=1, FN=0
[2025-12-02 09:09:59,130 INFO main.train_one_fold] TRAIN CHUNK | Fold 1 | Epoch 015/100 | Loss: 0.3215 | Acc: 0.8776 | Prec: 0.8141 | Recall: 0.9560 | Spec: 0.8088
[2025-12-02 09:09:59,887 INFO main.train_one_fold] EVAL CHUNK | Fold 1 | Epoch 015/100 | Loss: 0.4621 | Acc: 0.8562 | Prec: 0.8193 | Recall: 0.9067 | Spec: 0.8077
[2025-12-02 09:09:59,888 INFO main.train_one_fold]   Confusion: TP=136, TN=126, FP=30, FN=14
[2025-12-02 09:09:59,888 INFO main.train_one_fold] EVAL SUBJECT | Fold 1 | Epoch 015/100 | Loss: 0.4621 | Acc: 0.9000 | Prec: 0.8333 | Recall: 1.0000 | Spec: 0.8000
[2025-12-02 09:09:59,888 INFO main.train_one_fold]   Confusion: TP=5, TN=4, FP=1, FN=0
[2025-12-02 09:10:14,982 INFO main.train_one_fold] TRAIN CHUNK | Fold 1 | Epoch 016/100 | Loss: 0.3111 | Acc: 0.8844 | Prec: 0.8208 | Recall: 0.9625 | Spec: 0.8160
[2025-12-02 09:10:16,324 INFO main.train_one_fold] EVAL CHUNK | Fold 1 | Epoch 016/100 | Loss: 0.4695 | Acc: 0.8562 | Prec: 0.8193 | Recall: 0.9067 | Spec: 0.8077
[2025-12-02 09:10:16,324 INFO main.train_one_fold]   Confusion: TP=136, TN=126, FP=30, FN=14
[2025-12-02 09:10:16,324 INFO main.train_one_fold] EVAL SUBJECT | Fold 1 | Epoch 016/100 | Loss: 0.4695 | Acc: 0.9000 | Prec: 0.8333 | Recall: 1.0000 | Spec: 0.8000
[2025-12-02 09:10:16,324 INFO main.train_one_fold]   Confusion: TP=5, TN=4, FP=1, FN=0
[2025-12-02 09:10:32,647 INFO main.train_one_fold] TRAIN CHUNK | Fold 1 | Epoch 017/100 | Loss: 0.3142 | Acc: 0.8829 | Prec: 0.8177 | Recall: 0.9642 | Spec: 0.8117
[2025-12-02 09:10:33,853 INFO main.train_one_fold] EVAL CHUNK | Fold 1 | Epoch 017/100 | Loss: 0.4643 | Acc: 0.8562 | Prec: 0.8193 | Recall: 0.9067 | Spec: 0.8077
[2025-12-02 09:10:33,857 INFO main.train_one_fold]   Confusion: TP=136, TN=126, FP=30, FN=14
[2025-12-02 09:10:33,857 INFO main.train_one_fold] EVAL SUBJECT | Fold 1 | Epoch 017/100 | Loss: 0.4643 | Acc: 0.9000 | Prec: 0.8333 | Recall: 1.0000 | Spec: 0.8000
[2025-12-02 09:10:33,857 INFO main.train_one_fold]   Confusion: TP=5, TN=4, FP=1, FN=0
[2025-12-02 09:10:48,122 INFO main.train_one_fold] TRAIN CHUNK | Fold 1 | Epoch 018/100 | Loss: 0.2998 | Acc: 0.8890 | Prec: 0.8241 | Recall: 0.9691 | Spec: 0.8188
[2025-12-02 09:10:49,419 INFO main.train_one_fold] EVAL CHUNK | Fold 1 | Epoch 018/100 | Loss: 0.4689 | Acc: 0.8562 | Prec: 0.8193 | Recall: 0.9067 | Spec: 0.8077
[2025-12-02 09:10:49,419 INFO main.train_one_fold]   Confusion: TP=136, TN=126, FP=30, FN=14
[2025-12-02 09:10:49,419 INFO main.train_one_fold] EVAL SUBJECT | Fold 1 | Epoch 018/100 | Loss: 0.4689 | Acc: 0.9000 | Prec: 0.8333 | Recall: 1.0000 | Spec: 0.8000
[2025-12-02 09:10:49,419 INFO main.train_one_fold]   Confusion: TP=5, TN=4, FP=1, FN=0
[2025-12-02 09:11:04,796 INFO main.train_one_fold] TRAIN CHUNK | Fold 1 | Epoch 019/100 | Loss: 0.2958 | Acc: 0.8882 | Prec: 0.8248 | Recall: 0.9658 | Spec: 0.8203
[2025-12-02 09:11:06,411 INFO main.train_one_fold] EVAL CHUNK | Fold 1 | Epoch 019/100 | Loss: 0.4619 | Acc: 0.8562 | Prec: 0.8193 | Recall: 0.9067 | Spec: 0.8077
[2025-12-02 09:11:06,422 INFO main.train_one_fold]   Confusion: TP=136, TN=126, FP=30, FN=14
[2025-12-02 09:11:06,423 INFO main.train_one_fold] EVAL SUBJECT | Fold 1 | Epoch 019/100 | Loss: 0.4619 | Acc: 0.9000 | Prec: 0.8333 | Recall: 1.0000 | Spec: 0.8000
[2025-12-02 09:11:06,431 INFO main.train_one_fold]   Confusion: TP=5, TN=4, FP=1, FN=0
[2025-12-02 09:11:20,494 INFO main.train_one_fold] TRAIN CHUNK | Fold 1 | Epoch 020/100 | Loss: 0.3003 | Acc: 0.8882 | Prec: 0.8248 | Recall: 0.9658 | Spec: 0.8203
[2025-12-02 09:11:21,453 INFO main.train_one_fold] EVAL CHUNK | Fold 1 | Epoch 020/100 | Loss: 0.4698 | Acc: 0.8562 | Prec: 0.8193 | Recall: 0.9067 | Spec: 0.8077
[2025-12-02 09:11:21,453 INFO main.train_one_fold]   Confusion: TP=136, TN=126, FP=30, FN=14
[2025-12-02 09:11:21,453 INFO main.train_one_fold] EVAL SUBJECT | Fold 1 | Epoch 020/100 | Loss: 0.4698 | Acc: 0.9000 | Prec: 0.8333 | Recall: 1.0000 | Spec: 0.8000
[2025-12-02 09:11:21,453 INFO main.train_one_fold]   Confusion: TP=5, TN=4, FP=1, FN=0
[2025-12-02 09:11:21,471 INFO main.train_one_fold] Saved checkpoint: experiments/fp1_006_mdd_ec/fold_1_epoch_020.pth
[2025-12-02 09:11:33,208 INFO main.train_one_fold] TRAIN CHUNK | Fold 1 | Epoch 021/100 | Loss: 0.3008 | Acc: 0.8890 | Prec: 0.8333 | Recall: 0.9528 | Spec: 0.8331
[2025-12-02 09:11:34,381 INFO main.train_one_fold] EVAL CHUNK | Fold 1 | Epoch 021/100 | Loss: 0.4560 | Acc: 0.8562 | Prec: 0.8193 | Recall: 0.9067 | Spec: 0.8077
[2025-12-02 09:11:34,381 INFO main.train_one_fold]   Confusion: TP=136, TN=126, FP=30, FN=14
[2025-12-02 09:11:34,381 INFO main.train_one_fold] EVAL SUBJECT | Fold 1 | Epoch 021/100 | Loss: 0.4560 | Acc: 0.9000 | Prec: 0.8333 | Recall: 1.0000 | Spec: 0.8000
[2025-12-02 09:11:34,381 INFO main.train_one_fold]   Confusion: TP=5, TN=4, FP=1, FN=0
[2025-12-02 09:11:47,285 INFO main.train_one_fold] TRAIN CHUNK | Fold 1 | Epoch 022/100 | Loss: 0.2951 | Acc: 0.8920 | Prec: 0.8287 | Recall: 0.9691 | Spec: 0.8245
[2025-12-02 09:11:48,513 INFO main.train_one_fold] EVAL CHUNK | Fold 1 | Epoch 022/100 | Loss: 0.4609 | Acc: 0.8562 | Prec: 0.8193 | Recall: 0.9067 | Spec: 0.8077
[2025-12-02 09:11:48,513 INFO main.train_one_fold]   Confusion: TP=136, TN=126, FP=30, FN=14
[2025-12-02 09:11:48,513 INFO main.train_one_fold] EVAL SUBJECT | Fold 1 | Epoch 022/100 | Loss: 0.4609 | Acc: 0.9000 | Prec: 0.8333 | Recall: 1.0000 | Spec: 0.8000
[2025-12-02 09:11:48,513 INFO main.train_one_fold]   Confusion: TP=5, TN=4, FP=1, FN=0
[2025-12-02 09:12:02,193 INFO main.train_one_fold] TRAIN CHUNK | Fold 1 | Epoch 023/100 | Loss: 0.2992 | Acc: 0.8875 | Prec: 0.8209 | Recall: 0.9707 | Spec: 0.8146
[2025-12-02 09:12:03,205 INFO main.train_one_fold] EVAL CHUNK | Fold 1 | Epoch 023/100 | Loss: 0.4658 | Acc: 0.8562 | Prec: 0.8193 | Recall: 0.9067 | Spec: 0.8077
[2025-12-02 09:12:03,215 INFO main.train_one_fold]   Confusion: TP=136, TN=126, FP=30, FN=14
[2025-12-02 09:12:03,215 INFO main.train_one_fold] EVAL SUBJECT | Fold 1 | Epoch 023/100 | Loss: 0.4658 | Acc: 0.9000 | Prec: 0.8333 | Recall: 1.0000 | Spec: 0.8000
[2025-12-02 09:12:03,215 INFO main.train_one_fold]   Confusion: TP=5, TN=4, FP=1, FN=0
[2025-12-02 09:12:16,195 INFO main.train_one_fold] TRAIN CHUNK | Fold 1 | Epoch 024/100 | Loss: 0.2920 | Acc: 0.8935 | Prec: 0.8319 | Recall: 0.9674 | Spec: 0.8288
[2025-12-02 09:12:17,357 INFO main.train_one_fold] EVAL CHUNK | Fold 1 | Epoch 024/100 | Loss: 0.4587 | Acc: 0.8595 | Prec: 0.8242 | Recall: 0.9067 | Spec: 0.8141
[2025-12-02 09:12:17,367 INFO main.train_one_fold]   Confusion: TP=136, TN=127, FP=29, FN=14
[2025-12-02 09:12:17,367 INFO main.train_one_fold] EVAL SUBJECT | Fold 1 | Epoch 024/100 | Loss: 0.4587 | Acc: 0.9000 | Prec: 0.8333 | Recall: 1.0000 | Spec: 0.8000
[2025-12-02 09:12:17,367 INFO main.train_one_fold]   Confusion: TP=5, TN=4, FP=1, FN=0
[2025-12-02 09:12:17,401 INFO main.train_one_fold] ✓ Saved best model: experiments/fp1_006_mdd_ec/fold_1_best.pth (combined=0.7735, chunk=0.8595, subject=0.9000)
[2025-12-02 09:12:17,401 INFO early_stopping.__call__] Validation improved from 0.8562 to 0.8595 (+0.0033) at epoch 24
[2025-12-02 09:12:31,198 INFO main.train_one_fold] TRAIN CHUNK | Fold 1 | Epoch 025/100 | Loss: 0.2918 | Acc: 0.8882 | Prec: 0.8312 | Recall: 0.9544 | Spec: 0.8302
[2025-12-02 09:12:32,424 INFO main.train_one_fold] EVAL CHUNK | Fold 1 | Epoch 025/100 | Loss: 0.4597 | Acc: 0.8562 | Prec: 0.8193 | Recall: 0.9067 | Spec: 0.8077
[2025-12-02 09:12:32,428 INFO main.train_one_fold]   Confusion: TP=136, TN=126, FP=30, FN=14
[2025-12-02 09:12:32,428 INFO main.train_one_fold] EVAL SUBJECT | Fold 1 | Epoch 025/100 | Loss: 0.4597 | Acc: 0.9000 | Prec: 0.8333 | Recall: 1.0000 | Spec: 0.8000
[2025-12-02 09:12:32,428 INFO main.train_one_fold]   Confusion: TP=5, TN=4, FP=1, FN=0
[2025-12-02 09:12:46,238 INFO main.train_one_fold] TRAIN CHUNK | Fold 1 | Epoch 026/100 | Loss: 0.2850 | Acc: 0.8951 | Prec: 0.8333 | Recall: 0.9691 | Spec: 0.8302
[2025-12-02 09:12:47,722 INFO main.train_one_fold] EVAL CHUNK | Fold 1 | Epoch 026/100 | Loss: 0.4234 | Acc: 0.8660 | Prec: 0.8344 | Recall: 0.9067 | Spec: 0.8269
[2025-12-02 09:12:47,723 INFO main.train_one_fold]   Confusion: TP=136, TN=129, FP=27, FN=14
[2025-12-02 09:12:47,723 INFO main.train_one_fold] EVAL SUBJECT | Fold 1 | Epoch 026/100 | Loss: 0.4234 | Acc: 0.9000 | Prec: 0.8333 | Recall: 1.0000 | Spec: 0.8000
[2025-12-02 09:12:47,723 INFO main.train_one_fold]   Confusion: TP=5, TN=4, FP=1, FN=0
[2025-12-02 09:12:47,787 INFO main.train_one_fold] ✓ Saved best model: experiments/fp1_006_mdd_ec/fold_1_best.pth (combined=0.7794, chunk=0.8660, subject=0.9000)
[2025-12-02 09:12:47,795 INFO early_stopping.__call__] Validation improved from 0.8595 to 0.8660 (+0.0065) at epoch 26
[2025-12-02 09:13:03,256 INFO main.train_one_fold] TRAIN CHUNK | Fold 1 | Epoch 027/100 | Loss: 0.3007 | Acc: 0.8821 | Prec: 0.8237 | Recall: 0.9511 | Spec: 0.8217
[2025-12-02 09:13:04,689 INFO main.train_one_fold] EVAL CHUNK | Fold 1 | Epoch 027/100 | Loss: 0.4421 | Acc: 0.8529 | Prec: 0.8144 | Recall: 0.9067 | Spec: 0.8013
[2025-12-02 09:13:04,689 INFO main.train_one_fold]   Confusion: TP=136, TN=125, FP=31, FN=14
[2025-12-02 09:13:04,689 INFO main.train_one_fold] EVAL SUBJECT | Fold 1 | Epoch 027/100 | Loss: 0.4421 | Acc: 0.9000 | Prec: 0.8333 | Recall: 1.0000 | Spec: 0.8000
[2025-12-02 09:13:04,689 INFO main.train_one_fold]   Confusion: TP=5, TN=4, FP=1, FN=0
[2025-12-02 09:13:20,767 INFO main.train_one_fold] TRAIN CHUNK | Fold 1 | Epoch 028/100 | Loss: 0.2949 | Acc: 0.8943 | Prec: 0.8340 | Recall: 0.9658 | Spec: 0.8317
[2025-12-02 09:13:22,217 INFO main.train_one_fold] EVAL CHUNK | Fold 1 | Epoch 028/100 | Loss: 0.4386 | Acc: 0.8660 | Prec: 0.8344 | Recall: 0.9067 | Spec: 0.8269
[2025-12-02 09:13:22,217 INFO main.train_one_fold]   Confusion: TP=136, TN=129, FP=27, FN=14
[2025-12-02 09:13:22,217 INFO main.train_one_fold] EVAL SUBJECT | Fold 1 | Epoch 028/100 | Loss: 0.4386 | Acc: 0.9000 | Prec: 0.8333 | Recall: 1.0000 | Spec: 0.8000
[2025-12-02 09:13:22,221 INFO main.train_one_fold]   Confusion: TP=5, TN=4, FP=1, FN=0
[2025-12-02 09:13:38,154 INFO main.train_one_fold] TRAIN CHUNK | Fold 1 | Epoch 029/100 | Loss: 0.2830 | Acc: 0.8943 | Prec: 0.8359 | Recall: 0.9625 | Spec: 0.8345
[2025-12-02 09:13:39,401 INFO main.train_one_fold] EVAL CHUNK | Fold 1 | Epoch 029/100 | Loss: 0.4414 | Acc: 0.8595 | Prec: 0.8242 | Recall: 0.9067 | Spec: 0.8141
[2025-12-02 09:13:39,412 INFO main.train_one_fold]   Confusion: TP=136, TN=127, FP=29, FN=14
[2025-12-02 09:13:39,412 INFO main.train_one_fold] EVAL SUBJECT | Fold 1 | Epoch 029/100 | Loss: 0.4414 | Acc: 0.9000 | Prec: 0.8333 | Recall: 1.0000 | Spec: 0.8000
[2025-12-02 09:13:39,412 INFO main.train_one_fold]   Confusion: TP=5, TN=4, FP=1, FN=0
[2025-12-02 09:13:55,439 INFO main.train_one_fold] TRAIN CHUNK | Fold 1 | Epoch 030/100 | Loss: 0.2911 | Acc: 0.8935 | Prec: 0.8386 | Recall: 0.9560 | Spec: 0.8388
[2025-12-02 09:13:56,705 INFO main.train_one_fold] EVAL CHUNK | Fold 1 | Epoch 030/100 | Loss: 0.4253 | Acc: 0.8595 | Prec: 0.8242 | Recall: 0.9067 | Spec: 0.8141
[2025-12-02 09:13:56,705 INFO main.train_one_fold]   Confusion: TP=136, TN=127, FP=29, FN=14
[2025-12-02 09:13:56,705 INFO main.train_one_fold] EVAL SUBJECT | Fold 1 | Epoch 030/100 | Loss: 0.4253 | Acc: 0.9000 | Prec: 0.8333 | Recall: 1.0000 | Spec: 0.8000
[2025-12-02 09:13:56,706 INFO main.train_one_fold]   Confusion: TP=5, TN=4, FP=1, FN=0
[2025-12-02 09:13:56,727 INFO main.train_one_fold] Saved checkpoint: experiments/fp1_006_mdd_ec/fold_1_epoch_030.pth
[2025-12-02 09:14:12,372 INFO main.train_one_fold] TRAIN CHUNK | Fold 1 | Epoch 031/100 | Loss: 0.2905 | Acc: 0.8951 | Prec: 0.8343 | Recall: 0.9674 | Spec: 0.8317
[2025-12-02 09:14:13,530 INFO main.train_one_fold] EVAL CHUNK | Fold 1 | Epoch 031/100 | Loss: 0.4199 | Acc: 0.8660 | Prec: 0.8344 | Recall: 0.9067 | Spec: 0.8269
[2025-12-02 09:14:13,530 INFO main.train_one_fold]   Confusion: TP=136, TN=129, FP=27, FN=14
[2025-12-02 09:14:13,530 INFO main.train_one_fold] EVAL SUBJECT | Fold 1 | Epoch 031/100 | Loss: 0.4199 | Acc: 0.9000 | Prec: 0.8333 | Recall: 1.0000 | Spec: 0.8000
[2025-12-02 09:14:13,530 INFO main.train_one_fold]   Confusion: TP=5, TN=4, FP=1, FN=0
[2025-12-02 09:14:26,606 INFO main.train_one_fold] TRAIN CHUNK | Fold 1 | Epoch 032/100 | Loss: 0.2861 | Acc: 0.8989 | Prec: 0.8402 | Recall: 0.9674 | Spec: 0.8388
[2025-12-02 09:14:27,764 INFO main.train_one_fold] EVAL CHUNK | Fold 1 | Epoch 032/100 | Loss: 0.4275 | Acc: 0.8627 | Prec: 0.8293 | Recall: 0.9067 | Spec: 0.8205
[2025-12-02 09:14:27,769 INFO main.train_one_fold]   Confusion: TP=136, TN=128, FP=28, FN=14
[2025-12-02 09:14:27,770 INFO main.train_one_fold] EVAL SUBJECT | Fold 1 | Epoch 032/100 | Loss: 0.4275 | Acc: 0.9000 | Prec: 0.8333 | Recall: 1.0000 | Spec: 0.8000
[2025-12-02 09:14:27,770 INFO main.train_one_fold]   Confusion: TP=5, TN=4, FP=1, FN=0
[2025-12-02 09:14:41,412 INFO main.train_one_fold] TRAIN CHUNK | Fold 1 | Epoch 033/100 | Loss: 0.2864 | Acc: 0.8935 | Prec: 0.8376 | Recall: 0.9577 | Spec: 0.8374
[2025-12-02 09:14:42,549 INFO main.train_one_fold] EVAL CHUNK | Fold 1 | Epoch 033/100 | Loss: 0.4103 | Acc: 0.8693 | Prec: 0.8395 | Recall: 0.9067 | Spec: 0.8333
[2025-12-02 09:14:42,549 INFO main.train_one_fold]   Confusion: TP=136, TN=130, FP=26, FN=14
[2025-12-02 09:14:42,549 INFO main.train_one_fold] EVAL SUBJECT | Fold 1 | Epoch 033/100 | Loss: 0.4103 | Acc: 0.9000 | Prec: 0.8333 | Recall: 1.0000 | Spec: 0.8000
[2025-12-02 09:14:42,549 INFO main.train_one_fold]   Confusion: TP=5, TN=4, FP=1, FN=0
[2025-12-02 09:14:42,596 INFO main.train_one_fold] ✓ Saved best model: experiments/fp1_006_mdd_ec/fold_1_best.pth (combined=0.7824, chunk=0.8693, subject=0.9000)
[2025-12-02 09:14:42,597 INFO early_stopping.__call__] Validation improved from 0.8660 to 0.8693 (+0.0033) at epoch 33
[2025-12-02 09:14:56,639 INFO main.train_one_fold] TRAIN CHUNK | Fold 1 | Epoch 034/100 | Loss: 0.2860 | Acc: 0.8943 | Prec: 0.8312 | Recall: 0.9707 | Spec: 0.8274
[2025-12-02 09:14:57,785 INFO main.train_one_fold] EVAL CHUNK | Fold 1 | Epoch 034/100 | Loss: 0.4056 | Acc: 0.8693 | Prec: 0.8395 | Recall: 0.9067 | Spec: 0.8333
[2025-12-02 09:14:57,785 INFO main.train_one_fold]   Confusion: TP=136, TN=130, FP=26, FN=14
[2025-12-02 09:14:57,786 INFO main.train_one_fold] EVAL SUBJECT | Fold 1 | Epoch 034/100 | Loss: 0.4056 | Acc: 0.9000 | Prec: 0.8333 | Recall: 1.0000 | Spec: 0.8000
[2025-12-02 09:14:57,786 INFO main.train_one_fold]   Confusion: TP=5, TN=4, FP=1, FN=0
[2025-12-02 09:15:12,318 INFO main.train_one_fold] TRAIN CHUNK | Fold 1 | Epoch 035/100 | Loss: 0.2723 | Acc: 0.8996 | Prec: 0.8433 | Recall: 0.9642 | Spec: 0.8431
[2025-12-02 09:15:13,783 INFO main.train_one_fold] EVAL CHUNK | Fold 1 | Epoch 035/100 | Loss: 0.3983 | Acc: 0.8758 | Prec: 0.8500 | Recall: 0.9067 | Spec: 0.8462
[2025-12-02 09:15:13,794 INFO main.train_one_fold]   Confusion: TP=136, TN=132, FP=24, FN=14
[2025-12-02 09:15:13,794 INFO main.train_one_fold] EVAL SUBJECT | Fold 1 | Epoch 035/100 | Loss: 0.3983 | Acc: 0.9000 | Prec: 0.8333 | Recall: 1.0000 | Spec: 0.8000
[2025-12-02 09:15:13,794 INFO main.train_one_fold]   Confusion: TP=5, TN=4, FP=1, FN=0
[2025-12-02 09:15:13,847 INFO main.train_one_fold] ✓ Saved best model: experiments/fp1_006_mdd_ec/fold_1_best.pth (combined=0.7882, chunk=0.8758, subject=0.9000)
[2025-12-02 09:15:13,847 INFO early_stopping.__call__] Validation improved from 0.8693 to 0.8758 (+0.0065) at epoch 35
[2025-12-02 09:15:29,382 INFO main.train_one_fold] TRAIN CHUNK | Fold 1 | Epoch 036/100 | Loss: 0.2749 | Acc: 0.9004 | Prec: 0.8426 | Recall: 0.9674 | Spec: 0.8417
[2025-12-02 09:15:30,792 INFO main.train_one_fold] EVAL CHUNK | Fold 1 | Epoch 036/100 | Loss: 0.3703 | Acc: 0.8922 | Prec: 0.8774 | Recall: 0.9067 | Spec: 0.8782
[2025-12-02 09:15:30,792 INFO main.train_one_fold]   Confusion: TP=136, TN=137, FP=19, FN=14
[2025-12-02 09:15:30,792 INFO main.train_one_fold] EVAL SUBJECT | Fold 1 | Epoch 036/100 | Loss: 0.3703 | Acc: 0.9000 | Prec: 0.8333 | Recall: 1.0000 | Spec: 0.8000
[2025-12-02 09:15:30,792 INFO main.train_one_fold]   Confusion: TP=5, TN=4, FP=1, FN=0
[2025-12-02 09:15:30,846 INFO main.train_one_fold] ✓ Saved best model: experiments/fp1_006_mdd_ec/fold_1_best.pth (combined=0.8029, chunk=0.8922, subject=0.9000)
[2025-12-02 09:15:30,847 INFO early_stopping.__call__] Validation improved from 0.8758 to 0.8922 (+0.0163) at epoch 36
[2025-12-02 09:15:46,904 INFO main.train_one_fold] TRAIN CHUNK | Fold 1 | Epoch 037/100 | Loss: 0.2823 | Acc: 0.8951 | Prec: 0.8459 | Recall: 0.9479 | Spec: 0.8488
[2025-12-02 09:15:48,417 INFO main.train_one_fold] EVAL CHUNK | Fold 1 | Epoch 037/100 | Loss: 0.3995 | Acc: 0.8660 | Prec: 0.8344 | Recall: 0.9067 | Spec: 0.8269
[2025-12-02 09:15:48,420 INFO main.train_one_fold]   Confusion: TP=136, TN=129, FP=27, FN=14
[2025-12-02 09:15:48,420 INFO main.train_one_fold] EVAL SUBJECT | Fold 1 | Epoch 037/100 | Loss: 0.3995 | Acc: 0.9000 | Prec: 0.8333 | Recall: 1.0000 | Spec: 0.8000
[2025-12-02 09:15:48,420 INFO main.train_one_fold]   Confusion: TP=5, TN=4, FP=1, FN=0
[2025-12-02 09:16:04,800 INFO main.train_one_fold] TRAIN CHUNK | Fold 1 | Epoch 038/100 | Loss: 0.2788 | Acc: 0.8935 | Prec: 0.8366 | Recall: 0.9593 | Spec: 0.8359
[2025-12-02 09:16:05,990 INFO main.train_one_fold] EVAL CHUNK | Fold 1 | Epoch 038/100 | Loss: 0.4108 | Acc: 0.8660 | Prec: 0.8344 | Recall: 0.9067 | Spec: 0.8269
[2025-12-02 09:16:06,002 INFO main.train_one_fold]   Confusion: TP=136, TN=129, FP=27, FN=14
[2025-12-02 09:16:06,002 INFO main.train_one_fold] EVAL SUBJECT | Fold 1 | Epoch 038/100 | Loss: 0.4108 | Acc: 0.9000 | Prec: 0.8333 | Recall: 1.0000 | Spec: 0.8000
[2025-12-02 09:16:06,002 INFO main.train_one_fold]   Confusion: TP=5, TN=4, FP=1, FN=0
[2025-12-02 09:16:21,742 INFO main.train_one_fold] TRAIN CHUNK | Fold 1 | Epoch 039/100 | Loss: 0.2694 | Acc: 0.8981 | Prec: 0.8488 | Recall: 0.9511 | Spec: 0.8516
[2025-12-02 09:16:23,096 INFO main.train_one_fold] EVAL CHUNK | Fold 1 | Epoch 039/100 | Loss: 0.3963 | Acc: 0.8725 | Prec: 0.8447 | Recall: 0.9067 | Spec: 0.8397
[2025-12-02 09:16:23,105 INFO main.train_one_fold]   Confusion: TP=136, TN=131, FP=25, FN=14
[2025-12-02 09:16:23,106 INFO main.train_one_fold] EVAL SUBJECT | Fold 1 | Epoch 039/100 | Loss: 0.3963 | Acc: 0.9000 | Prec: 0.8333 | Recall: 1.0000 | Spec: 0.8000
[2025-12-02 09:16:23,106 INFO main.train_one_fold]   Confusion: TP=5, TN=4, FP=1, FN=0
[2025-12-02 09:16:38,440 INFO main.train_one_fold] TRAIN CHUNK | Fold 1 | Epoch 040/100 | Loss: 0.2594 | Acc: 0.9034 | Prec: 0.8534 | Recall: 0.9577 | Spec: 0.8559
[2025-12-02 09:16:39,728 INFO main.train_one_fold] EVAL CHUNK | Fold 1 | Epoch 040/100 | Loss: 0.3796 | Acc: 0.8758 | Prec: 0.8500 | Recall: 0.9067 | Spec: 0.8462
[2025-12-02 09:16:39,729 INFO main.train_one_fold]   Confusion: TP=136, TN=132, FP=24, FN=14
[2025-12-02 09:16:39,729 INFO main.train_one_fold] EVAL SUBJECT | Fold 1 | Epoch 040/100 | Loss: 0.3796 | Acc: 0.9000 | Prec: 0.8333 | Recall: 1.0000 | Spec: 0.8000
[2025-12-02 09:16:39,729 INFO main.train_one_fold]   Confusion: TP=5, TN=4, FP=1, FN=0
[2025-12-02 09:16:39,754 INFO main.train_one_fold] Saved checkpoint: experiments/fp1_006_mdd_ec/fold_1_epoch_040.pth
[2025-12-02 09:16:56,146 INFO main.train_one_fold] TRAIN CHUNK | Fold 1 | Epoch 041/100 | Loss: 0.2704 | Acc: 0.8981 | Prec: 0.8499 | Recall: 0.9495 | Spec: 0.8531
[2025-12-02 09:16:57,401 INFO main.train_one_fold] EVAL CHUNK | Fold 1 | Epoch 041/100 | Loss: 0.3782 | Acc: 0.8758 | Prec: 0.8500 | Recall: 0.9067 | Spec: 0.8462
[2025-12-02 09:16:57,401 INFO main.train_one_fold]   Confusion: TP=136, TN=132, FP=24, FN=14
[2025-12-02 09:16:57,405 INFO main.train_one_fold] EVAL SUBJECT | Fold 1 | Epoch 041/100 | Loss: 0.3782 | Acc: 0.9000 | Prec: 0.8333 | Recall: 1.0000 | Spec: 0.8000
[2025-12-02 09:16:57,405 INFO main.train_one_fold]   Confusion: TP=5, TN=4, FP=1, FN=0
[2025-12-02 09:17:11,677 INFO main.train_one_fold] TRAIN CHUNK | Fold 1 | Epoch 042/100 | Loss: 0.2610 | Acc: 0.8989 | Prec: 0.8501 | Recall: 0.9511 | Spec: 0.8531
[2025-12-02 09:17:12,868 INFO main.train_one_fold] EVAL CHUNK | Fold 1 | Epoch 042/100 | Loss: 0.3407 | Acc: 0.9085 | Prec: 0.9067 | Recall: 0.9067 | Spec: 0.9103
[2025-12-02 09:17:12,868 INFO main.train_one_fold]   Confusion: TP=136, TN=142, FP=14, FN=14
[2025-12-02 09:17:12,868 INFO main.train_one_fold] EVAL SUBJECT | Fold 1 | Epoch 042/100 | Loss: 0.3407 | Acc: 1.0000 | Prec: 1.0000 | Recall: 1.0000 | Spec: 1.0000
[2025-12-02 09:17:12,868 INFO main.train_one_fold]   Confusion: TP=5, TN=5, FP=0, FN=0
[2025-12-02 09:17:12,919 INFO main.train_one_fold] ✓ Saved best model: experiments/fp1_006_mdd_ec/fold_1_best.pth (combined=0.9085, chunk=0.9085, subject=1.0000)
[2025-12-02 09:17:12,919 INFO early_stopping.__call__] Validation improved from 0.8922 to 0.9085 (+0.0163) at epoch 42
[2025-12-02 09:17:26,462 INFO main.train_one_fold] TRAIN CHUNK | Fold 1 | Epoch 043/100 | Loss: 0.2578 | Acc: 0.9057 | Prec: 0.8540 | Recall: 0.9625 | Spec: 0.8559
[2025-12-02 09:17:27,438 INFO main.train_one_fold] EVAL CHUNK | Fold 1 | Epoch 043/100 | Loss: 0.3347 | Acc: 0.9118 | Prec: 0.9128 | Recall: 0.9067 | Spec: 0.9167
[2025-12-02 09:17:27,439 INFO main.train_one_fold]   Confusion: TP=136, TN=143, FP=13, FN=14
[2025-12-02 09:17:27,439 INFO main.train_one_fold] EVAL SUBJECT | Fold 1 | Epoch 043/100 | Loss: 0.3347 | Acc: 1.0000 | Prec: 1.0000 | Recall: 1.0000 | Spec: 1.0000
[2025-12-02 09:17:27,439 INFO main.train_one_fold]   Confusion: TP=5, TN=5, FP=0, FN=0
[2025-12-02 09:17:27,474 INFO main.train_one_fold] ✓ Saved best model: experiments/fp1_006_mdd_ec/fold_1_best.pth (combined=0.9118, chunk=0.9118, subject=1.0000)
[2025-12-02 09:17:27,474 INFO early_stopping.__call__] Validation improved from 0.9085 to 0.9118 (+0.0033) at epoch 43
[2025-12-02 09:17:40,464 INFO main.train_one_fold] TRAIN CHUNK | Fold 1 | Epoch 044/100 | Loss: 0.2654 | Acc: 0.8989 | Prec: 0.8542 | Recall: 0.9446 | Spec: 0.8588
[2025-12-02 09:17:41,558 INFO main.train_one_fold] EVAL CHUNK | Fold 1 | Epoch 044/100 | Loss: 0.3275 | Acc: 0.9085 | Prec: 0.9067 | Recall: 0.9067 | Spec: 0.9103
[2025-12-02 09:17:41,564 INFO main.train_one_fold]   Confusion: TP=136, TN=142, FP=14, FN=14
[2025-12-02 09:17:41,564 INFO main.train_one_fold] EVAL SUBJECT | Fold 1 | Epoch 044/100 | Loss: 0.3275 | Acc: 1.0000 | Prec: 1.0000 | Recall: 1.0000 | Spec: 1.0000
[2025-12-02 09:17:41,564 INFO main.train_one_fold]   Confusion: TP=5, TN=5, FP=0, FN=0
[2025-12-02 09:17:54,087 INFO main.train_one_fold] TRAIN CHUNK | Fold 1 | Epoch 045/100 | Loss: 0.2487 | Acc: 0.9072 | Prec: 0.8639 | Recall: 0.9511 | Spec: 0.8688
[2025-12-02 09:17:55,375 INFO main.train_one_fold] EVAL CHUNK | Fold 1 | Epoch 045/100 | Loss: 0.3219 | Acc: 0.9085 | Prec: 0.9178 | Recall: 0.8933 | Spec: 0.9231
[2025-12-02 09:17:55,386 INFO main.train_one_fold]   Confusion: TP=134, TN=144, FP=12, FN=16
[2025-12-02 09:17:55,386 INFO main.train_one_fold] EVAL SUBJECT | Fold 1 | Epoch 045/100 | Loss: 0.3219 | Acc: 1.0000 | Prec: 1.0000 | Recall: 1.0000 | Spec: 1.0000
[2025-12-02 09:17:55,387 INFO main.train_one_fold]   Confusion: TP=5, TN=5, FP=0, FN=0
[2025-12-02 09:18:08,881 INFO main.train_one_fold] TRAIN CHUNK | Fold 1 | Epoch 046/100 | Loss: 0.2594 | Acc: 0.8989 | Prec: 0.8563 | Recall: 0.9414 | Spec: 0.8616
[2025-12-02 09:18:10,581 INFO main.train_one_fold] EVAL CHUNK | Fold 1 | Epoch 046/100 | Loss: 0.3278 | Acc: 0.9052 | Prec: 0.9060 | Recall: 0.9000 | Spec: 0.9103
[2025-12-02 09:18:10,581 INFO main.train_one_fold]   Confusion: TP=135, TN=142, FP=14, FN=15
[2025-12-02 09:18:10,581 INFO main.train_one_fold] EVAL SUBJECT | Fold 1 | Epoch 046/100 | Loss: 0.3278 | Acc: 1.0000 | Prec: 1.0000 | Recall: 1.0000 | Spec: 1.0000
[2025-12-02 09:18:10,581 INFO main.train_one_fold]   Confusion: TP=5, TN=5, FP=0, FN=0
[2025-12-02 09:18:26,486 INFO main.train_one_fold] TRAIN CHUNK | Fold 1 | Epoch 047/100 | Loss: 0.2405 | Acc: 0.9110 | Prec: 0.8726 | Recall: 0.9479 | Spec: 0.8787
[2025-12-02 09:18:27,778 INFO main.train_one_fold] EVAL CHUNK | Fold 1 | Epoch 047/100 | Loss: 0.3235 | Acc: 0.9118 | Prec: 0.9241 | Recall: 0.8933 | Spec: 0.9295
[2025-12-02 09:18:27,779 INFO main.train_one_fold]   Confusion: TP=134, TN=145, FP=11, FN=16
[2025-12-02 09:18:27,779 INFO main.train_one_fold] EVAL SUBJECT | Fold 1 | Epoch 047/100 | Loss: 0.3235 | Acc: 1.0000 | Prec: 1.0000 | Recall: 1.0000 | Spec: 1.0000
[2025-12-02 09:18:27,779 INFO main.train_one_fold]   Confusion: TP=5, TN=5, FP=0, FN=0
[2025-12-02 09:18:43,500 INFO main.train_one_fold] TRAIN CHUNK | Fold 1 | Epoch 048/100 | Loss: 0.2484 | Acc: 0.9103 | Prec: 0.8701 | Recall: 0.9495 | Spec: 0.8759
[2025-12-02 09:18:45,180 INFO main.train_one_fold] EVAL CHUNK | Fold 1 | Epoch 048/100 | Loss: 0.3205 | Acc: 0.9085 | Prec: 0.9296 | Recall: 0.8800 | Spec: 0.9359
[2025-12-02 09:18:45,190 INFO main.train_one_fold]   Confusion: TP=132, TN=146, FP=10, FN=18
[2025-12-02 09:18:45,190 INFO main.train_one_fold] EVAL SUBJECT | Fold 1 | Epoch 048/100 | Loss: 0.3205 | Acc: 0.9000 | Prec: 1.0000 | Recall: 0.8000 | Spec: 1.0000
[2025-12-02 09:18:45,190 INFO main.train_one_fold]   Confusion: TP=4, TN=5, FP=0, FN=1
[2025-12-02 09:18:59,832 INFO main.train_one_fold] TRAIN CHUNK | Fold 1 | Epoch 049/100 | Loss: 0.2449 | Acc: 0.9057 | Prec: 0.8712 | Recall: 0.9365 | Spec: 0.8787
[2025-12-02 09:19:01,443 INFO main.train_one_fold] EVAL CHUNK | Fold 1 | Epoch 049/100 | Loss: 0.3169 | Acc: 0.9085 | Prec: 0.9357 | Recall: 0.8733 | Spec: 0.9423
[2025-12-02 09:19:01,456 INFO main.train_one_fold]   Confusion: TP=131, TN=147, FP=9, FN=19
[2025-12-02 09:19:01,456 INFO main.train_one_fold] EVAL SUBJECT | Fold 1 | Epoch 049/100 | Loss: 0.3169 | Acc: 0.9000 | Prec: 1.0000 | Recall: 0.8000 | Spec: 1.0000
[2025-12-02 09:19:01,456 INFO main.train_one_fold]   Confusion: TP=4, TN=5, FP=0, FN=1
[2025-12-02 09:19:17,666 INFO main.train_one_fold] TRAIN CHUNK | Fold 1 | Epoch 050/100 | Loss: 0.2436 | Acc: 0.9080 | Prec: 0.8729 | Recall: 0.9397 | Spec: 0.8802
[2025-12-02 09:19:19,088 INFO main.train_one_fold] EVAL CHUNK | Fold 1 | Epoch 050/100 | Loss: 0.3082 | Acc: 0.9118 | Prec: 0.9362 | Recall: 0.8800 | Spec: 0.9423
[2025-12-02 09:19:19,088 INFO main.train_one_fold]   Confusion: TP=132, TN=147, FP=9, FN=18
[2025-12-02 09:19:19,088 INFO main.train_one_fold] EVAL SUBJECT | Fold 1 | Epoch 050/100 | Loss: 0.3082 | Acc: 0.9000 | Prec: 1.0000 | Recall: 0.8000 | Spec: 1.0000
[2025-12-02 09:19:19,088 INFO main.train_one_fold]   Confusion: TP=4, TN=5, FP=0, FN=1
[2025-12-02 09:19:19,115 INFO main.train_one_fold] Saved checkpoint: experiments/fp1_006_mdd_ec/fold_1_epoch_050.pth
[2025-12-02 09:19:34,278 INFO main.train_one_fold] TRAIN CHUNK | Fold 1 | Epoch 051/100 | Loss: 0.2563 | Acc: 0.9011 | Prec: 0.8656 | Recall: 0.9332 | Spec: 0.8730
[2025-12-02 09:19:35,779 INFO main.train_one_fold] EVAL CHUNK | Fold 1 | Epoch 051/100 | Loss: 0.3201 | Acc: 0.9085 | Prec: 0.9178 | Recall: 0.8933 | Spec: 0.9231
[2025-12-02 09:19:35,792 INFO main.train_one_fold]   Confusion: TP=134, TN=144, FP=12, FN=16
[2025-12-02 09:19:35,792 INFO main.train_one_fold] EVAL SUBJECT | Fold 1 | Epoch 051/100 | Loss: 0.3201 | Acc: 1.0000 | Prec: 1.0000 | Recall: 1.0000 | Spec: 1.0000
[2025-12-02 09:19:35,792 INFO main.train_one_fold]   Confusion: TP=5, TN=5, FP=0, FN=0
[2025-12-02 09:19:52,139 INFO main.train_one_fold] TRAIN CHUNK | Fold 1 | Epoch 052/100 | Loss: 0.2559 | Acc: 0.9019 | Prec: 0.8680 | Recall: 0.9316 | Spec: 0.8759
[2025-12-02 09:19:53,626 INFO main.train_one_fold] EVAL CHUNK | Fold 1 | Epoch 052/100 | Loss: 0.3235 | Acc: 0.9085 | Prec: 0.9178 | Recall: 0.8933 | Spec: 0.9231
[2025-12-02 09:19:53,627 INFO main.train_one_fold]   Confusion: TP=134, TN=144, FP=12, FN=16
[2025-12-02 09:19:53,630 INFO main.train_one_fold] EVAL SUBJECT | Fold 1 | Epoch 052/100 | Loss: 0.3235 | Acc: 1.0000 | Prec: 1.0000 | Recall: 1.0000 | Spec: 1.0000
[2025-12-02 09:19:53,630 INFO main.train_one_fold]   Confusion: TP=5, TN=5, FP=0, FN=0
[2025-12-02 09:20:09,045 INFO main.train_one_fold] TRAIN CHUNK | Fold 1 | Epoch 053/100 | Loss: 0.2517 | Acc: 0.9087 | Prec: 0.8687 | Recall: 0.9479 | Spec: 0.8745
[2025-12-02 09:20:10,642 INFO main.train_one_fold] EVAL CHUNK | Fold 1 | Epoch 053/100 | Loss: 0.3206 | Acc: 0.9085 | Prec: 0.9296 | Recall: 0.8800 | Spec: 0.9359
[2025-12-02 09:20:10,642 INFO main.train_one_fold]   Confusion: TP=132, TN=146, FP=10, FN=18
[2025-12-02 09:20:10,643 INFO main.train_one_fold] EVAL SUBJECT | Fold 1 | Epoch 053/100 | Loss: 0.3206 | Acc: 0.9000 | Prec: 1.0000 | Recall: 0.8000 | Spec: 1.0000
[2025-12-02 09:20:10,643 INFO main.train_one_fold]   Confusion: TP=4, TN=5, FP=0, FN=1
[2025-12-02 09:20:24,785 INFO main.train_one_fold] TRAIN CHUNK | Fold 1 | Epoch 054/100 | Loss: 0.2454 | Acc: 0.9141 | Prec: 0.8756 | Recall: 0.9511 | Spec: 0.8816
[2025-12-02 09:20:25,769 INFO main.train_one_fold] EVAL CHUNK | Fold 1 | Epoch 054/100 | Loss: 0.3246 | Acc: 0.9118 | Prec: 0.9241 | Recall: 0.8933 | Spec: 0.9295
[2025-12-02 09:20:25,769 INFO main.train_one_fold]   Confusion: TP=134, TN=145, FP=11, FN=16
[2025-12-02 09:20:25,769 INFO main.train_one_fold] EVAL SUBJECT | Fold 1 | Epoch 054/100 | Loss: 0.3246 | Acc: 1.0000 | Prec: 1.0000 | Recall: 1.0000 | Spec: 1.0000
[2025-12-02 09:20:25,770 INFO main.train_one_fold]   Confusion: TP=5, TN=5, FP=0, FN=0
[2025-12-02 09:20:39,636 INFO main.train_one_fold] TRAIN CHUNK | Fold 1 | Epoch 055/100 | Loss: 0.2374 | Acc: 0.9141 | Prec: 0.8722 | Recall: 0.9560 | Spec: 0.8773
[2025-12-02 09:20:40,608 INFO main.train_one_fold] EVAL CHUNK | Fold 1 | Epoch 055/100 | Loss: 0.3313 | Acc: 0.9085 | Prec: 0.9552 | Recall: 0.8533 | Spec: 0.9615
[2025-12-02 09:20:40,608 INFO main.train_one_fold]   Confusion: TP=128, TN=150, FP=6, FN=22
[2025-12-02 09:20:40,608 INFO main.train_one_fold] EVAL SUBJECT | Fold 1 | Epoch 055/100 | Loss: 0.3313 | Acc: 0.9000 | Prec: 1.0000 | Recall: 0.8000 | Spec: 1.0000
[2025-12-02 09:20:40,608 INFO main.train_one_fold]   Confusion: TP=4, TN=5, FP=0, FN=1
[2025-12-02 09:20:53,990 INFO main.train_one_fold] TRAIN CHUNK | Fold 1 | Epoch 056/100 | Loss: 0.2466 | Acc: 0.9027 | Prec: 0.8693 | Recall: 0.9316 | Spec: 0.8773
[2025-12-02 09:20:55,719 INFO main.train_one_fold] EVAL CHUNK | Fold 1 | Epoch 056/100 | Loss: 0.3196 | Acc: 0.9085 | Prec: 0.9178 | Recall: 0.8933 | Spec: 0.9231
[2025-12-02 09:20:55,719 INFO main.train_one_fold]   Confusion: TP=134, TN=144, FP=12, FN=16
[2025-12-02 09:20:55,719 INFO main.train_one_fold] EVAL SUBJECT | Fold 1 | Epoch 056/100 | Loss: 0.3196 | Acc: 1.0000 | Prec: 1.0000 | Recall: 1.0000 | Spec: 1.0000
[2025-12-02 09:20:55,719 INFO main.train_one_fold]   Confusion: TP=5, TN=5, FP=0, FN=0
[2025-12-02 09:21:10,163 INFO main.train_one_fold] TRAIN CHUNK | Fold 1 | Epoch 057/100 | Loss: 0.2436 | Acc: 0.9110 | Prec: 0.8794 | Recall: 0.9381 | Spec: 0.8873
[2025-12-02 09:21:12,180 INFO main.train_one_fold] EVAL CHUNK | Fold 1 | Epoch 057/100 | Loss: 0.3120 | Acc: 0.9085 | Prec: 0.9296 | Recall: 0.8800 | Spec: 0.9359
[2025-12-02 09:21:12,180 INFO main.train_one_fold]   Confusion: TP=132, TN=146, FP=10, FN=18
[2025-12-02 09:21:12,180 INFO main.train_one_fold] EVAL SUBJECT | Fold 1 | Epoch 057/100 | Loss: 0.3120 | Acc: 0.9000 | Prec: 1.0000 | Recall: 0.8000 | Spec: 1.0000
[2025-12-02 09:21:12,180 INFO main.train_one_fold]   Confusion: TP=4, TN=5, FP=0, FN=1
[2025-12-02 09:21:28,663 INFO main.train_one_fold] TRAIN CHUNK | Fold 1 | Epoch 058/100 | Loss: 0.2431 | Acc: 0.9141 | Prec: 0.8733 | Recall: 0.9544 | Spec: 0.8787
[2025-12-02 09:21:29,548 INFO main.train_one_fold] EVAL CHUNK | Fold 1 | Epoch 058/100 | Loss: 0.3118 | Acc: 0.9085 | Prec: 0.9296 | Recall: 0.8800 | Spec: 0.9359
[2025-12-02 09:21:29,555 INFO main.train_one_fold]   Confusion: TP=132, TN=146, FP=10, FN=18
[2025-12-02 09:21:29,555 INFO main.train_one_fold] EVAL SUBJECT | Fold 1 | Epoch 058/100 | Loss: 0.3118 | Acc: 0.9000 | Prec: 1.0000 | Recall: 0.8000 | Spec: 1.0000
[2025-12-02 09:21:29,555 INFO main.train_one_fold]   Confusion: TP=4, TN=5, FP=0, FN=1
[2025-12-02 09:21:45,814 INFO main.train_one_fold] TRAIN CHUNK | Fold 1 | Epoch 059/100 | Loss: 0.2418 | Acc: 0.9072 | Prec: 0.8739 | Recall: 0.9365 | Spec: 0.8816
[2025-12-02 09:21:47,155 INFO main.train_one_fold] EVAL CHUNK | Fold 1 | Epoch 059/100 | Loss: 0.3105 | Acc: 0.9052 | Prec: 0.9291 | Recall: 0.8733 | Spec: 0.9359
[2025-12-02 09:21:47,155 INFO main.train_one_fold]   Confusion: TP=131, TN=146, FP=10, FN=19
[2025-12-02 09:21:47,155 INFO main.train_one_fold] EVAL SUBJECT | Fold 1 | Epoch 059/100 | Loss: 0.3105 | Acc: 0.9000 | Prec: 1.0000 | Recall: 0.8000 | Spec: 1.0000
[2025-12-02 09:21:47,155 INFO main.train_one_fold]   Confusion: TP=4, TN=5, FP=0, FN=1
[2025-12-02 09:22:02,360 INFO main.train_one_fold] TRAIN CHUNK | Fold 1 | Epoch 060/100 | Loss: 0.2304 | Acc: 0.9141 | Prec: 0.8756 | Recall: 0.9511 | Spec: 0.8816
[2025-12-02 09:22:03,729 INFO main.train_one_fold] EVAL CHUNK | Fold 1 | Epoch 060/100 | Loss: 0.3030 | Acc: 0.9150 | Prec: 0.9429 | Recall: 0.8800 | Spec: 0.9487
[2025-12-02 09:22:03,739 INFO main.train_one_fold]   Confusion: TP=132, TN=148, FP=8, FN=18
[2025-12-02 09:22:03,739 INFO main.train_one_fold] EVAL SUBJECT | Fold 1 | Epoch 060/100 | Loss: 0.3030 | Acc: 0.9000 | Prec: 1.0000 | Recall: 0.8000 | Spec: 1.0000
[2025-12-02 09:22:03,740 INFO main.train_one_fold]   Confusion: TP=4, TN=5, FP=0, FN=1
[2025-12-02 09:22:03,740 INFO early_stopping.__call__] Validation improved from 0.9118 to 0.9150 (+0.0033) at epoch 60
[2025-12-02 09:22:03,774 INFO main.train_one_fold] Saved checkpoint: experiments/fp1_006_mdd_ec/fold_1_epoch_060.pth
[2025-12-02 09:22:20,347 INFO main.train_one_fold] TRAIN CHUNK | Fold 1 | Epoch 061/100 | Loss: 0.2402 | Acc: 0.9125 | Prec: 0.8741 | Recall: 0.9495 | Spec: 0.8802
[2025-12-02 09:22:21,629 INFO main.train_one_fold] EVAL CHUNK | Fold 1 | Epoch 061/100 | Loss: 0.3262 | Acc: 0.9118 | Prec: 0.9556 | Recall: 0.8600 | Spec: 0.9615
[2025-12-02 09:22:21,629 INFO main.train_one_fold]   Confusion: TP=129, TN=150, FP=6, FN=21
[2025-12-02 09:22:21,629 INFO main.train_one_fold] EVAL SUBJECT | Fold 1 | Epoch 061/100 | Loss: 0.3262 | Acc: 0.9000 | Prec: 1.0000 | Recall: 0.8000 | Spec: 1.0000
[2025-12-02 09:22:21,629 INFO main.train_one_fold]   Confusion: TP=4, TN=5, FP=0, FN=1
[2025-12-02 09:22:36,863 INFO main.train_one_fold] TRAIN CHUNK | Fold 1 | Epoch 062/100 | Loss: 0.2321 | Acc: 0.9148 | Prec: 0.8815 | Recall: 0.9446 | Spec: 0.8887
[2025-12-02 09:22:38,265 INFO main.train_one_fold] EVAL CHUNK | Fold 1 | Epoch 062/100 | Loss: 0.3290 | Acc: 0.9085 | Prec: 0.9420 | Recall: 0.8667 | Spec: 0.9487
[2025-12-02 09:22:38,269 INFO main.train_one_fold]   Confusion: TP=130, TN=148, FP=8, FN=20
[2025-12-02 09:22:38,269 INFO main.train_one_fold] EVAL SUBJECT | Fold 1 | Epoch 062/100 | Loss: 0.3290 | Acc: 0.9000 | Prec: 1.0000 | Recall: 0.8000 | Spec: 1.0000
[2025-12-02 09:22:38,269 INFO main.train_one_fold]   Confusion: TP=4, TN=5, FP=0, FN=1
[2025-12-02 09:22:54,230 INFO main.train_one_fold] TRAIN CHUNK | Fold 1 | Epoch 063/100 | Loss: 0.2307 | Acc: 0.9156 | Prec: 0.8805 | Recall: 0.9479 | Spec: 0.8873
[2025-12-02 09:22:55,687 INFO main.train_one_fold] EVAL CHUNK | Fold 1 | Epoch 063/100 | Loss: 0.3241 | Acc: 0.9118 | Prec: 0.9424 | Recall: 0.8733 | Spec: 0.9487
[2025-12-02 09:22:55,687 INFO main.train_one_fold]   Confusion: TP=131, TN=148, FP=8, FN=19
[2025-12-02 09:22:55,687 INFO main.train_one_fold] EVAL SUBJECT | Fold 1 | Epoch 063/100 | Loss: 0.3241 | Acc: 0.9000 | Prec: 1.0000 | Recall: 0.8000 | Spec: 1.0000
[2025-12-02 09:22:55,687 INFO main.train_one_fold]   Confusion: TP=4, TN=5, FP=0, FN=1
[2025-12-02 09:23:10,935 INFO main.train_one_fold] TRAIN CHUNK | Fold 1 | Epoch 064/100 | Loss: 0.2330 | Acc: 0.9133 | Prec: 0.8743 | Recall: 0.9511 | Spec: 0.8802
[2025-12-02 09:23:12,053 INFO main.train_one_fold] EVAL CHUNK | Fold 1 | Epoch 064/100 | Loss: 0.3494 | Acc: 0.9052 | Prec: 0.9618 | Recall: 0.8400 | Spec: 0.9679
[2025-12-02 09:23:12,058 INFO main.train_one_fold]   Confusion: TP=126, TN=151, FP=5, FN=24
[2025-12-02 09:23:12,059 INFO main.train_one_fold] EVAL SUBJECT | Fold 1 | Epoch 064/100 | Loss: 0.3494 | Acc: 0.9000 | Prec: 1.0000 | Recall: 0.8000 | Spec: 1.0000
[2025-12-02 09:23:12,059 INFO main.train_one_fold]   Confusion: TP=4, TN=5, FP=0, FN=1
[2025-12-02 09:23:25,435 INFO main.train_one_fold] TRAIN CHUNK | Fold 1 | Epoch 065/100 | Loss: 0.2342 | Acc: 0.9141 | Prec: 0.8778 | Recall: 0.9479 | Spec: 0.8845
[2025-12-02 09:23:26,548 INFO main.train_one_fold] EVAL CHUNK | Fold 1 | Epoch 065/100 | Loss: 0.3261 | Acc: 0.9085 | Prec: 0.9357 | Recall: 0.8733 | Spec: 0.9423
[2025-12-02 09:23:26,555 INFO main.train_one_fold]   Confusion: TP=131, TN=147, FP=9, FN=19
[2025-12-02 09:23:26,555 INFO main.train_one_fold] EVAL SUBJECT | Fold 1 | Epoch 065/100 | Loss: 0.3261 | Acc: 0.9000 | Prec: 1.0000 | Recall: 0.8000 | Spec: 1.0000
[2025-12-02 09:23:26,555 INFO main.train_one_fold]   Confusion: TP=4, TN=5, FP=0, FN=1
[2025-12-02 09:23:39,209 INFO main.train_one_fold] TRAIN CHUNK | Fold 1 | Epoch 066/100 | Loss: 0.2268 | Acc: 0.9179 | Prec: 0.8880 | Recall: 0.9430 | Spec: 0.8959
[2025-12-02 09:23:40,506 INFO main.train_one_fold] EVAL CHUNK | Fold 1 | Epoch 066/100 | Loss: 0.3306 | Acc: 0.9085 | Prec: 0.9357 | Recall: 0.8733 | Spec: 0.9423
[2025-12-02 09:23:40,506 INFO main.train_one_fold]   Confusion: TP=131, TN=147, FP=9, FN=19
[2025-12-02 09:23:40,506 INFO main.train_one_fold] EVAL SUBJECT | Fold 1 | Epoch 066/100 | Loss: 0.3306 | Acc: 0.9000 | Prec: 1.0000 | Recall: 0.8000 | Spec: 1.0000
[2025-12-02 09:23:40,506 INFO main.train_one_fold]   Confusion: TP=4, TN=5, FP=0, FN=1
[2025-12-02 09:23:52,345 INFO main.train_one_fold] TRAIN CHUNK | Fold 1 | Epoch 067/100 | Loss: 0.2345 | Acc: 0.9141 | Prec: 0.8778 | Recall: 0.9479 | Spec: 0.8845
[2025-12-02 09:23:53,569 INFO main.train_one_fold] EVAL CHUNK | Fold 1 | Epoch 067/100 | Loss: 0.3392 | Acc: 0.9052 | Prec: 0.9116 | Recall: 0.8933 | Spec: 0.9167
[2025-12-02 09:23:53,575 INFO main.train_one_fold]   Confusion: TP=134, TN=143, FP=13, FN=16
[2025-12-02 09:23:53,576 INFO main.train_one_fold] EVAL SUBJECT | Fold 1 | Epoch 067/100 | Loss: 0.3392 | Acc: 1.0000 | Prec: 1.0000 | Recall: 1.0000 | Spec: 1.0000
[2025-12-02 09:23:53,576 INFO main.train_one_fold]   Confusion: TP=5, TN=5, FP=0, FN=0
[2025-12-02 09:24:07,253 INFO main.train_one_fold] TRAIN CHUNK | Fold 1 | Epoch 068/100 | Loss: 0.2324 | Acc: 0.9133 | Prec: 0.8823 | Recall: 0.9397 | Spec: 0.8902
[2025-12-02 09:24:08,425 INFO main.train_one_fold] EVAL CHUNK | Fold 1 | Epoch 068/100 | Loss: 0.3222 | Acc: 0.9085 | Prec: 0.9296 | Recall: 0.8800 | Spec: 0.9359
[2025-12-02 09:24:08,425 INFO main.train_one_fold]   Confusion: TP=132, TN=146, FP=10, FN=18
[2025-12-02 09:24:08,425 INFO main.train_one_fold] EVAL SUBJECT | Fold 1 | Epoch 068/100 | Loss: 0.3222 | Acc: 0.9000 | Prec: 1.0000 | Recall: 0.8000 | Spec: 1.0000
[2025-12-02 09:24:08,425 INFO main.train_one_fold]   Confusion: TP=4, TN=5, FP=0, FN=1
[2025-12-02 09:24:23,063 INFO main.train_one_fold] TRAIN CHUNK | Fold 1 | Epoch 069/100 | Loss: 0.2521 | Acc: 0.9011 | Prec: 0.8634 | Recall: 0.9365 | Spec: 0.8702
[2025-12-02 09:24:24,391 INFO main.train_one_fold] EVAL CHUNK | Fold 1 | Epoch 069/100 | Loss: 0.3155 | Acc: 0.9118 | Prec: 0.9489 | Recall: 0.8667 | Spec: 0.9551
[2025-12-02 09:24:24,391 INFO main.train_one_fold]   Confusion: TP=130, TN=149, FP=7, FN=20
[2025-12-02 09:24:24,391 INFO main.train_one_fold] EVAL SUBJECT | Fold 1 | Epoch 069/100 | Loss: 0.3155 | Acc: 0.9000 | Prec: 1.0000 | Recall: 0.8000 | Spec: 1.0000
[2025-12-02 09:24:24,395 INFO main.train_one_fold]   Confusion: TP=4, TN=5, FP=0, FN=1
[2025-12-02 09:24:40,006 INFO main.train_one_fold] TRAIN CHUNK | Fold 1 | Epoch 070/100 | Loss: 0.2352 | Acc: 0.9148 | Prec: 0.8702 | Recall: 0.9609 | Spec: 0.8745
[2025-12-02 09:24:41,765 INFO main.train_one_fold] EVAL CHUNK | Fold 1 | Epoch 070/100 | Loss: 0.3159 | Acc: 0.9085 | Prec: 0.9357 | Recall: 0.8733 | Spec: 0.9423
[2025-12-02 09:24:41,766 INFO main.train_one_fold]   Confusion: TP=131, TN=147, FP=9, FN=19
[2025-12-02 09:24:41,769 INFO main.train_one_fold] EVAL SUBJECT | Fold 1 | Epoch 070/100 | Loss: 0.3159 | Acc: 0.9000 | Prec: 1.0000 | Recall: 0.8000 | Spec: 1.0000
[2025-12-02 09:24:41,769 INFO main.train_one_fold]   Confusion: TP=4, TN=5, FP=0, FN=1
[2025-12-02 09:24:41,818 INFO main.train_one_fold] Saved checkpoint: experiments/fp1_006_mdd_ec/fold_1_epoch_070.pth
[2025-12-02 09:24:57,918 INFO main.train_one_fold] TRAIN CHUNK | Fold 1 | Epoch 071/100 | Loss: 0.2229 | Acc: 0.9148 | Prec: 0.8757 | Recall: 0.9528 | Spec: 0.8816
[2025-12-02 09:24:59,386 INFO main.train_one_fold] EVAL CHUNK | Fold 1 | Epoch 071/100 | Loss: 0.3314 | Acc: 0.9085 | Prec: 0.9621 | Recall: 0.8467 | Spec: 0.9679
[2025-12-02 09:24:59,386 INFO main.train_one_fold]   Confusion: TP=127, TN=151, FP=5, FN=23
[2025-12-02 09:24:59,386 INFO main.train_one_fold] EVAL SUBJECT | Fold 1 | Epoch 071/100 | Loss: 0.3314 | Acc: 0.9000 | Prec: 1.0000 | Recall: 0.8000 | Spec: 1.0000
[2025-12-02 09:24:59,386 INFO main.train_one_fold]   Confusion: TP=4, TN=5, FP=0, FN=1
[2025-12-02 09:25:14,768 INFO main.train_one_fold] TRAIN CHUNK | Fold 1 | Epoch 072/100 | Loss: 0.2194 | Acc: 0.9133 | Prec: 0.8882 | Recall: 0.9316 | Spec: 0.8973
[2025-12-02 09:25:16,193 INFO main.train_one_fold] EVAL CHUNK | Fold 1 | Epoch 072/100 | Loss: 0.3171 | Acc: 0.9085 | Prec: 0.9357 | Recall: 0.8733 | Spec: 0.9423
[2025-12-02 09:25:16,194 INFO main.train_one_fold]   Confusion: TP=131, TN=147, FP=9, FN=19
[2025-12-02 09:25:16,194 INFO main.train_one_fold] EVAL SUBJECT | Fold 1 | Epoch 072/100 | Loss: 0.3171 | Acc: 0.9000 | Prec: 1.0000 | Recall: 0.8000 | Spec: 1.0000
[2025-12-02 09:25:16,194 INFO main.train_one_fold]   Confusion: TP=4, TN=5, FP=0, FN=1
[2025-12-02 09:25:31,603 INFO main.train_one_fold] TRAIN CHUNK | Fold 1 | Epoch 073/100 | Loss: 0.2324 | Acc: 0.9049 | Prec: 0.8688 | Recall: 0.9381 | Spec: 0.8759
[2025-12-02 09:25:32,928 INFO main.train_one_fold] EVAL CHUNK | Fold 1 | Epoch 073/100 | Loss: 0.3201 | Acc: 0.9085 | Prec: 0.9420 | Recall: 0.8667 | Spec: 0.9487
[2025-12-02 09:25:32,932 INFO main.train_one_fold]   Confusion: TP=130, TN=148, FP=8, FN=20
[2025-12-02 09:25:32,932 INFO main.train_one_fold] EVAL SUBJECT | Fold 1 | Epoch 073/100 | Loss: 0.3201 | Acc: 0.9000 | Prec: 1.0000 | Recall: 0.8000 | Spec: 1.0000
[2025-12-02 09:25:32,932 INFO main.train_one_fold]   Confusion: TP=4, TN=5, FP=0, FN=1
[2025-12-02 09:25:50,071 INFO main.train_one_fold] TRAIN CHUNK | Fold 1 | Epoch 074/100 | Loss: 0.2224 | Acc: 0.9148 | Prec: 0.8746 | Recall: 0.9544 | Spec: 0.8802
[2025-12-02 09:25:51,302 INFO main.train_one_fold] EVAL CHUNK | Fold 1 | Epoch 074/100 | Loss: 0.3238 | Acc: 0.9085 | Prec: 0.9296 | Recall: 0.8800 | Spec: 0.9359
[2025-12-02 09:25:51,302 INFO main.train_one_fold]   Confusion: TP=132, TN=146, FP=10, FN=18
[2025-12-02 09:25:51,302 INFO main.train_one_fold] EVAL SUBJECT | Fold 1 | Epoch 074/100 | Loss: 0.3238 | Acc: 0.9000 | Prec: 1.0000 | Recall: 0.8000 | Spec: 1.0000
[2025-12-02 09:25:51,302 INFO main.train_one_fold]   Confusion: TP=4, TN=5, FP=0, FN=1
[2025-12-02 09:26:03,996 INFO main.train_one_fold] TRAIN CHUNK | Fold 1 | Epoch 075/100 | Loss: 0.2316 | Acc: 0.9125 | Prec: 0.8809 | Recall: 0.9397 | Spec: 0.8887
[2025-12-02 09:26:05,263 INFO main.train_one_fold] EVAL CHUNK | Fold 1 | Epoch 075/100 | Loss: 0.3217 | Acc: 0.9085 | Prec: 0.9357 | Recall: 0.8733 | Spec: 0.9423
[2025-12-02 09:26:05,263 INFO main.train_one_fold]   Confusion: TP=131, TN=147, FP=9, FN=19
[2025-12-02 09:26:05,263 INFO main.train_one_fold] EVAL SUBJECT | Fold 1 | Epoch 075/100 | Loss: 0.3217 | Acc: 0.9000 | Prec: 1.0000 | Recall: 0.8000 | Spec: 1.0000
[2025-12-02 09:26:05,263 INFO main.train_one_fold]   Confusion: TP=4, TN=5, FP=0, FN=1
[2025-12-02 09:26:19,004 INFO main.train_one_fold] TRAIN CHUNK | Fold 1 | Epoch 076/100 | Loss: 0.2128 | Acc: 0.9163 | Prec: 0.8818 | Recall: 0.9479 | Spec: 0.8887
[2025-12-02 09:26:20,316 INFO main.train_one_fold] EVAL CHUNK | Fold 1 | Epoch 076/100 | Loss: 0.3339 | Acc: 0.9020 | Prec: 0.9478 | Recall: 0.8467 | Spec: 0.9551
[2025-12-02 09:26:20,316 INFO main.train_one_fold]   Confusion: TP=127, TN=149, FP=7, FN=23
[2025-12-02 09:26:20,316 INFO main.train_one_fold] EVAL SUBJECT | Fold 1 | Epoch 076/100 | Loss: 0.3339 | Acc: 0.9000 | Prec: 1.0000 | Recall: 0.8000 | Spec: 1.0000
[2025-12-02 09:26:20,316 INFO main.train_one_fold]   Confusion: TP=4, TN=5, FP=0, FN=1
[2025-12-02 09:26:34,025 INFO main.train_one_fold] TRAIN CHUNK | Fold 1 | Epoch 077/100 | Loss: 0.2157 | Acc: 0.9179 | Prec: 0.8845 | Recall: 0.9479 | Spec: 0.8916
[2025-12-02 09:26:35,298 INFO main.train_one_fold] EVAL CHUNK | Fold 1 | Epoch 077/100 | Loss: 0.3450 | Acc: 0.8922 | Prec: 0.9535 | Recall: 0.8200 | Spec: 0.9615
[2025-12-02 09:26:35,298 INFO main.train_one_fold]   Confusion: TP=123, TN=150, FP=6, FN=27
[2025-12-02 09:26:35,298 INFO main.train_one_fold] EVAL SUBJECT | Fold 1 | Epoch 077/100 | Loss: 0.3450 | Acc: 0.9000 | Prec: 1.0000 | Recall: 0.8000 | Spec: 1.0000
[2025-12-02 09:26:35,298 INFO main.train_one_fold]   Confusion: TP=4, TN=5, FP=0, FN=1
[2025-12-02 09:26:48,005 INFO main.train_one_fold] TRAIN CHUNK | Fold 1 | Epoch 078/100 | Loss: 0.2184 | Acc: 0.9163 | Prec: 0.8795 | Recall: 0.9511 | Spec: 0.8859
[2025-12-02 09:26:49,233 INFO main.train_one_fold] EVAL CHUNK | Fold 1 | Epoch 078/100 | Loss: 0.3581 | Acc: 0.8856 | Prec: 0.9675 | Recall: 0.7933 | Spec: 0.9744
[2025-12-02 09:26:49,233 INFO main.train_one_fold]   Confusion: TP=119, TN=152, FP=4, FN=31
[2025-12-02 09:26:49,234 INFO main.train_one_fold] EVAL SUBJECT | Fold 1 | Epoch 078/100 | Loss: 0.3581 | Acc: 0.9000 | Prec: 1.0000 | Recall: 0.8000 | Spec: 1.0000
[2025-12-02 09:26:49,234 INFO main.train_one_fold]   Confusion: TP=4, TN=5, FP=0, FN=1
[2025-12-02 09:27:02,459 INFO main.train_one_fold] TRAIN CHUNK | Fold 1 | Epoch 079/100 | Loss: 0.2257 | Acc: 0.9163 | Prec: 0.8938 | Recall: 0.9316 | Spec: 0.9030
[2025-12-02 09:27:03,667 INFO main.train_one_fold] EVAL CHUNK | Fold 1 | Epoch 079/100 | Loss: 0.3207 | Acc: 0.9052 | Prec: 0.9549 | Recall: 0.8467 | Spec: 0.9615
[2025-12-02 09:27:03,667 INFO main.train_one_fold]   Confusion: TP=127, TN=150, FP=6, FN=23
[2025-12-02 09:27:03,667 INFO main.train_one_fold] EVAL SUBJECT | Fold 1 | Epoch 079/100 | Loss: 0.3207 | Acc: 0.9000 | Prec: 1.0000 | Recall: 0.8000 | Spec: 1.0000
[2025-12-02 09:27:03,667 INFO main.train_one_fold]   Confusion: TP=4, TN=5, FP=0, FN=1
[2025-12-02 09:27:17,003 INFO main.train_one_fold] TRAIN CHUNK | Fold 1 | Epoch 080/100 | Loss: 0.2330 | Acc: 0.9118 | Prec: 0.8761 | Recall: 0.9446 | Spec: 0.8830
[2025-12-02 09:27:17,939 INFO main.train_one_fold] EVAL CHUNK | Fold 1 | Epoch 080/100 | Loss: 0.3440 | Acc: 0.8954 | Prec: 0.9758 | Recall: 0.8067 | Spec: 0.9808
[2025-12-02 09:27:17,940 INFO main.train_one_fold]   Confusion: TP=121, TN=153, FP=3, FN=29
[2025-12-02 09:27:17,940 INFO main.train_one_fold] EVAL SUBJECT | Fold 1 | Epoch 080/100 | Loss: 0.3440 | Acc: 0.9000 | Prec: 1.0000 | Recall: 0.8000 | Spec: 1.0000
[2025-12-02 09:27:17,940 INFO main.train_one_fold]   Confusion: TP=4, TN=5, FP=0, FN=1
[2025-12-02 09:27:17,940 INFO early_stopping.__call__] Early stopping triggered after 20 epochs without improvement. Best score: 0.9150 at epoch 60
[2025-12-02 09:27:17,940 INFO main.train_one_fold] Early stopping triggered at epoch 80
[2025-12-02 09:27:17,940 INFO main.train_one_fold] 
Fold 1 training completed. Best Combined Val Acc: 0.9118 at epoch 43
[2025-12-02 09:27:17,940 INFO main.train_cross_validation] ================================================================================
[2025-12-02 09:27:17,940 INFO main.train_cross_validation] FOLD 2/6
[2025-12-02 09:27:17,940 INFO main.train_cross_validation] ================================================================================
[2025-12-02 09:27:17,940 INFO main.get_datasets_for_fold] Train subjects (44): ['mdd:H S2 EC', 'mdd:H S7 EC', 'mdd:H S19 EC', 'mdd:H S30 EC', 'mdd:H S1 EC', 'mdd:MDD S31 EC', 'mdd:MDD S22 EC', 'mdd:MDD S19 EC', 'mdd:MDD S25 EC', 'mdd:MDD S34 EC', 'mdd:H S25 EC', 'mdd:H S10 EC', 'mdd:H S14 EC', 'mdd:H S15 EC', 'mdd:H S11 EC', 'mdd:MDD S26 EC', 'mdd:MDD S20 EC', 'mdd:MDD S33 EC', 'mdd:MDD S18 EC', 'mdd:H S26 EC', 'mdd:H S5 EC', 'mdd:H S13 EC', 'mdd:H S8 EC', 'mdd:H S6 EC', 'mdd:MDD S5 EC', 'mdd:MDD S15 EC', 'mdd:MDD S13 EC', 'mdd:MDD S9 EC', 'mdd:H S28 EC', 'mdd:H S9 EC', 'mdd:H S3 EC', 'mdd:H S17 EC', 'mdd:MDD S30 EC', 'mdd:MDD S32 EC', 'mdd:MDD S27 EC', 'mdd:MDD S28 EC', 'mdd:H S20 EC', 'mdd:H S24 EC', 'mdd:H S29 EC', 'mdd:H S16 EC', 'mdd:MDD S21 EC', 'mdd:MDD S29 EC', 'mdd:MDD S6 EC', 'mdd:MDD S23 EC']...
[2025-12-02 09:27:17,941 INFO main.get_datasets_for_fold] Val subjects (10): ['mdd:H S22 EC', 'mdd:H S27 EC', 'mdd:H S4 EC', 'mdd:H S21 EC', 'mdd:H S23 EC', 'mdd:MDD S17 EC', 'mdd:MDD S3 EC', 'mdd:MDD S1 EC', 'mdd:MDD S14 EC', 'mdd:MDD S10 EC']
[2025-12-02 09:27:17,942 INFO main.get_datasets_for_fold] Training chunks: 1332
[2025-12-02 09:27:17,942 INFO main.get_datasets_for_fold] Validation chunks: 289
[2025-12-02 09:27:17,966 INFO model.__init__] Initialized LSTM with input_size=1728, hidden_size=100, batch_first=True
[2025-12-02 09:27:17,967 INFO main.train_one_fold] Starting training for fold 2
[2025-12-02 09:27:31,520 INFO main.train_one_fold] TRAIN CHUNK | Fold 2 | Epoch 001/100 | Loss: 0.6912 | Acc: 0.5308 | Prec: 0.0000 | Recall: 0.0000 | Spec: 1.0000
[2025-12-02 09:27:32,652 INFO main.train_one_fold] EVAL CHUNK | Fold 2 | Epoch 001/100 | Loss: 0.6925 | Acc: 0.5190 | Prec: 0.0000 | Recall: 0.0000 | Spec: 1.0000
[2025-12-02 09:27:32,652 INFO main.train_one_fold]   Confusion: TP=0, TN=150, FP=0, FN=139
[2025-12-02 09:27:32,653 INFO main.train_one_fold] EVAL SUBJECT | Fold 2 | Epoch 001/100 | Loss: 0.6925 | Acc: 0.5000 | Prec: 0.0000 | Recall: 0.0000 | Spec: 1.0000
[2025-12-02 09:27:32,653 INFO main.train_one_fold]   Confusion: TP=0, TN=5, FP=0, FN=5
[2025-12-02 09:27:32,678 INFO main.train_one_fold] ✓ Saved best model: experiments/fp1_006_mdd_ec/fold_2_best.pth (combined=0.2595, chunk=0.5190, subject=0.5000)
[2025-12-02 09:27:32,678 INFO early_stopping.__call__] Early stopping initialized: best score 0.5190 at epoch 1
[2025-12-02 09:27:47,395 INFO main.train_one_fold] TRAIN CHUNK | Fold 2 | Epoch 002/100 | Loss: 0.6909 | Acc: 0.5308 | Prec: 0.0000 | Recall: 0.0000 | Spec: 1.0000
[2025-12-02 09:27:48,608 INFO main.train_one_fold] EVAL CHUNK | Fold 2 | Epoch 002/100 | Loss: 0.6913 | Acc: 0.5190 | Prec: 0.0000 | Recall: 0.0000 | Spec: 1.0000
[2025-12-02 09:27:48,608 INFO main.train_one_fold]   Confusion: TP=0, TN=150, FP=0, FN=139
[2025-12-02 09:27:48,608 INFO main.train_one_fold] EVAL SUBJECT | Fold 2 | Epoch 002/100 | Loss: 0.6913 | Acc: 0.5000 | Prec: 0.0000 | Recall: 0.0000 | Spec: 1.0000
[2025-12-02 09:27:48,608 INFO main.train_one_fold]   Confusion: TP=0, TN=5, FP=0, FN=5
[2025-12-02 09:28:02,115 INFO main.train_one_fold] TRAIN CHUNK | Fold 2 | Epoch 003/100 | Loss: 0.6902 | Acc: 0.5308 | Prec: 0.0000 | Recall: 0.0000 | Spec: 1.0000
[2025-12-02 09:28:03,116 INFO main.train_one_fold] EVAL CHUNK | Fold 2 | Epoch 003/100 | Loss: 0.6883 | Acc: 0.5190 | Prec: 0.0000 | Recall: 0.0000 | Spec: 1.0000
[2025-12-02 09:28:03,117 INFO main.train_one_fold]   Confusion: TP=0, TN=150, FP=0, FN=139
[2025-12-02 09:28:03,117 INFO main.train_one_fold] EVAL SUBJECT | Fold 2 | Epoch 003/100 | Loss: 0.6883 | Acc: 0.5000 | Prec: 0.0000 | Recall: 0.0000 | Spec: 1.0000
[2025-12-02 09:28:03,117 INFO main.train_one_fold]   Confusion: TP=0, TN=5, FP=0, FN=5
[2025-12-02 09:28:15,727 INFO main.train_one_fold] TRAIN CHUNK | Fold 2 | Epoch 004/100 | Loss: 0.6884 | Acc: 0.5308 | Prec: 0.0000 | Recall: 0.0000 | Spec: 1.0000
[2025-12-02 09:28:16,665 INFO main.train_one_fold] EVAL CHUNK | Fold 2 | Epoch 004/100 | Loss: 0.6791 | Acc: 0.5190 | Prec: 0.0000 | Recall: 0.0000 | Spec: 1.0000
[2025-12-02 09:28:16,665 INFO main.train_one_fold]   Confusion: TP=0, TN=150, FP=0, FN=139
[2025-12-02 09:28:16,665 INFO main.train_one_fold] EVAL SUBJECT | Fold 2 | Epoch 004/100 | Loss: 0.6791 | Acc: 0.5000 | Prec: 0.0000 | Recall: 0.0000 | Spec: 1.0000
[2025-12-02 09:28:16,665 INFO main.train_one_fold]   Confusion: TP=0, TN=5, FP=0, FN=5
[2025-12-02 09:28:29,528 INFO main.train_one_fold] TRAIN CHUNK | Fold 2 | Epoch 005/100 | Loss: 0.6818 | Acc: 0.5661 | Prec: 0.8133 | Recall: 0.0976 | Spec: 0.9802
[2025-12-02 09:28:30,854 INFO main.train_one_fold] EVAL CHUNK | Fold 2 | Epoch 005/100 | Loss: 0.6527 | Acc: 0.8547 | Prec: 0.9145 | Recall: 0.7698 | Spec: 0.9333
[2025-12-02 09:28:30,854 INFO main.train_one_fold]   Confusion: TP=107, TN=140, FP=10, FN=32
[2025-12-02 09:28:30,854 INFO main.train_one_fold] EVAL SUBJECT | Fold 2 | Epoch 005/100 | Loss: 0.6527 | Acc: 1.0000 | Prec: 1.0000 | Recall: 1.0000 | Spec: 1.0000
[2025-12-02 09:28:30,854 INFO main.train_one_fold]   Confusion: TP=5, TN=5, FP=0, FN=0
[2025-12-02 09:28:30,912 INFO main.train_one_fold] ✓ Saved best model: experiments/fp1_006_mdd_ec/fold_2_best.pth (combined=0.8547, chunk=0.8547, subject=1.0000)
[2025-12-02 09:28:30,912 INFO early_stopping.__call__] Validation improved from 0.5190 to 0.8547 (+0.3356) at epoch 5
[2025-12-02 09:28:44,040 INFO main.train_one_fold] TRAIN CHUNK | Fold 2 | Epoch 006/100 | Loss: 0.6594 | Acc: 0.6929 | Prec: 0.7368 | Recall: 0.5376 | Spec: 0.8303
[2025-12-02 09:28:45,489 INFO main.train_one_fold] EVAL CHUNK | Fold 2 | Epoch 006/100 | Loss: 0.5561 | Acc: 0.8789 | Prec: 0.8171 | Recall: 0.9640 | Spec: 0.8000
[2025-12-02 09:28:45,489 INFO main.train_one_fold]   Confusion: TP=134, TN=120, FP=30, FN=5
[2025-12-02 09:28:45,489 INFO main.train_one_fold] EVAL SUBJECT | Fold 2 | Epoch 006/100 | Loss: 0.5561 | Acc: 0.9000 | Prec: 0.8333 | Recall: 1.0000 | Spec: 0.8000
[2025-12-02 09:28:45,489 INFO main.train_one_fold]   Confusion: TP=5, TN=4, FP=1, FN=0
[2025-12-02 09:28:45,489 INFO early_stopping.__call__] Validation improved from 0.8547 to 0.8789 (+0.0242) at epoch 6
[2025-12-02 09:28:57,013 INFO main.train_one_fold] TRAIN CHUNK | Fold 2 | Epoch 007/100 | Loss: 0.5971 | Acc: 0.7613 | Prec: 0.7344 | Recall: 0.7696 | Spec: 0.7539
[2025-12-02 09:28:57,959 INFO main.train_one_fold] EVAL CHUNK | Fold 2 | Epoch 007/100 | Loss: 0.4365 | Acc: 0.8962 | Prec: 0.8225 | Recall: 1.0000 | Spec: 0.8000
[2025-12-02 09:28:57,959 INFO main.train_one_fold]   Confusion: TP=139, TN=120, FP=30, FN=0
[2025-12-02 09:28:57,959 INFO main.train_one_fold] EVAL SUBJECT | Fold 2 | Epoch 007/100 | Loss: 0.4365 | Acc: 0.9000 | Prec: 0.8333 | Recall: 1.0000 | Spec: 0.8000
[2025-12-02 09:28:57,960 INFO main.train_one_fold]   Confusion: TP=5, TN=4, FP=1, FN=0
[2025-12-02 09:28:57,960 INFO early_stopping.__call__] Validation improved from 0.8789 to 0.8962 (+0.0173) at epoch 7
[2025-12-02 09:29:10,795 INFO main.train_one_fold] TRAIN CHUNK | Fold 2 | Epoch 008/100 | Loss: 0.4969 | Acc: 0.8198 | Prec: 0.7655 | Recall: 0.8880 | Spec: 0.7595
[2025-12-02 09:29:11,624 INFO main.train_one_fold] EVAL CHUNK | Fold 2 | Epoch 008/100 | Loss: 0.3607 | Acc: 0.8927 | Prec: 0.8176 | Recall: 1.0000 | Spec: 0.7933
[2025-12-02 09:29:11,624 INFO main.train_one_fold]   Confusion: TP=139, TN=119, FP=31, FN=0
[2025-12-02 09:29:11,624 INFO main.train_one_fold] EVAL SUBJECT | Fold 2 | Epoch 008/100 | Loss: 0.3607 | Acc: 0.9000 | Prec: 0.8333 | Recall: 1.0000 | Spec: 0.8000
[2025-12-02 09:29:11,624 INFO main.train_one_fold]   Confusion: TP=5, TN=4, FP=1, FN=0
[2025-12-02 09:29:23,633 INFO main.train_one_fold] TRAIN CHUNK | Fold 2 | Epoch 009/100 | Loss: 0.4229 | Acc: 0.8461 | Prec: 0.7975 | Recall: 0.9008 | Spec: 0.7977
[2025-12-02 09:29:24,838 INFO main.train_one_fold] EVAL CHUNK | Fold 2 | Epoch 009/100 | Loss: 0.3399 | Acc: 0.8893 | Prec: 0.8129 | Recall: 1.0000 | Spec: 0.7867
[2025-12-02 09:29:24,838 INFO main.train_one_fold]   Confusion: TP=139, TN=118, FP=32, FN=0
[2025-12-02 09:29:24,838 INFO main.train_one_fold] EVAL SUBJECT | Fold 2 | Epoch 009/100 | Loss: 0.3399 | Acc: 0.9000 | Prec: 0.8333 | Recall: 1.0000 | Spec: 0.8000
[2025-12-02 09:29:24,838 INFO main.train_one_fold]   Confusion: TP=5, TN=4, FP=1, FN=0
[2025-12-02 09:29:43,413 INFO main.train_one_fold] TRAIN CHUNK | Fold 2 | Epoch 010/100 | Loss: 0.3828 | Acc: 0.8679 | Prec: 0.8131 | Recall: 0.9328 | Spec: 0.8105
[2025-12-02 09:29:44,500 INFO main.train_one_fold] EVAL CHUNK | Fold 2 | Epoch 010/100 | Loss: 0.3133 | Acc: 0.8962 | Prec: 0.8225 | Recall: 1.0000 | Spec: 0.8000
[2025-12-02 09:29:44,500 INFO main.train_one_fold]   Confusion: TP=139, TN=120, FP=30, FN=0
[2025-12-02 09:29:44,500 INFO main.train_one_fold] EVAL SUBJECT | Fold 2 | Epoch 010/100 | Loss: 0.3133 | Acc: 0.9000 | Prec: 0.8333 | Recall: 1.0000 | Spec: 0.8000
[2025-12-02 09:29:44,500 INFO main.train_one_fold]   Confusion: TP=5, TN=4, FP=1, FN=0
[2025-12-02 09:29:44,529 INFO main.train_one_fold] Saved checkpoint: experiments/fp1_006_mdd_ec/fold_2_epoch_010.pth
[2025-12-02 09:30:02,459 INFO main.train_one_fold] TRAIN CHUNK | Fold 2 | Epoch 011/100 | Loss: 0.3595 | Acc: 0.8656 | Prec: 0.8223 | Recall: 0.9104 | Spec: 0.8260
[2025-12-02 09:30:03,704 INFO main.train_one_fold] EVAL CHUNK | Fold 2 | Epoch 011/100 | Loss: 0.3006 | Acc: 0.8962 | Prec: 0.8225 | Recall: 1.0000 | Spec: 0.8000
[2025-12-02 09:30:03,705 INFO main.train_one_fold]   Confusion: TP=139, TN=120, FP=30, FN=0
[2025-12-02 09:30:03,705 INFO main.train_one_fold] EVAL SUBJECT | Fold 2 | Epoch 011/100 | Loss: 0.3006 | Acc: 0.9000 | Prec: 0.8333 | Recall: 1.0000 | Spec: 0.8000
[2025-12-02 09:30:03,705 INFO main.train_one_fold]   Confusion: TP=5, TN=4, FP=1, FN=0
[2025-12-02 09:30:22,462 INFO main.train_one_fold] TRAIN CHUNK | Fold 2 | Epoch 012/100 | Loss: 0.3485 | Acc: 0.8709 | Prec: 0.8168 | Recall: 0.9344 | Spec: 0.8147
[2025-12-02 09:30:23,409 INFO main.train_one_fold] EVAL CHUNK | Fold 2 | Epoch 012/100 | Loss: 0.2984 | Acc: 0.8962 | Prec: 0.8225 | Recall: 1.0000 | Spec: 0.8000
[2025-12-02 09:30:23,409 INFO main.train_one_fold]   Confusion: TP=139, TN=120, FP=30, FN=0
[2025-12-02 09:30:23,409 INFO main.train_one_fold] EVAL SUBJECT | Fold 2 | Epoch 012/100 | Loss: 0.2984 | Acc: 0.9000 | Prec: 0.8333 | Recall: 1.0000 | Spec: 0.8000
[2025-12-02 09:30:23,409 INFO main.train_one_fold]   Confusion: TP=5, TN=4, FP=1, FN=0
[2025-12-02 09:30:38,348 INFO main.train_one_fold] TRAIN CHUNK | Fold 2 | Epoch 013/100 | Loss: 0.3411 | Acc: 0.8716 | Prec: 0.8280 | Recall: 0.9168 | Spec: 0.8317
[2025-12-02 09:30:39,595 INFO main.train_one_fold] EVAL CHUNK | Fold 2 | Epoch 013/100 | Loss: 0.3159 | Acc: 0.8824 | Prec: 0.8035 | Recall: 1.0000 | Spec: 0.7733
[2025-12-02 09:30:39,595 INFO main.train_one_fold]   Confusion: TP=139, TN=116, FP=34, FN=0
[2025-12-02 09:30:39,595 INFO main.train_one_fold] EVAL SUBJECT | Fold 2 | Epoch 013/100 | Loss: 0.3159 | Acc: 0.9000 | Prec: 0.8333 | Recall: 1.0000 | Spec: 0.8000
[2025-12-02 09:30:39,595 INFO main.train_one_fold]   Confusion: TP=5, TN=4, FP=1, FN=0
[2025-12-02 09:30:56,086 INFO main.train_one_fold] TRAIN CHUNK | Fold 2 | Epoch 014/100 | Loss: 0.3443 | Acc: 0.8731 | Prec: 0.8193 | Recall: 0.9360 | Spec: 0.8175
[2025-12-02 09:30:57,493 INFO main.train_one_fold] EVAL CHUNK | Fold 2 | Epoch 014/100 | Loss: 0.2924 | Acc: 0.8893 | Prec: 0.8129 | Recall: 1.0000 | Spec: 0.7867
[2025-12-02 09:30:57,493 INFO main.train_one_fold]   Confusion: TP=139, TN=118, FP=32, FN=0
[2025-12-02 09:30:57,494 INFO main.train_one_fold] EVAL SUBJECT | Fold 2 | Epoch 014/100 | Loss: 0.2924 | Acc: 0.9000 | Prec: 0.8333 | Recall: 1.0000 | Spec: 0.8000
[2025-12-02 09:30:57,494 INFO main.train_one_fold]   Confusion: TP=5, TN=4, FP=1, FN=0
[2025-12-02 09:31:11,468 INFO main.train_one_fold] TRAIN CHUNK | Fold 2 | Epoch 015/100 | Loss: 0.3323 | Acc: 0.8701 | Prec: 0.8219 | Recall: 0.9232 | Spec: 0.8232
[2025-12-02 09:31:12,964 INFO main.train_one_fold] EVAL CHUNK | Fold 2 | Epoch 015/100 | Loss: 0.2801 | Acc: 0.8927 | Prec: 0.8176 | Recall: 1.0000 | Spec: 0.7933
[2025-12-02 09:31:12,964 INFO main.train_one_fold]   Confusion: TP=139, TN=119, FP=31, FN=0
[2025-12-02 09:31:12,964 INFO main.train_one_fold] EVAL SUBJECT | Fold 2 | Epoch 015/100 | Loss: 0.2801 | Acc: 0.9000 | Prec: 0.8333 | Recall: 1.0000 | Spec: 0.8000
[2025-12-02 09:31:12,964 INFO main.train_one_fold]   Confusion: TP=5, TN=4, FP=1, FN=0
[2025-12-02 09:31:25,055 INFO main.train_one_fold] TRAIN CHUNK | Fold 2 | Epoch 016/100 | Loss: 0.3326 | Acc: 0.8799 | Prec: 0.8252 | Recall: 0.9440 | Spec: 0.8232
[2025-12-02 09:31:26,262 INFO main.train_one_fold] EVAL CHUNK | Fold 2 | Epoch 016/100 | Loss: 0.2576 | Acc: 0.8962 | Prec: 0.8225 | Recall: 1.0000 | Spec: 0.8000
[2025-12-02 09:31:26,262 INFO main.train_one_fold]   Confusion: TP=139, TN=120, FP=30, FN=0
[2025-12-02 09:31:26,262 INFO main.train_one_fold] EVAL SUBJECT | Fold 2 | Epoch 016/100 | Loss: 0.2576 | Acc: 0.9000 | Prec: 0.8333 | Recall: 1.0000 | Spec: 0.8000
[2025-12-02 09:31:26,262 INFO main.train_one_fold]   Confusion: TP=5, TN=4, FP=1, FN=0
[2025-12-02 09:31:40,509 INFO main.train_one_fold] TRAIN CHUNK | Fold 2 | Epoch 017/100 | Loss: 0.3375 | Acc: 0.8754 | Prec: 0.8210 | Recall: 0.9392 | Spec: 0.8190
[2025-12-02 09:31:42,103 INFO main.train_one_fold] EVAL CHUNK | Fold 2 | Epoch 017/100 | Loss: 0.2554 | Acc: 0.8962 | Prec: 0.8225 | Recall: 1.0000 | Spec: 0.8000
[2025-12-02 09:31:42,103 INFO main.train_one_fold]   Confusion: TP=139, TN=120, FP=30, FN=0
[2025-12-02 09:31:42,103 INFO main.train_one_fold] EVAL SUBJECT | Fold 2 | Epoch 017/100 | Loss: 0.2554 | Acc: 0.9000 | Prec: 0.8333 | Recall: 1.0000 | Spec: 0.8000
[2025-12-02 09:31:42,103 INFO main.train_one_fold]   Confusion: TP=5, TN=4, FP=1, FN=0
[2025-12-02 09:31:56,991 INFO main.train_one_fold] TRAIN CHUNK | Fold 2 | Epoch 018/100 | Loss: 0.3216 | Acc: 0.8814 | Prec: 0.8239 | Recall: 0.9504 | Spec: 0.8204
[2025-12-02 09:31:58,175 INFO main.train_one_fold] EVAL CHUNK | Fold 2 | Epoch 018/100 | Loss: 0.2621 | Acc: 0.8962 | Prec: 0.8225 | Recall: 1.0000 | Spec: 0.8000
[2025-12-02 09:31:58,175 INFO main.train_one_fold]   Confusion: TP=139, TN=120, FP=30, FN=0
[2025-12-02 09:31:58,175 INFO main.train_one_fold] EVAL SUBJECT | Fold 2 | Epoch 018/100 | Loss: 0.2621 | Acc: 0.9000 | Prec: 0.8333 | Recall: 1.0000 | Spec: 0.8000
[2025-12-02 09:31:58,175 INFO main.train_one_fold]   Confusion: TP=5, TN=4, FP=1, FN=0
[2025-12-02 09:32:14,861 INFO main.train_one_fold] TRAIN CHUNK | Fold 2 | Epoch 019/100 | Loss: 0.3185 | Acc: 0.8776 | Prec: 0.8226 | Recall: 0.9424 | Spec: 0.8204
[2025-12-02 09:32:15,896 INFO main.train_one_fold] EVAL CHUNK | Fold 2 | Epoch 019/100 | Loss: 0.2639 | Acc: 0.8927 | Prec: 0.8176 | Recall: 1.0000 | Spec: 0.7933
[2025-12-02 09:32:15,896 INFO main.train_one_fold]   Confusion: TP=139, TN=119, FP=31, FN=0
[2025-12-02 09:32:15,896 INFO main.train_one_fold] EVAL SUBJECT | Fold 2 | Epoch 019/100 | Loss: 0.2639 | Acc: 0.9000 | Prec: 0.8333 | Recall: 1.0000 | Spec: 0.8000
[2025-12-02 09:32:15,896 INFO main.train_one_fold]   Confusion: TP=5, TN=4, FP=1, FN=0
[2025-12-02 09:32:30,029 INFO main.train_one_fold] TRAIN CHUNK | Fold 2 | Epoch 020/100 | Loss: 0.3198 | Acc: 0.8776 | Prec: 0.8338 | Recall: 0.9232 | Spec: 0.8373
[2025-12-02 09:32:31,225 INFO main.train_one_fold] EVAL CHUNK | Fold 2 | Epoch 020/100 | Loss: 0.2575 | Acc: 0.8927 | Prec: 0.8176 | Recall: 1.0000 | Spec: 0.7933
[2025-12-02 09:32:31,225 INFO main.train_one_fold]   Confusion: TP=139, TN=119, FP=31, FN=0
[2025-12-02 09:32:31,225 INFO main.train_one_fold] EVAL SUBJECT | Fold 2 | Epoch 020/100 | Loss: 0.2575 | Acc: 0.9000 | Prec: 0.8333 | Recall: 1.0000 | Spec: 0.8000
[2025-12-02 09:32:31,225 INFO main.train_one_fold]   Confusion: TP=5, TN=4, FP=1, FN=0
[2025-12-02 09:32:31,241 INFO main.train_one_fold] Saved checkpoint: experiments/fp1_006_mdd_ec/fold_2_epoch_020.pth
[2025-12-02 09:32:45,090 INFO main.train_one_fold] TRAIN CHUNK | Fold 2 | Epoch 021/100 | Loss: 0.3259 | Acc: 0.8829 | Prec: 0.8271 | Recall: 0.9488 | Spec: 0.8246
[2025-12-02 09:32:46,249 INFO main.train_one_fold] EVAL CHUNK | Fold 2 | Epoch 021/100 | Loss: 0.2426 | Acc: 0.8927 | Prec: 0.8176 | Recall: 1.0000 | Spec: 0.7933
[2025-12-02 09:32:46,249 INFO main.train_one_fold]   Confusion: TP=139, TN=119, FP=31, FN=0
[2025-12-02 09:32:46,249 INFO main.train_one_fold] EVAL SUBJECT | Fold 2 | Epoch 021/100 | Loss: 0.2426 | Acc: 0.9000 | Prec: 0.8333 | Recall: 1.0000 | Spec: 0.8000
[2025-12-02 09:32:46,249 INFO main.train_one_fold]   Confusion: TP=5, TN=4, FP=1, FN=0
[2025-12-02 09:33:00,663 INFO main.train_one_fold] TRAIN CHUNK | Fold 2 | Epoch 022/100 | Loss: 0.3259 | Acc: 0.8769 | Prec: 0.8270 | Recall: 0.9328 | Spec: 0.8274
[2025-12-02 09:33:02,086 INFO main.train_one_fold] EVAL CHUNK | Fold 2 | Epoch 022/100 | Loss: 0.2424 | Acc: 0.8927 | Prec: 0.8176 | Recall: 1.0000 | Spec: 0.7933
[2025-12-02 09:33:02,086 INFO main.train_one_fold]   Confusion: TP=139, TN=119, FP=31, FN=0
[2025-12-02 09:33:02,086 INFO main.train_one_fold] EVAL SUBJECT | Fold 2 | Epoch 022/100 | Loss: 0.2424 | Acc: 0.9000 | Prec: 0.8333 | Recall: 1.0000 | Spec: 0.8000
[2025-12-02 09:33:02,086 INFO main.train_one_fold]   Confusion: TP=5, TN=4, FP=1, FN=0
[2025-12-02 09:33:16,415 INFO main.train_one_fold] TRAIN CHUNK | Fold 2 | Epoch 023/100 | Loss: 0.3204 | Acc: 0.8821 | Prec: 0.8277 | Recall: 0.9456 | Spec: 0.8260
[2025-12-02 09:33:17,103 INFO main.train_one_fold] EVAL CHUNK | Fold 2 | Epoch 023/100 | Loss: 0.2276 | Acc: 0.8997 | Prec: 0.8274 | Recall: 1.0000 | Spec: 0.8067
[2025-12-02 09:33:17,103 INFO main.train_one_fold]   Confusion: TP=139, TN=121, FP=29, FN=0
[2025-12-02 09:33:17,103 INFO main.train_one_fold] EVAL SUBJECT | Fold 2 | Epoch 023/100 | Loss: 0.2276 | Acc: 0.9000 | Prec: 0.8333 | Recall: 1.0000 | Spec: 0.8000
[2025-12-02 09:33:17,103 INFO main.train_one_fold]   Confusion: TP=5, TN=4, FP=1, FN=0
[2025-12-02 09:33:17,103 INFO early_stopping.__call__] Validation improved from 0.8962 to 0.8997 (+0.0035) at epoch 23
[2025-12-02 09:33:32,437 INFO main.train_one_fold] TRAIN CHUNK | Fold 2 | Epoch 024/100 | Loss: 0.3211 | Acc: 0.8814 | Prec: 0.8284 | Recall: 0.9424 | Spec: 0.8274
[2025-12-02 09:33:33,788 INFO main.train_one_fold] EVAL CHUNK | Fold 2 | Epoch 024/100 | Loss: 0.2486 | Acc: 0.8962 | Prec: 0.8225 | Recall: 1.0000 | Spec: 0.8000
[2025-12-02 09:33:33,788 INFO main.train_one_fold]   Confusion: TP=139, TN=120, FP=30, FN=0
[2025-12-02 09:33:33,788 INFO main.train_one_fold] EVAL SUBJECT | Fold 2 | Epoch 024/100 | Loss: 0.2486 | Acc: 0.9000 | Prec: 0.8333 | Recall: 1.0000 | Spec: 0.8000
[2025-12-02 09:33:33,789 INFO main.train_one_fold]   Confusion: TP=5, TN=4, FP=1, FN=0
[2025-12-02 09:33:48,374 INFO main.train_one_fold] TRAIN CHUNK | Fold 2 | Epoch 025/100 | Loss: 0.3224 | Acc: 0.8829 | Prec: 0.8326 | Recall: 0.9392 | Spec: 0.8331
[2025-12-02 09:33:49,952 INFO main.train_one_fold] EVAL CHUNK | Fold 2 | Epoch 025/100 | Loss: 0.2447 | Acc: 0.8962 | Prec: 0.8225 | Recall: 1.0000 | Spec: 0.8000
[2025-12-02 09:33:49,952 INFO main.train_one_fold]   Confusion: TP=139, TN=120, FP=30, FN=0
[2025-12-02 09:33:49,953 INFO main.train_one_fold] EVAL SUBJECT | Fold 2 | Epoch 025/100 | Loss: 0.2447 | Acc: 0.9000 | Prec: 0.8333 | Recall: 1.0000 | Spec: 0.8000
[2025-12-02 09:33:49,953 INFO main.train_one_fold]   Confusion: TP=5, TN=4, FP=1, FN=0
[2025-12-02 09:34:06,684 INFO main.train_one_fold] TRAIN CHUNK | Fold 2 | Epoch 026/100 | Loss: 0.3207 | Acc: 0.8859 | Prec: 0.8326 | Recall: 0.9472 | Spec: 0.8317
[2025-12-02 09:34:08,585 INFO main.train_one_fold] EVAL CHUNK | Fold 2 | Epoch 026/100 | Loss: 0.2133 | Acc: 0.9100 | Prec: 0.8424 | Recall: 1.0000 | Spec: 0.8267
[2025-12-02 09:34:08,585 INFO main.train_one_fold]   Confusion: TP=139, TN=124, FP=26, FN=0
[2025-12-02 09:34:08,586 INFO main.train_one_fold] EVAL SUBJECT | Fold 2 | Epoch 026/100 | Loss: 0.2133 | Acc: 0.9000 | Prec: 0.8333 | Recall: 1.0000 | Spec: 0.8000
[2025-12-02 09:34:08,586 INFO main.train_one_fold]   Confusion: TP=5, TN=4, FP=1, FN=0
[2025-12-02 09:34:08,586 INFO early_stopping.__call__] Validation improved from 0.8997 to 0.9100 (+0.0104) at epoch 26
[2025-12-02 09:34:27,875 INFO main.train_one_fold] TRAIN CHUNK | Fold 2 | Epoch 027/100 | Loss: 0.3174 | Acc: 0.8799 | Prec: 0.8243 | Recall: 0.9456 | Spec: 0.8218
[2025-12-02 09:34:30,046 INFO main.train_one_fold] EVAL CHUNK | Fold 2 | Epoch 027/100 | Loss: 0.2064 | Acc: 0.9100 | Prec: 0.8424 | Recall: 1.0000 | Spec: 0.8267
[2025-12-02 09:34:30,046 INFO main.train_one_fold]   Confusion: TP=139, TN=124, FP=26, FN=0
[2025-12-02 09:34:30,047 INFO main.train_one_fold] EVAL SUBJECT | Fold 2 | Epoch 027/100 | Loss: 0.2064 | Acc: 0.9000 | Prec: 0.8333 | Recall: 1.0000 | Spec: 0.8000
[2025-12-02 09:34:30,047 INFO main.train_one_fold]   Confusion: TP=5, TN=4, FP=1, FN=0
[2025-12-02 09:34:49,803 INFO main.train_one_fold] TRAIN CHUNK | Fold 2 | Epoch 028/100 | Loss: 0.3158 | Acc: 0.8814 | Prec: 0.8331 | Recall: 0.9344 | Spec: 0.8345
[2025-12-02 09:34:51,900 INFO main.train_one_fold] EVAL CHUNK | Fold 2 | Epoch 028/100 | Loss: 0.2105 | Acc: 0.9066 | Prec: 0.8373 | Recall: 1.0000 | Spec: 0.8200
[2025-12-02 09:34:51,901 INFO main.train_one_fold]   Confusion: TP=139, TN=123, FP=27, FN=0
[2025-12-02 09:34:51,901 INFO main.train_one_fold] EVAL SUBJECT | Fold 2 | Epoch 028/100 | Loss: 0.2105 | Acc: 0.9000 | Prec: 0.8333 | Recall: 1.0000 | Spec: 0.8000
[2025-12-02 09:34:51,901 INFO main.train_one_fold]   Confusion: TP=5, TN=4, FP=1, FN=0
[2025-12-02 09:35:08,338 INFO main.train_one_fold] TRAIN CHUNK | Fold 2 | Epoch 029/100 | Loss: 0.3094 | Acc: 0.8776 | Prec: 0.8263 | Recall: 0.9360 | Spec: 0.8260
[2025-12-02 09:35:09,344 INFO main.train_one_fold] EVAL CHUNK | Fold 2 | Epoch 029/100 | Loss: 0.2106 | Acc: 0.9066 | Prec: 0.8373 | Recall: 1.0000 | Spec: 0.8200
[2025-12-02 09:35:09,344 INFO main.train_one_fold]   Confusion: TP=139, TN=123, FP=27, FN=0
[2025-12-02 09:35:09,344 INFO main.train_one_fold] EVAL SUBJECT | Fold 2 | Epoch 029/100 | Loss: 0.2106 | Acc: 0.9000 | Prec: 0.8333 | Recall: 1.0000 | Spec: 0.8000
[2025-12-02 09:35:09,344 INFO main.train_one_fold]   Confusion: TP=5, TN=4, FP=1, FN=0
[2025-12-02 09:35:21,651 INFO main.train_one_fold] TRAIN CHUNK | Fold 2 | Epoch 030/100 | Loss: 0.3157 | Acc: 0.8829 | Prec: 0.8336 | Recall: 0.9376 | Spec: 0.8345
[2025-12-02 09:35:22,736 INFO main.train_one_fold] EVAL CHUNK | Fold 2 | Epoch 030/100 | Loss: 0.2287 | Acc: 0.8997 | Prec: 0.8274 | Recall: 1.0000 | Spec: 0.8067
[2025-12-02 09:35:22,737 INFO main.train_one_fold]   Confusion: TP=139, TN=121, FP=29, FN=0
[2025-12-02 09:35:22,737 INFO main.train_one_fold] EVAL SUBJECT | Fold 2 | Epoch 030/100 | Loss: 0.2287 | Acc: 0.9000 | Prec: 0.8333 | Recall: 1.0000 | Spec: 0.8000
[2025-12-02 09:35:22,737 INFO main.train_one_fold]   Confusion: TP=5, TN=4, FP=1, FN=0
[2025-12-02 09:35:22,764 INFO main.train_one_fold] Saved checkpoint: experiments/fp1_006_mdd_ec/fold_2_epoch_030.pth
[2025-12-02 09:35:37,861 INFO main.train_one_fold] TRAIN CHUNK | Fold 2 | Epoch 031/100 | Loss: 0.3130 | Acc: 0.8814 | Prec: 0.8293 | Recall: 0.9408 | Spec: 0.8289
[2025-12-02 09:35:38,955 INFO main.train_one_fold] EVAL CHUNK | Fold 2 | Epoch 031/100 | Loss: 0.2027 | Acc: 0.9100 | Prec: 0.8424 | Recall: 1.0000 | Spec: 0.8267
[2025-12-02 09:35:38,955 INFO main.train_one_fold]   Confusion: TP=139, TN=124, FP=26, FN=0
[2025-12-02 09:35:38,955 INFO main.train_one_fold] EVAL SUBJECT | Fold 2 | Epoch 031/100 | Loss: 0.2027 | Acc: 0.9000 | Prec: 0.8333 | Recall: 1.0000 | Spec: 0.8000
[2025-12-02 09:35:38,955 INFO main.train_one_fold]   Confusion: TP=5, TN=4, FP=1, FN=0
[2025-12-02 09:35:55,139 INFO main.train_one_fold] TRAIN CHUNK | Fold 2 | Epoch 032/100 | Loss: 0.3088 | Acc: 0.8829 | Prec: 0.8336 | Recall: 0.9376 | Spec: 0.8345
[2025-12-02 09:35:55,942 INFO main.train_one_fold] EVAL CHUNK | Fold 2 | Epoch 032/100 | Loss: 0.2340 | Acc: 0.9031 | Prec: 0.8323 | Recall: 1.0000 | Spec: 0.8133
[2025-12-02 09:35:55,942 INFO main.train_one_fold]   Confusion: TP=139, TN=122, FP=28, FN=0
[2025-12-02 09:35:55,942 INFO main.train_one_fold] EVAL SUBJECT | Fold 2 | Epoch 032/100 | Loss: 0.2340 | Acc: 0.9000 | Prec: 0.8333 | Recall: 1.0000 | Spec: 0.8000
[2025-12-02 09:35:55,942 INFO main.train_one_fold]   Confusion: TP=5, TN=4, FP=1, FN=0
[2025-12-02 09:36:07,957 INFO main.train_one_fold] TRAIN CHUNK | Fold 2 | Epoch 033/100 | Loss: 0.2998 | Acc: 0.8896 | Prec: 0.8366 | Recall: 0.9504 | Spec: 0.8359
[2025-12-02 09:36:09,385 INFO main.train_one_fold] EVAL CHUNK | Fold 2 | Epoch 033/100 | Loss: 0.2187 | Acc: 0.9066 | Prec: 0.8373 | Recall: 1.0000 | Spec: 0.8200
[2025-12-02 09:36:09,388 INFO main.train_one_fold]   Confusion: TP=139, TN=123, FP=27, FN=0
[2025-12-02 09:36:09,388 INFO main.train_one_fold] EVAL SUBJECT | Fold 2 | Epoch 033/100 | Loss: 0.2187 | Acc: 0.9000 | Prec: 0.8333 | Recall: 1.0000 | Spec: 0.8000
[2025-12-02 09:36:09,388 INFO main.train_one_fold]   Confusion: TP=5, TN=4, FP=1, FN=0
[2025-12-02 09:36:23,016 INFO main.train_one_fold] TRAIN CHUNK | Fold 2 | Epoch 034/100 | Loss: 0.3107 | Acc: 0.8844 | Prec: 0.8303 | Recall: 0.9472 | Spec: 0.8289
[2025-12-02 09:36:24,357 INFO main.train_one_fold] EVAL CHUNK | Fold 2 | Epoch 034/100 | Loss: 0.2233 | Acc: 0.9031 | Prec: 0.8323 | Recall: 1.0000 | Spec: 0.8133
[2025-12-02 09:36:24,357 INFO main.train_one_fold]   Confusion: TP=139, TN=122, FP=28, FN=0
[2025-12-02 09:36:24,357 INFO main.train_one_fold] EVAL SUBJECT | Fold 2 | Epoch 034/100 | Loss: 0.2233 | Acc: 0.9000 | Prec: 0.8333 | Recall: 1.0000 | Spec: 0.8000
[2025-12-02 09:36:24,357 INFO main.train_one_fold]   Confusion: TP=5, TN=4, FP=1, FN=0
[2025-12-02 09:36:38,665 INFO main.train_one_fold] TRAIN CHUNK | Fold 2 | Epoch 035/100 | Loss: 0.3040 | Acc: 0.8851 | Prec: 0.8315 | Recall: 0.9472 | Spec: 0.8303
[2025-12-02 09:36:40,035 INFO main.train_one_fold] EVAL CHUNK | Fold 2 | Epoch 035/100 | Loss: 0.1888 | Acc: 0.9135 | Prec: 0.8476 | Recall: 1.0000 | Spec: 0.8333
[2025-12-02 09:36:40,035 INFO main.train_one_fold]   Confusion: TP=139, TN=125, FP=25, FN=0
[2025-12-02 09:36:40,036 INFO main.train_one_fold] EVAL SUBJECT | Fold 2 | Epoch 035/100 | Loss: 0.1888 | Acc: 0.9000 | Prec: 0.8333 | Recall: 1.0000 | Spec: 0.8000
[2025-12-02 09:36:40,036 INFO main.train_one_fold]   Confusion: TP=5, TN=4, FP=1, FN=0
[2025-12-02 09:36:40,036 INFO early_stopping.__call__] Validation improved from 0.9100 to 0.9135 (+0.0035) at epoch 35
[2025-12-02 09:36:57,283 INFO main.train_one_fold] TRAIN CHUNK | Fold 2 | Epoch 036/100 | Loss: 0.3101 | Acc: 0.8806 | Prec: 0.8310 | Recall: 0.9360 | Spec: 0.8317
[2025-12-02 09:36:58,860 INFO main.train_one_fold] EVAL CHUNK | Fold 2 | Epoch 036/100 | Loss: 0.2270 | Acc: 0.8997 | Prec: 0.8274 | Recall: 1.0000 | Spec: 0.8067
[2025-12-02 09:36:58,860 INFO main.train_one_fold]   Confusion: TP=139, TN=121, FP=29, FN=0
[2025-12-02 09:36:58,860 INFO main.train_one_fold] EVAL SUBJECT | Fold 2 | Epoch 036/100 | Loss: 0.2270 | Acc: 0.9000 | Prec: 0.8333 | Recall: 1.0000 | Spec: 0.8000
[2025-12-02 09:36:58,860 INFO main.train_one_fold]   Confusion: TP=5, TN=4, FP=1, FN=0
[2025-12-02 09:37:15,352 INFO main.train_one_fold] TRAIN CHUNK | Fold 2 | Epoch 037/100 | Loss: 0.3126 | Acc: 0.8881 | Prec: 0.8400 | Recall: 0.9408 | Spec: 0.8416
[2025-12-02 09:37:16,189 INFO main.train_one_fold] EVAL CHUNK | Fold 2 | Epoch 037/100 | Loss: 0.2455 | Acc: 0.8997 | Prec: 0.8274 | Recall: 1.0000 | Spec: 0.8067
[2025-12-02 09:37:16,189 INFO main.train_one_fold]   Confusion: TP=139, TN=121, FP=29, FN=0
[2025-12-02 09:37:16,189 INFO main.train_one_fold] EVAL SUBJECT | Fold 2 | Epoch 037/100 | Loss: 0.2455 | Acc: 0.9000 | Prec: 0.8333 | Recall: 1.0000 | Spec: 0.8000
[2025-12-02 09:37:16,189 INFO main.train_one_fold]   Confusion: TP=5, TN=4, FP=1, FN=0
[2025-12-02 09:37:33,436 INFO main.train_one_fold] TRAIN CHUNK | Fold 2 | Epoch 038/100 | Loss: 0.3086 | Acc: 0.8814 | Prec: 0.8257 | Recall: 0.9472 | Spec: 0.8232
[2025-12-02 09:37:34,502 INFO main.train_one_fold] EVAL CHUNK | Fold 2 | Epoch 038/100 | Loss: 0.2045 | Acc: 0.9066 | Prec: 0.8373 | Recall: 1.0000 | Spec: 0.8200
[2025-12-02 09:37:34,502 INFO main.train_one_fold]   Confusion: TP=139, TN=123, FP=27, FN=0
[2025-12-02 09:37:34,503 INFO main.train_one_fold] EVAL SUBJECT | Fold 2 | Epoch 038/100 | Loss: 0.2045 | Acc: 0.9000 | Prec: 0.8333 | Recall: 1.0000 | Spec: 0.8000
[2025-12-02 09:37:34,503 INFO main.train_one_fold]   Confusion: TP=5, TN=4, FP=1, FN=0
[2025-12-02 09:37:51,253 INFO main.train_one_fold] TRAIN CHUNK | Fold 2 | Epoch 039/100 | Loss: 0.2970 | Acc: 0.8904 | Prec: 0.8446 | Recall: 0.9392 | Spec: 0.8472
[2025-12-02 09:37:52,344 INFO main.train_one_fold] EVAL CHUNK | Fold 2 | Epoch 039/100 | Loss: 0.1801 | Acc: 0.9204 | Prec: 0.8580 | Recall: 1.0000 | Spec: 0.8467
[2025-12-02 09:37:52,344 INFO main.train_one_fold]   Confusion: TP=139, TN=127, FP=23, FN=0
[2025-12-02 09:37:52,344 INFO main.train_one_fold] EVAL SUBJECT | Fold 2 | Epoch 039/100 | Loss: 0.1801 | Acc: 0.9000 | Prec: 0.8333 | Recall: 1.0000 | Spec: 0.8000
[2025-12-02 09:37:52,344 INFO main.train_one_fold]   Confusion: TP=5, TN=4, FP=1, FN=0
[2025-12-02 09:37:52,344 INFO early_stopping.__call__] Validation improved from 0.9135 to 0.9204 (+0.0069) at epoch 39
[2025-12-02 09:38:09,959 INFO main.train_one_fold] TRAIN CHUNK | Fold 2 | Epoch 040/100 | Loss: 0.3163 | Acc: 0.8806 | Prec: 0.8338 | Recall: 0.9312 | Spec: 0.8359
[2025-12-02 09:38:11,068 INFO main.train_one_fold] EVAL CHUNK | Fold 2 | Epoch 040/100 | Loss: 0.2043 | Acc: 0.9031 | Prec: 0.8323 | Recall: 1.0000 | Spec: 0.8133
[2025-12-02 09:38:11,068 INFO main.train_one_fold]   Confusion: TP=139, TN=122, FP=28, FN=0
[2025-12-02 09:38:11,068 INFO main.train_one_fold] EVAL SUBJECT | Fold 2 | Epoch 040/100 | Loss: 0.2043 | Acc: 0.9000 | Prec: 0.8333 | Recall: 1.0000 | Spec: 0.8000
[2025-12-02 09:38:11,068 INFO main.train_one_fold]   Confusion: TP=5, TN=4, FP=1, FN=0
[2025-12-02 09:38:11,086 INFO main.train_one_fold] Saved checkpoint: experiments/fp1_006_mdd_ec/fold_2_epoch_040.pth
[2025-12-02 09:38:25,159 INFO main.train_one_fold] TRAIN CHUNK | Fold 2 | Epoch 041/100 | Loss: 0.2972 | Acc: 0.8926 | Prec: 0.8473 | Recall: 0.9408 | Spec: 0.8501
[2025-12-02 09:38:25,896 INFO main.train_one_fold] EVAL CHUNK | Fold 2 | Epoch 041/100 | Loss: 0.1838 | Acc: 0.9066 | Prec: 0.8373 | Recall: 1.0000 | Spec: 0.8200
[2025-12-02 09:38:25,896 INFO main.train_one_fold]   Confusion: TP=139, TN=123, FP=27, FN=0
[2025-12-02 09:38:25,897 INFO main.train_one_fold] EVAL SUBJECT | Fold 2 | Epoch 041/100 | Loss: 0.1838 | Acc: 0.9000 | Prec: 0.8333 | Recall: 1.0000 | Spec: 0.8000
[2025-12-02 09:38:25,897 INFO main.train_one_fold]   Confusion: TP=5, TN=4, FP=1, FN=0
[2025-12-02 09:38:39,478 INFO main.train_one_fold] TRAIN CHUNK | Fold 2 | Epoch 042/100 | Loss: 0.3014 | Acc: 0.8784 | Prec: 0.8331 | Recall: 0.9264 | Spec: 0.8359
[2025-12-02 09:38:40,066 INFO main.train_one_fold] EVAL CHUNK | Fold 2 | Epoch 042/100 | Loss: 0.1544 | Acc: 0.9412 | Prec: 0.8910 | Recall: 1.0000 | Spec: 0.8867
[2025-12-02 09:38:40,066 INFO main.train_one_fold]   Confusion: TP=139, TN=133, FP=17, FN=0
[2025-12-02 09:38:40,067 INFO main.train_one_fold] EVAL SUBJECT | Fold 2 | Epoch 042/100 | Loss: 0.1544 | Acc: 0.9000 | Prec: 0.8333 | Recall: 1.0000 | Spec: 0.8000
[2025-12-02 09:38:40,067 INFO main.train_one_fold]   Confusion: TP=5, TN=4, FP=1, FN=0
[2025-12-02 09:38:40,067 INFO early_stopping.__call__] Validation improved from 0.9204 to 0.9412 (+0.0208) at epoch 42
[2025-12-02 09:38:54,784 INFO main.train_one_fold] TRAIN CHUNK | Fold 2 | Epoch 043/100 | Loss: 0.2967 | Acc: 0.8829 | Prec: 0.8317 | Recall: 0.9408 | Spec: 0.8317
[2025-12-02 09:38:55,921 INFO main.train_one_fold] EVAL CHUNK | Fold 2 | Epoch 043/100 | Loss: 0.1992 | Acc: 0.9066 | Prec: 0.8373 | Recall: 1.0000 | Spec: 0.8200
[2025-12-02 09:38:55,921 INFO main.train_one_fold]   Confusion: TP=139, TN=123, FP=27, FN=0
[2025-12-02 09:38:55,921 INFO main.train_one_fold] EVAL SUBJECT | Fold 2 | Epoch 043/100 | Loss: 0.1992 | Acc: 0.9000 | Prec: 0.8333 | Recall: 1.0000 | Spec: 0.8000
[2025-12-02 09:38:55,921 INFO main.train_one_fold]   Confusion: TP=5, TN=4, FP=1, FN=0
[2025-12-02 09:39:08,749 INFO main.train_one_fold] TRAIN CHUNK | Fold 2 | Epoch 044/100 | Loss: 0.2954 | Acc: 0.8919 | Prec: 0.8451 | Recall: 0.9424 | Spec: 0.8472
[2025-12-02 09:39:09,974 INFO main.train_one_fold] EVAL CHUNK | Fold 2 | Epoch 044/100 | Loss: 0.1872 | Acc: 0.9170 | Prec: 0.8528 | Recall: 1.0000 | Spec: 0.8400
[2025-12-02 09:39:09,975 INFO main.train_one_fold]   Confusion: TP=139, TN=126, FP=24, FN=0
[2025-12-02 09:39:09,975 INFO main.train_one_fold] EVAL SUBJECT | Fold 2 | Epoch 044/100 | Loss: 0.1872 | Acc: 0.9000 | Prec: 0.8333 | Recall: 1.0000 | Spec: 0.8000
[2025-12-02 09:39:09,975 INFO main.train_one_fold]   Confusion: TP=5, TN=4, FP=1, FN=0
[2025-12-02 09:39:26,337 INFO main.train_one_fold] TRAIN CHUNK | Fold 2 | Epoch 045/100 | Loss: 0.2870 | Acc: 0.8881 | Prec: 0.8400 | Recall: 0.9408 | Spec: 0.8416
[2025-12-02 09:39:27,642 INFO main.train_one_fold] EVAL CHUNK | Fold 2 | Epoch 045/100 | Loss: 0.1962 | Acc: 0.9100 | Prec: 0.8424 | Recall: 1.0000 | Spec: 0.8267
[2025-12-02 09:39:27,642 INFO main.train_one_fold]   Confusion: TP=139, TN=124, FP=26, FN=0
[2025-12-02 09:39:27,643 INFO main.train_one_fold] EVAL SUBJECT | Fold 2 | Epoch 045/100 | Loss: 0.1962 | Acc: 0.9000 | Prec: 0.8333 | Recall: 1.0000 | Spec: 0.8000
[2025-12-02 09:39:27,643 INFO main.train_one_fold]   Confusion: TP=5, TN=4, FP=1, FN=0
[2025-12-02 09:39:45,952 INFO main.train_one_fold] TRAIN CHUNK | Fold 2 | Epoch 046/100 | Loss: 0.2964 | Acc: 0.8926 | Prec: 0.8493 | Recall: 0.9376 | Spec: 0.8529
[2025-12-02 09:39:47,577 INFO main.train_one_fold] EVAL CHUNK | Fold 2 | Epoch 046/100 | Loss: 0.1456 | Acc: 0.9481 | Prec: 0.9026 | Recall: 1.0000 | Spec: 0.9000
[2025-12-02 09:39:47,578 INFO main.train_one_fold]   Confusion: TP=139, TN=135, FP=15, FN=0
[2025-12-02 09:39:47,578 INFO main.train_one_fold] EVAL SUBJECT | Fold 2 | Epoch 046/100 | Loss: 0.1456 | Acc: 1.0000 | Prec: 1.0000 | Recall: 1.0000 | Spec: 1.0000
[2025-12-02 09:39:47,578 INFO main.train_one_fold]   Confusion: TP=5, TN=5, FP=0, FN=0
[2025-12-02 09:39:47,605 INFO main.train_one_fold] ✓ Saved best model: experiments/fp1_006_mdd_ec/fold_2_best.pth (combined=0.9481, chunk=0.9481, subject=1.0000)
[2025-12-02 09:39:47,605 INFO early_stopping.__call__] Validation improved from 0.9412 to 0.9481 (+0.0069) at epoch 46
[2025-12-02 09:40:04,601 INFO main.train_one_fold] TRAIN CHUNK | Fold 2 | Epoch 047/100 | Loss: 0.3010 | Acc: 0.8851 | Prec: 0.8362 | Recall: 0.9392 | Spec: 0.8373
[2025-12-02 09:40:06,501 INFO main.train_one_fold] EVAL CHUNK | Fold 2 | Epoch 047/100 | Loss: 0.1315 | Acc: 0.9619 | Prec: 0.9267 | Recall: 1.0000 | Spec: 0.9267
[2025-12-02 09:40:06,505 INFO main.train_one_fold]   Confusion: TP=139, TN=139, FP=11, FN=0
[2025-12-02 09:40:06,505 INFO main.train_one_fold] EVAL SUBJECT | Fold 2 | Epoch 047/100 | Loss: 0.1315 | Acc: 1.0000 | Prec: 1.0000 | Recall: 1.0000 | Spec: 1.0000
[2025-12-02 09:40:06,505 INFO main.train_one_fold]   Confusion: TP=5, TN=5, FP=0, FN=0
[2025-12-02 09:40:06,574 INFO main.train_one_fold] ✓ Saved best model: experiments/fp1_006_mdd_ec/fold_2_best.pth (combined=0.9619, chunk=0.9619, subject=1.0000)
[2025-12-02 09:40:06,574 INFO early_stopping.__call__] Validation improved from 0.9481 to 0.9619 (+0.0138) at epoch 47
[2025-12-02 09:40:26,280 INFO main.train_one_fold] TRAIN CHUNK | Fold 2 | Epoch 048/100 | Loss: 0.2848 | Acc: 0.8934 | Prec: 0.8526 | Recall: 0.9344 | Spec: 0.8571
[2025-12-02 09:40:27,246 INFO main.train_one_fold] EVAL CHUNK | Fold 2 | Epoch 048/100 | Loss: 0.1625 | Acc: 0.9204 | Prec: 0.8580 | Recall: 1.0000 | Spec: 0.8467
[2025-12-02 09:40:27,246 INFO main.train_one_fold]   Confusion: TP=139, TN=127, FP=23, FN=0
[2025-12-02 09:40:27,246 INFO main.train_one_fold] EVAL SUBJECT | Fold 2 | Epoch 048/100 | Loss: 0.1625 | Acc: 0.9000 | Prec: 0.8333 | Recall: 1.0000 | Spec: 0.8000
[2025-12-02 09:40:27,247 INFO main.train_one_fold]   Confusion: TP=5, TN=4, FP=1, FN=0
[2025-12-02 09:40:42,676 INFO main.train_one_fold] TRAIN CHUNK | Fold 2 | Epoch 049/100 | Loss: 0.2859 | Acc: 0.8889 | Prec: 0.8452 | Recall: 0.9344 | Spec: 0.8487
[2025-12-02 09:40:44,285 INFO main.train_one_fold] EVAL CHUNK | Fold 2 | Epoch 049/100 | Loss: 0.1259 | Acc: 0.9619 | Prec: 0.9267 | Recall: 1.0000 | Spec: 0.9267
[2025-12-02 09:40:44,290 INFO main.train_one_fold]   Confusion: TP=139, TN=139, FP=11, FN=0
[2025-12-02 09:40:44,290 INFO main.train_one_fold] EVAL SUBJECT | Fold 2 | Epoch 049/100 | Loss: 0.1259 | Acc: 1.0000 | Prec: 1.0000 | Recall: 1.0000 | Spec: 1.0000
[2025-12-02 09:40:44,293 INFO main.train_one_fold]   Confusion: TP=5, TN=5, FP=0, FN=0
[2025-12-02 09:40:58,296 INFO main.train_one_fold] TRAIN CHUNK | Fold 2 | Epoch 050/100 | Loss: 0.2948 | Acc: 0.8889 | Prec: 0.8462 | Recall: 0.9328 | Spec: 0.8501
[2025-12-02 09:40:59,837 INFO main.train_one_fold] EVAL CHUNK | Fold 2 | Epoch 050/100 | Loss: 0.1457 | Acc: 0.9446 | Prec: 0.8968 | Recall: 1.0000 | Spec: 0.8933
[2025-12-02 09:40:59,838 INFO main.train_one_fold]   Confusion: TP=139, TN=134, FP=16, FN=0
[2025-12-02 09:40:59,838 INFO main.train_one_fold] EVAL SUBJECT | Fold 2 | Epoch 050/100 | Loss: 0.1457 | Acc: 1.0000 | Prec: 1.0000 | Recall: 1.0000 | Spec: 1.0000
[2025-12-02 09:40:59,838 INFO main.train_one_fold]   Confusion: TP=5, TN=5, FP=0, FN=0
[2025-12-02 09:40:59,853 INFO main.train_one_fold] Saved checkpoint: experiments/fp1_006_mdd_ec/fold_2_epoch_050.pth
[2025-12-02 09:41:14,053 INFO main.train_one_fold] TRAIN CHUNK | Fold 2 | Epoch 051/100 | Loss: 0.2848 | Acc: 0.8919 | Prec: 0.8542 | Recall: 0.9280 | Spec: 0.8600
[2025-12-02 09:41:15,284 INFO main.train_one_fold] EVAL CHUNK | Fold 2 | Epoch 051/100 | Loss: 0.1653 | Acc: 0.9170 | Prec: 0.8528 | Recall: 1.0000 | Spec: 0.8400
[2025-12-02 09:41:15,285 INFO main.train_one_fold]   Confusion: TP=139, TN=126, FP=24, FN=0
[2025-12-02 09:41:15,285 INFO main.train_one_fold] EVAL SUBJECT | Fold 2 | Epoch 051/100 | Loss: 0.1653 | Acc: 0.9000 | Prec: 0.8333 | Recall: 1.0000 | Spec: 0.8000
[2025-12-02 09:41:15,285 INFO main.train_one_fold]   Confusion: TP=5, TN=4, FP=1, FN=0
[2025-12-02 09:41:31,408 INFO main.train_one_fold] TRAIN CHUNK | Fold 2 | Epoch 052/100 | Loss: 0.2841 | Acc: 0.8896 | Prec: 0.8414 | Recall: 0.9424 | Spec: 0.8430
[2025-12-02 09:41:32,368 INFO main.train_one_fold] EVAL CHUNK | Fold 2 | Epoch 052/100 | Loss: 0.1072 | Acc: 0.9654 | Prec: 0.9329 | Recall: 1.0000 | Spec: 0.9333
[2025-12-02 09:41:32,369 INFO main.train_one_fold]   Confusion: TP=139, TN=140, FP=10, FN=0
[2025-12-02 09:41:32,369 INFO main.train_one_fold] EVAL SUBJECT | Fold 2 | Epoch 052/100 | Loss: 0.1072 | Acc: 1.0000 | Prec: 1.0000 | Recall: 1.0000 | Spec: 1.0000
[2025-12-02 09:41:32,369 INFO main.train_one_fold]   Confusion: TP=5, TN=5, FP=0, FN=0
[2025-12-02 09:41:32,410 INFO main.train_one_fold] ✓ Saved best model: experiments/fp1_006_mdd_ec/fold_2_best.pth (combined=0.9654, chunk=0.9654, subject=1.0000)
[2025-12-02 09:41:32,410 INFO early_stopping.__call__] Validation improved from 0.9619 to 0.9654 (+0.0035) at epoch 52
[2025-12-02 09:41:50,809 INFO main.train_one_fold] TRAIN CHUNK | Fold 2 | Epoch 053/100 | Loss: 0.2853 | Acc: 0.8881 | Prec: 0.8449 | Recall: 0.9328 | Spec: 0.8487
[2025-12-02 09:41:52,438 INFO main.train_one_fold] EVAL CHUNK | Fold 2 | Epoch 053/100 | Loss: 0.1411 | Acc: 0.9516 | Prec: 0.9085 | Recall: 1.0000 | Spec: 0.9067
[2025-12-02 09:41:52,439 INFO main.train_one_fold]   Confusion: TP=139, TN=136, FP=14, FN=0
[2025-12-02 09:41:52,439 INFO main.train_one_fold] EVAL SUBJECT | Fold 2 | Epoch 053/100 | Loss: 0.1411 | Acc: 1.0000 | Prec: 1.0000 | Recall: 1.0000 | Spec: 1.0000
[2025-12-02 09:41:52,439 INFO main.train_one_fold]   Confusion: TP=5, TN=5, FP=0, FN=0
[2025-12-02 09:42:12,735 INFO main.train_one_fold] TRAIN CHUNK | Fold 2 | Epoch 054/100 | Loss: 0.2739 | Acc: 0.9002 | Prec: 0.8650 | Recall: 0.9328 | Spec: 0.8713
[2025-12-02 09:42:13,977 INFO main.train_one_fold] EVAL CHUNK | Fold 2 | Epoch 054/100 | Loss: 0.1086 | Acc: 0.9654 | Prec: 0.9329 | Recall: 1.0000 | Spec: 0.9333
[2025-12-02 09:42:13,977 INFO main.train_one_fold]   Confusion: TP=139, TN=140, FP=10, FN=0
[2025-12-02 09:42:13,978 INFO main.train_one_fold] EVAL SUBJECT | Fold 2 | Epoch 054/100 | Loss: 0.1086 | Acc: 1.0000 | Prec: 1.0000 | Recall: 1.0000 | Spec: 1.0000
[2025-12-02 09:42:13,978 INFO main.train_one_fold]   Confusion: TP=5, TN=5, FP=0, FN=0
[2025-12-02 09:42:32,039 INFO main.train_one_fold] TRAIN CHUNK | Fold 2 | Epoch 055/100 | Loss: 0.2784 | Acc: 0.8964 | Prec: 0.8586 | Recall: 0.9328 | Spec: 0.8642
[2025-12-02 09:42:33,534 INFO main.train_one_fold] EVAL CHUNK | Fold 2 | Epoch 055/100 | Loss: 0.1124 | Acc: 0.9654 | Prec: 0.9329 | Recall: 1.0000 | Spec: 0.9333
[2025-12-02 09:42:33,534 INFO main.train_one_fold]   Confusion: TP=139, TN=140, FP=10, FN=0
[2025-12-02 09:42:33,535 INFO main.train_one_fold] EVAL SUBJECT | Fold 2 | Epoch 055/100 | Loss: 0.1124 | Acc: 1.0000 | Prec: 1.0000 | Recall: 1.0000 | Spec: 1.0000
[2025-12-02 09:42:33,535 INFO main.train_one_fold]   Confusion: TP=5, TN=5, FP=0, FN=0
[2025-12-02 09:42:51,538 INFO main.train_one_fold] TRAIN CHUNK | Fold 2 | Epoch 056/100 | Loss: 0.2736 | Acc: 0.8956 | Prec: 0.8574 | Recall: 0.9328 | Spec: 0.8628
[2025-12-02 09:42:52,704 INFO main.train_one_fold] EVAL CHUNK | Fold 2 | Epoch 056/100 | Loss: 0.1217 | Acc: 0.9654 | Prec: 0.9329 | Recall: 1.0000 | Spec: 0.9333
[2025-12-02 09:42:52,705 INFO main.train_one_fold]   Confusion: TP=139, TN=140, FP=10, FN=0
[2025-12-02 09:42:52,705 INFO main.train_one_fold] EVAL SUBJECT | Fold 2 | Epoch 056/100 | Loss: 0.1217 | Acc: 1.0000 | Prec: 1.0000 | Recall: 1.0000 | Spec: 1.0000
[2025-12-02 09:42:52,705 INFO main.train_one_fold]   Confusion: TP=5, TN=5, FP=0, FN=0
[2025-12-02 09:43:07,131 INFO main.train_one_fold] TRAIN CHUNK | Fold 2 | Epoch 057/100 | Loss: 0.2857 | Acc: 0.8949 | Prec: 0.8520 | Recall: 0.9392 | Spec: 0.8557
[2025-12-02 09:43:08,311 INFO main.train_one_fold] EVAL CHUNK | Fold 2 | Epoch 057/100 | Loss: 0.1028 | Acc: 0.9723 | Prec: 0.9456 | Recall: 1.0000 | Spec: 0.9467
[2025-12-02 09:43:08,312 INFO main.train_one_fold]   Confusion: TP=139, TN=142, FP=8, FN=0
[2025-12-02 09:43:08,312 INFO main.train_one_fold] EVAL SUBJECT | Fold 2 | Epoch 057/100 | Loss: 0.1028 | Acc: 1.0000 | Prec: 1.0000 | Recall: 1.0000 | Spec: 1.0000
[2025-12-02 09:43:08,312 INFO main.train_one_fold]   Confusion: TP=5, TN=5, FP=0, FN=0
[2025-12-02 09:43:08,359 INFO main.train_one_fold] ✓ Saved best model: experiments/fp1_006_mdd_ec/fold_2_best.pth (combined=0.9723, chunk=0.9723, subject=1.0000)
[2025-12-02 09:43:08,360 INFO early_stopping.__call__] Validation improved from 0.9654 to 0.9723 (+0.0069) at epoch 57
[2025-12-02 09:43:24,179 INFO main.train_one_fold] TRAIN CHUNK | Fold 2 | Epoch 058/100 | Loss: 0.2726 | Acc: 0.8934 | Prec: 0.8610 | Recall: 0.9216 | Spec: 0.8685
[2025-12-02 09:43:25,915 INFO main.train_one_fold] EVAL CHUNK | Fold 2 | Epoch 058/100 | Loss: 0.1164 | Acc: 0.9619 | Prec: 0.9267 | Recall: 1.0000 | Spec: 0.9267
[2025-12-02 09:43:25,915 INFO main.train_one_fold]   Confusion: TP=139, TN=139, FP=11, FN=0
[2025-12-02 09:43:25,915 INFO main.train_one_fold] EVAL SUBJECT | Fold 2 | Epoch 058/100 | Loss: 0.1164 | Acc: 1.0000 | Prec: 1.0000 | Recall: 1.0000 | Spec: 1.0000
[2025-12-02 09:43:25,915 INFO main.train_one_fold]   Confusion: TP=5, TN=5, FP=0, FN=0
[2025-12-02 09:43:39,048 INFO main.train_one_fold] TRAIN CHUNK | Fold 2 | Epoch 059/100 | Loss: 0.2715 | Acc: 0.8986 | Prec: 0.8624 | Recall: 0.9328 | Spec: 0.8685
[2025-12-02 09:43:40,410 INFO main.train_one_fold] EVAL CHUNK | Fold 2 | Epoch 059/100 | Loss: 0.0998 | Acc: 0.9654 | Prec: 0.9329 | Recall: 1.0000 | Spec: 0.9333
[2025-12-02 09:43:40,414 INFO main.train_one_fold]   Confusion: TP=139, TN=140, FP=10, FN=0
[2025-12-02 09:43:40,414 INFO main.train_one_fold] EVAL SUBJECT | Fold 2 | Epoch 059/100 | Loss: 0.0998 | Acc: 1.0000 | Prec: 1.0000 | Recall: 1.0000 | Spec: 1.0000
[2025-12-02 09:43:40,414 INFO main.train_one_fold]   Confusion: TP=5, TN=5, FP=0, FN=0
[2025-12-02 09:43:55,684 INFO main.train_one_fold] TRAIN CHUNK | Fold 2 | Epoch 060/100 | Loss: 0.2629 | Acc: 0.9032 | Prec: 0.8724 | Recall: 0.9296 | Spec: 0.8798
[2025-12-02 09:43:56,796 INFO main.train_one_fold] EVAL CHUNK | Fold 2 | Epoch 060/100 | Loss: 0.1027 | Acc: 0.9827 | Prec: 0.9653 | Recall: 1.0000 | Spec: 0.9667
[2025-12-02 09:43:56,796 INFO main.train_one_fold]   Confusion: TP=139, TN=145, FP=5, FN=0
[2025-12-02 09:43:56,796 INFO main.train_one_fold] EVAL SUBJECT | Fold 2 | Epoch 060/100 | Loss: 0.1027 | Acc: 1.0000 | Prec: 1.0000 | Recall: 1.0000 | Spec: 1.0000
[2025-12-02 09:43:56,796 INFO main.train_one_fold]   Confusion: TP=5, TN=5, FP=0, FN=0
[2025-12-02 09:43:56,822 INFO main.train_one_fold] ✓ Saved best model: experiments/fp1_006_mdd_ec/fold_2_best.pth (combined=0.9827, chunk=0.9827, subject=1.0000)
[2025-12-02 09:43:56,822 INFO early_stopping.__call__] Validation improved from 0.9723 to 0.9827 (+0.0104) at epoch 60
[2025-12-02 09:43:56,843 INFO main.train_one_fold] Saved checkpoint: experiments/fp1_006_mdd_ec/fold_2_epoch_060.pth
[2025-12-02 09:44:11,855 INFO main.train_one_fold] TRAIN CHUNK | Fold 2 | Epoch 061/100 | Loss: 0.2685 | Acc: 0.8986 | Prec: 0.8635 | Recall: 0.9312 | Spec: 0.8699
[2025-12-02 09:44:13,492 INFO main.train_one_fold] EVAL CHUNK | Fold 2 | Epoch 061/100 | Loss: 0.1179 | Acc: 0.9619 | Prec: 0.9267 | Recall: 1.0000 | Spec: 0.9267
[2025-12-02 09:44:13,492 INFO main.train_one_fold]   Confusion: TP=139, TN=139, FP=11, FN=0
[2025-12-02 09:44:13,492 INFO main.train_one_fold] EVAL SUBJECT | Fold 2 | Epoch 061/100 | Loss: 0.1179 | Acc: 1.0000 | Prec: 1.0000 | Recall: 1.0000 | Spec: 1.0000
[2025-12-02 09:44:13,492 INFO main.train_one_fold]   Confusion: TP=5, TN=5, FP=0, FN=0
[2025-12-02 09:44:31,789 INFO main.train_one_fold] TRAIN CHUNK | Fold 2 | Epoch 062/100 | Loss: 0.2641 | Acc: 0.8986 | Prec: 0.8679 | Recall: 0.9248 | Spec: 0.8755
[2025-12-02 09:44:33,332 INFO main.train_one_fold] EVAL CHUNK | Fold 2 | Epoch 062/100 | Loss: 0.1213 | Acc: 0.9619 | Prec: 0.9267 | Recall: 1.0000 | Spec: 0.9267
[2025-12-02 09:44:33,332 INFO main.train_one_fold]   Confusion: TP=139, TN=139, FP=11, FN=0
[2025-12-02 09:44:33,332 INFO main.train_one_fold] EVAL SUBJECT | Fold 2 | Epoch 062/100 | Loss: 0.1213 | Acc: 1.0000 | Prec: 1.0000 | Recall: 1.0000 | Spec: 1.0000
[2025-12-02 09:44:33,333 INFO main.train_one_fold]   Confusion: TP=5, TN=5, FP=0, FN=0
[2025-12-02 09:44:48,700 INFO main.train_one_fold] TRAIN CHUNK | Fold 2 | Epoch 063/100 | Loss: 0.2731 | Acc: 0.8971 | Prec: 0.8609 | Recall: 0.9312 | Spec: 0.8670
[2025-12-02 09:44:50,140 INFO main.train_one_fold] EVAL CHUNK | Fold 2 | Epoch 063/100 | Loss: 0.1076 | Acc: 0.9654 | Prec: 0.9329 | Recall: 1.0000 | Spec: 0.9333
[2025-12-02 09:44:50,141 INFO main.train_one_fold]   Confusion: TP=139, TN=140, FP=10, FN=0
[2025-12-02 09:44:50,141 INFO main.train_one_fold] EVAL SUBJECT | Fold 2 | Epoch 063/100 | Loss: 0.1076 | Acc: 1.0000 | Prec: 1.0000 | Recall: 1.0000 | Spec: 1.0000
[2025-12-02 09:44:50,141 INFO main.train_one_fold]   Confusion: TP=5, TN=5, FP=0, FN=0
[2025-12-02 09:45:05,032 INFO main.train_one_fold] TRAIN CHUNK | Fold 2 | Epoch 064/100 | Loss: 0.2524 | Acc: 0.9024 | Prec: 0.8624 | Recall: 0.9424 | Spec: 0.8670
[2025-12-02 09:45:06,205 INFO main.train_one_fold] EVAL CHUNK | Fold 2 | Epoch 064/100 | Loss: 0.1104 | Acc: 0.9619 | Prec: 0.9267 | Recall: 1.0000 | Spec: 0.9267
[2025-12-02 09:45:06,209 INFO main.train_one_fold]   Confusion: TP=139, TN=139, FP=11, FN=0
[2025-12-02 09:45:06,209 INFO main.train_one_fold] EVAL SUBJECT | Fold 2 | Epoch 064/100 | Loss: 0.1104 | Acc: 1.0000 | Prec: 1.0000 | Recall: 1.0000 | Spec: 1.0000
[2025-12-02 09:45:06,209 INFO main.train_one_fold]   Confusion: TP=5, TN=5, FP=0, FN=0
[2025-12-02 09:45:21,411 INFO main.train_one_fold] TRAIN CHUNK | Fold 2 | Epoch 065/100 | Loss: 0.2644 | Acc: 0.9009 | Prec: 0.8752 | Recall: 0.9200 | Spec: 0.8840
[2025-12-02 09:45:22,649 INFO main.train_one_fold] EVAL CHUNK | Fold 2 | Epoch 065/100 | Loss: 0.1106 | Acc: 0.9619 | Prec: 0.9267 | Recall: 1.0000 | Spec: 0.9267
[2025-12-02 09:45:22,649 INFO main.train_one_fold]   Confusion: TP=139, TN=139, FP=11, FN=0
[2025-12-02 09:45:22,649 INFO main.train_one_fold] EVAL SUBJECT | Fold 2 | Epoch 065/100 | Loss: 0.1106 | Acc: 1.0000 | Prec: 1.0000 | Recall: 1.0000 | Spec: 1.0000
[2025-12-02 09:45:22,649 INFO main.train_one_fold]   Confusion: TP=5, TN=5, FP=0, FN=0
[2025-12-02 09:45:37,840 INFO main.train_one_fold] TRAIN CHUNK | Fold 2 | Epoch 066/100 | Loss: 0.2670 | Acc: 0.8994 | Prec: 0.8574 | Recall: 0.9424 | Spec: 0.8614
[2025-12-02 09:45:39,231 INFO main.train_one_fold] EVAL CHUNK | Fold 2 | Epoch 066/100 | Loss: 0.1026 | Acc: 0.9862 | Prec: 0.9720 | Recall: 1.0000 | Spec: 0.9733
[2025-12-02 09:45:39,232 INFO main.train_one_fold]   Confusion: TP=139, TN=146, FP=4, FN=0
[2025-12-02 09:45:39,232 INFO main.train_one_fold] EVAL SUBJECT | Fold 2 | Epoch 066/100 | Loss: 0.1026 | Acc: 1.0000 | Prec: 1.0000 | Recall: 1.0000 | Spec: 1.0000
[2025-12-02 09:45:39,232 INFO main.train_one_fold]   Confusion: TP=5, TN=5, FP=0, FN=0
[2025-12-02 09:45:39,272 INFO main.train_one_fold] ✓ Saved best model: experiments/fp1_006_mdd_ec/fold_2_best.pth (combined=0.9862, chunk=0.9862, subject=1.0000)
[2025-12-02 09:45:39,273 INFO early_stopping.__call__] Validation improved from 0.9827 to 0.9862 (+0.0035) at epoch 66
[2025-12-02 09:45:54,663 INFO main.train_one_fold] TRAIN CHUNK | Fold 2 | Epoch 067/100 | Loss: 0.2615 | Acc: 0.8949 | Prec: 0.8658 | Recall: 0.9184 | Spec: 0.8741
[2025-12-02 09:45:55,842 INFO main.train_one_fold] EVAL CHUNK | Fold 2 | Epoch 067/100 | Loss: 0.1121 | Acc: 0.9619 | Prec: 0.9267 | Recall: 1.0000 | Spec: 0.9267
[2025-12-02 09:45:55,842 INFO main.train_one_fold]   Confusion: TP=139, TN=139, FP=11, FN=0
[2025-12-02 09:45:55,842 INFO main.train_one_fold] EVAL SUBJECT | Fold 2 | Epoch 067/100 | Loss: 0.1121 | Acc: 1.0000 | Prec: 1.0000 | Recall: 1.0000 | Spec: 1.0000
[2025-12-02 09:45:55,842 INFO main.train_one_fold]   Confusion: TP=5, TN=5, FP=0, FN=0
[2025-12-02 09:46:10,768 INFO main.train_one_fold] TRAIN CHUNK | Fold 2 | Epoch 068/100 | Loss: 0.2656 | Acc: 0.9002 | Prec: 0.8661 | Recall: 0.9312 | Spec: 0.8727
[2025-12-02 09:46:11,986 INFO main.train_one_fold] EVAL CHUNK | Fold 2 | Epoch 068/100 | Loss: 0.1024 | Acc: 0.9758 | Prec: 0.9521 | Recall: 1.0000 | Spec: 0.9533
[2025-12-02 09:46:11,986 INFO main.train_one_fold]   Confusion: TP=139, TN=143, FP=7, FN=0
[2025-12-02 09:46:11,986 INFO main.train_one_fold] EVAL SUBJECT | Fold 2 | Epoch 068/100 | Loss: 0.1024 | Acc: 1.0000 | Prec: 1.0000 | Recall: 1.0000 | Spec: 1.0000
[2025-12-02 09:46:11,986 INFO main.train_one_fold]   Confusion: TP=5, TN=5, FP=0, FN=0
[2025-12-02 09:46:23,412 INFO main.train_one_fold] TRAIN CHUNK | Fold 2 | Epoch 069/100 | Loss: 0.2534 | Acc: 0.8971 | Prec: 0.8675 | Recall: 0.9216 | Spec: 0.8755
[2025-12-02 09:46:24,579 INFO main.train_one_fold] EVAL CHUNK | Fold 2 | Epoch 069/100 | Loss: 0.0959 | Acc: 0.9792 | Prec: 0.9650 | Recall: 0.9928 | Spec: 0.9667
[2025-12-02 09:46:24,579 INFO main.train_one_fold]   Confusion: TP=138, TN=145, FP=5, FN=1
[2025-12-02 09:46:24,580 INFO main.train_one_fold] EVAL SUBJECT | Fold 2 | Epoch 069/100 | Loss: 0.0959 | Acc: 1.0000 | Prec: 1.0000 | Recall: 1.0000 | Spec: 1.0000
[2025-12-02 09:46:24,580 INFO main.train_one_fold]   Confusion: TP=5, TN=5, FP=0, FN=0
[2025-12-02 09:46:37,397 INFO main.train_one_fold] TRAIN CHUNK | Fold 2 | Epoch 070/100 | Loss: 0.2568 | Acc: 0.9009 | Prec: 0.8685 | Recall: 0.9296 | Spec: 0.8755
[2025-12-02 09:46:38,185 INFO main.train_one_fold] EVAL CHUNK | Fold 2 | Epoch 070/100 | Loss: 0.1039 | Acc: 0.9827 | Prec: 0.9653 | Recall: 1.0000 | Spec: 0.9667
[2025-12-02 09:46:38,186 INFO main.train_one_fold]   Confusion: TP=139, TN=145, FP=5, FN=0
[2025-12-02 09:46:38,186 INFO main.train_one_fold] EVAL SUBJECT | Fold 2 | Epoch 070/100 | Loss: 0.1039 | Acc: 1.0000 | Prec: 1.0000 | Recall: 1.0000 | Spec: 1.0000
[2025-12-02 09:46:38,186 INFO main.train_one_fold]   Confusion: TP=5, TN=5, FP=0, FN=0
[2025-12-02 09:46:38,201 INFO main.train_one_fold] Saved checkpoint: experiments/fp1_006_mdd_ec/fold_2_epoch_070.pth
[2025-12-02 09:46:51,010 INFO main.train_one_fold] TRAIN CHUNK | Fold 2 | Epoch 071/100 | Loss: 0.2560 | Acc: 0.8994 | Prec: 0.8737 | Recall: 0.9184 | Spec: 0.8826
[2025-12-02 09:46:52,203 INFO main.train_one_fold] EVAL CHUNK | Fold 2 | Epoch 071/100 | Loss: 0.0961 | Acc: 0.9862 | Prec: 0.9720 | Recall: 1.0000 | Spec: 0.9733
[2025-12-02 09:46:52,204 INFO main.train_one_fold]   Confusion: TP=139, TN=146, FP=4, FN=0
[2025-12-02 09:46:52,204 INFO main.train_one_fold] EVAL SUBJECT | Fold 2 | Epoch 071/100 | Loss: 0.0961 | Acc: 1.0000 | Prec: 1.0000 | Recall: 1.0000 | Spec: 1.0000
[2025-12-02 09:46:52,204 INFO main.train_one_fold]   Confusion: TP=5, TN=5, FP=0, FN=0
[2025-12-02 09:47:04,339 INFO main.train_one_fold] TRAIN CHUNK | Fold 2 | Epoch 072/100 | Loss: 0.2656 | Acc: 0.9002 | Prec: 0.8639 | Recall: 0.9344 | Spec: 0.8699
[2025-12-02 09:47:05,516 INFO main.train_one_fold] EVAL CHUNK | Fold 2 | Epoch 072/100 | Loss: 0.0964 | Acc: 0.9827 | Prec: 0.9653 | Recall: 1.0000 | Spec: 0.9667
[2025-12-02 09:47:05,516 INFO main.train_one_fold]   Confusion: TP=139, TN=145, FP=5, FN=0
[2025-12-02 09:47:05,516 INFO main.train_one_fold] EVAL SUBJECT | Fold 2 | Epoch 072/100 | Loss: 0.0964 | Acc: 1.0000 | Prec: 1.0000 | Recall: 1.0000 | Spec: 1.0000
[2025-12-02 09:47:05,516 INFO main.train_one_fold]   Confusion: TP=5, TN=5, FP=0, FN=0
[2025-12-02 09:47:20,209 INFO main.train_one_fold] TRAIN CHUNK | Fold 2 | Epoch 073/100 | Loss: 0.2505 | Acc: 0.9002 | Prec: 0.8750 | Recall: 0.9184 | Spec: 0.8840
[2025-12-02 09:47:21,765 INFO main.train_one_fold] EVAL CHUNK | Fold 2 | Epoch 073/100 | Loss: 0.1017 | Acc: 0.9723 | Prec: 0.9456 | Recall: 1.0000 | Spec: 0.9467
[2025-12-02 09:47:21,766 INFO main.train_one_fold]   Confusion: TP=139, TN=142, FP=8, FN=0
[2025-12-02 09:47:21,766 INFO main.train_one_fold] EVAL SUBJECT | Fold 2 | Epoch 073/100 | Loss: 0.1017 | Acc: 1.0000 | Prec: 1.0000 | Recall: 1.0000 | Spec: 1.0000
[2025-12-02 09:47:21,766 INFO main.train_one_fold]   Confusion: TP=5, TN=5, FP=0, FN=0
[2025-12-02 09:47:38,051 INFO main.train_one_fold] TRAIN CHUNK | Fold 2 | Epoch 074/100 | Loss: 0.2515 | Acc: 0.9062 | Prec: 0.8743 | Recall: 0.9344 | Spec: 0.8812
[2025-12-02 09:47:39,317 INFO main.train_one_fold] EVAL CHUNK | Fold 2 | Epoch 074/100 | Loss: 0.0935 | Acc: 0.9758 | Prec: 0.9521 | Recall: 1.0000 | Spec: 0.9533
[2025-12-02 09:47:39,317 INFO main.train_one_fold]   Confusion: TP=139, TN=143, FP=7, FN=0
[2025-12-02 09:47:39,317 INFO main.train_one_fold] EVAL SUBJECT | Fold 2 | Epoch 074/100 | Loss: 0.0935 | Acc: 1.0000 | Prec: 1.0000 | Recall: 1.0000 | Spec: 1.0000
[2025-12-02 09:47:39,317 INFO main.train_one_fold]   Confusion: TP=5, TN=5, FP=0, FN=0
[2025-12-02 09:47:55,505 INFO main.train_one_fold] TRAIN CHUNK | Fold 2 | Epoch 075/100 | Loss: 0.2452 | Acc: 0.9047 | Prec: 0.8750 | Recall: 0.9296 | Spec: 0.8826
[2025-12-02 09:47:56,846 INFO main.train_one_fold] EVAL CHUNK | Fold 2 | Epoch 075/100 | Loss: 0.1020 | Acc: 0.9758 | Prec: 0.9521 | Recall: 1.0000 | Spec: 0.9533
[2025-12-02 09:47:56,847 INFO main.train_one_fold]   Confusion: TP=139, TN=143, FP=7, FN=0
[2025-12-02 09:47:56,847 INFO main.train_one_fold] EVAL SUBJECT | Fold 2 | Epoch 075/100 | Loss: 0.1020 | Acc: 1.0000 | Prec: 1.0000 | Recall: 1.0000 | Spec: 1.0000
[2025-12-02 09:47:56,851 INFO main.train_one_fold]   Confusion: TP=5, TN=5, FP=0, FN=0
[2025-12-02 09:48:12,901 INFO main.train_one_fold] TRAIN CHUNK | Fold 2 | Epoch 076/100 | Loss: 0.2525 | Acc: 0.9017 | Prec: 0.8687 | Recall: 0.9312 | Spec: 0.8755
[2025-12-02 09:48:14,436 INFO main.train_one_fold] EVAL CHUNK | Fold 2 | Epoch 076/100 | Loss: 0.0919 | Acc: 0.9758 | Prec: 0.9521 | Recall: 1.0000 | Spec: 0.9533
[2025-12-02 09:48:14,436 INFO main.train_one_fold]   Confusion: TP=139, TN=143, FP=7, FN=0
[2025-12-02 09:48:14,436 INFO main.train_one_fold] EVAL SUBJECT | Fold 2 | Epoch 076/100 | Loss: 0.0919 | Acc: 1.0000 | Prec: 1.0000 | Recall: 1.0000 | Spec: 1.0000
[2025-12-02 09:48:14,436 INFO main.train_one_fold]   Confusion: TP=5, TN=5, FP=0, FN=0
[2025-12-02 09:48:30,211 INFO main.train_one_fold] TRAIN CHUNK | Fold 2 | Epoch 077/100 | Loss: 0.2493 | Acc: 0.9002 | Prec: 0.8672 | Recall: 0.9296 | Spec: 0.8741
[2025-12-02 09:48:31,570 INFO main.train_one_fold] EVAL CHUNK | Fold 2 | Epoch 077/100 | Loss: 0.1092 | Acc: 0.9758 | Prec: 0.9521 | Recall: 1.0000 | Spec: 0.9533
[2025-12-02 09:48:31,570 INFO main.train_one_fold]   Confusion: TP=139, TN=143, FP=7, FN=0
[2025-12-02 09:48:31,570 INFO main.train_one_fold] EVAL SUBJECT | Fold 2 | Epoch 077/100 | Loss: 0.1092 | Acc: 1.0000 | Prec: 1.0000 | Recall: 1.0000 | Spec: 1.0000
[2025-12-02 09:48:31,570 INFO main.train_one_fold]   Confusion: TP=5, TN=5, FP=0, FN=0
[2025-12-02 09:48:48,716 INFO main.train_one_fold] TRAIN CHUNK | Fold 2 | Epoch 078/100 | Loss: 0.2508 | Acc: 0.8994 | Prec: 0.8737 | Recall: 0.9184 | Spec: 0.8826
[2025-12-02 09:48:50,134 INFO main.train_one_fold] EVAL CHUNK | Fold 2 | Epoch 078/100 | Loss: 0.1062 | Acc: 0.9723 | Prec: 0.9517 | Recall: 0.9928 | Spec: 0.9533
[2025-12-02 09:48:50,134 INFO main.train_one_fold]   Confusion: TP=138, TN=143, FP=7, FN=1
[2025-12-02 09:48:50,134 INFO main.train_one_fold] EVAL SUBJECT | Fold 2 | Epoch 078/100 | Loss: 0.1062 | Acc: 1.0000 | Prec: 1.0000 | Recall: 1.0000 | Spec: 1.0000
[2025-12-02 09:48:50,134 INFO main.train_one_fold]   Confusion: TP=5, TN=5, FP=0, FN=0
[2025-12-02 09:49:06,532 INFO main.train_one_fold] TRAIN CHUNK | Fold 2 | Epoch 079/100 | Loss: 0.2490 | Acc: 0.8994 | Prec: 0.8714 | Recall: 0.9216 | Spec: 0.8798
[2025-12-02 09:49:07,756 INFO main.train_one_fold] EVAL CHUNK | Fold 2 | Epoch 079/100 | Loss: 0.1018 | Acc: 0.9723 | Prec: 0.9456 | Recall: 1.0000 | Spec: 0.9467
[2025-12-02 09:49:07,756 INFO main.train_one_fold]   Confusion: TP=139, TN=142, FP=8, FN=0
[2025-12-02 09:49:07,757 INFO main.train_one_fold] EVAL SUBJECT | Fold 2 | Epoch 079/100 | Loss: 0.1018 | Acc: 1.0000 | Prec: 1.0000 | Recall: 1.0000 | Spec: 1.0000
[2025-12-02 09:49:07,757 INFO main.train_one_fold]   Confusion: TP=5, TN=5, FP=0, FN=0
[2025-12-02 09:49:21,961 INFO main.train_one_fold] TRAIN CHUNK | Fold 2 | Epoch 080/100 | Loss: 0.2504 | Acc: 0.8994 | Prec: 0.8681 | Recall: 0.9264 | Spec: 0.8755
[2025-12-02 09:49:22,916 INFO main.train_one_fold] EVAL CHUNK | Fold 2 | Epoch 080/100 | Loss: 0.0944 | Acc: 0.9689 | Prec: 0.9392 | Recall: 1.0000 | Spec: 0.9400
[2025-12-02 09:49:22,920 INFO main.train_one_fold]   Confusion: TP=139, TN=141, FP=9, FN=0
[2025-12-02 09:49:22,920 INFO main.train_one_fold] EVAL SUBJECT | Fold 2 | Epoch 080/100 | Loss: 0.0944 | Acc: 1.0000 | Prec: 1.0000 | Recall: 1.0000 | Spec: 1.0000
[2025-12-02 09:49:22,920 INFO main.train_one_fold]   Confusion: TP=5, TN=5, FP=0, FN=0
[2025-12-02 09:49:22,948 INFO main.train_one_fold] Saved checkpoint: experiments/fp1_006_mdd_ec/fold_2_epoch_080.pth
[2025-12-02 09:49:37,595 INFO main.train_one_fold] TRAIN CHUNK | Fold 2 | Epoch 081/100 | Loss: 0.2447 | Acc: 0.8994 | Prec: 0.8794 | Recall: 0.9104 | Spec: 0.8897
[2025-12-02 09:49:38,618 INFO main.train_one_fold] EVAL CHUNK | Fold 2 | Epoch 081/100 | Loss: 0.1050 | Acc: 0.9619 | Prec: 0.9267 | Recall: 1.0000 | Spec: 0.9267
[2025-12-02 09:49:38,618 INFO main.train_one_fold]   Confusion: TP=139, TN=139, FP=11, FN=0
[2025-12-02 09:49:38,618 INFO main.train_one_fold] EVAL SUBJECT | Fold 2 | Epoch 081/100 | Loss: 0.1050 | Acc: 1.0000 | Prec: 1.0000 | Recall: 1.0000 | Spec: 1.0000
[2025-12-02 09:49:38,618 INFO main.train_one_fold]   Confusion: TP=5, TN=5, FP=0, FN=0
[2025-12-02 09:49:51,296 INFO main.train_one_fold] TRAIN CHUNK | Fold 2 | Epoch 082/100 | Loss: 0.2467 | Acc: 0.9009 | Prec: 0.8707 | Recall: 0.9264 | Spec: 0.8784
[2025-12-02 09:49:52,418 INFO main.train_one_fold] EVAL CHUNK | Fold 2 | Epoch 082/100 | Loss: 0.0872 | Acc: 0.9758 | Prec: 0.9521 | Recall: 1.0000 | Spec: 0.9533
[2025-12-02 09:49:52,419 INFO main.train_one_fold]   Confusion: TP=139, TN=143, FP=7, FN=0
[2025-12-02 09:49:52,419 INFO main.train_one_fold] EVAL SUBJECT | Fold 2 | Epoch 082/100 | Loss: 0.0872 | Acc: 1.0000 | Prec: 1.0000 | Recall: 1.0000 | Spec: 1.0000
[2025-12-02 09:49:52,419 INFO main.train_one_fold]   Confusion: TP=5, TN=5, FP=0, FN=0
[2025-12-02 09:50:06,488 INFO main.train_one_fold] TRAIN CHUNK | Fold 2 | Epoch 083/100 | Loss: 0.2412 | Acc: 0.9069 | Prec: 0.8767 | Recall: 0.9328 | Spec: 0.8840
[2025-12-02 09:50:07,448 INFO main.train_one_fold] EVAL CHUNK | Fold 2 | Epoch 083/100 | Loss: 0.0855 | Acc: 0.9827 | Prec: 0.9718 | Recall: 0.9928 | Spec: 0.9733
[2025-12-02 09:50:07,448 INFO main.train_one_fold]   Confusion: TP=138, TN=146, FP=4, FN=1
[2025-12-02 09:50:07,448 INFO main.train_one_fold] EVAL SUBJECT | Fold 2 | Epoch 083/100 | Loss: 0.0855 | Acc: 1.0000 | Prec: 1.0000 | Recall: 1.0000 | Spec: 1.0000
[2025-12-02 09:50:07,448 INFO main.train_one_fold]   Confusion: TP=5, TN=5, FP=0, FN=0
[2025-12-02 09:50:20,238 INFO main.train_one_fold] TRAIN CHUNK | Fold 2 | Epoch 084/100 | Loss: 0.2376 | Acc: 0.9077 | Prec: 0.8815 | Recall: 0.9280 | Spec: 0.8897
[2025-12-02 09:50:21,552 INFO main.train_one_fold] EVAL CHUNK | Fold 2 | Epoch 084/100 | Loss: 0.1006 | Acc: 0.9758 | Prec: 0.9521 | Recall: 1.0000 | Spec: 0.9533
[2025-12-02 09:50:21,553 INFO main.train_one_fold]   Confusion: TP=139, TN=143, FP=7, FN=0
[2025-12-02 09:50:21,553 INFO main.train_one_fold] EVAL SUBJECT | Fold 2 | Epoch 084/100 | Loss: 0.1006 | Acc: 1.0000 | Prec: 1.0000 | Recall: 1.0000 | Spec: 1.0000
[2025-12-02 09:50:21,553 INFO main.train_one_fold]   Confusion: TP=5, TN=5, FP=0, FN=0
[2025-12-02 09:50:39,173 INFO main.train_one_fold] TRAIN CHUNK | Fold 2 | Epoch 085/100 | Loss: 0.2335 | Acc: 0.9077 | Prec: 0.8803 | Recall: 0.9296 | Spec: 0.8883
[2025-12-02 09:50:40,404 INFO main.train_one_fold] EVAL CHUNK | Fold 2 | Epoch 085/100 | Loss: 0.0989 | Acc: 0.9758 | Prec: 0.9521 | Recall: 1.0000 | Spec: 0.9533
[2025-12-02 09:50:40,405 INFO main.train_one_fold]   Confusion: TP=139, TN=143, FP=7, FN=0
[2025-12-02 09:50:40,405 INFO main.train_one_fold] EVAL SUBJECT | Fold 2 | Epoch 085/100 | Loss: 0.0989 | Acc: 1.0000 | Prec: 1.0000 | Recall: 1.0000 | Spec: 1.0000
[2025-12-02 09:50:40,405 INFO main.train_one_fold]   Confusion: TP=5, TN=5, FP=0, FN=0
[2025-12-02 09:50:56,424 INFO main.train_one_fold] TRAIN CHUNK | Fold 2 | Epoch 086/100 | Loss: 0.2412 | Acc: 0.8986 | Prec: 0.8646 | Recall: 0.9296 | Spec: 0.8713
[2025-12-02 09:50:57,714 INFO main.train_one_fold] EVAL CHUNK | Fold 2 | Epoch 086/100 | Loss: 0.0967 | Acc: 0.9723 | Prec: 0.9456 | Recall: 1.0000 | Spec: 0.9467
[2025-12-02 09:50:57,714 INFO main.train_one_fold]   Confusion: TP=139, TN=142, FP=8, FN=0
[2025-12-02 09:50:57,714 INFO main.train_one_fold] EVAL SUBJECT | Fold 2 | Epoch 086/100 | Loss: 0.0967 | Acc: 1.0000 | Prec: 1.0000 | Recall: 1.0000 | Spec: 1.0000
[2025-12-02 09:50:57,718 INFO main.train_one_fold]   Confusion: TP=5, TN=5, FP=0, FN=0
[2025-12-02 09:50:57,718 INFO early_stopping.__call__] Early stopping triggered after 20 epochs without improvement. Best score: 0.9862 at epoch 66
[2025-12-02 09:50:57,718 INFO main.train_one_fold] Early stopping triggered at epoch 86
[2025-12-02 09:50:57,718 INFO main.train_one_fold] 
Fold 2 training completed. Best Combined Val Acc: 0.9862 at epoch 66
[2025-12-02 09:50:57,718 INFO main.train_cross_validation] ================================================================================
[2025-12-02 09:50:57,718 INFO main.train_cross_validation] FOLD 3/6
[2025-12-02 09:50:57,718 INFO main.train_cross_validation] ================================================================================
[2025-12-02 09:50:57,718 INFO main.get_datasets_for_fold] Train subjects (45): ['mdd:H S2 EC', 'mdd:H S7 EC', 'mdd:H S19 EC', 'mdd:H S30 EC', 'mdd:H S1 EC', 'mdd:MDD S31 EC', 'mdd:MDD S22 EC', 'mdd:MDD S19 EC', 'mdd:MDD S25 EC', 'mdd:MDD S34 EC', 'mdd:H S22 EC', 'mdd:H S27 EC', 'mdd:H S4 EC', 'mdd:H S21 EC', 'mdd:H S23 EC', 'mdd:MDD S17 EC', 'mdd:MDD S3 EC', 'mdd:MDD S1 EC', 'mdd:MDD S14 EC', 'mdd:MDD S10 EC', 'mdd:H S26 EC', 'mdd:H S5 EC', 'mdd:H S13 EC', 'mdd:H S8 EC', 'mdd:H S6 EC', 'mdd:MDD S5 EC', 'mdd:MDD S15 EC', 'mdd:MDD S13 EC', 'mdd:MDD S9 EC', 'mdd:H S28 EC', 'mdd:H S9 EC', 'mdd:H S3 EC', 'mdd:H S17 EC', 'mdd:MDD S30 EC', 'mdd:MDD S32 EC', 'mdd:MDD S27 EC', 'mdd:MDD S28 EC', 'mdd:H S20 EC', 'mdd:H S24 EC', 'mdd:H S29 EC', 'mdd:H S16 EC', 'mdd:MDD S21 EC', 'mdd:MDD S29 EC', 'mdd:MDD S6 EC', 'mdd:MDD S23 EC']...
[2025-12-02 09:50:57,719 INFO main.get_datasets_for_fold] Val subjects (9): ['mdd:H S25 EC', 'mdd:H S10 EC', 'mdd:H S14 EC', 'mdd:H S15 EC', 'mdd:H S11 EC', 'mdd:MDD S26 EC', 'mdd:MDD S20 EC', 'mdd:MDD S33 EC', 'mdd:MDD S18 EC']
[2025-12-02 09:50:57,720 INFO main.get_datasets_for_fold] Training chunks: 1343
[2025-12-02 09:50:57,720 INFO main.get_datasets_for_fold] Validation chunks: 278
[2025-12-02 09:50:57,776 INFO model.__init__] Initialized LSTM with input_size=1728, hidden_size=100, batch_first=True
[2025-12-02 09:50:57,781 INFO main.train_one_fold] Starting training for fold 3
[2025-12-02 09:51:13,728 INFO main.train_one_fold] TRAIN CHUNK | Fold 3 | Epoch 001/100 | Loss: 0.6928 | Acc: 0.5205 | Prec: 0.0000 | Recall: 0.0000 | Spec: 1.0000
[2025-12-02 09:51:15,052 INFO main.train_one_fold] EVAL CHUNK | Fold 3 | Epoch 001/100 | Loss: 0.6849 | Acc: 0.5683 | Prec: 0.0000 | Recall: 0.0000 | Spec: 1.0000
[2025-12-02 09:51:15,052 INFO main.train_one_fold]   Confusion: TP=0, TN=158, FP=0, FN=120
[2025-12-02 09:51:15,053 INFO main.train_one_fold] EVAL SUBJECT | Fold 3 | Epoch 001/100 | Loss: 0.6849 | Acc: 0.5556 | Prec: 0.0000 | Recall: 0.0000 | Spec: 1.0000
[2025-12-02 09:51:15,053 INFO main.train_one_fold]   Confusion: TP=0, TN=5, FP=0, FN=4
[2025-12-02 09:51:15,101 INFO main.train_one_fold] ✓ Saved best model: experiments/fp1_006_mdd_ec/fold_3_best.pth (combined=0.3157, chunk=0.5683, subject=0.5556)
[2025-12-02 09:51:15,102 INFO early_stopping.__call__] Early stopping initialized: best score 0.5683 at epoch 1
[2025-12-02 09:51:30,495 INFO main.train_one_fold] TRAIN CHUNK | Fold 3 | Epoch 002/100 | Loss: 0.6913 | Acc: 0.5205 | Prec: 0.0000 | Recall: 0.0000 | Spec: 1.0000
[2025-12-02 09:51:31,881 INFO main.train_one_fold] EVAL CHUNK | Fold 3 | Epoch 002/100 | Loss: 0.6838 | Acc: 0.5683 | Prec: 0.0000 | Recall: 0.0000 | Spec: 1.0000
[2025-12-02 09:51:31,882 INFO main.train_one_fold]   Confusion: TP=0, TN=158, FP=0, FN=120
[2025-12-02 09:51:31,882 INFO main.train_one_fold] EVAL SUBJECT | Fold 3 | Epoch 002/100 | Loss: 0.6838 | Acc: 0.5556 | Prec: 0.0000 | Recall: 0.0000 | Spec: 1.0000
[2025-12-02 09:51:31,882 INFO main.train_one_fold]   Confusion: TP=0, TN=5, FP=0, FN=4
[2025-12-02 09:51:48,171 INFO main.train_one_fold] TRAIN CHUNK | Fold 3 | Epoch 003/100 | Loss: 0.6886 | Acc: 0.5212 | Prec: 1.0000 | Recall: 0.0016 | Spec: 1.0000
[2025-12-02 09:51:49,325 INFO main.train_one_fold] EVAL CHUNK | Fold 3 | Epoch 003/100 | Loss: 0.6790 | Acc: 0.5683 | Prec: 0.0000 | Recall: 0.0000 | Spec: 1.0000
[2025-12-02 09:51:49,326 INFO main.train_one_fold]   Confusion: TP=0, TN=158, FP=0, FN=120
[2025-12-02 09:51:49,326 INFO main.train_one_fold] EVAL SUBJECT | Fold 3 | Epoch 003/100 | Loss: 0.6790 | Acc: 0.5556 | Prec: 0.0000 | Recall: 0.0000 | Spec: 1.0000
[2025-12-02 09:51:49,326 INFO main.train_one_fold]   Confusion: TP=0, TN=5, FP=0, FN=4
[2025-12-02 09:52:04,542 INFO main.train_one_fold] TRAIN CHUNK | Fold 3 | Epoch 004/100 | Loss: 0.6778 | Acc: 0.5689 | Prec: 0.8736 | Recall: 0.1180 | Spec: 0.9843
[2025-12-02 09:52:05,962 INFO main.train_one_fold] EVAL CHUNK | Fold 3 | Epoch 004/100 | Loss: 0.6596 | Acc: 0.7158 | Prec: 0.8868 | Recall: 0.3917 | Spec: 0.9620
[2025-12-02 09:52:05,963 INFO main.train_one_fold]   Confusion: TP=47, TN=152, FP=6, FN=73
[2025-12-02 09:52:05,963 INFO main.train_one_fold] EVAL SUBJECT | Fold 3 | Epoch 004/100 | Loss: 0.6596 | Acc: 0.7778 | Prec: 1.0000 | Recall: 0.5000 | Spec: 1.0000
[2025-12-02 09:52:05,963 INFO main.train_one_fold]   Confusion: TP=2, TN=5, FP=0, FN=2
[2025-12-02 09:52:06,002 INFO main.train_one_fold] ✓ Saved best model: experiments/fp1_006_mdd_ec/fold_3_best.pth (combined=0.5568, chunk=0.7158, subject=0.7778)
[2025-12-02 09:52:06,002 INFO early_stopping.__call__] Validation improved from 0.5683 to 0.7158 (+0.1475) at epoch 4
[2025-12-02 09:52:21,737 INFO main.train_one_fold] TRAIN CHUNK | Fold 3 | Epoch 005/100 | Loss: 0.6394 | Acc: 0.7111 | Prec: 0.8168 | Recall: 0.5124 | Spec: 0.8941
[2025-12-02 09:52:23,009 INFO main.train_one_fold] EVAL CHUNK | Fold 3 | Epoch 005/100 | Loss: 0.5720 | Acc: 0.8058 | Prec: 0.7200 | Recall: 0.9000 | Spec: 0.7342
[2025-12-02 09:52:23,009 INFO main.train_one_fold]   Confusion: TP=108, TN=116, FP=42, FN=12
[2025-12-02 09:52:23,010 INFO main.train_one_fold] EVAL SUBJECT | Fold 3 | Epoch 005/100 | Loss: 0.5720 | Acc: 0.8889 | Prec: 0.8000 | Recall: 1.0000 | Spec: 0.8000
[2025-12-02 09:52:23,010 INFO main.train_one_fold]   Confusion: TP=4, TN=4, FP=1, FN=0
[2025-12-02 09:52:23,050 INFO main.train_one_fold] ✓ Saved best model: experiments/fp1_006_mdd_ec/fold_3_best.pth (combined=0.7162, chunk=0.8058, subject=0.8889)
[2025-12-02 09:52:23,054 INFO early_stopping.__call__] Validation improved from 0.7158 to 0.8058 (+0.0899) at epoch 5
[2025-12-02 09:52:38,278 INFO main.train_one_fold] TRAIN CHUNK | Fold 3 | Epoch 006/100 | Loss: 0.5514 | Acc: 0.7960 | Prec: 0.7855 | Recall: 0.7904 | Spec: 0.8011
[2025-12-02 09:52:39,643 INFO main.train_one_fold] EVAL CHUNK | Fold 3 | Epoch 006/100 | Loss: 0.4473 | Acc: 0.8345 | Prec: 0.7434 | Recall: 0.9417 | Spec: 0.7532
[2025-12-02 09:52:39,643 INFO main.train_one_fold]   Confusion: TP=113, TN=119, FP=39, FN=7
[2025-12-02 09:52:39,643 INFO main.train_one_fold] EVAL SUBJECT | Fold 3 | Epoch 006/100 | Loss: 0.4473 | Acc: 0.8889 | Prec: 0.8000 | Recall: 1.0000 | Spec: 0.8000
[2025-12-02 09:52:39,643 INFO main.train_one_fold]   Confusion: TP=4, TN=4, FP=1, FN=0
[2025-12-02 09:52:39,687 INFO main.train_one_fold] ✓ Saved best model: experiments/fp1_006_mdd_ec/fold_3_best.pth (combined=0.7418, chunk=0.8345, subject=0.8889)
[2025-12-02 09:52:39,688 INFO early_stopping.__call__] Validation improved from 0.8058 to 0.8345 (+0.0288) at epoch 6
[2025-12-02 09:52:54,732 INFO main.train_one_fold] TRAIN CHUNK | Fold 3 | Epoch 007/100 | Loss: 0.4549 | Acc: 0.8228 | Prec: 0.7867 | Recall: 0.8649 | Spec: 0.7840
[2025-12-02 09:52:55,711 INFO main.train_one_fold] EVAL CHUNK | Fold 3 | Epoch 007/100 | Loss: 0.3569 | Acc: 0.8741 | Prec: 0.7852 | Recall: 0.9750 | Spec: 0.7975
[2025-12-02 09:52:55,715 INFO main.train_one_fold]   Confusion: TP=117, TN=126, FP=32, FN=3
[2025-12-02 09:52:55,715 INFO main.train_one_fold] EVAL SUBJECT | Fold 3 | Epoch 007/100 | Loss: 0.3569 | Acc: 0.8889 | Prec: 0.8000 | Recall: 1.0000 | Spec: 0.8000
[2025-12-02 09:52:55,715 INFO main.train_one_fold]   Confusion: TP=4, TN=4, FP=1, FN=0
[2025-12-02 09:52:55,745 INFO main.train_one_fold] ✓ Saved best model: experiments/fp1_006_mdd_ec/fold_3_best.pth (combined=0.7770, chunk=0.8741, subject=0.8889)
[2025-12-02 09:52:55,745 INFO early_stopping.__call__] Validation improved from 0.8345 to 0.8741 (+0.0396) at epoch 7
[2025-12-02 09:53:07,733 INFO main.train_one_fold] TRAIN CHUNK | Fold 3 | Epoch 008/100 | Loss: 0.3855 | Acc: 0.8533 | Prec: 0.8100 | Recall: 0.9068 | Spec: 0.8040
[2025-12-02 09:53:08,687 INFO main.train_one_fold] EVAL CHUNK | Fold 3 | Epoch 008/100 | Loss: 0.3165 | Acc: 0.8849 | Prec: 0.7973 | Recall: 0.9833 | Spec: 0.8101
[2025-12-02 09:53:08,687 INFO main.train_one_fold]   Confusion: TP=118, TN=128, FP=30, FN=2
[2025-12-02 09:53:08,687 INFO main.train_one_fold] EVAL SUBJECT | Fold 3 | Epoch 008/100 | Loss: 0.3165 | Acc: 0.8889 | Prec: 0.8000 | Recall: 1.0000 | Spec: 0.8000
[2025-12-02 09:53:08,688 INFO main.train_one_fold]   Confusion: TP=4, TN=4, FP=1, FN=0
[2025-12-02 09:53:08,729 INFO main.train_one_fold] ✓ Saved best model: experiments/fp1_006_mdd_ec/fold_3_best.pth (combined=0.7866, chunk=0.8849, subject=0.8889)
[2025-12-02 09:53:08,729 INFO early_stopping.__call__] Validation improved from 0.8741 to 0.8849 (+0.0108) at epoch 8
[2025-12-02 09:53:20,542 INFO main.train_one_fold] TRAIN CHUNK | Fold 3 | Epoch 009/100 | Loss: 0.3586 | Acc: 0.8593 | Prec: 0.8191 | Recall: 0.9068 | Spec: 0.8155
[2025-12-02 09:53:21,797 INFO main.train_one_fold] EVAL CHUNK | Fold 3 | Epoch 009/100 | Loss: 0.3323 | Acc: 0.8741 | Prec: 0.7742 | Recall: 1.0000 | Spec: 0.7785
[2025-12-02 09:53:21,797 INFO main.train_one_fold]   Confusion: TP=120, TN=123, FP=35, FN=0
[2025-12-02 09:53:21,797 INFO main.train_one_fold] EVAL SUBJECT | Fold 3 | Epoch 009/100 | Loss: 0.3323 | Acc: 0.8889 | Prec: 0.8000 | Recall: 1.0000 | Spec: 0.8000
[2025-12-02 09:53:21,797 INFO main.train_one_fold]   Confusion: TP=4, TN=4, FP=1, FN=0
[2025-12-02 09:53:34,034 INFO main.train_one_fold] TRAIN CHUNK | Fold 3 | Epoch 010/100 | Loss: 0.3369 | Acc: 0.8757 | Prec: 0.8308 | Recall: 0.9301 | Spec: 0.8255
[2025-12-02 09:53:35,101 INFO main.train_one_fold] EVAL CHUNK | Fold 3 | Epoch 010/100 | Loss: 0.3587 | Acc: 0.8633 | Prec: 0.7595 | Recall: 1.0000 | Spec: 0.7595
[2025-12-02 09:53:35,101 INFO main.train_one_fold]   Confusion: TP=120, TN=120, FP=38, FN=0
[2025-12-02 09:53:35,102 INFO main.train_one_fold] EVAL SUBJECT | Fold 3 | Epoch 010/100 | Loss: 0.3587 | Acc: 0.8889 | Prec: 0.8000 | Recall: 1.0000 | Spec: 0.8000
[2025-12-02 09:53:35,102 INFO main.train_one_fold]   Confusion: TP=4, TN=4, FP=1, FN=0
[2025-12-02 09:53:35,121 INFO main.train_one_fold] Saved checkpoint: experiments/fp1_006_mdd_ec/fold_3_epoch_010.pth
[2025-12-02 09:53:51,723 INFO main.train_one_fold] TRAIN CHUNK | Fold 3 | Epoch 011/100 | Loss: 0.3276 | Acc: 0.8727 | Prec: 0.8280 | Recall: 0.9270 | Spec: 0.8226
[2025-12-02 09:53:52,835 INFO main.train_one_fold] EVAL CHUNK | Fold 3 | Epoch 011/100 | Loss: 0.3103 | Acc: 0.8921 | Prec: 0.8000 | Recall: 1.0000 | Spec: 0.8101
[2025-12-02 09:53:52,835 INFO main.train_one_fold]   Confusion: TP=120, TN=128, FP=30, FN=0
[2025-12-02 09:53:52,835 INFO main.train_one_fold] EVAL SUBJECT | Fold 3 | Epoch 011/100 | Loss: 0.3103 | Acc: 0.8889 | Prec: 0.8000 | Recall: 1.0000 | Spec: 0.8000
[2025-12-02 09:53:52,836 INFO main.train_one_fold]   Confusion: TP=4, TN=4, FP=1, FN=0
[2025-12-02 09:53:52,868 INFO main.train_one_fold] ✓ Saved best model: experiments/fp1_006_mdd_ec/fold_3_best.pth (combined=0.7930, chunk=0.8921, subject=0.8889)
[2025-12-02 09:53:52,869 INFO early_stopping.__call__] Validation improved from 0.8849 to 0.8921 (+0.0072) at epoch 11
[2025-12-02 09:54:08,950 INFO main.train_one_fold] TRAIN CHUNK | Fold 3 | Epoch 012/100 | Loss: 0.3189 | Acc: 0.8831 | Prec: 0.8368 | Recall: 0.9394 | Spec: 0.8312
[2025-12-02 09:54:10,411 INFO main.train_one_fold] EVAL CHUNK | Fold 3 | Epoch 012/100 | Loss: 0.3034 | Acc: 0.8921 | Prec: 0.8000 | Recall: 1.0000 | Spec: 0.8101
[2025-12-02 09:54:10,415 INFO main.train_one_fold]   Confusion: TP=120, TN=128, FP=30, FN=0
[2025-12-02 09:54:10,415 INFO main.train_one_fold] EVAL SUBJECT | Fold 3 | Epoch 012/100 | Loss: 0.3034 | Acc: 0.8889 | Prec: 0.8000 | Recall: 1.0000 | Spec: 0.8000
[2025-12-02 09:54:10,415 INFO main.train_one_fold]   Confusion: TP=4, TN=4, FP=1, FN=0
[2025-12-02 09:54:26,531 INFO main.train_one_fold] TRAIN CHUNK | Fold 3 | Epoch 013/100 | Loss: 0.3019 | Acc: 0.8898 | Prec: 0.8513 | Recall: 0.9332 | Spec: 0.8498
[2025-12-02 09:54:27,747 INFO main.train_one_fold] EVAL CHUNK | Fold 3 | Epoch 013/100 | Loss: 0.3380 | Acc: 0.8741 | Prec: 0.7742 | Recall: 1.0000 | Spec: 0.7785
[2025-12-02 09:54:27,747 INFO main.train_one_fold]   Confusion: TP=120, TN=123, FP=35, FN=0
[2025-12-02 09:54:27,747 INFO main.train_one_fold] EVAL SUBJECT | Fold 3 | Epoch 013/100 | Loss: 0.3380 | Acc: 0.8889 | Prec: 0.8000 | Recall: 1.0000 | Spec: 0.8000
[2025-12-02 09:54:27,747 INFO main.train_one_fold]   Confusion: TP=4, TN=4, FP=1, FN=0
[2025-12-02 09:54:43,545 INFO main.train_one_fold] TRAIN CHUNK | Fold 3 | Epoch 014/100 | Loss: 0.3082 | Acc: 0.8831 | Prec: 0.8396 | Recall: 0.9348 | Spec: 0.8355
[2025-12-02 09:54:44,782 INFO main.train_one_fold] EVAL CHUNK | Fold 3 | Epoch 014/100 | Loss: 0.3317 | Acc: 0.8849 | Prec: 0.7895 | Recall: 1.0000 | Spec: 0.7975
[2025-12-02 09:54:44,782 INFO main.train_one_fold]   Confusion: TP=120, TN=126, FP=32, FN=0
[2025-12-02 09:54:44,782 INFO main.train_one_fold] EVAL SUBJECT | Fold 3 | Epoch 014/100 | Loss: 0.3317 | Acc: 0.8889 | Prec: 0.8000 | Recall: 1.0000 | Spec: 0.8000
[2025-12-02 09:54:44,782 INFO main.train_one_fold]   Confusion: TP=4, TN=4, FP=1, FN=0
[2025-12-02 09:54:59,685 INFO main.train_one_fold] TRAIN CHUNK | Fold 3 | Epoch 015/100 | Loss: 0.3052 | Acc: 0.8831 | Prec: 0.8340 | Recall: 0.9441 | Spec: 0.8269
[2025-12-02 09:55:01,007 INFO main.train_one_fold] EVAL CHUNK | Fold 3 | Epoch 015/100 | Loss: 0.3284 | Acc: 0.8813 | Prec: 0.7843 | Recall: 1.0000 | Spec: 0.7911
[2025-12-02 09:55:01,011 INFO main.train_one_fold]   Confusion: TP=120, TN=125, FP=33, FN=0
[2025-12-02 09:55:01,011 INFO main.train_one_fold] EVAL SUBJECT | Fold 3 | Epoch 015/100 | Loss: 0.3284 | Acc: 0.8889 | Prec: 0.8000 | Recall: 1.0000 | Spec: 0.8000
[2025-12-02 09:55:01,011 INFO main.train_one_fold]   Confusion: TP=4, TN=4, FP=1, FN=0
[2025-12-02 09:55:15,389 INFO main.train_one_fold] TRAIN CHUNK | Fold 3 | Epoch 016/100 | Loss: 0.2981 | Acc: 0.8861 | Prec: 0.8472 | Recall: 0.9301 | Spec: 0.8455
[2025-12-02 09:55:16,904 INFO main.train_one_fold] EVAL CHUNK | Fold 3 | Epoch 016/100 | Loss: 0.3554 | Acc: 0.8525 | Prec: 0.7453 | Recall: 1.0000 | Spec: 0.7405
[2025-12-02 09:55:16,904 INFO main.train_one_fold]   Confusion: TP=120, TN=117, FP=41, FN=0
[2025-12-02 09:55:16,904 INFO main.train_one_fold] EVAL SUBJECT | Fold 3 | Epoch 016/100 | Loss: 0.3554 | Acc: 0.8889 | Prec: 0.8000 | Recall: 1.0000 | Spec: 0.8000
[2025-12-02 09:55:16,904 INFO main.train_one_fold]   Confusion: TP=4, TN=4, FP=1, FN=0
[2025-12-02 09:55:31,908 INFO main.train_one_fold] TRAIN CHUNK | Fold 3 | Epoch 017/100 | Loss: 0.2951 | Acc: 0.8898 | Prec: 0.8523 | Recall: 0.9317 | Spec: 0.8512
[2025-12-02 09:55:33,175 INFO main.train_one_fold] EVAL CHUNK | Fold 3 | Epoch 017/100 | Loss: 0.3252 | Acc: 0.8885 | Prec: 0.7947 | Recall: 1.0000 | Spec: 0.8038
[2025-12-02 09:55:33,176 INFO main.train_one_fold]   Confusion: TP=120, TN=127, FP=31, FN=0
[2025-12-02 09:55:33,179 INFO main.train_one_fold] EVAL SUBJECT | Fold 3 | Epoch 017/100 | Loss: 0.3252 | Acc: 0.8889 | Prec: 0.8000 | Recall: 1.0000 | Spec: 0.8000
[2025-12-02 09:55:33,179 INFO main.train_one_fold]   Confusion: TP=4, TN=4, FP=1, FN=0
[2025-12-02 09:55:48,412 INFO main.train_one_fold] TRAIN CHUNK | Fold 3 | Epoch 018/100 | Loss: 0.2962 | Acc: 0.8816 | Prec: 0.8401 | Recall: 0.9301 | Spec: 0.8369
[2025-12-02 09:55:49,689 INFO main.train_one_fold] EVAL CHUNK | Fold 3 | Epoch 018/100 | Loss: 0.3374 | Acc: 0.8741 | Prec: 0.7742 | Recall: 1.0000 | Spec: 0.7785
[2025-12-02 09:55:49,689 INFO main.train_one_fold]   Confusion: TP=120, TN=123, FP=35, FN=0
[2025-12-02 09:55:49,689 INFO main.train_one_fold] EVAL SUBJECT | Fold 3 | Epoch 018/100 | Loss: 0.3374 | Acc: 0.8889 | Prec: 0.8000 | Recall: 1.0000 | Spec: 0.8000
[2025-12-02 09:55:49,690 INFO main.train_one_fold]   Confusion: TP=4, TN=4, FP=1, FN=0
[2025-12-02 09:56:04,521 INFO main.train_one_fold] TRAIN CHUNK | Fold 3 | Epoch 019/100 | Loss: 0.2989 | Acc: 0.8868 | Prec: 0.8475 | Recall: 0.9317 | Spec: 0.8455
[2025-12-02 09:56:05,918 INFO main.train_one_fold] EVAL CHUNK | Fold 3 | Epoch 019/100 | Loss: 0.3303 | Acc: 0.8777 | Prec: 0.7792 | Recall: 1.0000 | Spec: 0.7848
[2025-12-02 09:56:05,919 INFO main.train_one_fold]   Confusion: TP=120, TN=124, FP=34, FN=0
[2025-12-02 09:56:05,919 INFO main.train_one_fold] EVAL SUBJECT | Fold 3 | Epoch 019/100 | Loss: 0.3303 | Acc: 0.8889 | Prec: 0.8000 | Recall: 1.0000 | Spec: 0.8000
[2025-12-02 09:56:05,919 INFO main.train_one_fold]   Confusion: TP=4, TN=4, FP=1, FN=0
[2025-12-02 09:56:18,748 INFO main.train_one_fold] TRAIN CHUNK | Fold 3 | Epoch 020/100 | Loss: 0.3026 | Acc: 0.8831 | Prec: 0.8434 | Recall: 0.9286 | Spec: 0.8412
[2025-12-02 09:56:19,776 INFO main.train_one_fold] EVAL CHUNK | Fold 3 | Epoch 020/100 | Loss: 0.3544 | Acc: 0.8633 | Prec: 0.7595 | Recall: 1.0000 | Spec: 0.7595
[2025-12-02 09:56:19,776 INFO main.train_one_fold]   Confusion: TP=120, TN=120, FP=38, FN=0
[2025-12-02 09:56:19,776 INFO main.train_one_fold] EVAL SUBJECT | Fold 3 | Epoch 020/100 | Loss: 0.3544 | Acc: 0.8889 | Prec: 0.8000 | Recall: 1.0000 | Spec: 0.8000
[2025-12-02 09:56:19,776 INFO main.train_one_fold]   Confusion: TP=4, TN=4, FP=1, FN=0
[2025-12-02 09:56:19,802 INFO main.train_one_fold] Saved checkpoint: experiments/fp1_006_mdd_ec/fold_3_epoch_020.pth
[2025-12-02 09:56:33,137 INFO main.train_one_fold] TRAIN CHUNK | Fold 3 | Epoch 021/100 | Loss: 0.2856 | Acc: 0.8950 | Prec: 0.8578 | Recall: 0.9363 | Spec: 0.8569
[2025-12-02 09:56:34,047 INFO main.train_one_fold] EVAL CHUNK | Fold 3 | Epoch 021/100 | Loss: 0.3472 | Acc: 0.8669 | Prec: 0.7643 | Recall: 1.0000 | Spec: 0.7658
[2025-12-02 09:56:34,047 INFO main.train_one_fold]   Confusion: TP=120, TN=121, FP=37, FN=0
[2025-12-02 09:56:34,047 INFO main.train_one_fold] EVAL SUBJECT | Fold 3 | Epoch 021/100 | Loss: 0.3472 | Acc: 0.8889 | Prec: 0.8000 | Recall: 1.0000 | Spec: 0.8000
[2025-12-02 09:56:34,047 INFO main.train_one_fold]   Confusion: TP=4, TN=4, FP=1, FN=0
[2025-12-02 09:56:48,754 INFO main.train_one_fold] TRAIN CHUNK | Fold 3 | Epoch 022/100 | Loss: 0.2818 | Acc: 0.8935 | Prec: 0.8533 | Recall: 0.9394 | Spec: 0.8512
[2025-12-02 09:56:49,791 INFO main.train_one_fold] EVAL CHUNK | Fold 3 | Epoch 022/100 | Loss: 0.3313 | Acc: 0.8849 | Prec: 0.7895 | Recall: 1.0000 | Spec: 0.7975
[2025-12-02 09:56:49,791 INFO main.train_one_fold]   Confusion: TP=120, TN=126, FP=32, FN=0
[2025-12-02 09:56:49,791 INFO main.train_one_fold] EVAL SUBJECT | Fold 3 | Epoch 022/100 | Loss: 0.3313 | Acc: 0.8889 | Prec: 0.8000 | Recall: 1.0000 | Spec: 0.8000
[2025-12-02 09:56:49,792 INFO main.train_one_fold]   Confusion: TP=4, TN=4, FP=1, FN=0
[2025-12-02 09:57:01,894 INFO main.train_one_fold] TRAIN CHUNK | Fold 3 | Epoch 023/100 | Loss: 0.2831 | Acc: 0.8883 | Prec: 0.8459 | Recall: 0.9379 | Spec: 0.8426
[2025-12-02 09:57:02,875 INFO main.train_one_fold] EVAL CHUNK | Fold 3 | Epoch 023/100 | Loss: 0.3647 | Acc: 0.8561 | Prec: 0.7500 | Recall: 1.0000 | Spec: 0.7468
[2025-12-02 09:57:02,875 INFO main.train_one_fold]   Confusion: TP=120, TN=118, FP=40, FN=0
[2025-12-02 09:57:02,875 INFO main.train_one_fold] EVAL SUBJECT | Fold 3 | Epoch 023/100 | Loss: 0.3647 | Acc: 0.8889 | Prec: 0.8000 | Recall: 1.0000 | Spec: 0.8000
[2025-12-02 09:57:02,875 INFO main.train_one_fold]   Confusion: TP=4, TN=4, FP=1, FN=0
[2025-12-02 09:57:15,983 INFO main.train_one_fold] TRAIN CHUNK | Fold 3 | Epoch 024/100 | Loss: 0.2869 | Acc: 0.8883 | Prec: 0.8539 | Recall: 0.9255 | Spec: 0.8541
[2025-12-02 09:57:17,289 INFO main.train_one_fold] EVAL CHUNK | Fold 3 | Epoch 024/100 | Loss: 0.3415 | Acc: 0.8777 | Prec: 0.7792 | Recall: 1.0000 | Spec: 0.7848
[2025-12-02 09:57:17,290 INFO main.train_one_fold]   Confusion: TP=120, TN=124, FP=34, FN=0
[2025-12-02 09:57:17,290 INFO main.train_one_fold] EVAL SUBJECT | Fold 3 | Epoch 024/100 | Loss: 0.3415 | Acc: 0.8889 | Prec: 0.8000 | Recall: 1.0000 | Spec: 0.8000
[2025-12-02 09:57:17,290 INFO main.train_one_fold]   Confusion: TP=4, TN=4, FP=1, FN=0
[2025-12-02 09:57:32,757 INFO main.train_one_fold] TRAIN CHUNK | Fold 3 | Epoch 025/100 | Loss: 0.2826 | Acc: 0.8891 | Prec: 0.8501 | Recall: 0.9332 | Spec: 0.8484
[2025-12-02 09:57:34,258 INFO main.train_one_fold] EVAL CHUNK | Fold 3 | Epoch 025/100 | Loss: 0.3240 | Acc: 0.8921 | Prec: 0.8000 | Recall: 1.0000 | Spec: 0.8101
[2025-12-02 09:57:34,259 INFO main.train_one_fold]   Confusion: TP=120, TN=128, FP=30, FN=0
[2025-12-02 09:57:34,262 INFO main.train_one_fold] EVAL SUBJECT | Fold 3 | Epoch 025/100 | Loss: 0.3240 | Acc: 0.8889 | Prec: 0.8000 | Recall: 1.0000 | Spec: 0.8000
[2025-12-02 09:57:34,263 INFO main.train_one_fold]   Confusion: TP=4, TN=4, FP=1, FN=0
[2025-12-02 09:57:44,728 INFO main.train_one_fold] TRAIN CHUNK | Fold 3 | Epoch 026/100 | Loss: 0.2803 | Acc: 0.8972 | Prec: 0.8656 | Recall: 0.9301 | Spec: 0.8670
[2025-12-02 09:57:45,433 INFO main.train_one_fold] EVAL CHUNK | Fold 3 | Epoch 026/100 | Loss: 0.3666 | Acc: 0.8669 | Prec: 0.7643 | Recall: 1.0000 | Spec: 0.7658
[2025-12-02 09:57:45,433 INFO main.train_one_fold]   Confusion: TP=120, TN=121, FP=37, FN=0
[2025-12-02 09:57:45,433 INFO main.train_one_fold] EVAL SUBJECT | Fold 3 | Epoch 026/100 | Loss: 0.3666 | Acc: 0.8889 | Prec: 0.8000 | Recall: 1.0000 | Spec: 0.8000
[2025-12-02 09:57:45,433 INFO main.train_one_fold]   Confusion: TP=4, TN=4, FP=1, FN=0
[2025-12-02 09:57:53,966 INFO main.train_one_fold] TRAIN CHUNK | Fold 3 | Epoch 027/100 | Loss: 0.2903 | Acc: 0.8928 | Prec: 0.8571 | Recall: 0.9317 | Spec: 0.8569
[2025-12-02 09:57:54,666 INFO main.train_one_fold] EVAL CHUNK | Fold 3 | Epoch 027/100 | Loss: 0.3548 | Acc: 0.8705 | Prec: 0.7692 | Recall: 1.0000 | Spec: 0.7722
[2025-12-02 09:57:54,667 INFO main.train_one_fold]   Confusion: TP=120, TN=122, FP=36, FN=0
[2025-12-02 09:57:54,667 INFO main.train_one_fold] EVAL SUBJECT | Fold 3 | Epoch 027/100 | Loss: 0.3548 | Acc: 0.8889 | Prec: 0.8000 | Recall: 1.0000 | Spec: 0.8000
[2025-12-02 09:57:54,667 INFO main.train_one_fold]   Confusion: TP=4, TN=4, FP=1, FN=0
[2025-12-02 09:58:03,165 INFO main.train_one_fold] TRAIN CHUNK | Fold 3 | Epoch 028/100 | Loss: 0.2820 | Acc: 0.8935 | Prec: 0.8573 | Recall: 0.9332 | Spec: 0.8569
[2025-12-02 09:58:03,884 INFO main.train_one_fold] EVAL CHUNK | Fold 3 | Epoch 028/100 | Loss: 0.3413 | Acc: 0.8885 | Prec: 0.7947 | Recall: 1.0000 | Spec: 0.8038
[2025-12-02 09:58:03,884 INFO main.train_one_fold]   Confusion: TP=120, TN=127, FP=31, FN=0
[2025-12-02 09:58:03,885 INFO main.train_one_fold] EVAL SUBJECT | Fold 3 | Epoch 028/100 | Loss: 0.3413 | Acc: 0.8889 | Prec: 0.8000 | Recall: 1.0000 | Spec: 0.8000
[2025-12-02 09:58:03,885 INFO main.train_one_fold]   Confusion: TP=4, TN=4, FP=1, FN=0
[2025-12-02 09:58:12,334 INFO main.train_one_fold] TRAIN CHUNK | Fold 3 | Epoch 029/100 | Loss: 0.2655 | Acc: 0.8965 | Prec: 0.8541 | Recall: 0.9457 | Spec: 0.8512
[2025-12-02 09:58:13,028 INFO main.train_one_fold] EVAL CHUNK | Fold 3 | Epoch 029/100 | Loss: 0.3431 | Acc: 0.8885 | Prec: 0.7947 | Recall: 1.0000 | Spec: 0.8038
[2025-12-02 09:58:13,028 INFO main.train_one_fold]   Confusion: TP=120, TN=127, FP=31, FN=0
[2025-12-02 09:58:13,028 INFO main.train_one_fold] EVAL SUBJECT | Fold 3 | Epoch 029/100 | Loss: 0.3431 | Acc: 0.8889 | Prec: 0.8000 | Recall: 1.0000 | Spec: 0.8000
[2025-12-02 09:58:13,029 INFO main.train_one_fold]   Confusion: TP=4, TN=4, FP=1, FN=0
[2025-12-02 09:58:21,361 INFO main.train_one_fold] TRAIN CHUNK | Fold 3 | Epoch 030/100 | Loss: 0.2621 | Acc: 0.9002 | Prec: 0.8632 | Recall: 0.9410 | Spec: 0.8627
[2025-12-02 09:58:22,054 INFO main.train_one_fold] EVAL CHUNK | Fold 3 | Epoch 030/100 | Loss: 0.3784 | Acc: 0.8705 | Prec: 0.7692 | Recall: 1.0000 | Spec: 0.7722
[2025-12-02 09:58:22,054 INFO main.train_one_fold]   Confusion: TP=120, TN=122, FP=36, FN=0
[2025-12-02 09:58:22,055 INFO main.train_one_fold] EVAL SUBJECT | Fold 3 | Epoch 030/100 | Loss: 0.3784 | Acc: 0.8889 | Prec: 0.8000 | Recall: 1.0000 | Spec: 0.8000
[2025-12-02 09:58:22,055 INFO main.train_one_fold]   Confusion: TP=4, TN=4, FP=1, FN=0
[2025-12-02 09:58:22,078 INFO main.train_one_fold] Saved checkpoint: experiments/fp1_006_mdd_ec/fold_3_epoch_030.pth
[2025-12-02 09:58:30,428 INFO main.train_one_fold] TRAIN CHUNK | Fold 3 | Epoch 031/100 | Loss: 0.2660 | Acc: 0.8995 | Prec: 0.8631 | Recall: 0.9394 | Spec: 0.8627
[2025-12-02 09:58:31,130 INFO main.train_one_fold] EVAL CHUNK | Fold 3 | Epoch 031/100 | Loss: 0.3464 | Acc: 0.8885 | Prec: 0.7947 | Recall: 1.0000 | Spec: 0.8038
[2025-12-02 09:58:31,130 INFO main.train_one_fold]   Confusion: TP=120, TN=127, FP=31, FN=0
[2025-12-02 09:58:31,130 INFO main.train_one_fold] EVAL SUBJECT | Fold 3 | Epoch 031/100 | Loss: 0.3464 | Acc: 0.8889 | Prec: 0.8000 | Recall: 1.0000 | Spec: 0.8000
[2025-12-02 09:58:31,131 INFO main.train_one_fold]   Confusion: TP=4, TN=4, FP=1, FN=0
[2025-12-02 09:58:31,131 INFO early_stopping.__call__] Early stopping triggered after 20 epochs without improvement. Best score: 0.8921 at epoch 11
[2025-12-02 09:58:31,131 INFO main.train_one_fold] Early stopping triggered at epoch 31
[2025-12-02 09:58:31,131 INFO main.train_one_fold] 
Fold 3 training completed. Best Combined Val Acc: 0.7930 at epoch 11
[2025-12-02 09:58:31,131 INFO main.train_cross_validation] ================================================================================
[2025-12-02 09:58:31,131 INFO main.train_cross_validation] FOLD 4/6
[2025-12-02 09:58:31,132 INFO main.train_cross_validation] ================================================================================
[2025-12-02 09:58:31,132 INFO main.get_datasets_for_fold] Train subjects (45): ['mdd:H S2 EC', 'mdd:H S7 EC', 'mdd:H S19 EC', 'mdd:H S30 EC', 'mdd:H S1 EC', 'mdd:MDD S31 EC', 'mdd:MDD S22 EC', 'mdd:MDD S19 EC', 'mdd:MDD S25 EC', 'mdd:MDD S34 EC', 'mdd:H S22 EC', 'mdd:H S27 EC', 'mdd:H S4 EC', 'mdd:H S21 EC', 'mdd:H S23 EC', 'mdd:MDD S17 EC', 'mdd:MDD S3 EC', 'mdd:MDD S1 EC', 'mdd:MDD S14 EC', 'mdd:MDD S10 EC', 'mdd:H S25 EC', 'mdd:H S10 EC', 'mdd:H S14 EC', 'mdd:H S15 EC', 'mdd:H S11 EC', 'mdd:MDD S26 EC', 'mdd:MDD S20 EC', 'mdd:MDD S33 EC', 'mdd:MDD S18 EC', 'mdd:H S28 EC', 'mdd:H S9 EC', 'mdd:H S3 EC', 'mdd:H S17 EC', 'mdd:MDD S30 EC', 'mdd:MDD S32 EC', 'mdd:MDD S27 EC', 'mdd:MDD S28 EC', 'mdd:H S20 EC', 'mdd:H S24 EC', 'mdd:H S29 EC', 'mdd:H S16 EC', 'mdd:MDD S21 EC', 'mdd:MDD S29 EC', 'mdd:MDD S6 EC', 'mdd:MDD S23 EC']...
[2025-12-02 09:58:31,132 INFO main.get_datasets_for_fold] Val subjects (9): ['mdd:H S26 EC', 'mdd:H S5 EC', 'mdd:H S13 EC', 'mdd:H S8 EC', 'mdd:H S6 EC', 'mdd:MDD S5 EC', 'mdd:MDD S15 EC', 'mdd:MDD S13 EC', 'mdd:MDD S9 EC']
[2025-12-02 09:58:31,133 INFO main.get_datasets_for_fold] Training chunks: 1350
[2025-12-02 09:58:31,133 INFO main.get_datasets_for_fold] Validation chunks: 271
[2025-12-02 09:58:31,149 INFO model.__init__] Initialized LSTM with input_size=1728, hidden_size=100, batch_first=True
[2025-12-02 09:58:31,151 INFO main.train_one_fold] Starting training for fold 4
[2025-12-02 09:58:39,587 INFO main.train_one_fold] TRAIN CHUNK | Fold 4 | Epoch 001/100 | Loss: 0.6954 | Acc: 0.4770 | Prec: 0.4770 | Recall: 1.0000 | Spec: 0.0000
[2025-12-02 09:58:40,286 INFO main.train_one_fold] EVAL CHUNK | Fold 4 | Epoch 001/100 | Loss: 0.6967 | Acc: 0.4428 | Prec: 0.4428 | Recall: 1.0000 | Spec: 0.0000
[2025-12-02 09:58:40,286 INFO main.train_one_fold]   Confusion: TP=120, TN=0, FP=151, FN=0
[2025-12-02 09:58:40,286 INFO main.train_one_fold] EVAL SUBJECT | Fold 4 | Epoch 001/100 | Loss: 0.6967 | Acc: 0.4444 | Prec: 0.4444 | Recall: 1.0000 | Spec: 0.0000
[2025-12-02 09:58:40,287 INFO main.train_one_fold]   Confusion: TP=4, TN=0, FP=5, FN=0
[2025-12-02 09:58:40,309 INFO main.train_one_fold] ✓ Saved best model: experiments/fp1_006_mdd_ec/fold_4_best.pth (combined=0.1968, chunk=0.4428, subject=0.4444)
[2025-12-02 09:58:40,309 INFO early_stopping.__call__] Early stopping initialized: best score 0.4428 at epoch 1
[2025-12-02 09:58:48,735 INFO main.train_one_fold] TRAIN CHUNK | Fold 4 | Epoch 002/100 | Loss: 0.6946 | Acc: 0.4770 | Prec: 0.4770 | Recall: 1.0000 | Spec: 0.0000
[2025-12-02 09:58:49,389 INFO main.train_one_fold] EVAL CHUNK | Fold 4 | Epoch 002/100 | Loss: 0.6951 | Acc: 0.4428 | Prec: 0.4428 | Recall: 1.0000 | Spec: 0.0000
[2025-12-02 09:58:49,390 INFO main.train_one_fold]   Confusion: TP=120, TN=0, FP=151, FN=0
[2025-12-02 09:58:49,390 INFO main.train_one_fold] EVAL SUBJECT | Fold 4 | Epoch 002/100 | Loss: 0.6951 | Acc: 0.4444 | Prec: 0.4444 | Recall: 1.0000 | Spec: 0.0000
[2025-12-02 09:58:49,390 INFO main.train_one_fold]   Confusion: TP=4, TN=0, FP=5, FN=0
[2025-12-02 09:58:57,850 INFO main.train_one_fold] TRAIN CHUNK | Fold 4 | Epoch 003/100 | Loss: 0.6937 | Acc: 0.4756 | Prec: 0.4763 | Recall: 0.9969 | Spec: 0.0000
[2025-12-02 09:58:58,509 INFO main.train_one_fold] EVAL CHUNK | Fold 4 | Epoch 003/100 | Loss: 0.6935 | Acc: 0.4428 | Prec: 0.4428 | Recall: 1.0000 | Spec: 0.0000
[2025-12-02 09:58:58,509 INFO main.train_one_fold]   Confusion: TP=120, TN=0, FP=151, FN=0
[2025-12-02 09:58:58,509 INFO main.train_one_fold] EVAL SUBJECT | Fold 4 | Epoch 003/100 | Loss: 0.6935 | Acc: 0.4444 | Prec: 0.4444 | Recall: 1.0000 | Spec: 0.0000
[2025-12-02 09:58:58,510 INFO main.train_one_fold]   Confusion: TP=4, TN=0, FP=5, FN=0
[2025-12-02 09:59:06,896 INFO main.train_one_fold] TRAIN CHUNK | Fold 4 | Epoch 004/100 | Loss: 0.6920 | Acc: 0.5156 | Prec: 0.4959 | Recall: 0.9332 | Spec: 0.1346
[2025-12-02 09:59:07,564 INFO main.train_one_fold] EVAL CHUNK | Fold 4 | Epoch 004/100 | Loss: 0.6903 | Acc: 0.7786 | Prec: 0.6667 | Recall: 1.0000 | Spec: 0.6026
[2025-12-02 09:59:07,565 INFO main.train_one_fold]   Confusion: TP=120, TN=91, FP=60, FN=0
[2025-12-02 09:59:07,565 INFO main.train_one_fold] EVAL SUBJECT | Fold 4 | Epoch 004/100 | Loss: 0.6903 | Acc: 0.7778 | Prec: 0.6667 | Recall: 1.0000 | Spec: 0.6000
[2025-12-02 09:59:07,565 INFO main.train_one_fold]   Confusion: TP=4, TN=3, FP=2, FN=0
[2025-12-02 09:59:07,598 INFO main.train_one_fold] ✓ Saved best model: experiments/fp1_006_mdd_ec/fold_4_best.pth (combined=0.6056, chunk=0.7786, subject=0.7778)
[2025-12-02 09:59:07,598 INFO early_stopping.__call__] Validation improved from 0.4428 to 0.7786 (+0.3358) at epoch 4
[2025-12-02 09:59:16,025 INFO main.train_one_fold] TRAIN CHUNK | Fold 4 | Epoch 005/100 | Loss: 0.6890 | Acc: 0.5785 | Prec: 0.5813 | Recall: 0.4161 | Spec: 0.7266
[2025-12-02 09:59:16,689 INFO main.train_one_fold] EVAL CHUNK | Fold 4 | Epoch 005/100 | Loss: 0.6724 | Acc: 0.6753 | Prec: 1.0000 | Recall: 0.2667 | Spec: 1.0000
[2025-12-02 09:59:16,689 INFO main.train_one_fold]   Confusion: TP=32, TN=151, FP=0, FN=88
[2025-12-02 09:59:16,690 INFO main.train_one_fold] EVAL SUBJECT | Fold 4 | Epoch 005/100 | Loss: 0.6724 | Acc: 0.6667 | Prec: 1.0000 | Recall: 0.2500 | Spec: 1.0000
[2025-12-02 09:59:16,690 INFO main.train_one_fold]   Confusion: TP=1, TN=5, FP=0, FN=3
[2025-12-02 09:59:25,155 INFO main.train_one_fold] TRAIN CHUNK | Fold 4 | Epoch 006/100 | Loss: 0.6757 | Acc: 0.6474 | Prec: 0.7456 | Recall: 0.3960 | Spec: 0.8768
[2025-12-02 09:59:25,832 INFO main.train_one_fold] EVAL CHUNK | Fold 4 | Epoch 006/100 | Loss: 0.5902 | Acc: 0.7897 | Prec: 1.0000 | Recall: 0.5250 | Spec: 1.0000
[2025-12-02 09:59:25,832 INFO main.train_one_fold]   Confusion: TP=63, TN=151, FP=0, FN=57
[2025-12-02 09:59:25,833 INFO main.train_one_fold] EVAL SUBJECT | Fold 4 | Epoch 006/100 | Loss: 0.5902 | Acc: 0.6667 | Prec: 1.0000 | Recall: 0.2500 | Spec: 1.0000
[2025-12-02 09:59:25,833 INFO main.train_one_fold]   Confusion: TP=1, TN=5, FP=0, FN=3
[2025-12-02 09:59:25,833 INFO early_stopping.__call__] Validation improved from 0.7786 to 0.7897 (+0.0111) at epoch 6
[2025-12-02 09:59:34,203 INFO main.train_one_fold] TRAIN CHUNK | Fold 4 | Epoch 007/100 | Loss: 0.6214 | Acc: 0.7319 | Prec: 0.8325 | Recall: 0.5481 | Spec: 0.8994
[2025-12-02 09:59:34,874 INFO main.train_one_fold] EVAL CHUNK | Fold 4 | Epoch 007/100 | Loss: 0.4831 | Acc: 0.7749 | Prec: 1.0000 | Recall: 0.4917 | Spec: 1.0000
[2025-12-02 09:59:34,874 INFO main.train_one_fold]   Confusion: TP=59, TN=151, FP=0, FN=61
[2025-12-02 09:59:34,874 INFO main.train_one_fold] EVAL SUBJECT | Fold 4 | Epoch 007/100 | Loss: 0.4831 | Acc: 0.6667 | Prec: 1.0000 | Recall: 0.2500 | Spec: 1.0000
[2025-12-02 09:59:34,874 INFO main.train_one_fold]   Confusion: TP=1, TN=5, FP=0, FN=3
[2025-12-02 09:59:43,223 INFO main.train_one_fold] TRAIN CHUNK | Fold 4 | Epoch 008/100 | Loss: 0.5327 | Acc: 0.7837 | Prec: 0.7983 | Recall: 0.7314 | Spec: 0.8314
[2025-12-02 09:59:43,924 INFO main.train_one_fold] EVAL CHUNK | Fold 4 | Epoch 008/100 | Loss: 0.2959 | Acc: 0.9631 | Prec: 1.0000 | Recall: 0.9167 | Spec: 1.0000
[2025-12-02 09:59:43,925 INFO main.train_one_fold]   Confusion: TP=110, TN=151, FP=0, FN=10
[2025-12-02 09:59:43,925 INFO main.train_one_fold] EVAL SUBJECT | Fold 4 | Epoch 008/100 | Loss: 0.2959 | Acc: 1.0000 | Prec: 1.0000 | Recall: 1.0000 | Spec: 1.0000
[2025-12-02 09:59:43,925 INFO main.train_one_fold]   Confusion: TP=4, TN=5, FP=0, FN=0
[2025-12-02 09:59:43,965 INFO main.train_one_fold] ✓ Saved best model: experiments/fp1_006_mdd_ec/fold_4_best.pth (combined=0.9631, chunk=0.9631, subject=1.0000)
[2025-12-02 09:59:43,966 INFO early_stopping.__call__] Validation improved from 0.7897 to 0.9631 (+0.1734) at epoch 8
[2025-12-02 09:59:52,571 INFO main.train_one_fold] TRAIN CHUNK | Fold 4 | Epoch 009/100 | Loss: 0.4463 | Acc: 0.8215 | Prec: 0.7741 | Recall: 0.8835 | Spec: 0.7649
[2025-12-02 09:59:53,251 INFO main.train_one_fold] EVAL CHUNK | Fold 4 | Epoch 009/100 | Loss: 0.2284 | Acc: 0.9594 | Prec: 1.0000 | Recall: 0.9083 | Spec: 1.0000
[2025-12-02 09:59:53,252 INFO main.train_one_fold]   Confusion: TP=109, TN=151, FP=0, FN=11
[2025-12-02 09:59:53,252 INFO main.train_one_fold] EVAL SUBJECT | Fold 4 | Epoch 009/100 | Loss: 0.2284 | Acc: 1.0000 | Prec: 1.0000 | Recall: 1.0000 | Spec: 1.0000
[2025-12-02 09:59:53,252 INFO main.train_one_fold]   Confusion: TP=4, TN=5, FP=0, FN=0
[2025-12-02 10:00:01,722 INFO main.train_one_fold] TRAIN CHUNK | Fold 4 | Epoch 010/100 | Loss: 0.3813 | Acc: 0.8548 | Prec: 0.7995 | Recall: 0.9286 | Spec: 0.7875
[2025-12-02 10:00:02,410 INFO main.train_one_fold] EVAL CHUNK | Fold 4 | Epoch 010/100 | Loss: 0.2352 | Acc: 0.9373 | Prec: 1.0000 | Recall: 0.8583 | Spec: 1.0000
[2025-12-02 10:00:02,410 INFO main.train_one_fold]   Confusion: TP=103, TN=151, FP=0, FN=17
[2025-12-02 10:00:02,410 INFO main.train_one_fold] EVAL SUBJECT | Fold 4 | Epoch 010/100 | Loss: 0.2352 | Acc: 0.8889 | Prec: 1.0000 | Recall: 0.7500 | Spec: 1.0000
[2025-12-02 10:00:02,410 INFO main.train_one_fold]   Confusion: TP=3, TN=5, FP=0, FN=1
[2025-12-02 10:00:02,440 INFO main.train_one_fold] Saved checkpoint: experiments/fp1_006_mdd_ec/fold_4_epoch_010.pth
[2025-12-02 10:00:10,992 INFO main.train_one_fold] TRAIN CHUNK | Fold 4 | Epoch 011/100 | Loss: 0.3472 | Acc: 0.8689 | Prec: 0.8093 | Recall: 0.9488 | Spec: 0.7960
[2025-12-02 10:00:11,692 INFO main.train_one_fold] EVAL CHUNK | Fold 4 | Epoch 011/100 | Loss: 0.2291 | Acc: 0.9446 | Prec: 1.0000 | Recall: 0.8750 | Spec: 1.0000
[2025-12-02 10:00:11,692 INFO main.train_one_fold]   Confusion: TP=105, TN=151, FP=0, FN=15
[2025-12-02 10:00:11,692 INFO main.train_one_fold] EVAL SUBJECT | Fold 4 | Epoch 011/100 | Loss: 0.2291 | Acc: 0.8889 | Prec: 1.0000 | Recall: 0.7500 | Spec: 1.0000
[2025-12-02 10:00:11,692 INFO main.train_one_fold]   Confusion: TP=3, TN=5, FP=0, FN=1
[2025-12-02 10:00:18,306 INFO main.train_one_fold] TRAIN CHUNK | Fold 4 | Epoch 012/100 | Loss: 0.3305 | Acc: 0.8733 | Prec: 0.8124 | Recall: 0.9550 | Spec: 0.7989
[2025-12-02 10:00:18,827 INFO main.train_one_fold] EVAL CHUNK | Fold 4 | Epoch 012/100 | Loss: 0.3256 | Acc: 0.9225 | Prec: 1.0000 | Recall: 0.8250 | Spec: 1.0000
[2025-12-02 10:00:18,827 INFO main.train_one_fold]   Confusion: TP=99, TN=151, FP=0, FN=21
[2025-12-02 10:00:18,827 INFO main.train_one_fold] EVAL SUBJECT | Fold 4 | Epoch 012/100 | Loss: 0.3256 | Acc: 0.8889 | Prec: 1.0000 | Recall: 0.7500 | Spec: 1.0000
[2025-12-02 10:00:18,827 INFO main.train_one_fold]   Confusion: TP=3, TN=5, FP=0, FN=1
[2025-12-02 10:00:25,404 INFO main.train_one_fold] TRAIN CHUNK | Fold 4 | Epoch 013/100 | Loss: 0.3360 | Acc: 0.8711 | Prec: 0.8219 | Recall: 0.9317 | Spec: 0.8159
[2025-12-02 10:00:25,935 INFO main.train_one_fold] EVAL CHUNK | Fold 4 | Epoch 013/100 | Loss: 0.2441 | Acc: 0.9299 | Prec: 1.0000 | Recall: 0.8417 | Spec: 1.0000
[2025-12-02 10:00:25,935 INFO main.train_one_fold]   Confusion: TP=101, TN=151, FP=0, FN=19
[2025-12-02 10:00:25,935 INFO main.train_one_fold] EVAL SUBJECT | Fold 4 | Epoch 013/100 | Loss: 0.2441 | Acc: 0.8889 | Prec: 1.0000 | Recall: 0.7500 | Spec: 1.0000
[2025-12-02 10:00:25,935 INFO main.train_one_fold]   Confusion: TP=3, TN=5, FP=0, FN=1
[2025-12-02 10:00:32,594 INFO main.train_one_fold] TRAIN CHUNK | Fold 4 | Epoch 014/100 | Loss: 0.3331 | Acc: 0.8696 | Prec: 0.8162 | Recall: 0.9379 | Spec: 0.8074
[2025-12-02 10:00:33,121 INFO main.train_one_fold] EVAL CHUNK | Fold 4 | Epoch 014/100 | Loss: 0.2904 | Acc: 0.9299 | Prec: 1.0000 | Recall: 0.8417 | Spec: 1.0000
[2025-12-02 10:00:33,121 INFO main.train_one_fold]   Confusion: TP=101, TN=151, FP=0, FN=19
[2025-12-02 10:00:33,121 INFO main.train_one_fold] EVAL SUBJECT | Fold 4 | Epoch 014/100 | Loss: 0.2904 | Acc: 0.8889 | Prec: 1.0000 | Recall: 0.7500 | Spec: 1.0000
[2025-12-02 10:00:33,121 INFO main.train_one_fold]   Confusion: TP=3, TN=5, FP=0, FN=1
[2025-12-02 10:00:39,816 INFO main.train_one_fold] TRAIN CHUNK | Fold 4 | Epoch 015/100 | Loss: 0.3258 | Acc: 0.8778 | Prec: 0.8198 | Recall: 0.9534 | Spec: 0.8088
[2025-12-02 10:00:40,336 INFO main.train_one_fold] EVAL CHUNK | Fold 4 | Epoch 015/100 | Loss: 0.3169 | Acc: 0.9225 | Prec: 1.0000 | Recall: 0.8250 | Spec: 1.0000
[2025-12-02 10:00:40,337 INFO main.train_one_fold]   Confusion: TP=99, TN=151, FP=0, FN=21
[2025-12-02 10:00:40,337 INFO main.train_one_fold] EVAL SUBJECT | Fold 4 | Epoch 015/100 | Loss: 0.3169 | Acc: 0.8889 | Prec: 1.0000 | Recall: 0.7500 | Spec: 1.0000
[2025-12-02 10:00:40,337 INFO main.train_one_fold]   Confusion: TP=3, TN=5, FP=0, FN=1
[2025-12-02 10:00:46,955 INFO main.train_one_fold] TRAIN CHUNK | Fold 4 | Epoch 016/100 | Loss: 0.3267 | Acc: 0.8778 | Prec: 0.8155 | Recall: 0.9612 | Spec: 0.8017
[2025-12-02 10:00:47,477 INFO main.train_one_fold] EVAL CHUNK | Fold 4 | Epoch 016/100 | Loss: 0.3334 | Acc: 0.9151 | Prec: 1.0000 | Recall: 0.8083 | Spec: 1.0000
[2025-12-02 10:00:47,477 INFO main.train_one_fold]   Confusion: TP=97, TN=151, FP=0, FN=23
[2025-12-02 10:00:47,477 INFO main.train_one_fold] EVAL SUBJECT | Fold 4 | Epoch 016/100 | Loss: 0.3334 | Acc: 0.8889 | Prec: 1.0000 | Recall: 0.7500 | Spec: 1.0000
[2025-12-02 10:00:47,477 INFO main.train_one_fold]   Confusion: TP=3, TN=5, FP=0, FN=1
[2025-12-02 10:00:54,141 INFO main.train_one_fold] TRAIN CHUNK | Fold 4 | Epoch 017/100 | Loss: 0.3191 | Acc: 0.8867 | Prec: 0.8386 | Recall: 0.9441 | Spec: 0.8343
[2025-12-02 10:00:54,666 INFO main.train_one_fold] EVAL CHUNK | Fold 4 | Epoch 017/100 | Loss: 0.3586 | Acc: 0.8967 | Prec: 1.0000 | Recall: 0.7667 | Spec: 1.0000
[2025-12-02 10:00:54,667 INFO main.train_one_fold]   Confusion: TP=92, TN=151, FP=0, FN=28
[2025-12-02 10:00:54,667 INFO main.train_one_fold] EVAL SUBJECT | Fold 4 | Epoch 017/100 | Loss: 0.3586 | Acc: 0.8889 | Prec: 1.0000 | Recall: 0.7500 | Spec: 1.0000
[2025-12-02 10:00:54,667 INFO main.train_one_fold]   Confusion: TP=3, TN=5, FP=0, FN=1
[2025-12-02 10:01:01,314 INFO main.train_one_fold] TRAIN CHUNK | Fold 4 | Epoch 018/100 | Loss: 0.3148 | Acc: 0.8800 | Prec: 0.8320 | Recall: 0.9379 | Spec: 0.8272
[2025-12-02 10:01:01,925 INFO main.train_one_fold] EVAL CHUNK | Fold 4 | Epoch 018/100 | Loss: 0.3178 | Acc: 0.9188 | Prec: 1.0000 | Recall: 0.8167 | Spec: 1.0000
[2025-12-02 10:01:01,925 INFO main.train_one_fold]   Confusion: TP=98, TN=151, FP=0, FN=22
[2025-12-02 10:01:01,925 INFO main.train_one_fold] EVAL SUBJECT | Fold 4 | Epoch 018/100 | Loss: 0.3178 | Acc: 0.8889 | Prec: 1.0000 | Recall: 0.7500 | Spec: 1.0000
[2025-12-02 10:01:01,926 INFO main.train_one_fold]   Confusion: TP=3, TN=5, FP=0, FN=1
[2025-12-02 10:01:10,667 INFO main.train_one_fold] TRAIN CHUNK | Fold 4 | Epoch 019/100 | Loss: 0.3125 | Acc: 0.8859 | Prec: 0.8384 | Recall: 0.9425 | Spec: 0.8343
[2025-12-02 10:01:11,358 INFO main.train_one_fold] EVAL CHUNK | Fold 4 | Epoch 019/100 | Loss: 0.3056 | Acc: 0.9225 | Prec: 1.0000 | Recall: 0.8250 | Spec: 1.0000
[2025-12-02 10:01:11,358 INFO main.train_one_fold]   Confusion: TP=99, TN=151, FP=0, FN=21
[2025-12-02 10:01:11,359 INFO main.train_one_fold] EVAL SUBJECT | Fold 4 | Epoch 019/100 | Loss: 0.3056 | Acc: 0.8889 | Prec: 1.0000 | Recall: 0.7500 | Spec: 1.0000
[2025-12-02 10:01:11,359 INFO main.train_one_fold]   Confusion: TP=3, TN=5, FP=0, FN=1
[2025-12-02 10:01:20,499 INFO main.train_one_fold] TRAIN CHUNK | Fold 4 | Epoch 020/100 | Loss: 0.3104 | Acc: 0.8844 | Prec: 0.8361 | Recall: 0.9425 | Spec: 0.8314
[2025-12-02 10:01:21,218 INFO main.train_one_fold] EVAL CHUNK | Fold 4 | Epoch 020/100 | Loss: 0.3496 | Acc: 0.9114 | Prec: 1.0000 | Recall: 0.8000 | Spec: 1.0000
[2025-12-02 10:01:21,219 INFO main.train_one_fold]   Confusion: TP=96, TN=151, FP=0, FN=24
[2025-12-02 10:01:21,219 INFO main.train_one_fold] EVAL SUBJECT | Fold 4 | Epoch 020/100 | Loss: 0.3496 | Acc: 0.8889 | Prec: 1.0000 | Recall: 0.7500 | Spec: 1.0000
[2025-12-02 10:01:21,219 INFO main.train_one_fold]   Confusion: TP=3, TN=5, FP=0, FN=1
[2025-12-02 10:01:21,244 INFO main.train_one_fold] Saved checkpoint: experiments/fp1_006_mdd_ec/fold_4_epoch_020.pth
[2025-12-02 10:01:29,918 INFO main.train_one_fold] TRAIN CHUNK | Fold 4 | Epoch 021/100 | Loss: 0.3026 | Acc: 0.8881 | Prec: 0.8419 | Recall: 0.9425 | Spec: 0.8385
[2025-12-02 10:01:30,602 INFO main.train_one_fold] EVAL CHUNK | Fold 4 | Epoch 021/100 | Loss: 0.3280 | Acc: 0.9188 | Prec: 1.0000 | Recall: 0.8167 | Spec: 1.0000
[2025-12-02 10:01:30,603 INFO main.train_one_fold]   Confusion: TP=98, TN=151, FP=0, FN=22
[2025-12-02 10:01:30,603 INFO main.train_one_fold] EVAL SUBJECT | Fold 4 | Epoch 021/100 | Loss: 0.3280 | Acc: 0.8889 | Prec: 1.0000 | Recall: 0.7500 | Spec: 1.0000
[2025-12-02 10:01:30,603 INFO main.train_one_fold]   Confusion: TP=3, TN=5, FP=0, FN=1
[2025-12-02 10:01:39,205 INFO main.train_one_fold] TRAIN CHUNK | Fold 4 | Epoch 022/100 | Loss: 0.3017 | Acc: 0.8889 | Prec: 0.8431 | Recall: 0.9425 | Spec: 0.8399
[2025-12-02 10:01:39,921 INFO main.train_one_fold] EVAL CHUNK | Fold 4 | Epoch 022/100 | Loss: 0.3593 | Acc: 0.9077 | Prec: 1.0000 | Recall: 0.7917 | Spec: 1.0000
[2025-12-02 10:01:39,922 INFO main.train_one_fold]   Confusion: TP=95, TN=151, FP=0, FN=25
[2025-12-02 10:01:39,922 INFO main.train_one_fold] EVAL SUBJECT | Fold 4 | Epoch 022/100 | Loss: 0.3593 | Acc: 0.8889 | Prec: 1.0000 | Recall: 0.7500 | Spec: 1.0000
[2025-12-02 10:01:39,922 INFO main.train_one_fold]   Confusion: TP=3, TN=5, FP=0, FN=1
[2025-12-02 10:01:48,535 INFO main.train_one_fold] TRAIN CHUNK | Fold 4 | Epoch 023/100 | Loss: 0.3028 | Acc: 0.8867 | Prec: 0.8396 | Recall: 0.9425 | Spec: 0.8357
[2025-12-02 10:01:49,221 INFO main.train_one_fold] EVAL CHUNK | Fold 4 | Epoch 023/100 | Loss: 0.5355 | Acc: 0.8450 | Prec: 1.0000 | Recall: 0.6500 | Spec: 1.0000
[2025-12-02 10:01:49,222 INFO main.train_one_fold]   Confusion: TP=78, TN=151, FP=0, FN=42
[2025-12-02 10:01:49,222 INFO main.train_one_fold] EVAL SUBJECT | Fold 4 | Epoch 023/100 | Loss: 0.5355 | Acc: 0.8889 | Prec: 1.0000 | Recall: 0.7500 | Spec: 1.0000
[2025-12-02 10:01:49,222 INFO main.train_one_fold]   Confusion: TP=3, TN=5, FP=0, FN=1
[2025-12-02 10:01:58,230 INFO main.train_one_fold] TRAIN CHUNK | Fold 4 | Epoch 024/100 | Loss: 0.3092 | Acc: 0.8815 | Prec: 0.8487 | Recall: 0.9146 | Spec: 0.8513
[2025-12-02 10:01:58,910 INFO main.train_one_fold] EVAL CHUNK | Fold 4 | Epoch 024/100 | Loss: 0.2870 | Acc: 0.9188 | Prec: 0.9900 | Recall: 0.8250 | Spec: 0.9934
[2025-12-02 10:01:58,910 INFO main.train_one_fold]   Confusion: TP=99, TN=150, FP=1, FN=21
[2025-12-02 10:01:58,911 INFO main.train_one_fold] EVAL SUBJECT | Fold 4 | Epoch 024/100 | Loss: 0.2870 | Acc: 0.8889 | Prec: 1.0000 | Recall: 0.7500 | Spec: 1.0000
[2025-12-02 10:01:58,911 INFO main.train_one_fold]   Confusion: TP=3, TN=5, FP=0, FN=1
[2025-12-02 10:02:07,370 INFO main.train_one_fold] TRAIN CHUNK | Fold 4 | Epoch 025/100 | Loss: 0.2990 | Acc: 0.8889 | Prec: 0.8539 | Recall: 0.9255 | Spec: 0.8555
[2025-12-02 10:02:08,061 INFO main.train_one_fold] EVAL CHUNK | Fold 4 | Epoch 025/100 | Loss: 0.3953 | Acc: 0.8782 | Prec: 1.0000 | Recall: 0.7250 | Spec: 1.0000
[2025-12-02 10:02:08,062 INFO main.train_one_fold]   Confusion: TP=87, TN=151, FP=0, FN=33
[2025-12-02 10:02:08,062 INFO main.train_one_fold] EVAL SUBJECT | Fold 4 | Epoch 025/100 | Loss: 0.3953 | Acc: 0.8889 | Prec: 1.0000 | Recall: 0.7500 | Spec: 1.0000
[2025-12-02 10:02:08,062 INFO main.train_one_fold]   Confusion: TP=3, TN=5, FP=0, FN=1
[2025-12-02 10:02:16,973 INFO main.train_one_fold] TRAIN CHUNK | Fold 4 | Epoch 026/100 | Loss: 0.2882 | Acc: 0.8985 | Prec: 0.8516 | Recall: 0.9534 | Spec: 0.8484
[2025-12-02 10:02:17,656 INFO main.train_one_fold] EVAL CHUNK | Fold 4 | Epoch 026/100 | Loss: 0.5162 | Acc: 0.8487 | Prec: 1.0000 | Recall: 0.6583 | Spec: 1.0000
[2025-12-02 10:02:17,656 INFO main.train_one_fold]   Confusion: TP=79, TN=151, FP=0, FN=41
[2025-12-02 10:02:17,657 INFO main.train_one_fold] EVAL SUBJECT | Fold 4 | Epoch 026/100 | Loss: 0.5162 | Acc: 0.8889 | Prec: 1.0000 | Recall: 0.7500 | Spec: 1.0000
[2025-12-02 10:02:17,657 INFO main.train_one_fold]   Confusion: TP=3, TN=5, FP=0, FN=1
[2025-12-02 10:02:26,239 INFO main.train_one_fold] TRAIN CHUNK | Fold 4 | Epoch 027/100 | Loss: 0.2743 | Acc: 0.9052 | Prec: 0.8665 | Recall: 0.9472 | Spec: 0.8669
[2025-12-02 10:02:26,923 INFO main.train_one_fold] EVAL CHUNK | Fold 4 | Epoch 027/100 | Loss: 0.5877 | Acc: 0.8339 | Prec: 1.0000 | Recall: 0.6250 | Spec: 1.0000
[2025-12-02 10:02:26,923 INFO main.train_one_fold]   Confusion: TP=75, TN=151, FP=0, FN=45
[2025-12-02 10:02:26,923 INFO main.train_one_fold] EVAL SUBJECT | Fold 4 | Epoch 027/100 | Loss: 0.5877 | Acc: 0.7778 | Prec: 1.0000 | Recall: 0.5000 | Spec: 1.0000
[2025-12-02 10:02:26,923 INFO main.train_one_fold]   Confusion: TP=2, TN=5, FP=0, FN=2
[2025-12-02 10:02:35,387 INFO main.train_one_fold] TRAIN CHUNK | Fold 4 | Epoch 028/100 | Loss: 0.2821 | Acc: 0.8956 | Prec: 0.8619 | Recall: 0.9301 | Spec: 0.8640
[2025-12-02 10:02:36,062 INFO main.train_one_fold] EVAL CHUNK | Fold 4 | Epoch 028/100 | Loss: 0.5348 | Acc: 0.8376 | Prec: 1.0000 | Recall: 0.6333 | Spec: 1.0000
[2025-12-02 10:02:36,063 INFO main.train_one_fold]   Confusion: TP=76, TN=151, FP=0, FN=44
[2025-12-02 10:02:36,063 INFO main.train_one_fold] EVAL SUBJECT | Fold 4 | Epoch 028/100 | Loss: 0.5348 | Acc: 0.7778 | Prec: 1.0000 | Recall: 0.5000 | Spec: 1.0000
[2025-12-02 10:02:36,063 INFO main.train_one_fold]   Confusion: TP=2, TN=5, FP=0, FN=2
[2025-12-02 10:02:36,063 INFO early_stopping.__call__] Early stopping triggered after 20 epochs without improvement. Best score: 0.9631 at epoch 8
[2025-12-02 10:02:36,064 INFO main.train_one_fold] Early stopping triggered at epoch 28
[2025-12-02 10:02:36,064 INFO main.train_one_fold] 
Fold 4 training completed. Best Combined Val Acc: 0.9631 at epoch 8
[2025-12-02 10:02:36,064 INFO main.train_cross_validation] ================================================================================
[2025-12-02 10:02:36,064 INFO main.train_cross_validation] FOLD 5/6
[2025-12-02 10:02:36,064 INFO main.train_cross_validation] ================================================================================
[2025-12-02 10:02:36,064 INFO main.get_datasets_for_fold] Train subjects (46): ['mdd:H S2 EC', 'mdd:H S7 EC', 'mdd:H S19 EC', 'mdd:H S30 EC', 'mdd:H S1 EC', 'mdd:MDD S31 EC', 'mdd:MDD S22 EC', 'mdd:MDD S19 EC', 'mdd:MDD S25 EC', 'mdd:MDD S34 EC', 'mdd:H S22 EC', 'mdd:H S27 EC', 'mdd:H S4 EC', 'mdd:H S21 EC', 'mdd:H S23 EC', 'mdd:MDD S17 EC', 'mdd:MDD S3 EC', 'mdd:MDD S1 EC', 'mdd:MDD S14 EC', 'mdd:MDD S10 EC', 'mdd:H S25 EC', 'mdd:H S10 EC', 'mdd:H S14 EC', 'mdd:H S15 EC', 'mdd:H S11 EC', 'mdd:MDD S26 EC', 'mdd:MDD S20 EC', 'mdd:MDD S33 EC', 'mdd:MDD S18 EC', 'mdd:H S26 EC', 'mdd:H S5 EC', 'mdd:H S13 EC', 'mdd:H S8 EC', 'mdd:H S6 EC', 'mdd:MDD S5 EC', 'mdd:MDD S15 EC', 'mdd:MDD S13 EC', 'mdd:MDD S9 EC', 'mdd:H S20 EC', 'mdd:H S24 EC', 'mdd:H S29 EC', 'mdd:H S16 EC', 'mdd:MDD S21 EC', 'mdd:MDD S29 EC', 'mdd:MDD S6 EC', 'mdd:MDD S23 EC']...
[2025-12-02 10:02:36,065 INFO main.get_datasets_for_fold] Val subjects (8): ['mdd:H S28 EC', 'mdd:H S9 EC', 'mdd:H S3 EC', 'mdd:H S17 EC', 'mdd:MDD S30 EC', 'mdd:MDD S32 EC', 'mdd:MDD S27 EC', 'mdd:MDD S28 EC']
[2025-12-02 10:02:36,066 INFO main.get_datasets_for_fold] Training chunks: 1386
[2025-12-02 10:02:36,066 INFO main.get_datasets_for_fold] Validation chunks: 235
[2025-12-02 10:02:36,082 INFO model.__init__] Initialized LSTM with input_size=1728, hidden_size=100, batch_first=True
[2025-12-02 10:02:36,084 INFO main.train_one_fold] Starting training for fold 5
[2025-12-02 10:02:44,884 INFO main.train_one_fold] TRAIN CHUNK | Fold 5 | Epoch 001/100 | Loss: 0.6921 | Acc: 0.5310 | Prec: 0.0000 | Recall: 0.0000 | Spec: 1.0000
[2025-12-02 10:02:45,485 INFO main.train_one_fold] EVAL CHUNK | Fold 5 | Epoch 001/100 | Loss: 0.6945 | Acc: 0.5149 | Prec: 0.0000 | Recall: 0.0000 | Spec: 1.0000
[2025-12-02 10:02:45,485 INFO main.train_one_fold]   Confusion: TP=0, TN=121, FP=0, FN=114
[2025-12-02 10:02:45,485 INFO main.train_one_fold] EVAL SUBJECT | Fold 5 | Epoch 001/100 | Loss: 0.6945 | Acc: 0.5000 | Prec: 0.0000 | Recall: 0.0000 | Spec: 1.0000
[2025-12-02 10:02:45,486 INFO main.train_one_fold]   Confusion: TP=0, TN=4, FP=0, FN=4
[2025-12-02 10:02:45,515 INFO main.train_one_fold] ✓ Saved best model: experiments/fp1_006_mdd_ec/fold_5_best.pth (combined=0.2574, chunk=0.5149, subject=0.5000)
[2025-12-02 10:02:45,515 INFO early_stopping.__call__] Early stopping initialized: best score 0.5149 at epoch 1
[2025-12-02 10:02:54,357 INFO main.train_one_fold] TRAIN CHUNK | Fold 5 | Epoch 002/100 | Loss: 0.6893 | Acc: 0.5310 | Prec: 0.0000 | Recall: 0.0000 | Spec: 1.0000
[2025-12-02 10:02:54,956 INFO main.train_one_fold] EVAL CHUNK | Fold 5 | Epoch 002/100 | Loss: 0.6908 | Acc: 0.5149 | Prec: 0.0000 | Recall: 0.0000 | Spec: 1.0000
[2025-12-02 10:02:54,956 INFO main.train_one_fold]   Confusion: TP=0, TN=121, FP=0, FN=114
[2025-12-02 10:02:54,957 INFO main.train_one_fold] EVAL SUBJECT | Fold 5 | Epoch 002/100 | Loss: 0.6908 | Acc: 0.5000 | Prec: 0.0000 | Recall: 0.0000 | Spec: 1.0000
[2025-12-02 10:02:54,957 INFO main.train_one_fold]   Confusion: TP=0, TN=4, FP=0, FN=4
[2025-12-02 10:03:07,043 INFO main.train_one_fold] TRAIN CHUNK | Fold 5 | Epoch 003/100 | Loss: 0.6814 | Acc: 0.5548 | Prec: 0.8837 | Recall: 0.0585 | Spec: 0.9932
[2025-12-02 10:03:07,688 INFO main.train_one_fold] EVAL CHUNK | Fold 5 | Epoch 003/100 | Loss: 0.6807 | Acc: 0.6596 | Prec: 1.0000 | Recall: 0.2982 | Spec: 1.0000
[2025-12-02 10:03:07,688 INFO main.train_one_fold]   Confusion: TP=34, TN=121, FP=0, FN=80
[2025-12-02 10:03:07,688 INFO main.train_one_fold] EVAL SUBJECT | Fold 5 | Epoch 003/100 | Loss: 0.6807 | Acc: 0.7500 | Prec: 1.0000 | Recall: 0.5000 | Spec: 1.0000
[2025-12-02 10:03:07,688 INFO main.train_one_fold]   Confusion: TP=2, TN=4, FP=0, FN=2
[2025-12-02 10:03:07,726 INFO main.train_one_fold] ✓ Saved best model: experiments/fp1_006_mdd_ec/fold_5_best.pth (combined=0.4947, chunk=0.6596, subject=0.7500)
[2025-12-02 10:03:07,726 INFO early_stopping.__call__] Validation improved from 0.5149 to 0.6596 (+0.1447) at epoch 3
[2025-12-02 10:03:20,617 INFO main.train_one_fold] TRAIN CHUNK | Fold 5 | Epoch 004/100 | Loss: 0.6499 | Acc: 0.7157 | Prec: 0.7278 | Recall: 0.6292 | Spec: 0.7921
[2025-12-02 10:03:21,216 INFO main.train_one_fold] EVAL CHUNK | Fold 5 | Epoch 004/100 | Loss: 0.6115 | Acc: 0.7277 | Prec: 0.6667 | Recall: 0.8772 | Spec: 0.5868
[2025-12-02 10:03:21,216 INFO main.train_one_fold]   Confusion: TP=100, TN=71, FP=50, FN=14
[2025-12-02 10:03:21,217 INFO main.train_one_fold] EVAL SUBJECT | Fold 5 | Epoch 004/100 | Loss: 0.6115 | Acc: 0.7500 | Prec: 0.6667 | Recall: 1.0000 | Spec: 0.5000
[2025-12-02 10:03:21,217 INFO main.train_one_fold]   Confusion: TP=4, TN=2, FP=2, FN=0
[2025-12-02 10:03:21,246 INFO main.train_one_fold] ✓ Saved best model: experiments/fp1_006_mdd_ec/fold_5_best.pth (combined=0.5457, chunk=0.7277, subject=0.7500)
[2025-12-02 10:03:21,246 INFO early_stopping.__call__] Validation improved from 0.6596 to 0.7277 (+0.0681) at epoch 4
[2025-12-02 10:03:31,801 INFO main.train_one_fold] TRAIN CHUNK | Fold 5 | Epoch 005/100 | Loss: 0.5716 | Acc: 0.7828 | Prec: 0.7461 | Recall: 0.8138 | Spec: 0.7554
[2025-12-02 10:03:32,380 INFO main.train_one_fold] EVAL CHUNK | Fold 5 | Epoch 005/100 | Loss: 0.4663 | Acc: 0.8170 | Prec: 0.7710 | Recall: 0.8860 | Spec: 0.7521
[2025-12-02 10:03:32,380 INFO main.train_one_fold]   Confusion: TP=101, TN=91, FP=30, FN=13
[2025-12-02 10:03:32,380 INFO main.train_one_fold] EVAL SUBJECT | Fold 5 | Epoch 005/100 | Loss: 0.4663 | Acc: 0.8750 | Prec: 0.8000 | Recall: 1.0000 | Spec: 0.7500
[2025-12-02 10:03:32,381 INFO main.train_one_fold]   Confusion: TP=4, TN=3, FP=1, FN=0
[2025-12-02 10:03:32,412 INFO main.train_one_fold] ✓ Saved best model: experiments/fp1_006_mdd_ec/fold_5_best.pth (combined=0.7149, chunk=0.8170, subject=0.8750)
[2025-12-02 10:03:32,412 INFO early_stopping.__call__] Validation improved from 0.7277 to 0.8170 (+0.0894) at epoch 5
[2025-12-02 10:03:41,526 INFO main.train_one_fold] TRAIN CHUNK | Fold 5 | Epoch 006/100 | Loss: 0.4860 | Acc: 0.8124 | Prec: 0.7754 | Recall: 0.8446 | Spec: 0.7840
[2025-12-02 10:03:42,108 INFO main.train_one_fold] EVAL CHUNK | Fold 5 | Epoch 006/100 | Loss: 0.3324 | Acc: 0.8851 | Prec: 0.9065 | Recall: 0.8509 | Spec: 0.9174
[2025-12-02 10:03:42,108 INFO main.train_one_fold]   Confusion: TP=97, TN=111, FP=10, FN=17
[2025-12-02 10:03:42,108 INFO main.train_one_fold] EVAL SUBJECT | Fold 5 | Epoch 006/100 | Loss: 0.3324 | Acc: 1.0000 | Prec: 1.0000 | Recall: 1.0000 | Spec: 1.0000
[2025-12-02 10:03:42,109 INFO main.train_one_fold]   Confusion: TP=4, TN=4, FP=0, FN=0
[2025-12-02 10:03:42,137 INFO main.train_one_fold] ✓ Saved best model: experiments/fp1_006_mdd_ec/fold_5_best.pth (combined=0.8851, chunk=0.8851, subject=1.0000)
[2025-12-02 10:03:42,138 INFO early_stopping.__call__] Validation improved from 0.8170 to 0.8851 (+0.0681) at epoch 6
[2025-12-02 10:03:50,925 INFO main.train_one_fold] TRAIN CHUNK | Fold 5 | Epoch 007/100 | Loss: 0.4215 | Acc: 0.8384 | Prec: 0.8052 | Recall: 0.8646 | Spec: 0.8152
[2025-12-02 10:03:51,521 INFO main.train_one_fold] EVAL CHUNK | Fold 5 | Epoch 007/100 | Loss: 0.2212 | Acc: 0.9532 | Prec: 0.9725 | Recall: 0.9298 | Spec: 0.9752
[2025-12-02 10:03:51,521 INFO main.train_one_fold]   Confusion: TP=106, TN=118, FP=3, FN=8
[2025-12-02 10:03:51,521 INFO main.train_one_fold] EVAL SUBJECT | Fold 5 | Epoch 007/100 | Loss: 0.2212 | Acc: 1.0000 | Prec: 1.0000 | Recall: 1.0000 | Spec: 1.0000
[2025-12-02 10:03:51,521 INFO main.train_one_fold]   Confusion: TP=4, TN=4, FP=0, FN=0
[2025-12-02 10:03:51,553 INFO main.train_one_fold] ✓ Saved best model: experiments/fp1_006_mdd_ec/fold_5_best.pth (combined=0.9532, chunk=0.9532, subject=1.0000)
[2025-12-02 10:03:51,553 INFO early_stopping.__call__] Validation improved from 0.8851 to 0.9532 (+0.0681) at epoch 7
[2025-12-02 10:04:00,340 INFO main.train_one_fold] TRAIN CHUNK | Fold 5 | Epoch 008/100 | Loss: 0.3793 | Acc: 0.8535 | Prec: 0.8161 | Recall: 0.8877 | Spec: 0.8234
[2025-12-02 10:04:00,916 INFO main.train_one_fold] EVAL CHUNK | Fold 5 | Epoch 008/100 | Loss: 0.1903 | Acc: 0.9404 | Prec: 0.9902 | Recall: 0.8860 | Spec: 0.9917
[2025-12-02 10:04:00,916 INFO main.train_one_fold]   Confusion: TP=101, TN=120, FP=1, FN=13
[2025-12-02 10:04:00,916 INFO main.train_one_fold] EVAL SUBJECT | Fold 5 | Epoch 008/100 | Loss: 0.1903 | Acc: 1.0000 | Prec: 1.0000 | Recall: 1.0000 | Spec: 1.0000
[2025-12-02 10:04:00,916 INFO main.train_one_fold]   Confusion: TP=4, TN=4, FP=0, FN=0
[2025-12-02 10:04:09,691 INFO main.train_one_fold] TRAIN CHUNK | Fold 5 | Epoch 009/100 | Loss: 0.3589 | Acc: 0.8579 | Prec: 0.8240 | Recall: 0.8862 | Spec: 0.8329
[2025-12-02 10:04:10,277 INFO main.train_one_fold] EVAL CHUNK | Fold 5 | Epoch 009/100 | Loss: 0.2059 | Acc: 0.9234 | Prec: 1.0000 | Recall: 0.8421 | Spec: 1.0000
[2025-12-02 10:04:10,277 INFO main.train_one_fold]   Confusion: TP=96, TN=121, FP=0, FN=18
[2025-12-02 10:04:10,277 INFO main.train_one_fold] EVAL SUBJECT | Fold 5 | Epoch 009/100 | Loss: 0.2059 | Acc: 1.0000 | Prec: 1.0000 | Recall: 1.0000 | Spec: 1.0000
[2025-12-02 10:04:10,277 INFO main.train_one_fold]   Confusion: TP=4, TN=4, FP=0, FN=0
[2025-12-02 10:04:17,513 INFO main.train_one_fold] TRAIN CHUNK | Fold 5 | Epoch 010/100 | Loss: 0.3390 | Acc: 0.8737 | Prec: 0.8223 | Recall: 0.9323 | Spec: 0.8220
[2025-12-02 10:04:17,984 INFO main.train_one_fold] EVAL CHUNK | Fold 5 | Epoch 010/100 | Loss: 0.1521 | Acc: 0.9660 | Prec: 0.9818 | Recall: 0.9474 | Spec: 0.9835
[2025-12-02 10:04:17,984 INFO main.train_one_fold]   Confusion: TP=108, TN=119, FP=2, FN=6
[2025-12-02 10:04:17,984 INFO main.train_one_fold] EVAL SUBJECT | Fold 5 | Epoch 010/100 | Loss: 0.1521 | Acc: 1.0000 | Prec: 1.0000 | Recall: 1.0000 | Spec: 1.0000
[2025-12-02 10:04:17,985 INFO main.train_one_fold]   Confusion: TP=4, TN=4, FP=0, FN=0
[2025-12-02 10:04:18,010 INFO main.train_one_fold] ✓ Saved best model: experiments/fp1_006_mdd_ec/fold_5_best.pth (combined=0.9660, chunk=0.9660, subject=1.0000)
[2025-12-02 10:04:18,010 INFO early_stopping.__call__] Validation improved from 0.9532 to 0.9660 (+0.0128) at epoch 10
[2025-12-02 10:04:18,024 INFO main.train_one_fold] Saved checkpoint: experiments/fp1_006_mdd_ec/fold_5_epoch_010.pth
[2025-12-02 10:04:24,814 INFO main.train_one_fold] TRAIN CHUNK | Fold 5 | Epoch 011/100 | Loss: 0.3269 | Acc: 0.8672 | Prec: 0.8282 | Recall: 0.9046 | Spec: 0.8342
[2025-12-02 10:04:25,266 INFO main.train_one_fold] EVAL CHUNK | Fold 5 | Epoch 011/100 | Loss: 0.1550 | Acc: 0.9574 | Prec: 0.9906 | Recall: 0.9211 | Spec: 0.9917
[2025-12-02 10:04:25,267 INFO main.train_one_fold]   Confusion: TP=105, TN=120, FP=1, FN=9
[2025-12-02 10:04:25,267 INFO main.train_one_fold] EVAL SUBJECT | Fold 5 | Epoch 011/100 | Loss: 0.1550 | Acc: 1.0000 | Prec: 1.0000 | Recall: 1.0000 | Spec: 1.0000
[2025-12-02 10:04:25,267 INFO main.train_one_fold]   Confusion: TP=4, TN=4, FP=0, FN=0
[2025-12-02 10:04:32,068 INFO main.train_one_fold] TRAIN CHUNK | Fold 5 | Epoch 012/100 | Loss: 0.3245 | Acc: 0.8723 | Prec: 0.8192 | Recall: 0.9338 | Spec: 0.8179
[2025-12-02 10:04:32,523 INFO main.train_one_fold] EVAL CHUNK | Fold 5 | Epoch 012/100 | Loss: 0.1878 | Acc: 0.9404 | Prec: 0.9902 | Recall: 0.8860 | Spec: 0.9917
[2025-12-02 10:04:32,524 INFO main.train_one_fold]   Confusion: TP=101, TN=120, FP=1, FN=13
[2025-12-02 10:04:32,524 INFO main.train_one_fold] EVAL SUBJECT | Fold 5 | Epoch 012/100 | Loss: 0.1878 | Acc: 1.0000 | Prec: 1.0000 | Recall: 1.0000 | Spec: 1.0000
[2025-12-02 10:04:32,524 INFO main.train_one_fold]   Confusion: TP=4, TN=4, FP=0, FN=0
[2025-12-02 10:04:39,283 INFO main.train_one_fold] TRAIN CHUNK | Fold 5 | Epoch 013/100 | Loss: 0.3175 | Acc: 0.8745 | Prec: 0.8278 | Recall: 0.9246 | Spec: 0.8302
[2025-12-02 10:04:39,734 INFO main.train_one_fold] EVAL CHUNK | Fold 5 | Epoch 013/100 | Loss: 0.2425 | Acc: 0.9064 | Prec: 1.0000 | Recall: 0.8070 | Spec: 1.0000
[2025-12-02 10:04:39,734 INFO main.train_one_fold]   Confusion: TP=92, TN=121, FP=0, FN=22
[2025-12-02 10:04:39,734 INFO main.train_one_fold] EVAL SUBJECT | Fold 5 | Epoch 013/100 | Loss: 0.2425 | Acc: 1.0000 | Prec: 1.0000 | Recall: 1.0000 | Spec: 1.0000
[2025-12-02 10:04:39,734 INFO main.train_one_fold]   Confusion: TP=4, TN=4, FP=0, FN=0
[2025-12-02 10:04:46,511 INFO main.train_one_fold] TRAIN CHUNK | Fold 5 | Epoch 014/100 | Loss: 0.3066 | Acc: 0.8795 | Prec: 0.8286 | Recall: 0.9369 | Spec: 0.8288
[2025-12-02 10:04:46,962 INFO main.train_one_fold] EVAL CHUNK | Fold 5 | Epoch 014/100 | Loss: 0.2731 | Acc: 0.8894 | Prec: 1.0000 | Recall: 0.7719 | Spec: 1.0000
[2025-12-02 10:04:46,963 INFO main.train_one_fold]   Confusion: TP=88, TN=121, FP=0, FN=26
[2025-12-02 10:04:46,963 INFO main.train_one_fold] EVAL SUBJECT | Fold 5 | Epoch 014/100 | Loss: 0.2731 | Acc: 0.8750 | Prec: 1.0000 | Recall: 0.7500 | Spec: 1.0000
[2025-12-02 10:04:46,963 INFO main.train_one_fold]   Confusion: TP=3, TN=4, FP=0, FN=1
[2025-12-02 10:04:53,747 INFO main.train_one_fold] TRAIN CHUNK | Fold 5 | Epoch 015/100 | Loss: 0.3216 | Acc: 0.8730 | Prec: 0.8264 | Recall: 0.9231 | Spec: 0.8288
[2025-12-02 10:04:54,202 INFO main.train_one_fold] EVAL CHUNK | Fold 5 | Epoch 015/100 | Loss: 0.2014 | Acc: 0.9277 | Prec: 0.9899 | Recall: 0.8596 | Spec: 0.9917
[2025-12-02 10:04:54,202 INFO main.train_one_fold]   Confusion: TP=98, TN=120, FP=1, FN=16
[2025-12-02 10:04:54,202 INFO main.train_one_fold] EVAL SUBJECT | Fold 5 | Epoch 015/100 | Loss: 0.2014 | Acc: 1.0000 | Prec: 1.0000 | Recall: 1.0000 | Spec: 1.0000
[2025-12-02 10:04:54,202 INFO main.train_one_fold]   Confusion: TP=4, TN=4, FP=0, FN=0
[2025-12-02 10:05:00,975 INFO main.train_one_fold] TRAIN CHUNK | Fold 5 | Epoch 016/100 | Loss: 0.3017 | Acc: 0.8773 | Prec: 0.8261 | Recall: 0.9354 | Spec: 0.8261
[2025-12-02 10:05:01,561 INFO main.train_one_fold] EVAL CHUNK | Fold 5 | Epoch 016/100 | Loss: 0.1924 | Acc: 0.9319 | Prec: 0.9900 | Recall: 0.8684 | Spec: 0.9917
[2025-12-02 10:05:01,561 INFO main.train_one_fold]   Confusion: TP=99, TN=120, FP=1, FN=15
[2025-12-02 10:05:01,561 INFO main.train_one_fold] EVAL SUBJECT | Fold 5 | Epoch 016/100 | Loss: 0.1924 | Acc: 1.0000 | Prec: 1.0000 | Recall: 1.0000 | Spec: 1.0000
[2025-12-02 10:05:01,562 INFO main.train_one_fold]   Confusion: TP=4, TN=4, FP=0, FN=0
[2025-12-02 10:05:10,583 INFO main.train_one_fold] TRAIN CHUNK | Fold 5 | Epoch 017/100 | Loss: 0.3044 | Acc: 0.8730 | Prec: 0.8338 | Recall: 0.9108 | Spec: 0.8397
[2025-12-02 10:05:11,165 INFO main.train_one_fold] EVAL CHUNK | Fold 5 | Epoch 017/100 | Loss: 0.1941 | Acc: 0.9319 | Prec: 1.0000 | Recall: 0.8596 | Spec: 1.0000
[2025-12-02 10:05:11,165 INFO main.train_one_fold]   Confusion: TP=98, TN=121, FP=0, FN=16
[2025-12-02 10:05:11,165 INFO main.train_one_fold] EVAL SUBJECT | Fold 5 | Epoch 017/100 | Loss: 0.1941 | Acc: 1.0000 | Prec: 1.0000 | Recall: 1.0000 | Spec: 1.0000
[2025-12-02 10:05:11,166 INFO main.train_one_fold]   Confusion: TP=4, TN=4, FP=0, FN=0
[2025-12-02 10:05:20,024 INFO main.train_one_fold] TRAIN CHUNK | Fold 5 | Epoch 018/100 | Loss: 0.3096 | Acc: 0.8745 | Prec: 0.8251 | Recall: 0.9292 | Spec: 0.8261
[2025-12-02 10:05:20,625 INFO main.train_one_fold] EVAL CHUNK | Fold 5 | Epoch 018/100 | Loss: 0.2786 | Acc: 0.9021 | Prec: 1.0000 | Recall: 0.7982 | Spec: 1.0000
[2025-12-02 10:05:20,626 INFO main.train_one_fold]   Confusion: TP=91, TN=121, FP=0, FN=23
[2025-12-02 10:05:20,626 INFO main.train_one_fold] EVAL SUBJECT | Fold 5 | Epoch 018/100 | Loss: 0.2786 | Acc: 0.8750 | Prec: 1.0000 | Recall: 0.7500 | Spec: 1.0000
[2025-12-02 10:05:20,626 INFO main.train_one_fold]   Confusion: TP=3, TN=4, FP=0, FN=1
[2025-12-02 10:05:29,455 INFO main.train_one_fold] TRAIN CHUNK | Fold 5 | Epoch 019/100 | Loss: 0.2990 | Acc: 0.8817 | Prec: 0.8284 | Recall: 0.9431 | Spec: 0.8274
[2025-12-02 10:05:30,037 INFO main.train_one_fold] EVAL CHUNK | Fold 5 | Epoch 019/100 | Loss: 0.3116 | Acc: 0.8809 | Prec: 1.0000 | Recall: 0.7544 | Spec: 1.0000
[2025-12-02 10:05:30,037 INFO main.train_one_fold]   Confusion: TP=86, TN=121, FP=0, FN=28
[2025-12-02 10:05:30,037 INFO main.train_one_fold] EVAL SUBJECT | Fold 5 | Epoch 019/100 | Loss: 0.3116 | Acc: 0.8750 | Prec: 1.0000 | Recall: 0.7500 | Spec: 1.0000
[2025-12-02 10:05:30,037 INFO main.train_one_fold]   Confusion: TP=3, TN=4, FP=0, FN=1
[2025-12-02 10:05:38,873 INFO main.train_one_fold] TRAIN CHUNK | Fold 5 | Epoch 020/100 | Loss: 0.2995 | Acc: 0.8795 | Prec: 0.8416 | Recall: 0.9154 | Spec: 0.8478
[2025-12-02 10:05:39,470 INFO main.train_one_fold] EVAL CHUNK | Fold 5 | Epoch 020/100 | Loss: 0.1959 | Acc: 0.9277 | Prec: 0.9899 | Recall: 0.8596 | Spec: 0.9917
[2025-12-02 10:05:39,470 INFO main.train_one_fold]   Confusion: TP=98, TN=120, FP=1, FN=16
[2025-12-02 10:05:39,471 INFO main.train_one_fold] EVAL SUBJECT | Fold 5 | Epoch 020/100 | Loss: 0.1959 | Acc: 1.0000 | Prec: 1.0000 | Recall: 1.0000 | Spec: 1.0000
[2025-12-02 10:05:39,471 INFO main.train_one_fold]   Confusion: TP=4, TN=4, FP=0, FN=0
[2025-12-02 10:05:39,493 INFO main.train_one_fold] Saved checkpoint: experiments/fp1_006_mdd_ec/fold_5_epoch_020.pth
[2025-12-02 10:05:48,359 INFO main.train_one_fold] TRAIN CHUNK | Fold 5 | Epoch 021/100 | Loss: 0.2948 | Acc: 0.8831 | Prec: 0.8288 | Recall: 0.9462 | Spec: 0.8274
[2025-12-02 10:05:48,953 INFO main.train_one_fold] EVAL CHUNK | Fold 5 | Epoch 021/100 | Loss: 0.2424 | Acc: 0.9106 | Prec: 1.0000 | Recall: 0.8158 | Spec: 1.0000
[2025-12-02 10:05:48,953 INFO main.train_one_fold]   Confusion: TP=93, TN=121, FP=0, FN=21
[2025-12-02 10:05:48,953 INFO main.train_one_fold] EVAL SUBJECT | Fold 5 | Epoch 021/100 | Loss: 0.2424 | Acc: 1.0000 | Prec: 1.0000 | Recall: 1.0000 | Spec: 1.0000
[2025-12-02 10:05:48,954 INFO main.train_one_fold]   Confusion: TP=4, TN=4, FP=0, FN=0
[2025-12-02 10:05:57,682 INFO main.train_one_fold] TRAIN CHUNK | Fold 5 | Epoch 022/100 | Loss: 0.3040 | Acc: 0.8745 | Prec: 0.8343 | Recall: 0.9138 | Spec: 0.8397
[2025-12-02 10:05:58,260 INFO main.train_one_fold] EVAL CHUNK | Fold 5 | Epoch 022/100 | Loss: 0.2412 | Acc: 0.9234 | Prec: 1.0000 | Recall: 0.8421 | Spec: 1.0000
[2025-12-02 10:05:58,260 INFO main.train_one_fold]   Confusion: TP=96, TN=121, FP=0, FN=18
[2025-12-02 10:05:58,260 INFO main.train_one_fold] EVAL SUBJECT | Fold 5 | Epoch 022/100 | Loss: 0.2412 | Acc: 1.0000 | Prec: 1.0000 | Recall: 1.0000 | Spec: 1.0000
[2025-12-02 10:05:58,260 INFO main.train_one_fold]   Confusion: TP=4, TN=4, FP=0, FN=0
[2025-12-02 10:06:06,915 INFO main.train_one_fold] TRAIN CHUNK | Fold 5 | Epoch 023/100 | Loss: 0.2869 | Acc: 0.8889 | Prec: 0.8454 | Recall: 0.9338 | Spec: 0.8492
[2025-12-02 10:06:07,496 INFO main.train_one_fold] EVAL CHUNK | Fold 5 | Epoch 023/100 | Loss: 0.2800 | Acc: 0.8894 | Prec: 1.0000 | Recall: 0.7719 | Spec: 1.0000
[2025-12-02 10:06:07,496 INFO main.train_one_fold]   Confusion: TP=88, TN=121, FP=0, FN=26
[2025-12-02 10:06:07,496 INFO main.train_one_fold] EVAL SUBJECT | Fold 5 | Epoch 023/100 | Loss: 0.2800 | Acc: 0.8750 | Prec: 1.0000 | Recall: 0.7500 | Spec: 1.0000
[2025-12-02 10:06:07,496 INFO main.train_one_fold]   Confusion: TP=3, TN=4, FP=0, FN=1
[2025-12-02 10:06:16,340 INFO main.train_one_fold] TRAIN CHUNK | Fold 5 | Epoch 024/100 | Loss: 0.2868 | Acc: 0.8867 | Prec: 0.8506 | Recall: 0.9200 | Spec: 0.8573
[2025-12-02 10:06:16,919 INFO main.train_one_fold] EVAL CHUNK | Fold 5 | Epoch 024/100 | Loss: 0.2000 | Acc: 0.9404 | Prec: 0.9902 | Recall: 0.8860 | Spec: 0.9917
[2025-12-02 10:06:16,920 INFO main.train_one_fold]   Confusion: TP=101, TN=120, FP=1, FN=13
[2025-12-02 10:06:16,920 INFO main.train_one_fold] EVAL SUBJECT | Fold 5 | Epoch 024/100 | Loss: 0.2000 | Acc: 1.0000 | Prec: 1.0000 | Recall: 1.0000 | Spec: 1.0000
[2025-12-02 10:06:16,920 INFO main.train_one_fold]   Confusion: TP=4, TN=4, FP=0, FN=0
[2025-12-02 10:06:25,653 INFO main.train_one_fold] TRAIN CHUNK | Fold 5 | Epoch 025/100 | Loss: 0.2930 | Acc: 0.8781 | Prec: 0.8317 | Recall: 0.9277 | Spec: 0.8342
[2025-12-02 10:06:26,221 INFO main.train_one_fold] EVAL CHUNK | Fold 5 | Epoch 025/100 | Loss: 0.2511 | Acc: 0.9106 | Prec: 1.0000 | Recall: 0.8158 | Spec: 1.0000
[2025-12-02 10:06:26,221 INFO main.train_one_fold]   Confusion: TP=93, TN=121, FP=0, FN=21
[2025-12-02 10:06:26,221 INFO main.train_one_fold] EVAL SUBJECT | Fold 5 | Epoch 025/100 | Loss: 0.2511 | Acc: 1.0000 | Prec: 1.0000 | Recall: 1.0000 | Spec: 1.0000
[2025-12-02 10:06:26,222 INFO main.train_one_fold]   Confusion: TP=4, TN=4, FP=0, FN=0
[2025-12-02 10:06:34,949 INFO main.train_one_fold] TRAIN CHUNK | Fold 5 | Epoch 026/100 | Loss: 0.2992 | Acc: 0.8773 | Prec: 0.8390 | Recall: 0.9138 | Spec: 0.8451
[2025-12-02 10:06:35,553 INFO main.train_one_fold] EVAL CHUNK | Fold 5 | Epoch 026/100 | Loss: 0.2334 | Acc: 0.9277 | Prec: 1.0000 | Recall: 0.8509 | Spec: 1.0000
[2025-12-02 10:06:35,554 INFO main.train_one_fold]   Confusion: TP=97, TN=121, FP=0, FN=17
[2025-12-02 10:06:35,554 INFO main.train_one_fold] EVAL SUBJECT | Fold 5 | Epoch 026/100 | Loss: 0.2334 | Acc: 1.0000 | Prec: 1.0000 | Recall: 1.0000 | Spec: 1.0000
[2025-12-02 10:06:35,554 INFO main.train_one_fold]   Confusion: TP=4, TN=4, FP=0, FN=0
[2025-12-02 10:06:44,330 INFO main.train_one_fold] TRAIN CHUNK | Fold 5 | Epoch 027/100 | Loss: 0.2878 | Acc: 0.8838 | Prec: 0.8401 | Recall: 0.9292 | Spec: 0.8438
[2025-12-02 10:06:44,921 INFO main.train_one_fold] EVAL CHUNK | Fold 5 | Epoch 027/100 | Loss: 0.4170 | Acc: 0.8553 | Prec: 1.0000 | Recall: 0.7018 | Spec: 1.0000
[2025-12-02 10:06:44,922 INFO main.train_one_fold]   Confusion: TP=80, TN=121, FP=0, FN=34
[2025-12-02 10:06:44,922 INFO main.train_one_fold] EVAL SUBJECT | Fold 5 | Epoch 027/100 | Loss: 0.4170 | Acc: 0.7500 | Prec: 1.0000 | Recall: 0.5000 | Spec: 1.0000
[2025-12-02 10:06:44,922 INFO main.train_one_fold]   Confusion: TP=2, TN=4, FP=0, FN=2
[2025-12-02 10:06:53,639 INFO main.train_one_fold] TRAIN CHUNK | Fold 5 | Epoch 028/100 | Loss: 0.2947 | Acc: 0.8730 | Prec: 0.8338 | Recall: 0.9108 | Spec: 0.8397
[2025-12-02 10:06:54,209 INFO main.train_one_fold] EVAL CHUNK | Fold 5 | Epoch 028/100 | Loss: 0.1903 | Acc: 0.9489 | Prec: 0.9904 | Recall: 0.9035 | Spec: 0.9917
[2025-12-02 10:06:54,209 INFO main.train_one_fold]   Confusion: TP=103, TN=120, FP=1, FN=11
[2025-12-02 10:06:54,209 INFO main.train_one_fold] EVAL SUBJECT | Fold 5 | Epoch 028/100 | Loss: 0.1903 | Acc: 1.0000 | Prec: 1.0000 | Recall: 1.0000 | Spec: 1.0000
[2025-12-02 10:06:54,209 INFO main.train_one_fold]   Confusion: TP=4, TN=4, FP=0, FN=0
[2025-12-02 10:07:02,941 INFO main.train_one_fold] TRAIN CHUNK | Fold 5 | Epoch 029/100 | Loss: 0.2836 | Acc: 0.8896 | Prec: 0.8476 | Recall: 0.9323 | Spec: 0.8519
[2025-12-02 10:07:03,558 INFO main.train_one_fold] EVAL CHUNK | Fold 5 | Epoch 029/100 | Loss: 0.1794 | Acc: 0.9532 | Prec: 0.9905 | Recall: 0.9123 | Spec: 0.9917
[2025-12-02 10:07:03,558 INFO main.train_one_fold]   Confusion: TP=104, TN=120, FP=1, FN=10
[2025-12-02 10:07:03,558 INFO main.train_one_fold] EVAL SUBJECT | Fold 5 | Epoch 029/100 | Loss: 0.1794 | Acc: 1.0000 | Prec: 1.0000 | Recall: 1.0000 | Spec: 1.0000
[2025-12-02 10:07:03,558 INFO main.train_one_fold]   Confusion: TP=4, TN=4, FP=0, FN=0
[2025-12-02 10:07:12,596 INFO main.train_one_fold] TRAIN CHUNK | Fold 5 | Epoch 030/100 | Loss: 0.2824 | Acc: 0.8817 | Prec: 0.8356 | Recall: 0.9308 | Spec: 0.8383
[2025-12-02 10:07:13,186 INFO main.train_one_fold] EVAL CHUNK | Fold 5 | Epoch 030/100 | Loss: 0.2423 | Acc: 0.9149 | Prec: 1.0000 | Recall: 0.8246 | Spec: 1.0000
[2025-12-02 10:07:13,186 INFO main.train_one_fold]   Confusion: TP=94, TN=121, FP=0, FN=20
[2025-12-02 10:07:13,187 INFO main.train_one_fold] EVAL SUBJECT | Fold 5 | Epoch 030/100 | Loss: 0.2423 | Acc: 1.0000 | Prec: 1.0000 | Recall: 1.0000 | Spec: 1.0000
[2025-12-02 10:07:13,187 INFO main.train_one_fold]   Confusion: TP=4, TN=4, FP=0, FN=0
[2025-12-02 10:07:13,187 INFO early_stopping.__call__] Early stopping triggered after 20 epochs without improvement. Best score: 0.9660 at epoch 10
[2025-12-02 10:07:13,187 INFO main.train_one_fold] Early stopping triggered at epoch 30
[2025-12-02 10:07:13,187 INFO main.train_one_fold] 
Fold 5 training completed. Best Combined Val Acc: 0.9660 at epoch 10
[2025-12-02 10:07:13,188 INFO main.train_cross_validation] ================================================================================
[2025-12-02 10:07:13,188 INFO main.train_cross_validation] FOLD 6/6
[2025-12-02 10:07:13,188 INFO main.train_cross_validation] ================================================================================
[2025-12-02 10:07:13,188 INFO main.get_datasets_for_fold] Train subjects (46): ['mdd:H S2 EC', 'mdd:H S7 EC', 'mdd:H S19 EC', 'mdd:H S30 EC', 'mdd:H S1 EC', 'mdd:MDD S31 EC', 'mdd:MDD S22 EC', 'mdd:MDD S19 EC', 'mdd:MDD S25 EC', 'mdd:MDD S34 EC', 'mdd:H S22 EC', 'mdd:H S27 EC', 'mdd:H S4 EC', 'mdd:H S21 EC', 'mdd:H S23 EC', 'mdd:MDD S17 EC', 'mdd:MDD S3 EC', 'mdd:MDD S1 EC', 'mdd:MDD S14 EC', 'mdd:MDD S10 EC', 'mdd:H S25 EC', 'mdd:H S10 EC', 'mdd:H S14 EC', 'mdd:H S15 EC', 'mdd:H S11 EC', 'mdd:MDD S26 EC', 'mdd:MDD S20 EC', 'mdd:MDD S33 EC', 'mdd:MDD S18 EC', 'mdd:H S26 EC', 'mdd:H S5 EC', 'mdd:H S13 EC', 'mdd:H S8 EC', 'mdd:H S6 EC', 'mdd:MDD S5 EC', 'mdd:MDD S15 EC', 'mdd:MDD S13 EC', 'mdd:MDD S9 EC', 'mdd:H S28 EC', 'mdd:H S9 EC', 'mdd:H S3 EC', 'mdd:H S17 EC', 'mdd:MDD S30 EC', 'mdd:MDD S32 EC', 'mdd:MDD S27 EC', 'mdd:MDD S28 EC']...
[2025-12-02 10:07:13,189 INFO main.get_datasets_for_fold] Val subjects (8): ['mdd:H S20 EC', 'mdd:H S24 EC', 'mdd:H S29 EC', 'mdd:H S16 EC', 'mdd:MDD S21 EC', 'mdd:MDD S29 EC', 'mdd:MDD S6 EC', 'mdd:MDD S23 EC']
[2025-12-02 10:07:13,190 INFO main.get_datasets_for_fold] Training chunks: 1379
[2025-12-02 10:07:13,190 INFO main.get_datasets_for_fold] Validation chunks: 242
[2025-12-02 10:07:13,212 INFO model.__init__] Initialized LSTM with input_size=1728, hidden_size=100, batch_first=True
[2025-12-02 10:07:13,214 INFO main.train_one_fold] Starting training for fold 6
[2025-12-02 10:07:22,097 INFO main.train_one_fold] TRAIN CHUNK | Fold 6 | Epoch 001/100 | Loss: 0.6920 | Acc: 0.5337 | Prec: 0.0000 | Recall: 0.0000 | Spec: 1.0000
[2025-12-02 10:07:22,706 INFO main.train_one_fold] EVAL CHUNK | Fold 6 | Epoch 001/100 | Loss: 0.6998 | Acc: 0.5000 | Prec: 0.0000 | Recall: 0.0000 | Spec: 1.0000
[2025-12-02 10:07:22,706 INFO main.train_one_fold]   Confusion: TP=0, TN=121, FP=0, FN=121
[2025-12-02 10:07:22,706 INFO main.train_one_fold] EVAL SUBJECT | Fold 6 | Epoch 001/100 | Loss: 0.6998 | Acc: 0.5000 | Prec: 0.0000 | Recall: 0.0000 | Spec: 1.0000
[2025-12-02 10:07:22,706 INFO main.train_one_fold]   Confusion: TP=0, TN=4, FP=0, FN=4
[2025-12-02 10:07:22,738 INFO main.train_one_fold] ✓ Saved best model: experiments/fp1_006_mdd_ec/fold_6_best.pth (combined=0.2500, chunk=0.5000, subject=0.5000)
[2025-12-02 10:07:22,738 INFO early_stopping.__call__] Early stopping initialized: best score 0.5000 at epoch 1
[2025-12-02 10:07:31,516 INFO main.train_one_fold] TRAIN CHUNK | Fold 6 | Epoch 002/100 | Loss: 0.6899 | Acc: 0.5337 | Prec: 0.0000 | Recall: 0.0000 | Spec: 1.0000
[2025-12-02 10:07:32,098 INFO main.train_one_fold] EVAL CHUNK | Fold 6 | Epoch 002/100 | Loss: 0.6985 | Acc: 0.5000 | Prec: 0.0000 | Recall: 0.0000 | Spec: 1.0000
[2025-12-02 10:07:32,098 INFO main.train_one_fold]   Confusion: TP=0, TN=121, FP=0, FN=121
[2025-12-02 10:07:32,099 INFO main.train_one_fold] EVAL SUBJECT | Fold 6 | Epoch 002/100 | Loss: 0.6985 | Acc: 0.5000 | Prec: 0.0000 | Recall: 0.0000 | Spec: 1.0000
[2025-12-02 10:07:32,099 INFO main.train_one_fold]   Confusion: TP=0, TN=4, FP=0, FN=4
[2025-12-02 10:07:40,633 INFO main.train_one_fold] TRAIN CHUNK | Fold 6 | Epoch 003/100 | Loss: 0.6836 | Acc: 0.5381 | Prec: 0.8000 | Recall: 0.0124 | Spec: 0.9973
[2025-12-02 10:07:41,091 INFO main.train_one_fold] EVAL CHUNK | Fold 6 | Epoch 003/100 | Loss: 0.6949 | Acc: 0.4959 | Prec: 0.0000 | Recall: 0.0000 | Spec: 0.9917
[2025-12-02 10:07:41,092 INFO main.train_one_fold]   Confusion: TP=0, TN=120, FP=1, FN=121
[2025-12-02 10:07:41,092 INFO main.train_one_fold] EVAL SUBJECT | Fold 6 | Epoch 003/100 | Loss: 0.6949 | Acc: 0.5000 | Prec: 0.0000 | Recall: 0.0000 | Spec: 1.0000
[2025-12-02 10:07:41,092 INFO main.train_one_fold]   Confusion: TP=0, TN=4, FP=0, FN=4
[2025-12-02 10:07:47,797 INFO main.train_one_fold] TRAIN CHUNK | Fold 6 | Epoch 004/100 | Loss: 0.6557 | Acc: 0.6788 | Prec: 0.8448 | Recall: 0.3810 | Spec: 0.9389
[2025-12-02 10:07:48,302 INFO main.train_one_fold] EVAL CHUNK | Fold 6 | Epoch 004/100 | Loss: 0.6879 | Acc: 0.5950 | Prec: 0.5804 | Recall: 0.6860 | Spec: 0.5041
[2025-12-02 10:07:48,303 INFO main.train_one_fold]   Confusion: TP=83, TN=61, FP=60, FN=38
[2025-12-02 10:07:48,303 INFO main.train_one_fold] EVAL SUBJECT | Fold 6 | Epoch 004/100 | Loss: 0.6879 | Acc: 0.6250 | Prec: 0.6000 | Recall: 0.7500 | Spec: 0.5000
[2025-12-02 10:07:48,303 INFO main.train_one_fold]   Confusion: TP=3, TN=2, FP=2, FN=1
[2025-12-02 10:07:48,329 INFO main.train_one_fold] ✓ Saved best model: experiments/fp1_006_mdd_ec/fold_6_best.pth (combined=0.3719, chunk=0.5950, subject=0.6250)
[2025-12-02 10:07:48,329 INFO early_stopping.__call__] Validation improved from 0.5000 to 0.5950 (+0.0950) at epoch 4
[2025-12-02 10:07:55,125 INFO main.train_one_fold] TRAIN CHUNK | Fold 6 | Epoch 005/100 | Loss: 0.5730 | Acc: 0.8093 | Prec: 0.8220 | Recall: 0.7543 | Spec: 0.8573
[2025-12-02 10:07:55,587 INFO main.train_one_fold] EVAL CHUNK | Fold 6 | Epoch 005/100 | Loss: 0.7608 | Acc: 0.5000 | Prec: 0.5000 | Recall: 0.9091 | Spec: 0.0909
[2025-12-02 10:07:55,587 INFO main.train_one_fold]   Confusion: TP=110, TN=11, FP=110, FN=11
[2025-12-02 10:07:55,587 INFO main.train_one_fold] EVAL SUBJECT | Fold 6 | Epoch 005/100 | Loss: 0.7608 | Acc: 0.5000 | Prec: 0.5000 | Recall: 1.0000 | Spec: 0.0000
[2025-12-02 10:07:55,588 INFO main.train_one_fold]   Confusion: TP=4, TN=0, FP=4, FN=0
[2025-12-02 10:08:02,347 INFO main.train_one_fold] TRAIN CHUNK | Fold 6 | Epoch 006/100 | Loss: 0.4712 | Acc: 0.8332 | Prec: 0.7904 | Recall: 0.8740 | Spec: 0.7976
[2025-12-02 10:08:02,814 INFO main.train_one_fold] EVAL CHUNK | Fold 6 | Epoch 006/100 | Loss: 0.7150 | Acc: 0.6983 | Prec: 0.6412 | Recall: 0.9008 | Spec: 0.4959
[2025-12-02 10:08:02,814 INFO main.train_one_fold]   Confusion: TP=109, TN=60, FP=61, FN=12
[2025-12-02 10:08:02,814 INFO main.train_one_fold] EVAL SUBJECT | Fold 6 | Epoch 006/100 | Loss: 0.7150 | Acc: 0.7500 | Prec: 0.6667 | Recall: 1.0000 | Spec: 0.5000
[2025-12-02 10:08:02,814 INFO main.train_one_fold]   Confusion: TP=4, TN=2, FP=2, FN=0
[2025-12-02 10:08:02,839 INFO main.train_one_fold] ✓ Saved best model: experiments/fp1_006_mdd_ec/fold_6_best.pth (combined=0.5238, chunk=0.6983, subject=0.7500)
[2025-12-02 10:08:02,839 INFO early_stopping.__call__] Validation improved from 0.5950 to 0.6983 (+0.1033) at epoch 6
[2025-12-02 10:08:09,657 INFO main.train_one_fold] TRAIN CHUNK | Fold 6 | Epoch 007/100 | Loss: 0.3759 | Acc: 0.8753 | Prec: 0.8388 | Recall: 0.9067 | Spec: 0.8478
[2025-12-02 10:08:10,134 INFO main.train_one_fold] EVAL CHUNK | Fold 6 | Epoch 007/100 | Loss: 0.7281 | Acc: 0.7314 | Prec: 0.6609 | Recall: 0.9504 | Spec: 0.5124
[2025-12-02 10:08:10,135 INFO main.train_one_fold]   Confusion: TP=115, TN=62, FP=59, FN=6
[2025-12-02 10:08:10,135 INFO main.train_one_fold] EVAL SUBJECT | Fold 6 | Epoch 007/100 | Loss: 0.7281 | Acc: 0.7500 | Prec: 0.6667 | Recall: 1.0000 | Spec: 0.5000
[2025-12-02 10:08:10,135 INFO main.train_one_fold]   Confusion: TP=4, TN=2, FP=2, FN=0
[2025-12-02 10:08:10,166 INFO main.train_one_fold] ✓ Saved best model: experiments/fp1_006_mdd_ec/fold_6_best.pth (combined=0.5486, chunk=0.7314, subject=0.7500)
[2025-12-02 10:08:10,166 INFO early_stopping.__call__] Validation improved from 0.6983 to 0.7314 (+0.0331) at epoch 7
[2025-12-02 10:08:17,099 INFO main.train_one_fold] TRAIN CHUNK | Fold 6 | Epoch 008/100 | Loss: 0.3296 | Acc: 0.8818 | Prec: 0.8438 | Recall: 0.9160 | Spec: 0.8519
[2025-12-02 10:08:17,574 INFO main.train_one_fold] EVAL CHUNK | Fold 6 | Epoch 008/100 | Loss: 0.7589 | Acc: 0.7438 | Prec: 0.6667 | Recall: 0.9752 | Spec: 0.5124
[2025-12-02 10:08:17,574 INFO main.train_one_fold]   Confusion: TP=118, TN=62, FP=59, FN=3
[2025-12-02 10:08:17,574 INFO main.train_one_fold] EVAL SUBJECT | Fold 6 | Epoch 008/100 | Loss: 0.7589 | Acc: 0.7500 | Prec: 0.6667 | Recall: 1.0000 | Spec: 0.5000
[2025-12-02 10:08:17,574 INFO main.train_one_fold]   Confusion: TP=4, TN=2, FP=2, FN=0
[2025-12-02 10:08:17,600 INFO main.train_one_fold] ✓ Saved best model: experiments/fp1_006_mdd_ec/fold_6_best.pth (combined=0.5579, chunk=0.7438, subject=0.7500)
[2025-12-02 10:08:17,600 INFO early_stopping.__call__] Validation improved from 0.7314 to 0.7438 (+0.0124) at epoch 8
[2025-12-02 10:08:24,465 INFO main.train_one_fold] TRAIN CHUNK | Fold 6 | Epoch 009/100 | Loss: 0.2907 | Acc: 0.8941 | Prec: 0.8649 | Recall: 0.9160 | Spec: 0.8750
[2025-12-02 10:08:24,936 INFO main.train_one_fold] EVAL CHUNK | Fold 6 | Epoch 009/100 | Loss: 0.7646 | Acc: 0.7479 | Prec: 0.6648 | Recall: 1.0000 | Spec: 0.4959
[2025-12-02 10:08:24,936 INFO main.train_one_fold]   Confusion: TP=121, TN=60, FP=61, FN=0
[2025-12-02 10:08:24,936 INFO main.train_one_fold] EVAL SUBJECT | Fold 6 | Epoch 009/100 | Loss: 0.7646 | Acc: 0.7500 | Prec: 0.6667 | Recall: 1.0000 | Spec: 0.5000
[2025-12-02 10:08:24,937 INFO main.train_one_fold]   Confusion: TP=4, TN=2, FP=2, FN=0
[2025-12-02 10:08:24,961 INFO main.train_one_fold] ✓ Saved best model: experiments/fp1_006_mdd_ec/fold_6_best.pth (combined=0.5610, chunk=0.7479, subject=0.7500)
[2025-12-02 10:08:24,961 INFO early_stopping.__call__] Validation improved from 0.7438 to 0.7479 (+0.0041) at epoch 9
[2025-12-02 10:08:33,035 INFO main.train_one_fold] TRAIN CHUNK | Fold 6 | Epoch 010/100 | Loss: 0.2728 | Acc: 0.8963 | Prec: 0.8592 | Recall: 0.9300 | Spec: 0.8668
[2025-12-02 10:08:33,669 INFO main.train_one_fold] EVAL CHUNK | Fold 6 | Epoch 010/100 | Loss: 0.7838 | Acc: 0.7438 | Prec: 0.6667 | Recall: 0.9752 | Spec: 0.5124
[2025-12-02 10:08:33,670 INFO main.train_one_fold]   Confusion: TP=118, TN=62, FP=59, FN=3
[2025-12-02 10:08:33,670 INFO main.train_one_fold] EVAL SUBJECT | Fold 6 | Epoch 010/100 | Loss: 0.7838 | Acc: 0.7500 | Prec: 0.6667 | Recall: 1.0000 | Spec: 0.5000
[2025-12-02 10:08:33,670 INFO main.train_one_fold]   Confusion: TP=4, TN=2, FP=2, FN=0
[2025-12-02 10:08:33,702 INFO main.train_one_fold] Saved checkpoint: experiments/fp1_006_mdd_ec/fold_6_epoch_010.pth
[2025-12-02 10:08:42,650 INFO main.train_one_fold] TRAIN CHUNK | Fold 6 | Epoch 011/100 | Loss: 0.2583 | Acc: 0.9036 | Prec: 0.8864 | Recall: 0.9098 | Spec: 0.8981
[2025-12-02 10:08:43,258 INFO main.train_one_fold] EVAL CHUNK | Fold 6 | Epoch 011/100 | Loss: 0.8320 | Acc: 0.7562 | Prec: 0.6722 | Recall: 1.0000 | Spec: 0.5124
[2025-12-02 10:08:43,259 INFO main.train_one_fold]   Confusion: TP=121, TN=62, FP=59, FN=0
[2025-12-02 10:08:43,259 INFO main.train_one_fold] EVAL SUBJECT | Fold 6 | Epoch 011/100 | Loss: 0.8320 | Acc: 0.7500 | Prec: 0.6667 | Recall: 1.0000 | Spec: 0.5000
[2025-12-02 10:08:43,259 INFO main.train_one_fold]   Confusion: TP=4, TN=2, FP=2, FN=0
[2025-12-02 10:08:43,307 INFO main.train_one_fold] ✓ Saved best model: experiments/fp1_006_mdd_ec/fold_6_best.pth (combined=0.5671, chunk=0.7562, subject=0.7500)
[2025-12-02 10:08:43,307 INFO early_stopping.__call__] Validation improved from 0.7479 to 0.7562 (+0.0083) at epoch 11
[2025-12-02 10:08:52,370 INFO main.train_one_fold] TRAIN CHUNK | Fold 6 | Epoch 012/100 | Loss: 0.2564 | Acc: 0.8992 | Prec: 0.8717 | Recall: 0.9191 | Spec: 0.8818
[2025-12-02 10:08:52,996 INFO main.train_one_fold] EVAL CHUNK | Fold 6 | Epoch 012/100 | Loss: 0.8325 | Acc: 0.7562 | Prec: 0.6722 | Recall: 1.0000 | Spec: 0.5124
[2025-12-02 10:08:52,996 INFO main.train_one_fold]   Confusion: TP=121, TN=62, FP=59, FN=0
[2025-12-02 10:08:52,996 INFO main.train_one_fold] EVAL SUBJECT | Fold 6 | Epoch 012/100 | Loss: 0.8325 | Acc: 0.7500 | Prec: 0.6667 | Recall: 1.0000 | Spec: 0.5000
[2025-12-02 10:08:52,996 INFO main.train_one_fold]   Confusion: TP=4, TN=2, FP=2, FN=0
[2025-12-02 10:09:01,853 INFO main.train_one_fold] TRAIN CHUNK | Fold 6 | Epoch 013/100 | Loss: 0.2650 | Acc: 0.9021 | Prec: 0.8814 | Recall: 0.9129 | Spec: 0.8927
[2025-12-02 10:09:02,470 INFO main.train_one_fold] EVAL CHUNK | Fold 6 | Epoch 013/100 | Loss: 0.8008 | Acc: 0.7562 | Prec: 0.6722 | Recall: 1.0000 | Spec: 0.5124
[2025-12-02 10:09:02,470 INFO main.train_one_fold]   Confusion: TP=121, TN=62, FP=59, FN=0
[2025-12-02 10:09:02,471 INFO main.train_one_fold] EVAL SUBJECT | Fold 6 | Epoch 013/100 | Loss: 0.8008 | Acc: 0.7500 | Prec: 0.6667 | Recall: 1.0000 | Spec: 0.5000
[2025-12-02 10:09:02,471 INFO main.train_one_fold]   Confusion: TP=4, TN=2, FP=2, FN=0
[2025-12-02 10:09:11,460 INFO main.train_one_fold] TRAIN CHUNK | Fold 6 | Epoch 014/100 | Loss: 0.2603 | Acc: 0.8978 | Prec: 0.8735 | Recall: 0.9129 | Spec: 0.8845
[2025-12-02 10:09:12,067 INFO main.train_one_fold] EVAL CHUNK | Fold 6 | Epoch 014/100 | Loss: 0.7997 | Acc: 0.7562 | Prec: 0.6722 | Recall: 1.0000 | Spec: 0.5124
[2025-12-02 10:09:12,068 INFO main.train_one_fold]   Confusion: TP=121, TN=62, FP=59, FN=0
[2025-12-02 10:09:12,068 INFO main.train_one_fold] EVAL SUBJECT | Fold 6 | Epoch 014/100 | Loss: 0.7997 | Acc: 0.7500 | Prec: 0.6667 | Recall: 1.0000 | Spec: 0.5000
[2025-12-02 10:09:12,068 INFO main.train_one_fold]   Confusion: TP=4, TN=2, FP=2, FN=0
[2025-12-02 10:09:20,941 INFO main.train_one_fold] TRAIN CHUNK | Fold 6 | Epoch 015/100 | Loss: 0.2437 | Acc: 0.9028 | Prec: 0.8839 | Recall: 0.9114 | Spec: 0.8954
[2025-12-02 10:09:21,539 INFO main.train_one_fold] EVAL CHUNK | Fold 6 | Epoch 015/100 | Loss: 0.7982 | Acc: 0.7562 | Prec: 0.6722 | Recall: 1.0000 | Spec: 0.5124
[2025-12-02 10:09:21,539 INFO main.train_one_fold]   Confusion: TP=121, TN=62, FP=59, FN=0
[2025-12-02 10:09:21,540 INFO main.train_one_fold] EVAL SUBJECT | Fold 6 | Epoch 015/100 | Loss: 0.7982 | Acc: 0.7500 | Prec: 0.6667 | Recall: 1.0000 | Spec: 0.5000
[2025-12-02 10:09:21,540 INFO main.train_one_fold]   Confusion: TP=4, TN=2, FP=2, FN=0
[2025-12-02 10:09:30,352 INFO main.train_one_fold] TRAIN CHUNK | Fold 6 | Epoch 016/100 | Loss: 0.2593 | Acc: 0.8992 | Prec: 0.8750 | Recall: 0.9145 | Spec: 0.8859
[2025-12-02 10:09:30,977 INFO main.train_one_fold] EVAL CHUNK | Fold 6 | Epoch 016/100 | Loss: 0.8165 | Acc: 0.7479 | Prec: 0.6685 | Recall: 0.9835 | Spec: 0.5124
[2025-12-02 10:09:30,977 INFO main.train_one_fold]   Confusion: TP=119, TN=62, FP=59, FN=2
[2025-12-02 10:09:30,977 INFO main.train_one_fold] EVAL SUBJECT | Fold 6 | Epoch 016/100 | Loss: 0.8165 | Acc: 0.7500 | Prec: 0.6667 | Recall: 1.0000 | Spec: 0.5000
[2025-12-02 10:09:30,977 INFO main.train_one_fold]   Confusion: TP=4, TN=2, FP=2, FN=0
[2025-12-02 10:09:39,804 INFO main.train_one_fold] TRAIN CHUNK | Fold 6 | Epoch 017/100 | Loss: 0.2544 | Acc: 0.9094 | Prec: 0.8831 | Recall: 0.9285 | Spec: 0.8927
[2025-12-02 10:09:40,418 INFO main.train_one_fold] EVAL CHUNK | Fold 6 | Epoch 017/100 | Loss: 0.8433 | Acc: 0.7562 | Prec: 0.6722 | Recall: 1.0000 | Spec: 0.5124
[2025-12-02 10:09:40,418 INFO main.train_one_fold]   Confusion: TP=121, TN=62, FP=59, FN=0
[2025-12-02 10:09:40,419 INFO main.train_one_fold] EVAL SUBJECT | Fold 6 | Epoch 017/100 | Loss: 0.8433 | Acc: 0.7500 | Prec: 0.6667 | Recall: 1.0000 | Spec: 0.5000
[2025-12-02 10:09:40,419 INFO main.train_one_fold]   Confusion: TP=4, TN=2, FP=2, FN=0
[2025-12-02 10:09:49,255 INFO main.train_one_fold] TRAIN CHUNK | Fold 6 | Epoch 018/100 | Loss: 0.2496 | Acc: 0.9021 | Prec: 0.8692 | Recall: 0.9300 | Spec: 0.8777
[2025-12-02 10:09:49,876 INFO main.train_one_fold] EVAL CHUNK | Fold 6 | Epoch 018/100 | Loss: 0.8440 | Acc: 0.7562 | Prec: 0.6722 | Recall: 1.0000 | Spec: 0.5124
[2025-12-02 10:09:49,876 INFO main.train_one_fold]   Confusion: TP=121, TN=62, FP=59, FN=0
[2025-12-02 10:09:49,877 INFO main.train_one_fold] EVAL SUBJECT | Fold 6 | Epoch 018/100 | Loss: 0.8440 | Acc: 0.7500 | Prec: 0.6667 | Recall: 1.0000 | Spec: 0.5000
[2025-12-02 10:09:49,877 INFO main.train_one_fold]   Confusion: TP=4, TN=2, FP=2, FN=0
[2025-12-02 10:09:58,645 INFO main.train_one_fold] TRAIN CHUNK | Fold 6 | Epoch 019/100 | Loss: 0.2465 | Acc: 0.9079 | Prec: 0.8828 | Recall: 0.9253 | Spec: 0.8927
[2025-12-02 10:09:59,252 INFO main.train_one_fold] EVAL CHUNK | Fold 6 | Epoch 019/100 | Loss: 0.8405 | Acc: 0.7562 | Prec: 0.6722 | Recall: 1.0000 | Spec: 0.5124
[2025-12-02 10:09:59,252 INFO main.train_one_fold]   Confusion: TP=121, TN=62, FP=59, FN=0
[2025-12-02 10:09:59,252 INFO main.train_one_fold] EVAL SUBJECT | Fold 6 | Epoch 019/100 | Loss: 0.8405 | Acc: 0.7500 | Prec: 0.6667 | Recall: 1.0000 | Spec: 0.5000
[2025-12-02 10:09:59,252 INFO main.train_one_fold]   Confusion: TP=4, TN=2, FP=2, FN=0
[2025-12-02 10:10:08,110 INFO main.train_one_fold] TRAIN CHUNK | Fold 6 | Epoch 020/100 | Loss: 0.2560 | Acc: 0.9079 | Prec: 0.8772 | Recall: 0.9331 | Spec: 0.8859
[2025-12-02 10:10:08,730 INFO main.train_one_fold] EVAL CHUNK | Fold 6 | Epoch 020/100 | Loss: 0.8449 | Acc: 0.7562 | Prec: 0.6722 | Recall: 1.0000 | Spec: 0.5124
[2025-12-02 10:10:08,730 INFO main.train_one_fold]   Confusion: TP=121, TN=62, FP=59, FN=0
[2025-12-02 10:10:08,731 INFO main.train_one_fold] EVAL SUBJECT | Fold 6 | Epoch 020/100 | Loss: 0.8449 | Acc: 0.7500 | Prec: 0.6667 | Recall: 1.0000 | Spec: 0.5000
[2025-12-02 10:10:08,731 INFO main.train_one_fold]   Confusion: TP=4, TN=2, FP=2, FN=0
[2025-12-02 10:10:08,755 INFO main.train_one_fold] Saved checkpoint: experiments/fp1_006_mdd_ec/fold_6_epoch_020.pth
[2025-12-02 10:10:17,491 INFO main.train_one_fold] TRAIN CHUNK | Fold 6 | Epoch 021/100 | Loss: 0.2547 | Acc: 0.9014 | Prec: 0.8835 | Recall: 0.9082 | Spec: 0.8954
[2025-12-02 10:10:18,091 INFO main.train_one_fold] EVAL CHUNK | Fold 6 | Epoch 021/100 | Loss: 0.8612 | Acc: 0.7562 | Prec: 0.6722 | Recall: 1.0000 | Spec: 0.5124
[2025-12-02 10:10:18,092 INFO main.train_one_fold]   Confusion: TP=121, TN=62, FP=59, FN=0
[2025-12-02 10:10:18,092 INFO main.train_one_fold] EVAL SUBJECT | Fold 6 | Epoch 021/100 | Loss: 0.8612 | Acc: 0.7500 | Prec: 0.6667 | Recall: 1.0000 | Spec: 0.5000
[2025-12-02 10:10:18,092 INFO main.train_one_fold]   Confusion: TP=4, TN=2, FP=2, FN=0
[2025-12-02 10:10:26,903 INFO main.train_one_fold] TRAIN CHUNK | Fold 6 | Epoch 022/100 | Loss: 0.2382 | Acc: 0.9123 | Prec: 0.8850 | Recall: 0.9331 | Spec: 0.8940
[2025-12-02 10:10:27,537 INFO main.train_one_fold] EVAL CHUNK | Fold 6 | Epoch 022/100 | Loss: 0.8419 | Acc: 0.7562 | Prec: 0.6722 | Recall: 1.0000 | Spec: 0.5124
[2025-12-02 10:10:27,537 INFO main.train_one_fold]   Confusion: TP=121, TN=62, FP=59, FN=0
[2025-12-02 10:10:27,538 INFO main.train_one_fold] EVAL SUBJECT | Fold 6 | Epoch 022/100 | Loss: 0.8419 | Acc: 0.7500 | Prec: 0.6667 | Recall: 1.0000 | Spec: 0.5000
[2025-12-02 10:10:27,538 INFO main.train_one_fold]   Confusion: TP=4, TN=2, FP=2, FN=0
[2025-12-02 10:10:36,308 INFO main.train_one_fold] TRAIN CHUNK | Fold 6 | Epoch 023/100 | Loss: 0.2326 | Acc: 0.9094 | Prec: 0.8866 | Recall: 0.9238 | Spec: 0.8967
[2025-12-02 10:10:36,918 INFO main.train_one_fold] EVAL CHUNK | Fold 6 | Epoch 023/100 | Loss: 0.8395 | Acc: 0.7521 | Prec: 0.6704 | Recall: 0.9917 | Spec: 0.5124
[2025-12-02 10:10:36,918 INFO main.train_one_fold]   Confusion: TP=120, TN=62, FP=59, FN=1
[2025-12-02 10:10:36,919 INFO main.train_one_fold] EVAL SUBJECT | Fold 6 | Epoch 023/100 | Loss: 0.8395 | Acc: 0.7500 | Prec: 0.6667 | Recall: 1.0000 | Spec: 0.5000
[2025-12-02 10:10:36,919 INFO main.train_one_fold]   Confusion: TP=4, TN=2, FP=2, FN=0
[2025-12-02 10:10:45,682 INFO main.train_one_fold] TRAIN CHUNK | Fold 6 | Epoch 024/100 | Loss: 0.2381 | Acc: 0.9050 | Prec: 0.8891 | Recall: 0.9098 | Spec: 0.9008
[2025-12-02 10:10:46,290 INFO main.train_one_fold] EVAL CHUNK | Fold 6 | Epoch 024/100 | Loss: 0.8712 | Acc: 0.7562 | Prec: 0.6722 | Recall: 1.0000 | Spec: 0.5124
[2025-12-02 10:10:46,291 INFO main.train_one_fold]   Confusion: TP=121, TN=62, FP=59, FN=0
[2025-12-02 10:10:46,291 INFO main.train_one_fold] EVAL SUBJECT | Fold 6 | Epoch 024/100 | Loss: 0.8712 | Acc: 0.7500 | Prec: 0.6667 | Recall: 1.0000 | Spec: 0.5000
[2025-12-02 10:10:46,291 INFO main.train_one_fold]   Confusion: TP=4, TN=2, FP=2, FN=0
[2025-12-02 10:10:55,066 INFO main.train_one_fold] TRAIN CHUNK | Fold 6 | Epoch 025/100 | Loss: 0.2462 | Acc: 0.9043 | Prec: 0.8676 | Recall: 0.9378 | Spec: 0.8750
[2025-12-02 10:10:55,646 INFO main.train_one_fold] EVAL CHUNK | Fold 6 | Epoch 025/100 | Loss: 0.8386 | Acc: 0.7521 | Prec: 0.6704 | Recall: 0.9917 | Spec: 0.5124
[2025-12-02 10:10:55,647 INFO main.train_one_fold]   Confusion: TP=120, TN=62, FP=59, FN=1
[2025-12-02 10:10:55,647 INFO main.train_one_fold] EVAL SUBJECT | Fold 6 | Epoch 025/100 | Loss: 0.8386 | Acc: 0.7500 | Prec: 0.6667 | Recall: 1.0000 | Spec: 0.5000
[2025-12-02 10:10:55,647 INFO main.train_one_fold]   Confusion: TP=4, TN=2, FP=2, FN=0
[2025-12-02 10:11:04,484 INFO main.train_one_fold] TRAIN CHUNK | Fold 6 | Epoch 026/100 | Loss: 0.2373 | Acc: 0.9101 | Prec: 0.8867 | Recall: 0.9253 | Spec: 0.8967
[2025-12-02 10:11:05,079 INFO main.train_one_fold] EVAL CHUNK | Fold 6 | Epoch 026/100 | Loss: 0.8408 | Acc: 0.7562 | Prec: 0.6722 | Recall: 1.0000 | Spec: 0.5124
[2025-12-02 10:11:05,080 INFO main.train_one_fold]   Confusion: TP=121, TN=62, FP=59, FN=0
[2025-12-02 10:11:05,080 INFO main.train_one_fold] EVAL SUBJECT | Fold 6 | Epoch 026/100 | Loss: 0.8408 | Acc: 0.7500 | Prec: 0.6667 | Recall: 1.0000 | Spec: 0.5000
[2025-12-02 10:11:05,080 INFO main.train_one_fold]   Confusion: TP=4, TN=2, FP=2, FN=0
[2025-12-02 10:11:12,947 INFO main.train_one_fold] TRAIN CHUNK | Fold 6 | Epoch 027/100 | Loss: 0.2251 | Acc: 0.9115 | Prec: 0.8871 | Recall: 0.9285 | Spec: 0.8967
[2025-12-02 10:11:13,408 INFO main.train_one_fold] EVAL CHUNK | Fold 6 | Epoch 027/100 | Loss: 0.8234 | Acc: 0.7521 | Prec: 0.6704 | Recall: 0.9917 | Spec: 0.5124
[2025-12-02 10:11:13,409 INFO main.train_one_fold]   Confusion: TP=120, TN=62, FP=59, FN=1
[2025-12-02 10:11:13,409 INFO main.train_one_fold] EVAL SUBJECT | Fold 6 | Epoch 027/100 | Loss: 0.8234 | Acc: 0.7500 | Prec: 0.6667 | Recall: 1.0000 | Spec: 0.5000
[2025-12-02 10:11:13,409 INFO main.train_one_fold]   Confusion: TP=4, TN=2, FP=2, FN=0
[2025-12-02 10:11:20,151 INFO main.train_one_fold] TRAIN CHUNK | Fold 6 | Epoch 028/100 | Loss: 0.2237 | Acc: 0.9152 | Prec: 0.8949 | Recall: 0.9269 | Spec: 0.9049
[2025-12-02 10:11:20,615 INFO main.train_one_fold] EVAL CHUNK | Fold 6 | Epoch 028/100 | Loss: 0.8733 | Acc: 0.7562 | Prec: 0.6722 | Recall: 1.0000 | Spec: 0.5124
[2025-12-02 10:11:20,616 INFO main.train_one_fold]   Confusion: TP=121, TN=62, FP=59, FN=0
[2025-12-02 10:11:20,616 INFO main.train_one_fold] EVAL SUBJECT | Fold 6 | Epoch 028/100 | Loss: 0.8733 | Acc: 0.7500 | Prec: 0.6667 | Recall: 1.0000 | Spec: 0.5000
[2025-12-02 10:11:20,616 INFO main.train_one_fold]   Confusion: TP=4, TN=2, FP=2, FN=0
[2025-12-02 10:11:27,449 INFO main.train_one_fold] TRAIN CHUNK | Fold 6 | Epoch 029/100 | Loss: 0.2360 | Acc: 0.9123 | Prec: 0.8805 | Recall: 0.9393 | Spec: 0.8886
[2025-12-02 10:11:27,921 INFO main.train_one_fold] EVAL CHUNK | Fold 6 | Epoch 029/100 | Loss: 0.8573 | Acc: 0.7562 | Prec: 0.6722 | Recall: 1.0000 | Spec: 0.5124
[2025-12-02 10:11:27,921 INFO main.train_one_fold]   Confusion: TP=121, TN=62, FP=59, FN=0
[2025-12-02 10:11:27,921 INFO main.train_one_fold] EVAL SUBJECT | Fold 6 | Epoch 029/100 | Loss: 0.8573 | Acc: 0.7500 | Prec: 0.6667 | Recall: 1.0000 | Spec: 0.5000
[2025-12-02 10:11:27,922 INFO main.train_one_fold]   Confusion: TP=4, TN=2, FP=2, FN=0
[2025-12-02 10:11:34,752 INFO main.train_one_fold] TRAIN CHUNK | Fold 6 | Epoch 030/100 | Loss: 0.2341 | Acc: 0.9166 | Prec: 0.8964 | Recall: 0.9285 | Spec: 0.9062
[2025-12-02 10:11:35,227 INFO main.train_one_fold] EVAL CHUNK | Fold 6 | Epoch 030/100 | Loss: 0.8148 | Acc: 0.7562 | Prec: 0.6722 | Recall: 1.0000 | Spec: 0.5124
[2025-12-02 10:11:35,227 INFO main.train_one_fold]   Confusion: TP=121, TN=62, FP=59, FN=0
[2025-12-02 10:11:35,227 INFO main.train_one_fold] EVAL SUBJECT | Fold 6 | Epoch 030/100 | Loss: 0.8148 | Acc: 0.7500 | Prec: 0.6667 | Recall: 1.0000 | Spec: 0.5000
[2025-12-02 10:11:35,227 INFO main.train_one_fold]   Confusion: TP=4, TN=2, FP=2, FN=0
[2025-12-02 10:11:35,251 INFO main.train_one_fold] Saved checkpoint: experiments/fp1_006_mdd_ec/fold_6_epoch_030.pth
[2025-12-02 10:11:42,118 INFO main.train_one_fold] TRAIN CHUNK | Fold 6 | Epoch 031/100 | Loss: 0.2288 | Acc: 0.9130 | Prec: 0.8909 | Recall: 0.9269 | Spec: 0.9008
[2025-12-02 10:11:42,589 INFO main.train_one_fold] EVAL CHUNK | Fold 6 | Epoch 031/100 | Loss: 0.8201 | Acc: 0.7562 | Prec: 0.6722 | Recall: 1.0000 | Spec: 0.5124
[2025-12-02 10:11:42,589 INFO main.train_one_fold]   Confusion: TP=121, TN=62, FP=59, FN=0
[2025-12-02 10:11:42,590 INFO main.train_one_fold] EVAL SUBJECT | Fold 6 | Epoch 031/100 | Loss: 0.8201 | Acc: 0.7500 | Prec: 0.6667 | Recall: 1.0000 | Spec: 0.5000
[2025-12-02 10:11:42,590 INFO main.train_one_fold]   Confusion: TP=4, TN=2, FP=2, FN=0
[2025-12-02 10:11:42,590 INFO early_stopping.__call__] Early stopping triggered after 20 epochs without improvement. Best score: 0.7562 at epoch 11
[2025-12-02 10:11:42,590 INFO main.train_one_fold] Early stopping triggered at epoch 31
[2025-12-02 10:11:42,590 INFO main.train_one_fold] 
Fold 6 training completed. Best Combined Val Acc: 0.5671 at epoch 11
[2025-12-02 10:11:42,590 INFO main.train_cross_validation] ================================================================================
[2025-12-02 10:11:42,590 INFO main.train_cross_validation] 6-FOLD CROSS-VALIDATION RESULTS
[2025-12-02 10:11:42,591 INFO main.train_cross_validation] ================================================================================
[2025-12-02 10:11:42,591 INFO main.train_cross_validation] 
Per-fold best validation accuracy:
[2025-12-02 10:11:42,591 INFO main.train_cross_validation]   Fold 1: 0.9118 (epoch 43)
[2025-12-02 10:11:42,591 INFO main.train_cross_validation]   Fold 2: 0.9862 (epoch 66)
[2025-12-02 10:11:42,591 INFO main.train_cross_validation]   Fold 3: 0.7930 (epoch 11)
[2025-12-02 10:11:42,591 INFO main.train_cross_validation]   Fold 4: 0.9631 (epoch 8)
[2025-12-02 10:11:42,591 INFO main.train_cross_validation]   Fold 5: 0.9660 (epoch 10)
[2025-12-02 10:11:42,591 INFO main.train_cross_validation]   Fold 6: 0.5671 (epoch 11)
[2025-12-02 10:11:42,592 INFO main.write_results] COMBINED Accuracy Mean: 0.8645 ± 0.1475, Min: 0.5671, Max: 0.9862

[2025-12-02 10:11:42,592 INFO main.write_results] CHUNK Accuracy Mean: 0.9125 ± 0.0771, Min: 0.7562, Max: 0.9862

[2025-12-02 10:11:42,592 INFO main.write_results] SUBJECT Accuracy Mean: 0.9398 ± 0.0941, Min: 0.7500, Max: 1.0000

[2025-12-02 10:11:42,592 INFO main.train_cross_validation] ================================================================================

[2025-12-02 10:11:42,644 INFO main.train] 
Results saved to experiments/fp1_006_mdd_ec/cv_results.txt
[2025-12-02 10:11:42,645 INFO main.train] Training completed!
