[2025-11-30 16:31:58,079 INFO main.setup_logging] Logging to console and file: experiments/both_fp1_ec+eo_005/training_ec+eo_Fp1_noica_20251130_163158.log
[2025-11-30 16:31:58,079 INFO main.train] Starting EEG Classification Training
[2025-11-30 16:31:58,079 INFO main.train] Hyperparameters:
[2025-11-30 16:31:58,079 INFO main.train]   Dataset: both
[2025-11-30 16:31:58,079 INFO main.train]   Condition: ec+eo
[2025-11-30 16:31:58,079 INFO main.train]   Channel: Fp1
[2025-11-30 16:31:58,079 INFO main.train]   N-Fold CV: 6
[2025-11-30 16:31:58,079 INFO main.train]   Batch Size: 32
[2025-11-30 16:31:58,079 INFO main.train]   Learning Rate: 0.0001
[2025-11-30 16:31:58,079 INFO main.train]   Dropout: 0.6
[2025-11-30 16:31:58,079 INFO main.train]   Weight decay (L2 penalty): 0.0001
[2025-11-30 16:31:58,079 INFO main.train]   Max Epochs: 100
[2025-11-30 16:31:58,079 INFO main.train]   Validation Every: 1 epochs
[2025-11-30 16:31:58,079 INFO main.train]   Save Checkpoint Every: 10 epochs
[2025-11-30 16:31:58,079 INFO main.train]   Early Stopping Patience: 20 epochs
[2025-11-30 16:31:58,079 INFO main.train]   Skip ICA: True
[2025-11-30 16:31:58,079 INFO main.train]   Device: cpu
[2025-11-30 16:31:58,080 INFO main.train]   Checkpoint Directory: experiments/both_fp1_ec+eo_005
[2025-11-30 16:31:58,080 INFO main.train]   Log File: experiments/both_fp1_ec+eo_005/training_ec+eo_Fp1_noica_20251130_163158.log
[2025-11-30 16:31:58,080 INFO main.train_cross_validation] ================================================================================
[2025-11-30 16:31:58,080 INFO main.train_cross_validation] Starting 6-Fold Cross-Validation Training
[2025-11-30 16:31:58,080 INFO main.train_cross_validation] Dataset: both, Condition(s): ['EC', 'EO']
[2025-11-30 16:31:58,080 INFO main.train_cross_validation] Batch Size: 32, LR: 0.0001
[2025-11-30 16:31:58,080 INFO main.train_cross_validation] Device: cpu
[2025-11-30 16:31:58,080 INFO main.train_cross_validation] Skip ICA: True
[2025-11-30 16:31:58,080 INFO main.train_cross_validation] ================================================================================
[2025-11-30 16:31:58,082 INFO dataset.__init__] Building chunk index for FlattenedSpectrogramDataset...
[2025-11-30 16:31:58,717 INFO dataset.convert_to_spectrograms] Created 30 spectrograms
[2025-11-30 16:31:58,881 INFO dataset.convert_to_spectrograms] Created 38 spectrograms
[2025-11-30 16:31:59,004 INFO dataset.convert_to_spectrograms] Created 30 spectrograms
[2025-11-30 16:31:59,118 INFO dataset.convert_to_spectrograms] Created 30 spectrograms
[2025-11-30 16:31:59,234 INFO dataset.convert_to_spectrograms] Created 30 spectrograms
[2025-11-30 16:31:59,350 INFO dataset.convert_to_spectrograms] Created 30 spectrograms
[2025-11-30 16:31:59,453 INFO dataset.convert_to_spectrograms] Created 29 spectrograms
[2025-11-30 16:31:59,567 INFO dataset.convert_to_spectrograms] Created 31 spectrograms
[2025-11-30 16:31:59,681 INFO dataset.convert_to_spectrograms] Created 30 spectrograms
[2025-11-30 16:31:59,788 INFO dataset.convert_to_spectrograms] Created 30 spectrograms
[2025-11-30 16:31:59,904 INFO dataset.convert_to_spectrograms] Created 31 spectrograms
[2025-11-30 16:32:00,018 INFO dataset.convert_to_spectrograms] Created 30 spectrograms
[2025-11-30 16:32:00,136 INFO dataset.convert_to_spectrograms] Created 30 spectrograms
[2025-11-30 16:32:00,254 INFO dataset.convert_to_spectrograms] Created 30 spectrograms
[2025-11-30 16:32:00,362 INFO dataset.convert_to_spectrograms] Created 30 spectrograms
[2025-11-30 16:32:00,470 INFO dataset.convert_to_spectrograms] Created 30 spectrograms
[2025-11-30 16:32:00,586 INFO dataset.convert_to_spectrograms] Created 30 spectrograms
[2025-11-30 16:32:00,692 INFO dataset.convert_to_spectrograms] Created 30 spectrograms
[2025-11-30 16:32:00,808 INFO dataset.convert_to_spectrograms] Created 30 spectrograms
[2025-11-30 16:32:00,925 INFO dataset.convert_to_spectrograms] Created 31 spectrograms
[2025-11-30 16:32:01,045 INFO dataset.convert_to_spectrograms] Created 30 spectrograms
[2025-11-30 16:32:01,172 INFO dataset.convert_to_spectrograms] Created 30 spectrograms
[2025-11-30 16:32:01,295 INFO dataset.convert_to_spectrograms] Created 30 spectrograms
[2025-11-30 16:32:01,409 INFO dataset.convert_to_spectrograms] Created 31 spectrograms
[2025-11-30 16:32:01,591 INFO dataset.convert_to_spectrograms] Created 30 spectrograms
[2025-11-30 16:32:01,797 INFO dataset.convert_to_spectrograms] Created 36 spectrograms
[2025-11-30 16:32:01,984 INFO dataset.convert_to_spectrograms] Created 30 spectrograms
[2025-11-30 16:32:02,105 INFO dataset.convert_to_spectrograms] Created 30 spectrograms
[2025-11-30 16:32:02,223 INFO dataset.convert_to_spectrograms] Created 31 spectrograms
[2025-11-30 16:32:02,338 INFO dataset.convert_to_spectrograms] Created 30 spectrograms
[2025-11-30 16:32:02,456 INFO dataset.convert_to_spectrograms] Created 30 spectrograms
[2025-11-30 16:32:02,568 INFO dataset.convert_to_spectrograms] Created 30 spectrograms
[2025-11-30 16:32:02,677 INFO dataset.convert_to_spectrograms] Created 30 spectrograms
[2025-11-30 16:32:02,783 INFO dataset.convert_to_spectrograms] Created 30 spectrograms
[2025-11-30 16:32:02,896 INFO dataset.convert_to_spectrograms] Created 30 spectrograms
[2025-11-30 16:32:03,008 INFO dataset.convert_to_spectrograms] Created 30 spectrograms
[2025-11-30 16:32:03,123 INFO dataset.convert_to_spectrograms] Created 30 spectrograms
[2025-11-30 16:32:03,235 INFO dataset.convert_to_spectrograms] Created 30 spectrograms
[2025-11-30 16:32:03,347 INFO dataset.convert_to_spectrograms] Created 30 spectrograms
[2025-11-30 16:32:03,457 INFO dataset.convert_to_spectrograms] Created 31 spectrograms
[2025-11-30 16:32:03,571 INFO dataset.convert_to_spectrograms] Created 30 spectrograms
[2025-11-30 16:32:03,690 INFO dataset.convert_to_spectrograms] Created 30 spectrograms
[2025-11-30 16:32:03,801 INFO dataset.convert_to_spectrograms] Created 30 spectrograms
[2025-11-30 16:32:03,909 INFO dataset.convert_to_spectrograms] Created 30 spectrograms
[2025-11-30 16:32:04,017 INFO dataset.convert_to_spectrograms] Created 30 spectrograms
[2025-11-30 16:32:04,090 INFO dataset.convert_to_spectrograms] Created 18 spectrograms
[2025-11-30 16:32:04,178 INFO dataset.convert_to_spectrograms] Created 24 spectrograms
[2025-11-30 16:32:04,284 INFO dataset.convert_to_spectrograms] Created 30 spectrograms
[2025-11-30 16:32:04,388 INFO dataset.convert_to_spectrograms] Created 30 spectrograms
[2025-11-30 16:32:04,493 INFO dataset.convert_to_spectrograms] Created 30 spectrograms
[2025-11-30 16:32:04,636 INFO dataset.convert_to_spectrograms] Created 30 spectrograms
[2025-11-30 16:32:04,772 INFO dataset.convert_to_spectrograms] Created 30 spectrograms
[2025-11-30 16:32:04,879 INFO dataset.convert_to_spectrograms] Created 30 spectrograms
[2025-11-30 16:32:05,003 INFO dataset.convert_to_spectrograms] Created 30 spectrograms
[2025-11-30 16:32:05,003 INFO dataset.__init__] Built index with 1621 total chunks
[2025-11-30 16:32:05,005 INFO dataset.__init__] Building chunk index for FlattenedSpectrogramDataset...
[2025-11-30 16:32:05,217 INFO dataset.convert_to_spectrograms] Created 35 spectrograms
[2025-11-30 16:32:05,414 INFO dataset.convert_to_spectrograms] Created 30 spectrograms
[2025-11-30 16:32:05,544 INFO dataset.convert_to_spectrograms] Created 30 spectrograms
[2025-11-30 16:32:05,678 INFO dataset.convert_to_spectrograms] Created 30 spectrograms
[2025-11-30 16:32:05,810 INFO dataset.convert_to_spectrograms] Created 31 spectrograms
[2025-11-30 16:32:05,886 INFO dataset.convert_to_spectrograms] Created 19 spectrograms
[2025-11-30 16:32:05,989 INFO dataset.convert_to_spectrograms] Created 30 spectrograms
[2025-11-30 16:32:06,102 INFO dataset.convert_to_spectrograms] Created 30 spectrograms
[2025-11-30 16:32:06,237 INFO dataset.convert_to_spectrograms] Created 30 spectrograms
[2025-11-30 16:32:06,391 INFO dataset.convert_to_spectrograms] Created 30 spectrograms
[2025-11-30 16:32:06,533 INFO dataset.convert_to_spectrograms] Created 30 spectrograms
[2025-11-30 16:32:06,674 INFO dataset.convert_to_spectrograms] Created 32 spectrograms
[2025-11-30 16:32:06,844 INFO dataset.convert_to_spectrograms] Created 31 spectrograms
[2025-11-30 16:32:06,972 INFO dataset.convert_to_spectrograms] Created 30 spectrograms
[2025-11-30 16:32:07,092 INFO dataset.convert_to_spectrograms] Created 30 spectrograms
[2025-11-30 16:32:07,205 INFO dataset.convert_to_spectrograms] Created 30 spectrograms
[2025-11-30 16:32:07,318 INFO dataset.convert_to_spectrograms] Created 31 spectrograms
[2025-11-30 16:32:07,422 INFO dataset.convert_to_spectrograms] Created 30 spectrograms
[2025-11-30 16:32:07,546 INFO dataset.convert_to_spectrograms] Created 30 spectrograms
[2025-11-30 16:32:07,660 INFO dataset.convert_to_spectrograms] Created 30 spectrograms
[2025-11-30 16:32:07,777 INFO dataset.convert_to_spectrograms] Created 31 spectrograms
[2025-11-30 16:32:07,884 INFO dataset.convert_to_spectrograms] Created 30 spectrograms
[2025-11-30 16:32:08,003 INFO dataset.convert_to_spectrograms] Created 30 spectrograms
[2025-11-30 16:32:08,133 INFO dataset.convert_to_spectrograms] Created 31 spectrograms
[2025-11-30 16:32:08,264 INFO dataset.convert_to_spectrograms] Created 31 spectrograms
[2025-11-30 16:32:08,404 INFO dataset.convert_to_spectrograms] Created 31 spectrograms
[2025-11-30 16:32:08,544 INFO dataset.convert_to_spectrograms] Created 30 spectrograms
[2025-11-30 16:32:08,667 INFO dataset.convert_to_spectrograms] Created 30 spectrograms
[2025-11-30 16:32:08,782 INFO dataset.convert_to_spectrograms] Created 30 spectrograms
[2025-11-30 16:32:08,893 INFO dataset.convert_to_spectrograms] Created 30 spectrograms
[2025-11-30 16:32:08,970 INFO dataset.convert_to_spectrograms] Created 19 spectrograms
[2025-11-30 16:32:09,083 INFO dataset.convert_to_spectrograms] Created 31 spectrograms
[2025-11-30 16:32:09,194 INFO dataset.convert_to_spectrograms] Created 30 spectrograms
[2025-11-30 16:32:09,301 INFO dataset.convert_to_spectrograms] Created 30 spectrograms
[2025-11-30 16:32:09,409 INFO dataset.convert_to_spectrograms] Created 30 spectrograms
[2025-11-30 16:32:09,520 INFO dataset.convert_to_spectrograms] Created 30 spectrograms
[2025-11-30 16:32:09,632 INFO dataset.convert_to_spectrograms] Created 30 spectrograms
[2025-11-30 16:32:09,743 INFO dataset.convert_to_spectrograms] Created 30 spectrograms
[2025-11-30 16:32:09,854 INFO dataset.convert_to_spectrograms] Created 30 spectrograms
[2025-11-30 16:32:09,960 INFO dataset.convert_to_spectrograms] Created 30 spectrograms
[2025-11-30 16:32:10,067 INFO dataset.convert_to_spectrograms] Created 30 spectrograms
[2025-11-30 16:32:10,178 INFO dataset.convert_to_spectrograms] Created 30 spectrograms
[2025-11-30 16:32:10,293 INFO dataset.convert_to_spectrograms] Created 31 spectrograms
[2025-11-30 16:32:10,406 INFO dataset.convert_to_spectrograms] Created 30 spectrograms
[2025-11-30 16:32:10,528 INFO dataset.convert_to_spectrograms] Created 30 spectrograms
[2025-11-30 16:32:10,634 INFO dataset.convert_to_spectrograms] Created 30 spectrograms
[2025-11-30 16:32:10,751 INFO dataset.convert_to_spectrograms] Created 30 spectrograms
[2025-11-30 16:32:10,865 INFO dataset.convert_to_spectrograms] Created 30 spectrograms
[2025-11-30 16:32:10,976 INFO dataset.convert_to_spectrograms] Created 30 spectrograms
[2025-11-30 16:32:11,084 INFO dataset.convert_to_spectrograms] Created 30 spectrograms
[2025-11-30 16:32:11,192 INFO dataset.convert_to_spectrograms] Created 30 spectrograms
[2025-11-30 16:32:11,315 INFO dataset.convert_to_spectrograms] Created 30 spectrograms
[2025-11-30 16:32:11,445 INFO dataset.convert_to_spectrograms] Created 30 spectrograms
[2025-11-30 16:32:11,568 INFO dataset.convert_to_spectrograms] Created 30 spectrograms
[2025-11-30 16:32:11,675 INFO dataset.convert_to_spectrograms] Created 30 spectrograms
[2025-11-30 16:32:11,800 INFO dataset.convert_to_spectrograms] Created 30 spectrograms
[2025-11-30 16:32:11,953 INFO dataset.convert_to_spectrograms] Created 30 spectrograms
[2025-11-30 16:32:12,083 INFO dataset.convert_to_spectrograms] Created 30 spectrograms
[2025-11-30 16:32:12,204 INFO dataset.convert_to_spectrograms] Created 30 spectrograms
[2025-11-30 16:32:12,204 INFO dataset.__init__] Built index with 1764 total chunks
[2025-11-30 16:32:12,207 INFO dataset._discover_files] Discovered 37 CANE files
[2025-11-30 16:32:12,207 INFO dataset.__init__] Building chunk index for FlattenedSpectrogramDataset...
[2025-11-30 16:32:12,422 INFO dataset.verify_sampling_rate] Detected sampling rate: 498.97 Hz
[2025-11-30 16:32:12,458 INFO dataset.load_and_preprocess_cane_raw_file] Applied Common Average Reference
[2025-11-30 16:32:12,459 INFO dataset.load_and_preprocess_cane_raw_file] Picking Fp1 channel
[2025-11-30 16:32:12,483 INFO dataset.load_and_preprocess_cane_raw_file] Found 3 artifacts (0.00%)
[2025-11-30 16:32:12,492 INFO dataset.load_and_preprocess_cane_raw_file] Using sampling rate: 500 Hz
[2025-11-30 16:32:12,492 INFO dataset.load_and_preprocess_cane_raw_file] Chunk size: 5000 samples (10s)
[2025-11-30 16:32:12,499 INFO dataset.load_and_preprocess_cane_raw_file] Created 32 chunks of shape torch.Size([32, 1, 5000])
[2025-11-30 16:32:12,510 INFO dataset.convert_to_spectrograms] Created 32 spectrograms
[2025-11-30 16:32:12,701 INFO dataset.verify_sampling_rate] Detected sampling rate: 499.07 Hz
[2025-11-30 16:32:12,753 INFO dataset.load_and_preprocess_cane_raw_file] Applied Common Average Reference
[2025-11-30 16:32:12,753 INFO dataset.load_and_preprocess_cane_raw_file] Picking Fp1 channel
[2025-11-30 16:32:12,759 INFO dataset.load_and_preprocess_cane_raw_file] Found 4 artifacts (0.00%)
[2025-11-30 16:32:12,764 INFO dataset.load_and_preprocess_cane_raw_file] Using sampling rate: 500 Hz
[2025-11-30 16:32:12,765 INFO dataset.load_and_preprocess_cane_raw_file] Chunk size: 5000 samples (10s)
[2025-11-30 16:32:12,771 INFO dataset.load_and_preprocess_cane_raw_file] Created 31 chunks of shape torch.Size([31, 1, 5000])
[2025-11-30 16:32:12,782 INFO dataset.convert_to_spectrograms] Created 31 spectrograms
[2025-11-30 16:32:12,991 INFO dataset.verify_sampling_rate] Detected sampling rate: 498.67 Hz
[2025-11-30 16:32:13,036 INFO dataset.load_and_preprocess_cane_raw_file] Applied Common Average Reference
[2025-11-30 16:32:13,036 INFO dataset.load_and_preprocess_cane_raw_file] Picking Fp1 channel
[2025-11-30 16:32:13,042 INFO dataset.load_and_preprocess_cane_raw_file] Found 634 artifacts (0.41%)
[2025-11-30 16:32:13,098 INFO dataset.load_and_preprocess_cane_raw_file] Using sampling rate: 500 Hz
[2025-11-30 16:32:13,098 INFO dataset.load_and_preprocess_cane_raw_file] Chunk size: 5000 samples (10s)
[2025-11-30 16:32:13,105 INFO dataset.load_and_preprocess_cane_raw_file] Created 31 chunks of shape torch.Size([31, 1, 5000])
[2025-11-30 16:32:13,116 INFO dataset.convert_to_spectrograms] Created 31 spectrograms
[2025-11-30 16:32:13,320 INFO dataset.verify_sampling_rate] Detected sampling rate: 499.65 Hz
[2025-11-30 16:32:13,360 INFO dataset.load_and_preprocess_cane_raw_file] Applied Common Average Reference
[2025-11-30 16:32:13,360 INFO dataset.load_and_preprocess_cane_raw_file] Picking Fp1 channel
[2025-11-30 16:32:13,365 INFO dataset.load_and_preprocess_cane_raw_file] Found 188 artifacts (0.12%)
[2025-11-30 16:32:13,385 INFO dataset.load_and_preprocess_cane_raw_file] Using sampling rate: 500 Hz
[2025-11-30 16:32:13,385 INFO dataset.load_and_preprocess_cane_raw_file] Chunk size: 5000 samples (10s)
[2025-11-30 16:32:13,391 INFO dataset.load_and_preprocess_cane_raw_file] Created 30 chunks of shape torch.Size([30, 1, 5000])
[2025-11-30 16:32:13,401 INFO dataset.convert_to_spectrograms] Created 30 spectrograms
[2025-11-30 16:32:13,559 INFO dataset.verify_sampling_rate] Detected sampling rate: 499.17 Hz
[2025-11-30 16:32:13,589 INFO dataset.load_and_preprocess_cane_raw_file] Applied Common Average Reference
[2025-11-30 16:32:13,589 INFO dataset.load_and_preprocess_cane_raw_file] Picking Fp1 channel
[2025-11-30 16:32:13,593 INFO dataset.load_and_preprocess_cane_raw_file] Found 2808 artifacts (2.19%)
[2025-11-30 16:32:13,826 INFO dataset.load_and_preprocess_cane_raw_file] Using sampling rate: 500 Hz
[2025-11-30 16:32:13,826 INFO dataset.load_and_preprocess_cane_raw_file] Chunk size: 5000 samples (10s)
[2025-11-30 16:32:13,831 INFO dataset.load_and_preprocess_cane_raw_file] Created 25 chunks of shape torch.Size([25, 1, 5000])
[2025-11-30 16:32:13,841 INFO dataset.convert_to_spectrograms] Created 25 spectrograms
[2025-11-30 16:32:13,997 INFO dataset.verify_sampling_rate] Detected sampling rate: 499.41 Hz
[2025-11-30 16:32:14,027 INFO dataset.load_and_preprocess_cane_raw_file] Applied Common Average Reference
[2025-11-30 16:32:14,027 INFO dataset.load_and_preprocess_cane_raw_file] Picking Fp1 channel
[2025-11-30 16:32:14,032 INFO dataset.load_and_preprocess_cane_raw_file] Found 8 artifacts (0.01%)
[2025-11-30 16:32:14,037 INFO dataset.load_and_preprocess_cane_raw_file] Using sampling rate: 500 Hz
[2025-11-30 16:32:14,037 INFO dataset.load_and_preprocess_cane_raw_file] Chunk size: 5000 samples (10s)
[2025-11-30 16:32:14,042 INFO dataset.load_and_preprocess_cane_raw_file] Created 25 chunks of shape torch.Size([25, 1, 5000])
[2025-11-30 16:32:14,051 INFO dataset.convert_to_spectrograms] Created 25 spectrograms
[2025-11-30 16:32:14,224 INFO dataset.verify_sampling_rate] Detected sampling rate: 498.44 Hz
[2025-11-30 16:32:14,257 INFO dataset.load_and_preprocess_cane_raw_file] Applied Common Average Reference
[2025-11-30 16:32:14,257 INFO dataset.load_and_preprocess_cane_raw_file] Picking Fp1 channel
[2025-11-30 16:32:14,262 INFO dataset.load_and_preprocess_cane_raw_file] Found 382 artifacts (0.28%)
[2025-11-30 16:32:14,295 INFO dataset.load_and_preprocess_cane_raw_file] Using sampling rate: 500 Hz
[2025-11-30 16:32:14,296 INFO dataset.load_and_preprocess_cane_raw_file] Chunk size: 5000 samples (10s)
[2025-11-30 16:32:14,301 INFO dataset.load_and_preprocess_cane_raw_file] Created 27 chunks of shape torch.Size([27, 1, 5000])
[2025-11-30 16:32:14,310 INFO dataset.convert_to_spectrograms] Created 27 spectrograms
[2025-11-30 16:32:14,487 INFO dataset.verify_sampling_rate] Detected sampling rate: 499.12 Hz
[2025-11-30 16:32:14,536 INFO dataset.load_and_preprocess_cane_raw_file] Applied Common Average Reference
[2025-11-30 16:32:14,537 INFO dataset.load_and_preprocess_cane_raw_file] Picking Fp1 channel
[2025-11-30 16:32:14,546 INFO dataset.load_and_preprocess_cane_raw_file] Using sampling rate: 500 Hz
[2025-11-30 16:32:14,546 INFO dataset.load_and_preprocess_cane_raw_file] Chunk size: 5000 samples (10s)
[2025-11-30 16:32:14,551 INFO dataset.load_and_preprocess_cane_raw_file] Created 25 chunks of shape torch.Size([25, 1, 5000])
[2025-11-30 16:32:14,558 INFO dataset.convert_to_spectrograms] Created 25 spectrograms
[2025-11-30 16:32:14,723 INFO dataset.verify_sampling_rate] Detected sampling rate: 499.10 Hz
[2025-11-30 16:32:14,757 INFO dataset.load_and_preprocess_cane_raw_file] Applied Common Average Reference
[2025-11-30 16:32:14,757 INFO dataset.load_and_preprocess_cane_raw_file] Picking Fp1 channel
[2025-11-30 16:32:14,762 INFO dataset.load_and_preprocess_cane_raw_file] Found 128 artifacts (0.10%)
[2025-11-30 16:32:14,776 INFO dataset.load_and_preprocess_cane_raw_file] Using sampling rate: 500 Hz
[2025-11-30 16:32:14,776 INFO dataset.load_and_preprocess_cane_raw_file] Chunk size: 5000 samples (10s)
[2025-11-30 16:32:14,781 INFO dataset.load_and_preprocess_cane_raw_file] Created 25 chunks of shape torch.Size([25, 1, 5000])
[2025-11-30 16:32:14,788 INFO dataset.convert_to_spectrograms] Created 25 spectrograms
[2025-11-30 16:32:14,987 INFO dataset.verify_sampling_rate] Detected sampling rate: 499.21 Hz
[2025-11-30 16:32:15,046 INFO dataset.load_and_preprocess_cane_raw_file] Applied Common Average Reference
[2025-11-30 16:32:15,046 INFO dataset.load_and_preprocess_cane_raw_file] Picking Fp1 channel
[2025-11-30 16:32:15,052 INFO dataset.load_and_preprocess_cane_raw_file] Found 106 artifacts (0.07%)
[2025-11-30 16:32:15,067 INFO dataset.load_and_preprocess_cane_raw_file] Using sampling rate: 500 Hz
[2025-11-30 16:32:15,067 INFO dataset.load_and_preprocess_cane_raw_file] Chunk size: 5000 samples (10s)
[2025-11-30 16:32:15,073 INFO dataset.load_and_preprocess_cane_raw_file] Created 30 chunks of shape torch.Size([30, 1, 5000])
[2025-11-30 16:32:15,084 INFO dataset.convert_to_spectrograms] Created 30 spectrograms
[2025-11-30 16:32:15,262 INFO dataset.verify_sampling_rate] Detected sampling rate: 495.81 Hz
[2025-11-30 16:32:15,295 INFO dataset.load_and_preprocess_cane_raw_file] Applied Common Average Reference
[2025-11-30 16:32:15,295 INFO dataset.load_and_preprocess_cane_raw_file] Picking Fp1 channel
[2025-11-30 16:32:15,305 INFO dataset.load_and_preprocess_cane_raw_file] Using sampling rate: 500 Hz
[2025-11-30 16:32:15,305 INFO dataset.load_and_preprocess_cane_raw_file] Chunk size: 5000 samples (10s)
[2025-11-30 16:32:15,311 INFO dataset.load_and_preprocess_cane_raw_file] Created 30 chunks of shape torch.Size([30, 1, 5000])
[2025-11-30 16:32:15,321 INFO dataset.convert_to_spectrograms] Created 30 spectrograms
[2025-11-30 16:32:15,561 INFO dataset.verify_sampling_rate] Detected sampling rate: 498.50 Hz
[2025-11-30 16:32:15,619 INFO dataset.load_and_preprocess_cane_raw_file] Applied Common Average Reference
[2025-11-30 16:32:15,619 INFO dataset.load_and_preprocess_cane_raw_file] Picking Fp1 channel
[2025-11-30 16:32:15,626 INFO dataset.load_and_preprocess_cane_raw_file] Found 151 artifacts (0.08%)
[2025-11-30 16:32:15,644 INFO dataset.load_and_preprocess_cane_raw_file] Using sampling rate: 500 Hz
[2025-11-30 16:32:15,644 INFO dataset.load_and_preprocess_cane_raw_file] Chunk size: 5000 samples (10s)
[2025-11-30 16:32:15,650 INFO dataset.load_and_preprocess_cane_raw_file] Created 37 chunks of shape torch.Size([37, 1, 5000])
[2025-11-30 16:32:15,661 INFO dataset.convert_to_spectrograms] Created 37 spectrograms
[2025-11-30 16:32:15,838 INFO dataset.verify_sampling_rate] Detected sampling rate: 499.26 Hz
[2025-11-30 16:32:15,872 INFO dataset.load_and_preprocess_cane_raw_file] Applied Common Average Reference
[2025-11-30 16:32:15,872 INFO dataset.load_and_preprocess_cane_raw_file] Picking Fp1 channel
[2025-11-30 16:32:15,879 INFO dataset.load_and_preprocess_cane_raw_file] Found 33 artifacts (0.02%)
[2025-11-30 16:32:15,886 INFO dataset.load_and_preprocess_cane_raw_file] Using sampling rate: 500 Hz
[2025-11-30 16:32:15,887 INFO dataset.load_and_preprocess_cane_raw_file] Chunk size: 5000 samples (10s)
[2025-11-30 16:32:15,892 INFO dataset.load_and_preprocess_cane_raw_file] Created 30 chunks of shape torch.Size([30, 1, 5000])
[2025-11-30 16:32:15,904 INFO dataset.convert_to_spectrograms] Created 30 spectrograms
[2025-11-30 16:32:16,103 INFO dataset.verify_sampling_rate] Detected sampling rate: 499.51 Hz
[2025-11-30 16:32:16,139 INFO dataset.load_and_preprocess_cane_raw_file] Applied Common Average Reference
[2025-11-30 16:32:16,139 INFO dataset.load_and_preprocess_cane_raw_file] Picking Fp1 channel
[2025-11-30 16:32:16,150 INFO dataset.load_and_preprocess_cane_raw_file] Using sampling rate: 500 Hz
[2025-11-30 16:32:16,150 INFO dataset.load_and_preprocess_cane_raw_file] Chunk size: 5000 samples (10s)
[2025-11-30 16:32:16,156 INFO dataset.load_and_preprocess_cane_raw_file] Created 30 chunks of shape torch.Size([30, 1, 5000])
[2025-11-30 16:32:16,168 INFO dataset.convert_to_spectrograms] Created 30 spectrograms
[2025-11-30 16:32:16,364 INFO dataset.verify_sampling_rate] Detected sampling rate: 499.61 Hz
[2025-11-30 16:32:16,400 INFO dataset.load_and_preprocess_cane_raw_file] Applied Common Average Reference
[2025-11-30 16:32:16,400 INFO dataset.load_and_preprocess_cane_raw_file] Picking Fp1 channel
[2025-11-30 16:32:16,406 INFO dataset.load_and_preprocess_cane_raw_file] Found 399 artifacts (0.25%)
[2025-11-30 16:32:16,443 INFO dataset.load_and_preprocess_cane_raw_file] Using sampling rate: 500 Hz
[2025-11-30 16:32:16,443 INFO dataset.load_and_preprocess_cane_raw_file] Chunk size: 5000 samples (10s)
[2025-11-30 16:32:16,449 INFO dataset.load_and_preprocess_cane_raw_file] Created 31 chunks of shape torch.Size([31, 1, 5000])
[2025-11-30 16:32:16,461 INFO dataset.convert_to_spectrograms] Created 31 spectrograms
[2025-11-30 16:32:16,668 INFO dataset.verify_sampling_rate] Detected sampling rate: 499.42 Hz
[2025-11-30 16:32:16,716 INFO dataset.load_and_preprocess_cane_raw_file] Applied Common Average Reference
[2025-11-30 16:32:16,717 INFO dataset.load_and_preprocess_cane_raw_file] Picking Fp1 channel
[2025-11-30 16:32:16,726 INFO dataset.load_and_preprocess_cane_raw_file] Using sampling rate: 500 Hz
[2025-11-30 16:32:16,726 INFO dataset.load_and_preprocess_cane_raw_file] Chunk size: 5000 samples (10s)
[2025-11-30 16:32:16,732 INFO dataset.load_and_preprocess_cane_raw_file] Created 30 chunks of shape torch.Size([30, 1, 5000])
[2025-11-30 16:32:16,741 INFO dataset.convert_to_spectrograms] Created 30 spectrograms
[2025-11-30 16:32:16,919 INFO dataset.verify_sampling_rate] Detected sampling rate: 499.74 Hz
[2025-11-30 16:32:16,953 INFO dataset.load_and_preprocess_cane_raw_file] Applied Common Average Reference
[2025-11-30 16:32:16,953 INFO dataset.load_and_preprocess_cane_raw_file] Picking Fp1 channel
[2025-11-30 16:32:16,958 INFO dataset.load_and_preprocess_cane_raw_file] Found 168 artifacts (0.11%)
[2025-11-30 16:32:16,977 INFO dataset.load_and_preprocess_cane_raw_file] Using sampling rate: 500 Hz
[2025-11-30 16:32:16,977 INFO dataset.load_and_preprocess_cane_raw_file] Chunk size: 5000 samples (10s)
[2025-11-30 16:32:16,983 INFO dataset.load_and_preprocess_cane_raw_file] Created 30 chunks of shape torch.Size([30, 1, 5000])
[2025-11-30 16:32:16,994 INFO dataset.convert_to_spectrograms] Created 30 spectrograms
[2025-11-30 16:32:17,172 INFO dataset.verify_sampling_rate] Detected sampling rate: 499.45 Hz
[2025-11-30 16:32:17,209 INFO dataset.load_and_preprocess_cane_raw_file] Applied Common Average Reference
[2025-11-30 16:32:17,210 INFO dataset.load_and_preprocess_cane_raw_file] Picking Fp1 channel
[2025-11-30 16:32:17,221 INFO dataset.load_and_preprocess_cane_raw_file] Using sampling rate: 500 Hz
[2025-11-30 16:32:17,221 INFO dataset.load_and_preprocess_cane_raw_file] Chunk size: 5000 samples (10s)
[2025-11-30 16:32:17,228 INFO dataset.load_and_preprocess_cane_raw_file] Created 30 chunks of shape torch.Size([30, 1, 5000])
[2025-11-30 16:32:17,241 INFO dataset.convert_to_spectrograms] Created 30 spectrograms
[2025-11-30 16:32:17,435 INFO dataset.verify_sampling_rate] Detected sampling rate: 499.60 Hz
[2025-11-30 16:32:17,469 INFO dataset.load_and_preprocess_cane_raw_file] Applied Common Average Reference
[2025-11-30 16:32:17,470 INFO dataset.load_and_preprocess_cane_raw_file] Picking Fp1 channel
[2025-11-30 16:32:17,479 INFO dataset.load_and_preprocess_cane_raw_file] Using sampling rate: 500 Hz
[2025-11-30 16:32:17,480 INFO dataset.load_and_preprocess_cane_raw_file] Chunk size: 5000 samples (10s)
[2025-11-30 16:32:17,486 INFO dataset.load_and_preprocess_cane_raw_file] Created 30 chunks of shape torch.Size([30, 1, 5000])
[2025-11-30 16:32:17,498 INFO dataset.convert_to_spectrograms] Created 30 spectrograms
[2025-11-30 16:32:17,702 INFO dataset.verify_sampling_rate] Detected sampling rate: 499.28 Hz
[2025-11-30 16:32:17,739 INFO dataset.load_and_preprocess_cane_raw_file] Applied Common Average Reference
[2025-11-30 16:32:17,739 INFO dataset.load_and_preprocess_cane_raw_file] Picking Fp1 channel
[2025-11-30 16:32:17,745 INFO dataset.load_and_preprocess_cane_raw_file] Found 9 artifacts (0.01%)
[2025-11-30 16:32:17,751 INFO dataset.load_and_preprocess_cane_raw_file] Using sampling rate: 500 Hz
[2025-11-30 16:32:17,751 INFO dataset.load_and_preprocess_cane_raw_file] Chunk size: 5000 samples (10s)
[2025-11-30 16:32:17,760 INFO dataset.load_and_preprocess_cane_raw_file] Created 30 chunks of shape torch.Size([30, 1, 5000])
[2025-11-30 16:32:17,774 INFO dataset.convert_to_spectrograms] Created 30 spectrograms
[2025-11-30 16:32:18,002 INFO dataset.verify_sampling_rate] Detected sampling rate: 497.83 Hz
[2025-11-30 16:32:18,059 INFO dataset.load_and_preprocess_cane_raw_file] Applied Common Average Reference
[2025-11-30 16:32:18,059 INFO dataset.load_and_preprocess_cane_raw_file] Picking Fp1 channel
[2025-11-30 16:32:18,070 INFO dataset.load_and_preprocess_cane_raw_file] Using sampling rate: 500 Hz
[2025-11-30 16:32:18,070 INFO dataset.load_and_preprocess_cane_raw_file] Chunk size: 5000 samples (10s)
[2025-11-30 16:32:18,077 INFO dataset.load_and_preprocess_cane_raw_file] Created 31 chunks of shape torch.Size([31, 1, 5000])
[2025-11-30 16:32:18,090 INFO dataset.convert_to_spectrograms] Created 31 spectrograms
[2025-11-30 16:32:18,301 INFO dataset.verify_sampling_rate] Detected sampling rate: 499.53 Hz
[2025-11-30 16:32:18,342 INFO dataset.load_and_preprocess_cane_raw_file] Applied Common Average Reference
[2025-11-30 16:32:18,342 INFO dataset.load_and_preprocess_cane_raw_file] Picking Fp1 channel
[2025-11-30 16:32:18,348 INFO dataset.load_and_preprocess_cane_raw_file] Found 76 artifacts (0.05%)
[2025-11-30 16:32:18,363 INFO dataset.load_and_preprocess_cane_raw_file] Using sampling rate: 500 Hz
[2025-11-30 16:32:18,363 INFO dataset.load_and_preprocess_cane_raw_file] Chunk size: 5000 samples (10s)
[2025-11-30 16:32:18,370 INFO dataset.load_and_preprocess_cane_raw_file] Created 30 chunks of shape torch.Size([30, 1, 5000])
[2025-11-30 16:32:18,384 INFO dataset.convert_to_spectrograms] Created 30 spectrograms
[2025-11-30 16:32:18,651 INFO dataset.verify_sampling_rate] Detected sampling rate: 499.58 Hz
[2025-11-30 16:32:18,760 INFO dataset.load_and_preprocess_cane_raw_file] Applied Common Average Reference
[2025-11-30 16:32:18,760 INFO dataset.load_and_preprocess_cane_raw_file] Picking Fp1 channel
[2025-11-30 16:32:18,769 INFO dataset.load_and_preprocess_cane_raw_file] Found 1231 artifacts (0.79%)
[2025-11-30 16:32:18,945 INFO dataset.load_and_preprocess_cane_raw_file] Using sampling rate: 500 Hz
[2025-11-30 16:32:18,945 INFO dataset.load_and_preprocess_cane_raw_file] Chunk size: 5000 samples (10s)
[2025-11-30 16:32:18,954 INFO dataset.load_and_preprocess_cane_raw_file] Created 30 chunks of shape torch.Size([30, 1, 5000])
[2025-11-30 16:32:18,970 INFO dataset.convert_to_spectrograms] Created 30 spectrograms
[2025-11-30 16:32:19,245 INFO dataset.verify_sampling_rate] Detected sampling rate: 498.58 Hz
[2025-11-30 16:32:19,295 INFO dataset.load_and_preprocess_cane_raw_file] Applied Common Average Reference
[2025-11-30 16:32:19,296 INFO dataset.load_and_preprocess_cane_raw_file] Picking Fp1 channel
[2025-11-30 16:32:19,306 INFO dataset.load_and_preprocess_cane_raw_file] Found 44 artifacts (0.03%)
[2025-11-30 16:32:19,318 INFO dataset.load_and_preprocess_cane_raw_file] Using sampling rate: 500 Hz
[2025-11-30 16:32:19,318 INFO dataset.load_and_preprocess_cane_raw_file] Chunk size: 5000 samples (10s)
[2025-11-30 16:32:19,327 INFO dataset.load_and_preprocess_cane_raw_file] Created 33 chunks of shape torch.Size([33, 1, 5000])
[2025-11-30 16:32:19,343 INFO dataset.convert_to_spectrograms] Created 33 spectrograms
[2025-11-30 16:32:19,596 INFO dataset.verify_sampling_rate] Detected sampling rate: 499.56 Hz
[2025-11-30 16:32:19,642 INFO dataset.load_and_preprocess_cane_raw_file] Applied Common Average Reference
[2025-11-30 16:32:19,643 INFO dataset.load_and_preprocess_cane_raw_file] Picking Fp1 channel
[2025-11-30 16:32:19,656 INFO dataset.load_and_preprocess_cane_raw_file] Using sampling rate: 500 Hz
[2025-11-30 16:32:19,656 INFO dataset.load_and_preprocess_cane_raw_file] Chunk size: 5000 samples (10s)
[2025-11-30 16:32:19,664 INFO dataset.load_and_preprocess_cane_raw_file] Created 30 chunks of shape torch.Size([30, 1, 5000])
[2025-11-30 16:32:19,679 INFO dataset.convert_to_spectrograms] Created 30 spectrograms
[2025-11-30 16:32:19,906 INFO dataset.verify_sampling_rate] Detected sampling rate: 498.57 Hz
[2025-11-30 16:32:19,946 INFO dataset.load_and_preprocess_cane_raw_file] Applied Common Average Reference
[2025-11-30 16:32:19,946 INFO dataset.load_and_preprocess_cane_raw_file] Picking Fp1 channel
[2025-11-30 16:32:19,951 INFO dataset.load_and_preprocess_cane_raw_file] Found 337 artifacts (0.26%)
[2025-11-30 16:32:19,994 INFO dataset.load_and_preprocess_cane_raw_file] Using sampling rate: 500 Hz
[2025-11-30 16:32:19,994 INFO dataset.load_and_preprocess_cane_raw_file] Chunk size: 5000 samples (10s)
[2025-11-30 16:32:20,001 INFO dataset.load_and_preprocess_cane_raw_file] Created 26 chunks of shape torch.Size([26, 1, 5000])
[2025-11-30 16:32:20,013 INFO dataset.convert_to_spectrograms] Created 26 spectrograms
[2025-11-30 16:32:20,317 INFO dataset.verify_sampling_rate] Detected sampling rate: 499.57 Hz
[2025-11-30 16:32:20,381 INFO dataset.load_and_preprocess_cane_raw_file] Applied Common Average Reference
[2025-11-30 16:32:20,381 INFO dataset.load_and_preprocess_cane_raw_file] Picking Fp1 channel
[2025-11-30 16:32:20,393 INFO dataset.load_and_preprocess_cane_raw_file] Found 251 artifacts (0.16%)
[2025-11-30 16:32:20,447 INFO dataset.load_and_preprocess_cane_raw_file] Using sampling rate: 500 Hz
[2025-11-30 16:32:20,447 INFO dataset.load_and_preprocess_cane_raw_file] Chunk size: 5000 samples (10s)
[2025-11-30 16:32:20,457 INFO dataset.load_and_preprocess_cane_raw_file] Created 31 chunks of shape torch.Size([31, 1, 5000])
[2025-11-30 16:32:20,476 INFO dataset.convert_to_spectrograms] Created 31 spectrograms
[2025-11-30 16:32:20,933 INFO dataset.verify_sampling_rate] Detected sampling rate: 499.57 Hz
[2025-11-30 16:32:21,038 INFO dataset.load_and_preprocess_cane_raw_file] Applied Common Average Reference
[2025-11-30 16:32:21,038 INFO dataset.load_and_preprocess_cane_raw_file] Picking Fp1 channel
[2025-11-30 16:32:21,061 INFO dataset.load_and_preprocess_cane_raw_file] Using sampling rate: 500 Hz
[2025-11-30 16:32:21,061 INFO dataset.load_and_preprocess_cane_raw_file] Chunk size: 5000 samples (10s)
[2025-11-30 16:32:21,079 INFO dataset.load_and_preprocess_cane_raw_file] Created 30 chunks of shape torch.Size([30, 1, 5000])
[2025-11-30 16:32:21,109 INFO dataset.convert_to_spectrograms] Created 30 spectrograms
[2025-11-30 16:32:21,525 INFO dataset.verify_sampling_rate] Detected sampling rate: 498.36 Hz
[2025-11-30 16:32:21,621 INFO dataset.load_and_preprocess_cane_raw_file] Applied Common Average Reference
[2025-11-30 16:32:21,622 INFO dataset.load_and_preprocess_cane_raw_file] Picking Fp1 channel
[2025-11-30 16:32:21,639 INFO dataset.load_and_preprocess_cane_raw_file] Found 216 artifacts (0.17%)
[2025-11-30 16:32:21,723 INFO dataset.load_and_preprocess_cane_raw_file] Using sampling rate: 500 Hz
[2025-11-30 16:32:21,723 INFO dataset.load_and_preprocess_cane_raw_file] Chunk size: 5000 samples (10s)
[2025-11-30 16:32:21,744 INFO dataset.load_and_preprocess_cane_raw_file] Created 25 chunks of shape torch.Size([25, 1, 5000])
[2025-11-30 16:32:21,779 INFO dataset.convert_to_spectrograms] Created 25 spectrograms
[2025-11-30 16:32:22,419 INFO dataset.verify_sampling_rate] Detected sampling rate: 496.97 Hz
[2025-11-30 16:32:22,501 INFO dataset.load_and_preprocess_cane_raw_file] Applied Common Average Reference
[2025-11-30 16:32:22,501 INFO dataset.load_and_preprocess_cane_raw_file] Picking Fp1 channel
[2025-11-30 16:32:22,510 INFO dataset.load_and_preprocess_cane_raw_file] Found 5935 artifacts (3.13%)
[2025-11-30 16:32:23,178 INFO dataset.load_and_preprocess_cane_raw_file] Using sampling rate: 500 Hz
[2025-11-30 16:32:23,179 INFO dataset.load_and_preprocess_cane_raw_file] Chunk size: 5000 samples (10s)
[2025-11-30 16:32:23,187 INFO dataset.load_and_preprocess_cane_raw_file] Created 37 chunks of shape torch.Size([37, 1, 5000])
[2025-11-30 16:32:23,201 INFO dataset.convert_to_spectrograms] Created 37 spectrograms
[2025-11-30 16:32:23,535 INFO dataset.verify_sampling_rate] Detected sampling rate: 499.05 Hz
[2025-11-30 16:32:23,645 INFO dataset.load_and_preprocess_cane_raw_file] Applied Common Average Reference
[2025-11-30 16:32:23,646 INFO dataset.load_and_preprocess_cane_raw_file] Picking Fp1 channel
[2025-11-30 16:32:23,654 INFO dataset.load_and_preprocess_cane_raw_file] Found 338 artifacts (0.15%)
[2025-11-30 16:32:23,697 INFO dataset.load_and_preprocess_cane_raw_file] Using sampling rate: 500 Hz
[2025-11-30 16:32:23,697 INFO dataset.load_and_preprocess_cane_raw_file] Chunk size: 5000 samples (10s)
[2025-11-30 16:32:23,707 INFO dataset.load_and_preprocess_cane_raw_file] Created 45 chunks of shape torch.Size([45, 1, 5000])
[2025-11-30 16:32:23,724 INFO dataset.convert_to_spectrograms] Created 45 spectrograms
[2025-11-30 16:32:24,003 INFO dataset.verify_sampling_rate] Detected sampling rate: 499.08 Hz
[2025-11-30 16:32:24,056 INFO dataset.load_and_preprocess_cane_raw_file] Applied Common Average Reference
[2025-11-30 16:32:24,056 INFO dataset.load_and_preprocess_cane_raw_file] Picking Fp1 channel
[2025-11-30 16:32:24,066 INFO dataset.load_and_preprocess_cane_raw_file] Found 183 artifacts (0.09%)
[2025-11-30 16:32:24,092 INFO dataset.load_and_preprocess_cane_raw_file] Using sampling rate: 500 Hz
[2025-11-30 16:32:24,092 INFO dataset.load_and_preprocess_cane_raw_file] Chunk size: 5000 samples (10s)
[2025-11-30 16:32:24,102 INFO dataset.load_and_preprocess_cane_raw_file] Created 41 chunks of shape torch.Size([41, 1, 5000])
[2025-11-30 16:32:24,123 INFO dataset.convert_to_spectrograms] Created 41 spectrograms
[2025-11-30 16:32:24,346 INFO dataset.verify_sampling_rate] Detected sampling rate: 499.56 Hz
[2025-11-30 16:32:24,387 INFO dataset.load_and_preprocess_cane_raw_file] Applied Common Average Reference
[2025-11-30 16:32:24,388 INFO dataset.load_and_preprocess_cane_raw_file] Picking Fp1 channel
[2025-11-30 16:32:24,395 INFO dataset.load_and_preprocess_cane_raw_file] Found 284 artifacts (0.18%)
[2025-11-30 16:32:24,430 INFO dataset.load_and_preprocess_cane_raw_file] Using sampling rate: 500 Hz
[2025-11-30 16:32:24,430 INFO dataset.load_and_preprocess_cane_raw_file] Chunk size: 5000 samples (10s)
[2025-11-30 16:32:24,437 INFO dataset.load_and_preprocess_cane_raw_file] Created 31 chunks of shape torch.Size([31, 1, 5000])
[2025-11-30 16:32:24,452 INFO dataset.convert_to_spectrograms] Created 31 spectrograms
[2025-11-30 16:32:24,674 INFO dataset.verify_sampling_rate] Detected sampling rate: 499.16 Hz
[2025-11-30 16:32:24,716 INFO dataset.load_and_preprocess_cane_raw_file] Applied Common Average Reference
[2025-11-30 16:32:24,716 INFO dataset.load_and_preprocess_cane_raw_file] Picking Fp1 channel
[2025-11-30 16:32:24,722 INFO dataset.load_and_preprocess_cane_raw_file] Found 84 artifacts (0.05%)
[2025-11-30 16:32:24,737 INFO dataset.load_and_preprocess_cane_raw_file] Using sampling rate: 500 Hz
[2025-11-30 16:32:24,737 INFO dataset.load_and_preprocess_cane_raw_file] Chunk size: 5000 samples (10s)
[2025-11-30 16:32:24,744 INFO dataset.load_and_preprocess_cane_raw_file] Created 30 chunks of shape torch.Size([30, 1, 5000])
[2025-11-30 16:32:24,758 INFO dataset.convert_to_spectrograms] Created 30 spectrograms
[2025-11-30 16:32:24,972 INFO dataset.verify_sampling_rate] Detected sampling rate: 499.21 Hz
[2025-11-30 16:32:25,012 INFO dataset.load_and_preprocess_cane_raw_file] Applied Common Average Reference
[2025-11-30 16:32:25,013 INFO dataset.load_and_preprocess_cane_raw_file] Picking Fp1 channel
[2025-11-30 16:32:25,024 INFO dataset.load_and_preprocess_cane_raw_file] Using sampling rate: 500 Hz
[2025-11-30 16:32:25,024 INFO dataset.load_and_preprocess_cane_raw_file] Chunk size: 5000 samples (10s)
[2025-11-30 16:32:25,031 INFO dataset.load_and_preprocess_cane_raw_file] Created 30 chunks of shape torch.Size([30, 1, 5000])
[2025-11-30 16:32:25,045 INFO dataset.convert_to_spectrograms] Created 30 spectrograms
[2025-11-30 16:32:25,266 INFO dataset.verify_sampling_rate] Detected sampling rate: 498.62 Hz
[2025-11-30 16:32:25,305 INFO dataset.load_and_preprocess_cane_raw_file] Applied Common Average Reference
[2025-11-30 16:32:25,306 INFO dataset.load_and_preprocess_cane_raw_file] Picking Fp1 channel
[2025-11-30 16:32:25,312 INFO dataset.load_and_preprocess_cane_raw_file] Found 341 artifacts (0.22%)
[2025-11-30 16:32:25,352 INFO dataset.load_and_preprocess_cane_raw_file] Using sampling rate: 500 Hz
[2025-11-30 16:32:25,352 INFO dataset.load_and_preprocess_cane_raw_file] Chunk size: 5000 samples (10s)
[2025-11-30 16:32:25,359 INFO dataset.load_and_preprocess_cane_raw_file] Created 30 chunks of shape torch.Size([30, 1, 5000])
[2025-11-30 16:32:25,373 INFO dataset.convert_to_spectrograms] Created 30 spectrograms
[2025-11-30 16:32:25,599 INFO dataset.verify_sampling_rate] Detected sampling rate: 498.62 Hz
[2025-11-30 16:32:25,638 INFO dataset.load_and_preprocess_cane_raw_file] Applied Common Average Reference
[2025-11-30 16:32:25,639 INFO dataset.load_and_preprocess_cane_raw_file] Picking Fp1 channel
[2025-11-30 16:32:25,650 INFO dataset.load_and_preprocess_cane_raw_file] Using sampling rate: 500 Hz
[2025-11-30 16:32:25,650 INFO dataset.load_and_preprocess_cane_raw_file] Chunk size: 5000 samples (10s)
[2025-11-30 16:32:25,657 INFO dataset.load_and_preprocess_cane_raw_file] Created 31 chunks of shape torch.Size([31, 1, 5000])
[2025-11-30 16:32:25,671 INFO dataset.convert_to_spectrograms] Created 31 spectrograms
[2025-11-30 16:32:25,671 INFO dataset.__init__] Built index with 1130 total chunks
[2025-11-30 16:32:25,672 INFO dataset._discover_files] Discovered 36 CANE files
[2025-11-30 16:32:25,672 INFO dataset.__init__] Building chunk index for FlattenedSpectrogramDataset...
[2025-11-30 16:32:25,890 INFO dataset.verify_sampling_rate] Detected sampling rate: 499.15 Hz
[2025-11-30 16:32:25,929 INFO dataset.load_and_preprocess_cane_raw_file] Applied Common Average Reference
[2025-11-30 16:32:25,930 INFO dataset.load_and_preprocess_cane_raw_file] Picking Fp1 channel
[2025-11-30 16:32:25,935 INFO dataset.load_and_preprocess_cane_raw_file] Found 11 artifacts (0.01%)
[2025-11-30 16:32:25,942 INFO dataset.load_and_preprocess_cane_raw_file] Using sampling rate: 500 Hz
[2025-11-30 16:32:25,942 INFO dataset.load_and_preprocess_cane_raw_file] Chunk size: 5000 samples (10s)
[2025-11-30 16:32:25,949 INFO dataset.load_and_preprocess_cane_raw_file] Created 30 chunks of shape torch.Size([30, 1, 5000])
[2025-11-30 16:32:25,962 INFO dataset.convert_to_spectrograms] Created 30 spectrograms
[2025-11-30 16:32:26,181 INFO dataset.verify_sampling_rate] Detected sampling rate: 499.06 Hz
[2025-11-30 16:32:26,220 INFO dataset.load_and_preprocess_cane_raw_file] Applied Common Average Reference
[2025-11-30 16:32:26,220 INFO dataset.load_and_preprocess_cane_raw_file] Picking Fp1 channel
[2025-11-30 16:32:26,227 INFO dataset.load_and_preprocess_cane_raw_file] Found 2 artifacts (0.00%)
[2025-11-30 16:32:26,232 INFO dataset.load_and_preprocess_cane_raw_file] Using sampling rate: 500 Hz
[2025-11-30 16:32:26,232 INFO dataset.load_and_preprocess_cane_raw_file] Chunk size: 5000 samples (10s)
[2025-11-30 16:32:26,239 INFO dataset.load_and_preprocess_cane_raw_file] Created 30 chunks of shape torch.Size([30, 1, 5000])
[2025-11-30 16:32:26,252 INFO dataset.convert_to_spectrograms] Created 30 spectrograms
[2025-11-30 16:32:26,488 INFO dataset.verify_sampling_rate] Detected sampling rate: 498.81 Hz
[2025-11-30 16:32:26,535 INFO dataset.load_and_preprocess_cane_raw_file] Applied Common Average Reference
[2025-11-30 16:32:26,535 INFO dataset.load_and_preprocess_cane_raw_file] Picking Fp1 channel
[2025-11-30 16:32:26,542 INFO dataset.load_and_preprocess_cane_raw_file] Found 53 artifacts (0.03%)
[2025-11-30 16:32:26,554 INFO dataset.load_and_preprocess_cane_raw_file] Using sampling rate: 500 Hz
[2025-11-30 16:32:26,554 INFO dataset.load_and_preprocess_cane_raw_file] Chunk size: 5000 samples (10s)
[2025-11-30 16:32:26,563 INFO dataset.load_and_preprocess_cane_raw_file] Created 32 chunks of shape torch.Size([32, 1, 5000])
[2025-11-30 16:32:26,577 INFO dataset.convert_to_spectrograms] Created 32 spectrograms
[2025-11-30 16:32:26,803 INFO dataset.verify_sampling_rate] Detected sampling rate: 499.86 Hz
[2025-11-30 16:32:26,857 INFO dataset.load_and_preprocess_cane_raw_file] Applied Common Average Reference
[2025-11-30 16:32:26,858 INFO dataset.load_and_preprocess_cane_raw_file] Picking Fp1 channel
[2025-11-30 16:32:26,869 INFO dataset.load_and_preprocess_cane_raw_file] Using sampling rate: 500 Hz
[2025-11-30 16:32:26,869 INFO dataset.load_and_preprocess_cane_raw_file] Chunk size: 5000 samples (10s)
[2025-11-30 16:32:26,876 INFO dataset.load_and_preprocess_cane_raw_file] Created 30 chunks of shape torch.Size([30, 1, 5000])
[2025-11-30 16:32:26,887 INFO dataset.convert_to_spectrograms] Created 30 spectrograms
[2025-11-30 16:32:27,064 INFO dataset.verify_sampling_rate] Detected sampling rate: 499.24 Hz
[2025-11-30 16:32:27,097 INFO dataset.load_and_preprocess_cane_raw_file] Applied Common Average Reference
[2025-11-30 16:32:27,097 INFO dataset.load_and_preprocess_cane_raw_file] Picking Fp1 channel
[2025-11-30 16:32:27,102 INFO dataset.load_and_preprocess_cane_raw_file] Found 9 artifacts (0.01%)
[2025-11-30 16:32:27,107 INFO dataset.load_and_preprocess_cane_raw_file] Using sampling rate: 500 Hz
[2025-11-30 16:32:27,107 INFO dataset.load_and_preprocess_cane_raw_file] Chunk size: 5000 samples (10s)
[2025-11-30 16:32:27,113 INFO dataset.load_and_preprocess_cane_raw_file] Created 25 chunks of shape torch.Size([25, 1, 5000])
[2025-11-30 16:32:27,125 INFO dataset.convert_to_spectrograms] Created 25 spectrograms
[2025-11-30 16:32:27,308 INFO dataset.verify_sampling_rate] Detected sampling rate: 499.51 Hz
[2025-11-30 16:32:27,345 INFO dataset.load_and_preprocess_cane_raw_file] Applied Common Average Reference
[2025-11-30 16:32:27,345 INFO dataset.load_and_preprocess_cane_raw_file] Picking Fp1 channel
[2025-11-30 16:32:27,350 INFO dataset.load_and_preprocess_cane_raw_file] Found 5 artifacts (0.00%)
[2025-11-30 16:32:27,355 INFO dataset.load_and_preprocess_cane_raw_file] Using sampling rate: 500 Hz
[2025-11-30 16:32:27,355 INFO dataset.load_and_preprocess_cane_raw_file] Chunk size: 5000 samples (10s)
[2025-11-30 16:32:27,361 INFO dataset.load_and_preprocess_cane_raw_file] Created 25 chunks of shape torch.Size([25, 1, 5000])
[2025-11-30 16:32:27,372 INFO dataset.convert_to_spectrograms] Created 25 spectrograms
[2025-11-30 16:32:27,551 INFO dataset.verify_sampling_rate] Detected sampling rate: 498.47 Hz
[2025-11-30 16:32:27,585 INFO dataset.load_and_preprocess_cane_raw_file] Applied Common Average Reference
[2025-11-30 16:32:27,585 INFO dataset.load_and_preprocess_cane_raw_file] Picking Fp1 channel
[2025-11-30 16:32:27,594 INFO dataset.load_and_preprocess_cane_raw_file] Using sampling rate: 500 Hz
[2025-11-30 16:32:27,595 INFO dataset.load_and_preprocess_cane_raw_file] Chunk size: 5000 samples (10s)
[2025-11-30 16:32:27,601 INFO dataset.load_and_preprocess_cane_raw_file] Created 25 chunks of shape torch.Size([25, 1, 5000])
[2025-11-30 16:32:27,611 INFO dataset.convert_to_spectrograms] Created 25 spectrograms
[2025-11-30 16:32:27,810 INFO dataset.verify_sampling_rate] Detected sampling rate: 499.23 Hz
[2025-11-30 16:32:27,857 INFO dataset.load_and_preprocess_cane_raw_file] Applied Common Average Reference
[2025-11-30 16:32:27,857 INFO dataset.load_and_preprocess_cane_raw_file] Picking Fp1 channel
[2025-11-30 16:32:27,863 INFO dataset.load_and_preprocess_cane_raw_file] Found 15 artifacts (0.01%)
[2025-11-30 16:32:27,870 INFO dataset.load_and_preprocess_cane_raw_file] Using sampling rate: 500 Hz
[2025-11-30 16:32:27,870 INFO dataset.load_and_preprocess_cane_raw_file] Chunk size: 5000 samples (10s)
[2025-11-30 16:32:27,877 INFO dataset.load_and_preprocess_cane_raw_file] Created 26 chunks of shape torch.Size([26, 1, 5000])
[2025-11-30 16:32:27,886 INFO dataset.convert_to_spectrograms] Created 26 spectrograms
[2025-11-30 16:32:28,099 INFO dataset.verify_sampling_rate] Detected sampling rate: 499.20 Hz
[2025-11-30 16:32:28,139 INFO dataset.load_and_preprocess_cane_raw_file] Applied Common Average Reference
[2025-11-30 16:32:28,140 INFO dataset.load_and_preprocess_cane_raw_file] Picking Fp1 channel
[2025-11-30 16:32:28,145 INFO dataset.load_and_preprocess_cane_raw_file] Found 97 artifacts (0.08%)
[2025-11-30 16:32:28,160 INFO dataset.load_and_preprocess_cane_raw_file] Using sampling rate: 500 Hz
[2025-11-30 16:32:28,160 INFO dataset.load_and_preprocess_cane_raw_file] Chunk size: 5000 samples (10s)
[2025-11-30 16:32:28,166 INFO dataset.load_and_preprocess_cane_raw_file] Created 25 chunks of shape torch.Size([25, 1, 5000])
[2025-11-30 16:32:28,175 INFO dataset.convert_to_spectrograms] Created 25 spectrograms
[2025-11-30 16:32:28,418 INFO dataset.verify_sampling_rate] Detected sampling rate: 499.28 Hz
[2025-11-30 16:32:28,458 INFO dataset.load_and_preprocess_cane_raw_file] Applied Common Average Reference
[2025-11-30 16:32:28,459 INFO dataset.load_and_preprocess_cane_raw_file] Picking Fp1 channel
[2025-11-30 16:32:28,467 INFO dataset.load_and_preprocess_cane_raw_file] Found 98 artifacts (0.06%)
[2025-11-30 16:32:28,483 INFO dataset.load_and_preprocess_cane_raw_file] Using sampling rate: 500 Hz
[2025-11-30 16:32:28,483 INFO dataset.load_and_preprocess_cane_raw_file] Chunk size: 5000 samples (10s)
[2025-11-30 16:32:28,491 INFO dataset.load_and_preprocess_cane_raw_file] Created 30 chunks of shape torch.Size([30, 1, 5000])
[2025-11-30 16:32:28,504 INFO dataset.convert_to_spectrograms] Created 30 spectrograms
[2025-11-30 16:32:28,823 INFO dataset.verify_sampling_rate] Detected sampling rate: 498.55 Hz
[2025-11-30 16:32:28,878 INFO dataset.load_and_preprocess_cane_raw_file] Applied Common Average Reference
[2025-11-30 16:32:28,879 INFO dataset.load_and_preprocess_cane_raw_file] Picking Fp1 channel
[2025-11-30 16:32:28,887 INFO dataset.load_and_preprocess_cane_raw_file] Found 104 artifacts (0.05%)
[2025-11-30 16:32:28,906 INFO dataset.load_and_preprocess_cane_raw_file] Using sampling rate: 500 Hz
[2025-11-30 16:32:28,906 INFO dataset.load_and_preprocess_cane_raw_file] Chunk size: 5000 samples (10s)
[2025-11-30 16:32:28,916 INFO dataset.load_and_preprocess_cane_raw_file] Created 42 chunks of shape torch.Size([42, 1, 5000])
[2025-11-30 16:32:28,934 INFO dataset.convert_to_spectrograms] Created 42 spectrograms
[2025-11-30 16:32:29,144 INFO dataset.verify_sampling_rate] Detected sampling rate: 491.57 Hz
[2025-11-30 16:32:29,184 INFO dataset.load_and_preprocess_cane_raw_file] Applied Common Average Reference
[2025-11-30 16:32:29,184 INFO dataset.load_and_preprocess_cane_raw_file] Picking Fp1 channel
[2025-11-30 16:32:29,190 INFO dataset.load_and_preprocess_cane_raw_file] Found 1172 artifacts (0.78%)
[2025-11-30 16:32:29,308 INFO dataset.load_and_preprocess_cane_raw_file] Using sampling rate: 500 Hz
[2025-11-30 16:32:29,309 INFO dataset.load_and_preprocess_cane_raw_file] Chunk size: 5000 samples (10s)
[2025-11-30 16:32:29,315 INFO dataset.load_and_preprocess_cane_raw_file] Created 30 chunks of shape torch.Size([30, 1, 5000])
[2025-11-30 16:32:29,328 INFO dataset.convert_to_spectrograms] Created 30 spectrograms
[2025-11-30 16:32:29,545 INFO dataset.verify_sampling_rate] Detected sampling rate: 499.57 Hz
[2025-11-30 16:32:29,585 INFO dataset.load_and_preprocess_cane_raw_file] Applied Common Average Reference
[2025-11-30 16:32:29,585 INFO dataset.load_and_preprocess_cane_raw_file] Picking Fp1 channel
[2025-11-30 16:32:29,591 INFO dataset.load_and_preprocess_cane_raw_file] Found 26 artifacts (0.02%)
[2025-11-30 16:32:29,599 INFO dataset.load_and_preprocess_cane_raw_file] Using sampling rate: 500 Hz
[2025-11-30 16:32:29,599 INFO dataset.load_and_preprocess_cane_raw_file] Chunk size: 5000 samples (10s)
[2025-11-30 16:32:29,607 INFO dataset.load_and_preprocess_cane_raw_file] Created 30 chunks of shape torch.Size([30, 1, 5000])
[2025-11-30 16:32:29,620 INFO dataset.convert_to_spectrograms] Created 30 spectrograms
[2025-11-30 16:32:29,851 INFO dataset.verify_sampling_rate] Detected sampling rate: 499.69 Hz
[2025-11-30 16:32:29,895 INFO dataset.load_and_preprocess_cane_raw_file] Applied Common Average Reference
[2025-11-30 16:32:29,895 INFO dataset.load_and_preprocess_cane_raw_file] Picking Fp1 channel
[2025-11-30 16:32:29,901 INFO dataset.load_and_preprocess_cane_raw_file] Found 271 artifacts (0.16%)
[2025-11-30 16:32:29,935 INFO dataset.load_and_preprocess_cane_raw_file] Using sampling rate: 500 Hz
[2025-11-30 16:32:29,935 INFO dataset.load_and_preprocess_cane_raw_file] Chunk size: 5000 samples (10s)
[2025-11-30 16:32:29,943 INFO dataset.load_and_preprocess_cane_raw_file] Created 34 chunks of shape torch.Size([34, 1, 5000])
[2025-11-30 16:32:29,958 INFO dataset.convert_to_spectrograms] Created 34 spectrograms
[2025-11-30 16:32:30,219 INFO dataset.verify_sampling_rate] Detected sampling rate: 499.58 Hz
[2025-11-30 16:32:30,270 INFO dataset.load_and_preprocess_cane_raw_file] Applied Common Average Reference
[2025-11-30 16:32:30,270 INFO dataset.load_and_preprocess_cane_raw_file] Picking Fp1 channel
[2025-11-30 16:32:30,283 INFO dataset.load_and_preprocess_cane_raw_file] Using sampling rate: 500 Hz
[2025-11-30 16:32:30,283 INFO dataset.load_and_preprocess_cane_raw_file] Chunk size: 5000 samples (10s)
[2025-11-30 16:32:30,291 INFO dataset.load_and_preprocess_cane_raw_file] Created 30 chunks of shape torch.Size([30, 1, 5000])
[2025-11-30 16:32:30,302 INFO dataset.convert_to_spectrograms] Created 30 spectrograms
[2025-11-30 16:32:30,519 INFO dataset.verify_sampling_rate] Detected sampling rate: 499.94 Hz
[2025-11-30 16:32:30,563 INFO dataset.load_and_preprocess_cane_raw_file] Applied Common Average Reference
[2025-11-30 16:32:30,563 INFO dataset.load_and_preprocess_cane_raw_file] Picking Fp1 channel
[2025-11-30 16:32:30,570 INFO dataset.load_and_preprocess_cane_raw_file] Found 214 artifacts (0.14%)
[2025-11-30 16:32:30,601 INFO dataset.load_and_preprocess_cane_raw_file] Using sampling rate: 500 Hz
[2025-11-30 16:32:30,602 INFO dataset.load_and_preprocess_cane_raw_file] Chunk size: 5000 samples (10s)
[2025-11-30 16:32:30,610 INFO dataset.load_and_preprocess_cane_raw_file] Created 31 chunks of shape torch.Size([31, 1, 5000])
[2025-11-30 16:32:30,626 INFO dataset.convert_to_spectrograms] Created 31 spectrograms
[2025-11-30 16:32:30,837 INFO dataset.verify_sampling_rate] Detected sampling rate: 499.58 Hz
[2025-11-30 16:32:30,877 INFO dataset.load_and_preprocess_cane_raw_file] Applied Common Average Reference
[2025-11-30 16:32:30,877 INFO dataset.load_and_preprocess_cane_raw_file] Picking Fp1 channel
[2025-11-30 16:32:30,889 INFO dataset.load_and_preprocess_cane_raw_file] Using sampling rate: 500 Hz
[2025-11-30 16:32:30,889 INFO dataset.load_and_preprocess_cane_raw_file] Chunk size: 5000 samples (10s)
[2025-11-30 16:32:30,896 INFO dataset.load_and_preprocess_cane_raw_file] Created 30 chunks of shape torch.Size([30, 1, 5000])
[2025-11-30 16:32:30,910 INFO dataset.convert_to_spectrograms] Created 30 spectrograms
[2025-11-30 16:32:31,143 INFO dataset.verify_sampling_rate] Detected sampling rate: 499.71 Hz
[2025-11-30 16:32:31,196 INFO dataset.load_and_preprocess_cane_raw_file] Applied Common Average Reference
[2025-11-30 16:32:31,197 INFO dataset.load_and_preprocess_cane_raw_file] Picking Fp1 channel
[2025-11-30 16:32:31,216 INFO dataset.load_and_preprocess_cane_raw_file] Using sampling rate: 500 Hz
[2025-11-30 16:32:31,217 INFO dataset.load_and_preprocess_cane_raw_file] Chunk size: 5000 samples (10s)
[2025-11-30 16:32:31,230 INFO dataset.load_and_preprocess_cane_raw_file] Created 30 chunks of shape torch.Size([30, 1, 5000])
[2025-11-30 16:32:31,250 INFO dataset.convert_to_spectrograms] Created 30 spectrograms
[2025-11-30 16:32:31,554 INFO dataset.verify_sampling_rate] Detected sampling rate: 499.29 Hz
[2025-11-30 16:32:31,613 INFO dataset.load_and_preprocess_cane_raw_file] Applied Common Average Reference
[2025-11-30 16:32:31,614 INFO dataset.load_and_preprocess_cane_raw_file] Picking Fp1 channel
[2025-11-30 16:32:31,625 INFO dataset.load_and_preprocess_cane_raw_file] Found 218 artifacts (0.14%)
[2025-11-30 16:32:31,666 INFO dataset.load_and_preprocess_cane_raw_file] Using sampling rate: 500 Hz
[2025-11-30 16:32:31,666 INFO dataset.load_and_preprocess_cane_raw_file] Chunk size: 5000 samples (10s)
[2025-11-30 16:32:31,677 INFO dataset.load_and_preprocess_cane_raw_file] Created 30 chunks of shape torch.Size([30, 1, 5000])
[2025-11-30 16:32:31,696 INFO dataset.convert_to_spectrograms] Created 30 spectrograms
[2025-11-30 16:32:32,096 INFO dataset.verify_sampling_rate] Detected sampling rate: 499.93 Hz
[2025-11-30 16:32:32,260 INFO dataset.load_and_preprocess_cane_raw_file] Applied Common Average Reference
[2025-11-30 16:32:32,261 INFO dataset.load_and_preprocess_cane_raw_file] Picking Fp1 channel
[2025-11-30 16:32:32,274 INFO dataset.load_and_preprocess_cane_raw_file] Found 925 artifacts (0.57%)
[2025-11-30 16:32:32,523 INFO dataset.load_and_preprocess_cane_raw_file] Using sampling rate: 500 Hz
[2025-11-30 16:32:32,524 INFO dataset.load_and_preprocess_cane_raw_file] Chunk size: 5000 samples (10s)
[2025-11-30 16:32:32,537 INFO dataset.load_and_preprocess_cane_raw_file] Created 32 chunks of shape torch.Size([32, 1, 5000])
[2025-11-30 16:32:32,557 INFO dataset.convert_to_spectrograms] Created 32 spectrograms
[2025-11-30 16:32:33,129 INFO dataset.verify_sampling_rate] Detected sampling rate: 499.64 Hz
[2025-11-30 16:32:33,219 INFO dataset.load_and_preprocess_cane_raw_file] Applied Common Average Reference
[2025-11-30 16:32:33,220 INFO dataset.load_and_preprocess_cane_raw_file] Picking Fp1 channel
[2025-11-30 16:32:33,232 INFO dataset.load_and_preprocess_cane_raw_file] Found 7 artifacts (0.00%)
[2025-11-30 16:32:33,248 INFO dataset.load_and_preprocess_cane_raw_file] Using sampling rate: 500 Hz
[2025-11-30 16:32:33,248 INFO dataset.load_and_preprocess_cane_raw_file] Chunk size: 5000 samples (10s)
[2025-11-30 16:32:33,269 INFO dataset.load_and_preprocess_cane_raw_file] Created 30 chunks of shape torch.Size([30, 1, 5000])
[2025-11-30 16:32:33,304 INFO dataset.convert_to_spectrograms] Created 30 spectrograms
[2025-11-30 16:32:33,776 INFO dataset.verify_sampling_rate] Detected sampling rate: 499.64 Hz
[2025-11-30 16:32:33,856 INFO dataset.load_and_preprocess_cane_raw_file] Applied Common Average Reference
[2025-11-30 16:32:33,856 INFO dataset.load_and_preprocess_cane_raw_file] Picking Fp1 channel
[2025-11-30 16:32:33,865 INFO dataset.load_and_preprocess_cane_raw_file] Found 255 artifacts (0.16%)
[2025-11-30 16:32:33,913 INFO dataset.load_and_preprocess_cane_raw_file] Using sampling rate: 500 Hz
[2025-11-30 16:32:33,913 INFO dataset.load_and_preprocess_cane_raw_file] Chunk size: 5000 samples (10s)
[2025-11-30 16:32:33,924 INFO dataset.load_and_preprocess_cane_raw_file] Created 32 chunks of shape torch.Size([32, 1, 5000])
[2025-11-30 16:32:33,940 INFO dataset.convert_to_spectrograms] Created 32 spectrograms
[2025-11-30 16:32:34,217 INFO dataset.verify_sampling_rate] Detected sampling rate: 498.79 Hz
[2025-11-30 16:32:34,267 INFO dataset.load_and_preprocess_cane_raw_file] Applied Common Average Reference
[2025-11-30 16:32:34,267 INFO dataset.load_and_preprocess_cane_raw_file] Picking Fp1 channel
[2025-11-30 16:32:34,287 INFO dataset.load_and_preprocess_cane_raw_file] Found 19 artifacts (0.01%)
[2025-11-30 16:32:34,297 INFO dataset.load_and_preprocess_cane_raw_file] Using sampling rate: 500 Hz
[2025-11-30 16:32:34,298 INFO dataset.load_and_preprocess_cane_raw_file] Chunk size: 5000 samples (10s)
[2025-11-30 16:32:34,307 INFO dataset.load_and_preprocess_cane_raw_file] Created 31 chunks of shape torch.Size([31, 1, 5000])
[2025-11-30 16:32:34,326 INFO dataset.convert_to_spectrograms] Created 31 spectrograms
[2025-11-30 16:32:34,584 INFO dataset.verify_sampling_rate] Detected sampling rate: 499.56 Hz
[2025-11-30 16:32:34,636 INFO dataset.load_and_preprocess_cane_raw_file] Applied Common Average Reference
[2025-11-30 16:32:34,636 INFO dataset.load_and_preprocess_cane_raw_file] Picking Fp1 channel
[2025-11-30 16:32:34,644 INFO dataset.load_and_preprocess_cane_raw_file] Found 1 artifacts (0.00%)
[2025-11-30 16:32:34,655 INFO dataset.load_and_preprocess_cane_raw_file] Using sampling rate: 500 Hz
[2025-11-30 16:32:34,656 INFO dataset.load_and_preprocess_cane_raw_file] Chunk size: 5000 samples (10s)
[2025-11-30 16:32:34,669 INFO dataset.load_and_preprocess_cane_raw_file] Created 30 chunks of shape torch.Size([30, 1, 5000])
[2025-11-30 16:32:34,691 INFO dataset.convert_to_spectrograms] Created 30 spectrograms
[2025-11-30 16:32:34,900 INFO dataset.verify_sampling_rate] Detected sampling rate: 498.69 Hz
[2025-11-30 16:32:34,938 INFO dataset.load_and_preprocess_cane_raw_file] Applied Common Average Reference
[2025-11-30 16:32:34,938 INFO dataset.load_and_preprocess_cane_raw_file] Picking Fp1 channel
[2025-11-30 16:32:34,948 INFO dataset.load_and_preprocess_cane_raw_file] Using sampling rate: 500 Hz
[2025-11-30 16:32:34,948 INFO dataset.load_and_preprocess_cane_raw_file] Chunk size: 5000 samples (10s)
[2025-11-30 16:32:34,955 INFO dataset.load_and_preprocess_cane_raw_file] Created 25 chunks of shape torch.Size([25, 1, 5000])
[2025-11-30 16:32:34,967 INFO dataset.convert_to_spectrograms] Created 25 spectrograms
[2025-11-30 16:32:35,160 INFO dataset.verify_sampling_rate] Detected sampling rate: 499.32 Hz
[2025-11-30 16:32:35,202 INFO dataset.load_and_preprocess_cane_raw_file] Applied Common Average Reference
[2025-11-30 16:32:35,202 INFO dataset.load_and_preprocess_cane_raw_file] Picking Fp1 channel
[2025-11-30 16:32:35,209 INFO dataset.load_and_preprocess_cane_raw_file] Found 29 artifacts (0.02%)
[2025-11-30 16:32:35,218 INFO dataset.load_and_preprocess_cane_raw_file] Using sampling rate: 500 Hz
[2025-11-30 16:32:35,218 INFO dataset.load_and_preprocess_cane_raw_file] Chunk size: 5000 samples (10s)
[2025-11-30 16:32:35,224 INFO dataset.load_and_preprocess_cane_raw_file] Created 25 chunks of shape torch.Size([25, 1, 5000])
[2025-11-30 16:32:35,235 INFO dataset.convert_to_spectrograms] Created 25 spectrograms
[2025-11-30 16:32:35,496 INFO dataset.verify_sampling_rate] Detected sampling rate: 499.57 Hz
[2025-11-30 16:32:35,548 INFO dataset.load_and_preprocess_cane_raw_file] Applied Common Average Reference
[2025-11-30 16:32:35,548 INFO dataset.load_and_preprocess_cane_raw_file] Picking Fp1 channel
[2025-11-30 16:32:35,571 INFO dataset.load_and_preprocess_cane_raw_file] Using sampling rate: 500 Hz
[2025-11-30 16:32:35,571 INFO dataset.load_and_preprocess_cane_raw_file] Chunk size: 5000 samples (10s)
[2025-11-30 16:32:35,580 INFO dataset.load_and_preprocess_cane_raw_file] Created 31 chunks of shape torch.Size([31, 1, 5000])
[2025-11-30 16:32:35,596 INFO dataset.convert_to_spectrograms] Created 31 spectrograms
[2025-11-30 16:32:35,856 INFO dataset.verify_sampling_rate] Detected sampling rate: 498.50 Hz
[2025-11-30 16:32:35,927 INFO dataset.load_and_preprocess_cane_raw_file] Applied Common Average Reference
[2025-11-30 16:32:35,927 INFO dataset.load_and_preprocess_cane_raw_file] Picking Fp1 channel
[2025-11-30 16:32:35,934 INFO dataset.load_and_preprocess_cane_raw_file] Found 3 artifacts (0.00%)
[2025-11-30 16:32:35,952 INFO dataset.load_and_preprocess_cane_raw_file] Using sampling rate: 500 Hz
[2025-11-30 16:32:35,952 INFO dataset.load_and_preprocess_cane_raw_file] Chunk size: 5000 samples (10s)
[2025-11-30 16:32:35,961 INFO dataset.load_and_preprocess_cane_raw_file] Created 32 chunks of shape torch.Size([32, 1, 5000])
[2025-11-30 16:32:35,975 INFO dataset.convert_to_spectrograms] Created 32 spectrograms
[2025-11-30 16:32:36,283 INFO dataset.verify_sampling_rate] Detected sampling rate: 498.62 Hz
[2025-11-30 16:32:36,341 INFO dataset.load_and_preprocess_cane_raw_file] Applied Common Average Reference
[2025-11-30 16:32:36,342 INFO dataset.load_and_preprocess_cane_raw_file] Picking Fp1 channel
[2025-11-30 16:32:36,360 INFO dataset.load_and_preprocess_cane_raw_file] Found 603 artifacts (0.32%)
[2025-11-30 16:32:36,450 INFO dataset.load_and_preprocess_cane_raw_file] Using sampling rate: 500 Hz
[2025-11-30 16:32:36,450 INFO dataset.load_and_preprocess_cane_raw_file] Chunk size: 5000 samples (10s)
[2025-11-30 16:32:36,461 INFO dataset.load_and_preprocess_cane_raw_file] Created 37 chunks of shape torch.Size([37, 1, 5000])
[2025-11-30 16:32:36,484 INFO dataset.convert_to_spectrograms] Created 37 spectrograms
[2025-11-30 16:32:36,972 INFO dataset.verify_sampling_rate] Detected sampling rate: 499.70 Hz
[2025-11-30 16:32:37,047 INFO dataset.load_and_preprocess_cane_raw_file] Applied Common Average Reference
[2025-11-30 16:32:37,048 INFO dataset.load_and_preprocess_cane_raw_file] Picking Fp1 channel
[2025-11-30 16:32:37,058 INFO dataset.load_and_preprocess_cane_raw_file] Found 1482 artifacts (0.68%)
[2025-11-30 16:32:37,274 INFO dataset.load_and_preprocess_cane_raw_file] Using sampling rate: 500 Hz
[2025-11-30 16:32:37,274 INFO dataset.load_and_preprocess_cane_raw_file] Chunk size: 5000 samples (10s)
[2025-11-30 16:32:37,287 INFO dataset.load_and_preprocess_cane_raw_file] Created 43 chunks of shape torch.Size([43, 1, 5000])
[2025-11-30 16:32:37,312 INFO dataset.convert_to_spectrograms] Created 43 spectrograms
[2025-11-30 16:32:37,645 INFO dataset.verify_sampling_rate] Detected sampling rate: 497.74 Hz
[2025-11-30 16:32:37,706 INFO dataset.load_and_preprocess_cane_raw_file] Applied Common Average Reference
[2025-11-30 16:32:37,706 INFO dataset.load_and_preprocess_cane_raw_file] Picking Fp1 channel
[2025-11-30 16:32:37,724 INFO dataset.load_and_preprocess_cane_raw_file] Using sampling rate: 500 Hz
[2025-11-30 16:32:37,724 INFO dataset.load_and_preprocess_cane_raw_file] Chunk size: 5000 samples (10s)
[2025-11-30 16:32:37,735 INFO dataset.load_and_preprocess_cane_raw_file] Created 38 chunks of shape torch.Size([38, 1, 5000])
[2025-11-30 16:32:37,757 INFO dataset.convert_to_spectrograms] Created 38 spectrograms
[2025-11-30 16:32:38,057 INFO dataset.verify_sampling_rate] Detected sampling rate: 499.84 Hz
[2025-11-30 16:32:38,118 INFO dataset.load_and_preprocess_cane_raw_file] Applied Common Average Reference
[2025-11-30 16:32:38,118 INFO dataset.load_and_preprocess_cane_raw_file] Picking Fp1 channel
[2025-11-30 16:32:38,132 INFO dataset.load_and_preprocess_cane_raw_file] Using sampling rate: 500 Hz
[2025-11-30 16:32:38,133 INFO dataset.load_and_preprocess_cane_raw_file] Chunk size: 5000 samples (10s)
[2025-11-30 16:32:38,142 INFO dataset.load_and_preprocess_cane_raw_file] Created 33 chunks of shape torch.Size([33, 1, 5000])
[2025-11-30 16:32:38,160 INFO dataset.convert_to_spectrograms] Created 33 spectrograms
[2025-11-30 16:32:38,418 INFO dataset.verify_sampling_rate] Detected sampling rate: 499.26 Hz
[2025-11-30 16:32:38,467 INFO dataset.load_and_preprocess_cane_raw_file] Applied Common Average Reference
[2025-11-30 16:32:38,468 INFO dataset.load_and_preprocess_cane_raw_file] Picking Fp1 channel
[2025-11-30 16:32:38,482 INFO dataset.load_and_preprocess_cane_raw_file] Using sampling rate: 500 Hz
[2025-11-30 16:32:38,482 INFO dataset.load_and_preprocess_cane_raw_file] Chunk size: 5000 samples (10s)
[2025-11-30 16:32:38,491 INFO dataset.load_and_preprocess_cane_raw_file] Created 30 chunks of shape torch.Size([30, 1, 5000])
[2025-11-30 16:32:38,507 INFO dataset.convert_to_spectrograms] Created 30 spectrograms
[2025-11-30 16:32:38,756 INFO dataset.verify_sampling_rate] Detected sampling rate: 499.30 Hz
[2025-11-30 16:32:38,806 INFO dataset.load_and_preprocess_cane_raw_file] Applied Common Average Reference
[2025-11-30 16:32:38,806 INFO dataset.load_and_preprocess_cane_raw_file] Picking Fp1 channel
[2025-11-30 16:32:38,820 INFO dataset.load_and_preprocess_cane_raw_file] Using sampling rate: 500 Hz
[2025-11-30 16:32:38,820 INFO dataset.load_and_preprocess_cane_raw_file] Chunk size: 5000 samples (10s)
[2025-11-30 16:32:38,829 INFO dataset.load_and_preprocess_cane_raw_file] Created 30 chunks of shape torch.Size([30, 1, 5000])
[2025-11-30 16:32:38,845 INFO dataset.convert_to_spectrograms] Created 30 spectrograms
[2025-11-30 16:32:39,112 INFO dataset.verify_sampling_rate] Detected sampling rate: 498.70 Hz
[2025-11-30 16:32:39,161 INFO dataset.load_and_preprocess_cane_raw_file] Applied Common Average Reference
[2025-11-30 16:32:39,162 INFO dataset.load_and_preprocess_cane_raw_file] Picking Fp1 channel
[2025-11-30 16:32:39,176 INFO dataset.load_and_preprocess_cane_raw_file] Using sampling rate: 500 Hz
[2025-11-30 16:32:39,176 INFO dataset.load_and_preprocess_cane_raw_file] Chunk size: 5000 samples (10s)
[2025-11-30 16:32:39,185 INFO dataset.load_and_preprocess_cane_raw_file] Created 31 chunks of shape torch.Size([31, 1, 5000])
[2025-11-30 16:32:39,202 INFO dataset.convert_to_spectrograms] Created 31 spectrograms
[2025-11-30 16:32:39,456 INFO dataset.verify_sampling_rate] Detected sampling rate: 498.82 Hz
[2025-11-30 16:32:39,505 INFO dataset.load_and_preprocess_cane_raw_file] Applied Common Average Reference
[2025-11-30 16:32:39,505 INFO dataset.load_and_preprocess_cane_raw_file] Picking Fp1 channel
[2025-11-30 16:32:39,518 INFO dataset.load_and_preprocess_cane_raw_file] Using sampling rate: 500 Hz
[2025-11-30 16:32:39,518 INFO dataset.load_and_preprocess_cane_raw_file] Chunk size: 5000 samples (10s)
[2025-11-30 16:32:39,527 INFO dataset.load_and_preprocess_cane_raw_file] Created 30 chunks of shape torch.Size([30, 1, 5000])
[2025-11-30 16:32:39,544 INFO dataset.convert_to_spectrograms] Created 30 spectrograms
[2025-11-30 16:32:39,544 INFO dataset.__init__] Built index with 1105 total chunks
[2025-11-30 16:32:39,545 INFO main.train_cross_validation] Created 6 balanced folds with subjects from both MDD and CANE datasets
[2025-11-30 16:32:39,545 INFO main.train_cross_validation] ================================================================================
[2025-11-30 16:32:39,545 INFO main.train_cross_validation] FOLD 1/6
[2025-11-30 16:32:39,545 INFO main.train_cross_validation] ================================================================================
[2025-11-30 16:32:39,545 INFO main.get_datasets_for_fold] Train subjects (152): ['mdd:H S4 EO', 'mdd:H S4 EC', 'mdd:H S18 EO', 'mdd:H S8 EC', 'mdd:H S8 EO', 'mdd:H S26 EO', 'mdd:H S26 EC', 'mdd:H S22 EC', 'mdd:H S22 EO', 'cane:H S1002 EC', 'cane:H S1002 EO', 'cane:H S1060 EO', 'cane:H S1060 EC', 'cane:H S1101 EO', 'cane:H S1101 EC', 'mdd:MDD S21 EO', 'mdd:MDD S21 EC', 'mdd:MDD S22 EC', 'mdd:MDD S22 EO', 'mdd:MDD S16 EO', 'mdd:MDD S13 EC', 'mdd:MDD S13 EO', 'mdd:MDD S30 EC', 'mdd:MDD S30 EO', 'mdd:MDD S31 EC', 'mdd:MDD S31 EO', 'cane:AX S1006 EC', 'cane:AX S1006 EO', 'cane:AX S1065 EC', 'cane:AX S1065 EO', 'cane:AX S0041 EC', 'cane:AX S0041 EO', 'mdd:H S13 EC', 'mdd:H S13 EO', 'mdd:H S16 EO', 'mdd:H S16 EC', 'mdd:H S11 EO', 'mdd:H S11 EC', 'mdd:H S19 EC', 'mdd:H S19 EO', 'mdd:H S27 EC', 'mdd:H S27 EO', 'cane:H S1008 EO', 'cane:H S1008 EC', 'cane:H S1028 EC', 'cane:H S1096 EO', 'cane:H S1096 EC', 'mdd:MDD S23 EC', 'mdd:MDD S23 EO', 'mdd:MDD S25 EO', 'mdd:MDD S25 EC', 'mdd:MDD S9 EO', 'mdd:MDD S9 EC', 'mdd:MDD S1 EC', 'mdd:MDD S33 EC', 'mdd:MDD S33 EO', 'cane:AX S1087 EC', 'cane:AX S1087 EO', 'cane:AX S1027 EO', 'cane:AX S1027 EC', 'cane:AX S1007 EC', 'cane:AX S1007 EO', 'mdd:H S9 EC', 'mdd:H S9 EO', 'mdd:H S28 EO', 'mdd:H S28 EC', 'mdd:H S6 EO', 'mdd:H S6 EC', 'mdd:H S25 EC', 'mdd:H S2 EC', 'mdd:H S2 EO', 'cane:H S1022 EC', 'cane:H S1022 EO', 'cane:H S0012 EO', 'cane:H S0012 EC', 'cane:H S1085 EC', 'cane:H S1085 EO', 'mdd:MDD S5 EC', 'mdd:MDD S5 EO', 'mdd:MDD S20 EC', 'mdd:MDD S20 EO', 'mdd:MDD S34 EO', 'mdd:MDD S34 EC', 'mdd:MDD S27 EO', 'mdd:MDD S27 EC', 'mdd:MDD S11 EO', 'cane:AX S0074 EO', 'cane:AX S0074 EC', 'cane:AX S0056 EO', 'cane:AX S0056 EC', 'cane:AX S1050 EC', 'cane:AX S1050 EO', 'mdd:H S12 EO', 'mdd:H S7 EO', 'mdd:H S7 EC', 'mdd:H S3 EO', 'mdd:H S3 EC', 'mdd:H S21 EC', 'mdd:H S21 EO', 'mdd:H S30 EO']...
[2025-11-30 16:32:39,545 INFO main.get_datasets_for_fold] Val subjects (34): ['mdd:H S1 EC', 'mdd:H S1 EO', 'mdd:H S15 EC', 'mdd:H S14 EO', 'mdd:H S14 EC', 'mdd:H S23 EC', 'mdd:H S23 EO', 'mdd:H S29 EC', 'mdd:H S29 EO', 'cane:H S1054 EC', 'cane:H S1054 EO', 'cane:H S1095 EC', 'cane:H S1095 EO', 'cane:H S1033 EO', 'cane:H S1033 EC', 'cane:H S0079 EC', 'cane:H S0079 EO', 'mdd:MDD S6 EO', 'mdd:MDD S6 EC', 'mdd:MDD S4 EO', 'mdd:MDD S15 EC', 'mdd:MDD S15 EO', 'mdd:MDD S28 EO', 'mdd:MDD S28 EC', 'mdd:MDD S10 EO', 'mdd:MDD S10 EC', 'mdd:MDD S32 EO', 'mdd:MDD S32 EC', 'cane:AX S1009 EO', 'cane:AX S1009 EC', 'cane:AX S1084 EO', 'cane:AX S1084 EC', 'cane:AX S0057 EO', 'cane:AX S0057 EC']
[2025-11-30 16:32:39,548 INFO main.get_datasets_for_fold] Training chunks: MDD=2790, CANE=1797, Total=4587
[2025-11-30 16:32:39,548 INFO main.get_datasets_for_fold] Validation chunks: MDD=595, CANE=438, Total=1033
[2025-11-30 16:32:39,610 INFO model.__init__] Initialized LSTM with input_size=1728, hidden_size=100, batch_first=True
[2025-11-30 16:32:40,833 INFO main.train_one_fold] Starting training for fold 1
[2025-11-30 16:33:05,609 INFO main.train_one_fold] TRAIN CHUNK | Fold 1 | Epoch 001/100 | Loss: 1.0625 | Acc: 0.4177 | normal: P=0.502 R=0.595 | mdd: P=0.298 R=0.417 | anxious: P=0.000 R=0.000
[2025-11-30 16:33:07,214 INFO main.train_one_fold] EVAL CHUNK | Fold 1 | Epoch 001/100 | Loss: 1.0145 | Acc: 0.5082 | normal: P=0.508 R=1.000 | mdd: P=0.000 R=0.000 | anxious: P=0.000 R=0.000
[2025-11-30 16:33:07,215 INFO main.train_one_fold] EVAL SUBJECT | Fold 1 | Epoch 001/100 | Loss: 1.0145 | Acc: 0.5000 | normal: P=0.500 R=1.000 | mdd: P=0.000 R=0.000 | anxious: P=0.000 R=0.000
[2025-11-30 16:33:07,215 INFO main.train_one_fold] EVAL EC vs EO | Fold 1 | Epoch 001/100 | EO chunk acc: 0.4706 | EC chunk acc: 0.5294
[2025-11-30 16:33:07,248 INFO main.train_one_fold] ✓ Saved best model: experiments/both_fp1_ec+eo_005/fold_1_best.pth (combined=0.2541, chunk=0.5082, subject=0.5000)
[2025-11-30 16:33:07,248 INFO early_stopping.__call__] Early stopping initialized: best score 0.5082 at epoch 1
[2025-11-30 16:33:43,571 INFO main.train_one_fold] TRAIN CHUNK | Fold 1 | Epoch 002/100 | Loss: 1.0314 | Acc: 0.4944 | normal: P=0.495 R=0.999 | mdd: P=0.333 R=0.001 | anxious: P=0.000 R=0.000
[2025-11-30 16:33:45,960 INFO main.train_one_fold] EVAL CHUNK | Fold 1 | Epoch 002/100 | Loss: 0.9962 | Acc: 0.5082 | normal: P=0.508 R=1.000 | mdd: P=0.000 R=0.000 | anxious: P=0.000 R=0.000
[2025-11-30 16:33:45,961 INFO main.train_one_fold] EVAL SUBJECT | Fold 1 | Epoch 002/100 | Loss: 0.9962 | Acc: 0.5000 | normal: P=0.500 R=1.000 | mdd: P=0.000 R=0.000 | anxious: P=0.000 R=0.000
[2025-11-30 16:33:45,961 INFO main.train_one_fold] EVAL EC vs EO | Fold 1 | Epoch 002/100 | EO chunk acc: 0.4706 | EC chunk acc: 0.5294
[2025-11-30 16:34:11,794 INFO main.train_one_fold] TRAIN CHUNK | Fold 1 | Epoch 003/100 | Loss: 1.0001 | Acc: 0.4953 | normal: P=0.495 R=0.999 | mdd: P=0.556 R=0.004 | anxious: P=0.000 R=0.000
[2025-11-30 16:34:14,908 INFO main.train_one_fold] EVAL CHUNK | Fold 1 | Epoch 003/100 | Loss: 0.9540 | Acc: 0.5082 | normal: P=0.508 R=1.000 | mdd: P=0.000 R=0.000 | anxious: P=0.000 R=0.000
[2025-11-30 16:34:14,908 INFO main.train_one_fold] EVAL SUBJECT | Fold 1 | Epoch 003/100 | Loss: 0.9540 | Acc: 0.5000 | normal: P=0.500 R=1.000 | mdd: P=0.000 R=0.000 | anxious: P=0.000 R=0.000
[2025-11-30 16:34:14,908 INFO main.train_one_fold] EVAL EC vs EO | Fold 1 | Epoch 003/100 | EO chunk acc: 0.4706 | EC chunk acc: 0.5294
[2025-11-30 16:34:39,662 INFO main.train_one_fold] TRAIN CHUNK | Fold 1 | Epoch 004/100 | Loss: 0.9487 | Acc: 0.5097 | normal: P=0.510 R=0.980 | mdd: P=0.506 R=0.067 | anxious: P=0.471 R=0.025
[2025-11-30 16:34:41,542 INFO main.train_one_fold] EVAL CHUNK | Fold 1 | Epoch 004/100 | Loss: 0.8760 | Acc: 0.4753 | normal: P=0.521 R=0.770 | mdd: P=0.622 R=0.155 | anxious: P=0.205 R=0.202
[2025-11-30 16:34:41,543 INFO main.train_one_fold] EVAL SUBJECT | Fold 1 | Epoch 004/100 | Loss: 0.8760 | Acc: 0.4706 | normal: P=0.500 R=0.824 | mdd: P=1.000 R=0.091 | anxious: P=0.200 R=0.167
[2025-11-30 16:34:41,544 INFO main.train_one_fold] EVAL EC vs EO | Fold 1 | Epoch 004/100 | EO chunk acc: 0.4118 | EC chunk acc: 0.5294
[2025-11-30 16:35:09,881 INFO main.train_one_fold] TRAIN CHUNK | Fold 1 | Epoch 005/100 | Loss: 0.8998 | Acc: 0.5398 | normal: P=0.551 R=0.907 | mdd: P=0.511 R=0.233 | anxious: P=0.440 R=0.107
[2025-11-30 16:35:11,761 INFO main.train_one_fold] EVAL CHUNK | Fold 1 | Epoch 005/100 | Loss: 0.8014 | Acc: 0.6050 | normal: P=0.790 R=0.636 | mdd: P=0.530 R=0.748 | anxious: P=0.306 R=0.247
[2025-11-30 16:35:11,761 INFO main.train_one_fold] EVAL SUBJECT | Fold 1 | Epoch 005/100 | Loss: 0.8014 | Acc: 0.6471 | normal: P=0.846 R=0.647 | mdd: P=0.562 R=0.818 | anxious: P=0.400 R=0.333
[2025-11-30 16:35:11,761 INFO main.train_one_fold] EVAL EC vs EO | Fold 1 | Epoch 005/100 | EO chunk acc: 0.5882 | EC chunk acc: 0.7059
[2025-11-30 16:35:11,804 INFO main.train_one_fold] ✓ Saved best model: experiments/both_fp1_ec+eo_005/fold_1_best.pth (combined=0.3915, chunk=0.6050, subject=0.6471)
[2025-11-30 16:35:11,804 INFO early_stopping.__call__] Validation improved from 0.5082 to 0.6050 (+0.0968) at epoch 5
[2025-11-30 16:35:39,168 INFO main.train_one_fold] TRAIN CHUNK | Fold 1 | Epoch 006/100 | Loss: 0.8693 | Acc: 0.5760 | normal: P=0.622 R=0.792 | mdd: P=0.524 R=0.485 | anxious: P=0.423 R=0.194
[2025-11-30 16:35:41,182 INFO main.train_one_fold] EVAL CHUNK | Fold 1 | Epoch 006/100 | Loss: 0.7722 | Acc: 0.5837 | normal: P=0.815 R=0.537 | mdd: P=0.550 R=0.945 | anxious: P=0.075 R=0.051
[2025-11-30 16:35:41,182 INFO main.train_one_fold] EVAL SUBJECT | Fold 1 | Epoch 006/100 | Loss: 0.7722 | Acc: 0.6176 | normal: P=0.833 R=0.588 | mdd: P=0.550 R=1.000 | anxious: P=0.000 R=0.000
[2025-11-30 16:35:41,182 INFO main.train_one_fold] EVAL EC vs EO | Fold 1 | Epoch 006/100 | EO chunk acc: 0.5882 | EC chunk acc: 0.6471
[2025-11-30 16:36:13,212 INFO main.train_one_fold] TRAIN CHUNK | Fold 1 | Epoch 007/100 | Loss: 0.8320 | Acc: 0.6143 | normal: P=0.677 R=0.751 | mdd: P=0.551 R=0.682 | anxious: P=0.482 R=0.197
[2025-11-30 16:36:19,819 INFO main.train_one_fold] EVAL CHUNK | Fold 1 | Epoch 007/100 | Loss: 0.7217 | Acc: 0.6167 | normal: P=0.795 R=0.547 | mdd: P=0.638 R=0.945 | anxious: P=0.208 R=0.213
[2025-11-30 16:36:19,819 INFO main.train_one_fold] EVAL SUBJECT | Fold 1 | Epoch 007/100 | Loss: 0.7217 | Acc: 0.6471 | normal: P=0.833 R=0.588 | mdd: P=0.647 R=1.000 | anxious: P=0.200 R=0.167
[2025-11-30 16:36:19,820 INFO main.train_one_fold] EVAL EC vs EO | Fold 1 | Epoch 007/100 | EO chunk acc: 0.5882 | EC chunk acc: 0.7059
[2025-11-30 16:36:19,884 INFO main.train_one_fold] ✓ Saved best model: experiments/both_fp1_ec+eo_005/fold_1_best.pth (combined=0.3990, chunk=0.6167, subject=0.6471)
[2025-11-30 16:36:19,884 INFO early_stopping.__call__] Validation improved from 0.6050 to 0.6167 (+0.0116) at epoch 7
[2025-11-30 16:36:56,833 INFO main.train_one_fold] TRAIN CHUNK | Fold 1 | Epoch 008/100 | Loss: 0.7900 | Acc: 0.6311 | normal: P=0.711 R=0.695 | mdd: P=0.583 R=0.739 | anxious: P=0.486 R=0.327
[2025-11-30 16:36:59,354 INFO main.train_one_fold] EVAL CHUNK | Fold 1 | Epoch 008/100 | Loss: 0.6708 | Acc: 0.6379 | normal: P=0.752 R=0.577 | mdd: P=0.755 R=0.821 | anxious: P=0.314 R=0.478
[2025-11-30 16:36:59,355 INFO main.train_one_fold] EVAL SUBJECT | Fold 1 | Epoch 008/100 | Loss: 0.6708 | Acc: 0.7059 | normal: P=0.833 R=0.588 | mdd: P=0.846 R=1.000 | anxious: P=0.333 R=0.500
[2025-11-30 16:36:59,355 INFO main.train_one_fold] EVAL EC vs EO | Fold 1 | Epoch 008/100 | EO chunk acc: 0.7059 | EC chunk acc: 0.7059
[2025-11-30 16:36:59,404 INFO main.train_one_fold] ✓ Saved best model: experiments/both_fp1_ec+eo_005/fold_1_best.pth (combined=0.4503, chunk=0.6379, subject=0.7059)
[2025-11-30 16:36:59,405 INFO early_stopping.__call__] Validation improved from 0.6167 to 0.6379 (+0.0213) at epoch 8
[2025-11-30 16:37:52,659 INFO main.train_one_fold] TRAIN CHUNK | Fold 1 | Epoch 009/100 | Loss: 0.7429 | Acc: 0.6656 | normal: P=0.740 R=0.686 | mdd: P=0.638 R=0.799 | anxious: P=0.525 R=0.430
[2025-11-30 16:38:01,543 INFO main.train_one_fold] EVAL CHUNK | Fold 1 | Epoch 009/100 | Loss: 0.6316 | Acc: 0.6776 | normal: P=0.885 R=0.545 | mdd: P=0.719 R=0.921 | anxious: P=0.383 R=0.618
[2025-11-30 16:38:01,546 INFO main.train_one_fold] EVAL SUBJECT | Fold 1 | Epoch 009/100 | Loss: 0.6316 | Acc: 0.7353 | normal: P=1.000 R=0.529 | mdd: P=0.786 R=1.000 | anxious: P=0.455 R=0.833
[2025-11-30 16:38:01,546 INFO main.train_one_fold] EVAL EC vs EO | Fold 1 | Epoch 009/100 | EO chunk acc: 0.7059 | EC chunk acc: 0.7647
[2025-11-30 16:38:01,834 INFO main.train_one_fold] ✓ Saved best model: experiments/both_fp1_ec+eo_005/fold_1_best.pth (combined=0.4983, chunk=0.6776, subject=0.7353)
[2025-11-30 16:38:01,835 INFO early_stopping.__call__] Validation improved from 0.6379 to 0.6776 (+0.0397) at epoch 9
[2025-11-30 16:38:50,887 INFO main.train_one_fold] TRAIN CHUNK | Fold 1 | Epoch 010/100 | Loss: 0.7065 | Acc: 0.6767 | normal: P=0.765 R=0.649 | mdd: P=0.663 R=0.842 | anxious: P=0.521 R=0.509
[2025-11-30 16:38:54,275 INFO main.train_one_fold] EVAL CHUNK | Fold 1 | Epoch 010/100 | Loss: 0.6531 | Acc: 0.6370 | normal: P=0.729 R=0.579 | mdd: P=0.796 R=0.767 | anxious: P=0.339 R=0.567
[2025-11-30 16:38:54,275 INFO main.train_one_fold] EVAL SUBJECT | Fold 1 | Epoch 010/100 | Loss: 0.6531 | Acc: 0.6765 | normal: P=0.714 R=0.588 | mdd: P=0.900 R=0.818 | anxious: P=0.400 R=0.667
[2025-11-30 16:38:54,275 INFO main.train_one_fold] EVAL EC vs EO | Fold 1 | Epoch 010/100 | EO chunk acc: 0.7647 | EC chunk acc: 0.5882
[2025-11-30 16:38:54,317 INFO main.train_one_fold] Saved checkpoint: experiments/both_fp1_ec+eo_005/fold_1_epoch_010.pth
[2025-11-30 16:40:36,886 INFO main.train_one_fold] TRAIN CHUNK | Fold 1 | Epoch 011/100 | Loss: 0.6897 | Acc: 0.6852 | normal: P=0.746 R=0.677 | mdd: P=0.699 R=0.813 | anxious: P=0.530 R=0.524
[2025-11-30 16:40:45,804 INFO main.train_one_fold] EVAL CHUNK | Fold 1 | Epoch 011/100 | Loss: 0.6104 | Acc: 0.6689 | normal: P=0.807 R=0.550 | mdd: P=0.777 R=0.836 | anxious: P=0.394 R=0.708
[2025-11-30 16:40:45,804 INFO main.train_one_fold] EVAL SUBJECT | Fold 1 | Epoch 011/100 | Loss: 0.6104 | Acc: 0.7059 | normal: P=0.818 R=0.529 | mdd: P=0.833 R=0.909 | anxious: P=0.455 R=0.833
[2025-11-30 16:40:45,804 INFO main.train_one_fold] EVAL EC vs EO | Fold 1 | Epoch 011/100 | EO chunk acc: 0.7059 | EC chunk acc: 0.7059
[2025-11-30 16:43:04,125 INFO main.train_one_fold] TRAIN CHUNK | Fold 1 | Epoch 012/100 | Loss: 0.6542 | Acc: 0.7037 | normal: P=0.770 R=0.677 | mdd: P=0.720 R=0.846 | anxious: P=0.547 R=0.566
[2025-11-30 16:43:11,184 INFO main.train_one_fold] EVAL CHUNK | Fold 1 | Epoch 012/100 | Loss: 0.6163 | Acc: 0.6776 | normal: P=0.889 R=0.520 | mdd: P=0.765 R=0.876 | anxious: P=0.397 R=0.775
[2025-11-30 16:43:11,184 INFO main.train_one_fold] EVAL SUBJECT | Fold 1 | Epoch 012/100 | Loss: 0.6163 | Acc: 0.7353 | normal: P=0.900 R=0.529 | mdd: P=0.833 R=0.909 | anxious: P=0.500 R=1.000
[2025-11-30 16:43:11,184 INFO main.train_one_fold] EVAL EC vs EO | Fold 1 | Epoch 012/100 | EO chunk acc: 0.7647 | EC chunk acc: 0.7059
[2025-11-30 16:45:39,383 INFO main.train_one_fold] TRAIN CHUNK | Fold 1 | Epoch 013/100 | Loss: 0.6347 | Acc: 0.7124 | normal: P=0.781 R=0.663 | mdd: P=0.740 R=0.852 | anxious: P=0.554 R=0.631
[2025-11-30 16:45:51,628 INFO main.train_one_fold] EVAL CHUNK | Fold 1 | Epoch 013/100 | Loss: 0.5937 | Acc: 0.6902 | normal: P=0.905 R=0.526 | mdd: P=0.783 R=0.909 | anxious: P=0.397 R=0.770
[2025-11-30 16:45:51,629 INFO main.train_one_fold] EVAL SUBJECT | Fold 1 | Epoch 013/100 | Loss: 0.5937 | Acc: 0.7647 | normal: P=1.000 R=0.529 | mdd: P=0.846 R=1.000 | anxious: P=0.500 R=1.000
[2025-11-30 16:45:51,629 INFO main.train_one_fold] EVAL EC vs EO | Fold 1 | Epoch 013/100 | EO chunk acc: 0.7647 | EC chunk acc: 0.7647
[2025-11-30 16:45:51,776 INFO main.train_one_fold] ✓ Saved best model: experiments/both_fp1_ec+eo_005/fold_1_best.pth (combined=0.5278, chunk=0.6902, subject=0.7647)
[2025-11-30 16:45:51,795 INFO early_stopping.__call__] Validation improved from 0.6776 to 0.6902 (+0.0126) at epoch 13
[2025-11-30 16:48:51,301 INFO main.train_one_fold] TRAIN CHUNK | Fold 1 | Epoch 014/100 | Loss: 0.6251 | Acc: 0.7122 | normal: P=0.780 R=0.661 | mdd: P=0.740 R=0.865 | anxious: P=0.551 R=0.618
[2025-11-30 16:49:02,927 INFO main.train_one_fold] EVAL CHUNK | Fold 1 | Epoch 014/100 | Loss: 0.6783 | Acc: 0.6583 | normal: P=0.856 R=0.579 | mdd: P=0.902 R=0.673 | anxious: P=0.356 R=0.865
[2025-11-30 16:49:02,927 INFO main.train_one_fold] EVAL SUBJECT | Fold 1 | Epoch 014/100 | Loss: 0.6783 | Acc: 0.7353 | normal: P=0.917 R=0.647 | mdd: P=1.000 R=0.727 | anxious: P=0.429 R=1.000
[2025-11-30 16:49:02,928 INFO main.train_one_fold] EVAL EC vs EO | Fold 1 | Epoch 014/100 | EO chunk acc: 0.7647 | EC chunk acc: 0.7059
[2025-11-30 16:51:17,238 INFO main.train_one_fold] TRAIN CHUNK | Fold 1 | Epoch 015/100 | Loss: 0.6089 | Acc: 0.7253 | normal: P=0.786 R=0.675 | mdd: P=0.763 R=0.865 | anxious: P=0.566 R=0.648
[2025-11-30 16:51:27,087 INFO main.train_one_fold] EVAL CHUNK | Fold 1 | Epoch 015/100 | Loss: 0.5655 | Acc: 0.6738 | normal: P=0.822 R=0.547 | mdd: P=0.881 R=0.852 | anxious: P=0.351 R=0.719
[2025-11-30 16:51:27,087 INFO main.train_one_fold] EVAL SUBJECT | Fold 1 | Epoch 015/100 | Loss: 0.5655 | Acc: 0.7353 | normal: P=0.900 R=0.529 | mdd: P=0.917 R=1.000 | anxious: P=0.417 R=0.833
[2025-11-30 16:51:27,087 INFO main.train_one_fold] EVAL EC vs EO | Fold 1 | Epoch 015/100 | EO chunk acc: 0.7059 | EC chunk acc: 0.7647
[2025-11-30 16:53:56,827 INFO main.train_one_fold] TRAIN CHUNK | Fold 1 | Epoch 016/100 | Loss: 0.5945 | Acc: 0.7338 | normal: P=0.801 R=0.682 | mdd: P=0.766 R=0.865 | anxious: P=0.575 R=0.672
[2025-11-30 16:54:09,749 INFO main.train_one_fold] EVAL CHUNK | Fold 1 | Epoch 016/100 | Loss: 0.5357 | Acc: 0.7038 | normal: P=0.937 R=0.512 | mdd: P=0.846 R=0.933 | anxious: P=0.393 R=0.843
[2025-11-30 16:54:09,755 INFO main.train_one_fold] EVAL SUBJECT | Fold 1 | Epoch 016/100 | Loss: 0.5357 | Acc: 0.7647 | normal: P=1.000 R=0.529 | mdd: P=0.917 R=1.000 | anxious: P=0.462 R=1.000
[2025-11-30 16:54:09,765 INFO main.train_one_fold] EVAL EC vs EO | Fold 1 | Epoch 016/100 | EO chunk acc: 0.7647 | EC chunk acc: 0.7647
[2025-11-30 16:54:09,854 INFO main.train_one_fold] ✓ Saved best model: experiments/both_fp1_ec+eo_005/fold_1_best.pth (combined=0.5382, chunk=0.7038, subject=0.7647)
[2025-11-30 16:54:09,854 INFO early_stopping.__call__] Validation improved from 0.6902 to 0.7038 (+0.0136) at epoch 16
[2025-11-30 16:56:38,153 INFO main.train_one_fold] TRAIN CHUNK | Fold 1 | Epoch 017/100 | Loss: 0.5782 | Acc: 0.7308 | normal: P=0.787 R=0.674 | mdd: P=0.786 R=0.876 | anxious: P=0.561 R=0.659
[2025-11-30 16:56:50,610 INFO main.train_one_fold] EVAL CHUNK | Fold 1 | Epoch 017/100 | Loss: 0.6211 | Acc: 0.6563 | normal: P=0.804 R=0.585 | mdd: P=0.932 R=0.703 | anxious: P=0.346 R=0.781
[2025-11-30 16:56:50,610 INFO main.train_one_fold] EVAL SUBJECT | Fold 1 | Epoch 017/100 | Loss: 0.6211 | Acc: 0.7353 | normal: P=0.846 R=0.647 | mdd: P=1.000 R=0.818 | anxious: P=0.417 R=0.833
[2025-11-30 16:56:50,610 INFO main.train_one_fold] EVAL EC vs EO | Fold 1 | Epoch 017/100 | EO chunk acc: 0.7647 | EC chunk acc: 0.7059
[2025-11-30 16:59:03,761 INFO main.train_one_fold] TRAIN CHUNK | Fold 1 | Epoch 018/100 | Loss: 0.5708 | Acc: 0.7373 | normal: P=0.798 R=0.679 | mdd: P=0.791 R=0.877 | anxious: P=0.566 R=0.679
[2025-11-30 16:59:13,093 INFO main.train_one_fold] EVAL CHUNK | Fold 1 | Epoch 018/100 | Loss: 0.5596 | Acc: 0.6641 | normal: P=0.799 R=0.552 | mdd: P=0.909 R=0.818 | anxious: P=0.338 R=0.708
[2025-11-30 16:59:13,093 INFO main.train_one_fold] EVAL SUBJECT | Fold 1 | Epoch 018/100 | Loss: 0.5596 | Acc: 0.6765 | normal: P=0.818 R=0.529 | mdd: P=1.000 R=0.818 | anxious: P=0.357 R=0.833
[2025-11-30 16:59:13,094 INFO main.train_one_fold] EVAL EC vs EO | Fold 1 | Epoch 018/100 | EO chunk acc: 0.7059 | EC chunk acc: 0.6471
[2025-11-30 17:01:49,151 INFO main.train_one_fold] TRAIN CHUNK | Fold 1 | Epoch 019/100 | Loss: 0.5610 | Acc: 0.7410 | normal: P=0.792 R=0.693 | mdd: P=0.803 R=0.869 | anxious: P=0.571 R=0.673
[2025-11-30 17:01:58,065 INFO main.train_one_fold] EVAL CHUNK | Fold 1 | Epoch 019/100 | Loss: 0.5290 | Acc: 0.6854 | normal: P=0.851 R=0.524 | mdd: P=0.915 R=0.879 | anxious: P=0.364 R=0.803
[2025-11-30 17:01:58,065 INFO main.train_one_fold] EVAL SUBJECT | Fold 1 | Epoch 019/100 | Loss: 0.5290 | Acc: 0.7353 | normal: P=0.900 R=0.529 | mdd: P=1.000 R=1.000 | anxious: P=0.385 R=0.833
[2025-11-30 17:01:58,065 INFO main.train_one_fold] EVAL EC vs EO | Fold 1 | Epoch 019/100 | EO chunk acc: 0.7059 | EC chunk acc: 0.7647
[2025-11-30 17:04:26,944 INFO main.train_one_fold] TRAIN CHUNK | Fold 1 | Epoch 020/100 | Loss: 0.5498 | Acc: 0.7469 | normal: P=0.811 R=0.679 | mdd: P=0.802 R=0.883 | anxious: P=0.577 R=0.714
[2025-11-30 17:04:36,641 INFO main.train_one_fold] EVAL CHUNK | Fold 1 | Epoch 020/100 | Loss: 0.5217 | Acc: 0.6941 | normal: P=0.882 R=0.526 | mdd: P=0.924 R=0.879 | anxious: P=0.372 R=0.848
[2025-11-30 17:04:36,642 INFO main.train_one_fold] EVAL SUBJECT | Fold 1 | Epoch 020/100 | Loss: 0.5217 | Acc: 0.7647 | normal: P=1.000 R=0.529 | mdd: P=1.000 R=1.000 | anxious: P=0.429 R=1.000
[2025-11-30 17:04:36,642 INFO main.train_one_fold] EVAL EC vs EO | Fold 1 | Epoch 020/100 | EO chunk acc: 0.7647 | EC chunk acc: 0.7647
[2025-11-30 17:04:36,661 INFO main.train_one_fold] Saved checkpoint: experiments/both_fp1_ec+eo_005/fold_1_epoch_020.pth
[2025-11-30 17:06:56,372 INFO main.train_one_fold] TRAIN CHUNK | Fold 1 | Epoch 021/100 | Loss: 0.5423 | Acc: 0.7539 | normal: P=0.815 R=0.681 | mdd: P=0.813 R=0.885 | anxious: P=0.587 R=0.741
[2025-11-30 17:07:03,634 INFO main.train_one_fold] EVAL CHUNK | Fold 1 | Epoch 021/100 | Loss: 0.5829 | Acc: 0.6699 | normal: P=0.840 R=0.558 | mdd: P=0.952 R=0.779 | anxious: P=0.343 R=0.798
[2025-11-30 17:07:03,635 INFO main.train_one_fold] EVAL SUBJECT | Fold 1 | Epoch 021/100 | Loss: 0.5829 | Acc: 0.6765 | normal: P=0.818 R=0.529 | mdd: P=1.000 R=0.818 | anxious: P=0.357 R=0.833
[2025-11-30 17:07:03,635 INFO main.train_one_fold] EVAL EC vs EO | Fold 1 | Epoch 021/100 | EO chunk acc: 0.7059 | EC chunk acc: 0.6471
[2025-11-30 17:08:57,022 INFO main.train_one_fold] TRAIN CHUNK | Fold 1 | Epoch 022/100 | Loss: 0.5312 | Acc: 0.7613 | normal: P=0.819 R=0.698 | mdd: P=0.810 R=0.875 | anxious: P=0.607 R=0.750
[2025-11-30 17:09:06,135 INFO main.train_one_fold] EVAL CHUNK | Fold 1 | Epoch 022/100 | Loss: 0.5657 | Acc: 0.6689 | normal: P=0.777 R=0.585 | mdd: P=0.953 R=0.791 | anxious: P=0.338 R=0.691
[2025-11-30 17:09:06,139 INFO main.train_one_fold] EVAL SUBJECT | Fold 1 | Epoch 022/100 | Loss: 0.5657 | Acc: 0.7059 | normal: P=0.769 R=0.588 | mdd: P=1.000 R=0.818 | anxious: P=0.417 R=0.833
[2025-11-30 17:09:06,139 INFO main.train_one_fold] EVAL EC vs EO | Fold 1 | Epoch 022/100 | EO chunk acc: 0.7059 | EC chunk acc: 0.7059
[2025-11-30 17:11:37,283 INFO main.train_one_fold] TRAIN CHUNK | Fold 1 | Epoch 023/100 | Loss: 0.5267 | Acc: 0.7619 | normal: P=0.808 R=0.706 | mdd: P=0.824 R=0.889 | anxious: P=0.602 R=0.714
[2025-11-30 17:11:45,265 INFO main.train_one_fold] EVAL CHUNK | Fold 1 | Epoch 023/100 | Loss: 0.5144 | Acc: 0.6922 | normal: P=0.865 R=0.524 | mdd: P=0.939 R=0.891 | anxious: P=0.363 R=0.820
[2025-11-30 17:11:45,265 INFO main.train_one_fold] EVAL SUBJECT | Fold 1 | Epoch 023/100 | Loss: 0.5144 | Acc: 0.7059 | normal: P=0.900 R=0.529 | mdd: P=1.000 R=0.909 | anxious: P=0.357 R=0.833
[2025-11-30 17:11:45,265 INFO main.train_one_fold] EVAL EC vs EO | Fold 1 | Epoch 023/100 | EO chunk acc: 0.7059 | EC chunk acc: 0.7059
[2025-11-30 17:14:19,165 INFO main.train_one_fold] TRAIN CHUNK | Fold 1 | Epoch 024/100 | Loss: 0.5219 | Acc: 0.7641 | normal: P=0.818 R=0.700 | mdd: P=0.829 R=0.888 | anxious: P=0.598 R=0.740
[2025-11-30 17:14:26,258 INFO main.train_one_fold] EVAL CHUNK | Fold 1 | Epoch 024/100 | Loss: 0.5547 | Acc: 0.6922 | normal: P=0.874 R=0.543 | mdd: P=0.955 R=0.839 | anxious: P=0.367 R=0.860
[2025-11-30 17:14:26,258 INFO main.train_one_fold] EVAL SUBJECT | Fold 1 | Epoch 024/100 | Loss: 0.5547 | Acc: 0.7353 | normal: P=1.000 R=0.529 | mdd: P=1.000 R=0.909 | anxious: P=0.400 R=1.000
[2025-11-30 17:14:26,258 INFO main.train_one_fold] EVAL EC vs EO | Fold 1 | Epoch 024/100 | EO chunk acc: 0.7647 | EC chunk acc: 0.7059
[2025-11-30 17:17:10,843 INFO main.train_one_fold] TRAIN CHUNK | Fold 1 | Epoch 025/100 | Loss: 0.5110 | Acc: 0.7667 | normal: P=0.820 R=0.695 | mdd: P=0.827 R=0.892 | anxious: P=0.608 R=0.759
[2025-11-30 17:17:18,094 INFO main.train_one_fold] EVAL CHUNK | Fold 1 | Epoch 025/100 | Loss: 0.5443 | Acc: 0.6805 | normal: P=0.824 R=0.543 | mdd: P=0.959 R=0.848 | anxious: P=0.349 R=0.775
[2025-11-30 17:17:18,094 INFO main.train_one_fold] EVAL SUBJECT | Fold 1 | Epoch 025/100 | Loss: 0.5443 | Acc: 0.6765 | normal: P=0.818 R=0.529 | mdd: P=1.000 R=0.818 | anxious: P=0.357 R=0.833
[2025-11-30 17:17:18,094 INFO main.train_one_fold] EVAL EC vs EO | Fold 1 | Epoch 025/100 | EO chunk acc: 0.7059 | EC chunk acc: 0.6471
[2025-11-30 17:19:29,659 INFO main.train_one_fold] TRAIN CHUNK | Fold 1 | Epoch 026/100 | Loss: 0.5055 | Acc: 0.7722 | normal: P=0.821 R=0.710 | mdd: P=0.833 R=0.891 | anxious: P=0.616 R=0.752
[2025-11-30 17:19:36,593 INFO main.train_one_fold] EVAL CHUNK | Fold 1 | Epoch 026/100 | Loss: 0.5657 | Acc: 0.6767 | normal: P=0.840 R=0.541 | mdd: P=0.968 R=0.833 | anxious: P=0.341 R=0.787
[2025-11-30 17:19:36,593 INFO main.train_one_fold] EVAL SUBJECT | Fold 1 | Epoch 026/100 | Loss: 0.5657 | Acc: 0.7059 | normal: P=0.900 R=0.529 | mdd: P=1.000 R=0.909 | anxious: P=0.357 R=0.833
[2025-11-30 17:19:36,593 INFO main.train_one_fold] EVAL EC vs EO | Fold 1 | Epoch 026/100 | EO chunk acc: 0.7059 | EC chunk acc: 0.7059
[2025-11-30 17:22:01,892 INFO main.train_one_fold] TRAIN CHUNK | Fold 1 | Epoch 027/100 | Loss: 0.5016 | Acc: 0.7720 | normal: P=0.826 R=0.707 | mdd: P=0.834 R=0.885 | anxious: P=0.611 R=0.765
[2025-11-30 17:22:07,489 INFO main.train_one_fold] EVAL CHUNK | Fold 1 | Epoch 027/100 | Loss: 0.5220 | Acc: 0.6941 | normal: P=0.870 R=0.533 | mdd: P=0.959 R=0.852 | anxious: P=0.373 R=0.876
[2025-11-30 17:22:07,489 INFO main.train_one_fold] EVAL SUBJECT | Fold 1 | Epoch 027/100 | Loss: 0.5220 | Acc: 0.7059 | normal: P=0.900 R=0.529 | mdd: P=1.000 R=0.909 | anxious: P=0.357 R=0.833
[2025-11-30 17:22:07,489 INFO main.train_one_fold] EVAL EC vs EO | Fold 1 | Epoch 027/100 | EO chunk acc: 0.7059 | EC chunk acc: 0.7059
[2025-11-30 17:24:16,189 INFO main.train_one_fold] TRAIN CHUNK | Fold 1 | Epoch 028/100 | Loss: 0.5029 | Acc: 0.7737 | normal: P=0.821 R=0.716 | mdd: P=0.824 R=0.884 | anxious: P=0.630 R=0.755
[2025-11-30 17:24:24,685 INFO main.train_one_fold] EVAL CHUNK | Fold 1 | Epoch 028/100 | Loss: 0.5483 | Acc: 0.6883 | normal: P=0.891 R=0.528 | mdd: P=0.986 R=0.845 | anxious: P=0.353 R=0.871
[2025-11-30 17:24:24,685 INFO main.train_one_fold] EVAL SUBJECT | Fold 1 | Epoch 028/100 | Loss: 0.5483 | Acc: 0.7059 | normal: P=0.900 R=0.529 | mdd: P=1.000 R=0.909 | anxious: P=0.357 R=0.833
[2025-11-30 17:24:24,685 INFO main.train_one_fold] EVAL EC vs EO | Fold 1 | Epoch 028/100 | EO chunk acc: 0.7059 | EC chunk acc: 0.7059
[2025-11-30 17:26:43,130 INFO main.train_one_fold] TRAIN CHUNK | Fold 1 | Epoch 029/100 | Loss: 0.4921 | Acc: 0.7772 | normal: P=0.828 R=0.716 | mdd: P=0.834 R=0.896 | anxious: P=0.621 R=0.754
[2025-11-30 17:26:49,990 INFO main.train_one_fold] EVAL CHUNK | Fold 1 | Epoch 029/100 | Loss: 0.5727 | Acc: 0.6844 | normal: P=0.869 R=0.543 | mdd: P=0.993 R=0.812 | anxious: P=0.354 R=0.865
[2025-11-30 17:26:49,990 INFO main.train_one_fold] EVAL SUBJECT | Fold 1 | Epoch 029/100 | Loss: 0.5727 | Acc: 0.7353 | normal: P=1.000 R=0.529 | mdd: P=1.000 R=0.909 | anxious: P=0.400 R=1.000
[2025-11-30 17:26:49,991 INFO main.train_one_fold] EVAL EC vs EO | Fold 1 | Epoch 029/100 | EO chunk acc: 0.7647 | EC chunk acc: 0.7059
[2025-11-30 17:29:06,951 INFO main.train_one_fold] TRAIN CHUNK | Fold 1 | Epoch 030/100 | Loss: 0.4848 | Acc: 0.7818 | normal: P=0.834 R=0.714 | mdd: P=0.839 R=0.895 | anxious: P=0.627 R=0.782
[2025-11-30 17:29:13,546 INFO main.train_one_fold] EVAL CHUNK | Fold 1 | Epoch 030/100 | Loss: 0.4733 | Acc: 0.7154 | normal: P=0.859 R=0.570 | mdd: P=0.968 R=0.915 | anxious: P=0.370 R=0.775
[2025-11-30 17:29:13,546 INFO main.train_one_fold] EVAL SUBJECT | Fold 1 | Epoch 030/100 | Loss: 0.4733 | Acc: 0.7353 | normal: P=0.909 R=0.588 | mdd: P=1.000 R=0.909 | anxious: P=0.385 R=0.833
[2025-11-30 17:29:13,547 INFO main.train_one_fold] EVAL EC vs EO | Fold 1 | Epoch 030/100 | EO chunk acc: 0.7647 | EC chunk acc: 0.7059
[2025-11-30 17:29:13,547 INFO early_stopping.__call__] Validation improved from 0.7038 to 0.7154 (+0.0116) at epoch 30
[2025-11-30 17:29:13,566 INFO main.train_one_fold] Saved checkpoint: experiments/both_fp1_ec+eo_005/fold_1_epoch_030.pth
[2025-11-30 17:31:40,144 INFO main.train_one_fold] TRAIN CHUNK | Fold 1 | Epoch 031/100 | Loss: 0.4770 | Acc: 0.7935 | normal: P=0.843 R=0.731 | mdd: P=0.841 R=0.899 | anxious: P=0.652 R=0.793
[2025-11-30 17:31:48,237 INFO main.train_one_fold] EVAL CHUNK | Fold 1 | Epoch 031/100 | Loss: 0.4890 | Acc: 0.7173 | normal: P=0.892 R=0.549 | mdd: P=0.990 R=0.891 | anxious: P=0.385 R=0.893
[2025-11-30 17:31:48,238 INFO main.train_one_fold] EVAL SUBJECT | Fold 1 | Epoch 031/100 | Loss: 0.4890 | Acc: 0.7353 | normal: P=0.909 R=0.588 | mdd: P=1.000 R=0.909 | anxious: P=0.385 R=0.833
[2025-11-30 17:31:48,238 INFO main.train_one_fold] EVAL EC vs EO | Fold 1 | Epoch 031/100 | EO chunk acc: 0.7647 | EC chunk acc: 0.7059
[2025-11-30 17:31:48,238 INFO early_stopping.__call__] Validation improved from 0.7154 to 0.7173 (+0.0019) at epoch 31
[2025-11-30 17:34:04,391 INFO main.train_one_fold] TRAIN CHUNK | Fold 1 | Epoch 032/100 | Loss: 0.4670 | Acc: 0.7920 | normal: P=0.836 R=0.737 | mdd: P=0.838 R=0.893 | anxious: P=0.657 R=0.780
[2025-11-30 17:34:10,676 INFO main.train_one_fold] EVAL CHUNK | Fold 1 | Epoch 032/100 | Loss: 0.4912 | Acc: 0.7251 | normal: P=0.902 R=0.545 | mdd: P=0.980 R=0.900 | anxious: P=0.402 R=0.933
[2025-11-30 17:34:10,676 INFO main.train_one_fold] EVAL SUBJECT | Fold 1 | Epoch 032/100 | Loss: 0.4912 | Acc: 0.7647 | normal: P=0.909 R=0.588 | mdd: P=1.000 R=0.909 | anxious: P=0.462 R=1.000
[2025-11-30 17:34:10,676 INFO main.train_one_fold] EVAL EC vs EO | Fold 1 | Epoch 032/100 | EO chunk acc: 0.8235 | EC chunk acc: 0.7059
[2025-11-30 17:34:10,752 INFO main.train_one_fold] ✓ Saved best model: experiments/both_fp1_ec+eo_005/fold_1_best.pth (combined=0.5545, chunk=0.7251, subject=0.7647)
[2025-11-30 17:34:10,752 INFO early_stopping.__call__] Validation improved from 0.7173 to 0.7251 (+0.0077) at epoch 32
[2025-11-30 17:36:18,932 INFO main.train_one_fold] TRAIN CHUNK | Fold 1 | Epoch 033/100 | Loss: 0.4612 | Acc: 0.8012 | normal: P=0.850 R=0.736 | mdd: P=0.843 R=0.903 | anxious: P=0.668 R=0.811
[2025-11-30 17:36:26,785 INFO main.train_one_fold] EVAL CHUNK | Fold 1 | Epoch 033/100 | Loss: 0.5352 | Acc: 0.7076 | normal: P=0.764 R=0.672 | mdd: P=0.993 R=0.827 | anxious: P=0.355 R=0.590
[2025-11-30 17:36:26,785 INFO main.train_one_fold] EVAL SUBJECT | Fold 1 | Epoch 033/100 | Loss: 0.5352 | Acc: 0.7353 | normal: P=0.786 R=0.647 | mdd: P=1.000 R=0.818 | anxious: P=0.455 R=0.833
[2025-11-30 17:36:26,785 INFO main.train_one_fold] EVAL EC vs EO | Fold 1 | Epoch 033/100 | EO chunk acc: 0.8235 | EC chunk acc: 0.6471
[2025-11-30 17:38:16,093 INFO main.train_one_fold] TRAIN CHUNK | Fold 1 | Epoch 034/100 | Loss: 0.4662 | Acc: 0.7940 | normal: P=0.841 R=0.730 | mdd: P=0.843 R=0.894 | anxious: P=0.655 R=0.805
[2025-11-30 17:38:22,724 INFO main.train_one_fold] EVAL CHUNK | Fold 1 | Epoch 034/100 | Loss: 0.4655 | Acc: 0.7473 | normal: P=0.877 R=0.596 | mdd: P=0.969 R=0.945 | anxious: P=0.415 R=0.826
[2025-11-30 17:38:22,724 INFO main.train_one_fold] EVAL SUBJECT | Fold 1 | Epoch 034/100 | Loss: 0.4655 | Acc: 0.7647 | normal: P=0.909 R=0.588 | mdd: P=1.000 R=1.000 | anxious: P=0.417 R=0.833
[2025-11-30 17:38:22,724 INFO main.train_one_fold] EVAL EC vs EO | Fold 1 | Epoch 034/100 | EO chunk acc: 0.7647 | EC chunk acc: 0.7647
[2025-11-30 17:38:22,760 INFO main.train_one_fold] ✓ Saved best model: experiments/both_fp1_ec+eo_005/fold_1_best.pth (combined=0.5715, chunk=0.7473, subject=0.7647)
[2025-11-30 17:38:22,760 INFO early_stopping.__call__] Validation improved from 0.7251 to 0.7473 (+0.0223) at epoch 34
[2025-11-30 17:40:24,423 INFO main.train_one_fold] TRAIN CHUNK | Fold 1 | Epoch 035/100 | Loss: 0.4508 | Acc: 0.8040 | normal: P=0.851 R=0.743 | mdd: P=0.850 R=0.900 | anxious: P=0.668 R=0.812
[2025-11-30 17:40:32,025 INFO main.train_one_fold] EVAL CHUNK | Fold 1 | Epoch 035/100 | Loss: 0.5131 | Acc: 0.7231 | normal: P=0.890 R=0.571 | mdd: P=0.993 R=0.858 | anxious: P=0.399 R=0.921
[2025-11-30 17:40:32,025 INFO main.train_one_fold] EVAL SUBJECT | Fold 1 | Epoch 035/100 | Loss: 0.5131 | Acc: 0.7647 | normal: P=0.909 R=0.588 | mdd: P=1.000 R=0.909 | anxious: P=0.462 R=1.000
[2025-11-30 17:40:32,025 INFO main.train_one_fold] EVAL EC vs EO | Fold 1 | Epoch 035/100 | EO chunk acc: 0.8235 | EC chunk acc: 0.7059
[2025-11-30 17:42:28,803 INFO main.train_one_fold] TRAIN CHUNK | Fold 1 | Epoch 036/100 | Loss: 0.4446 | Acc: 0.8082 | normal: P=0.854 R=0.749 | mdd: P=0.851 R=0.906 | anxious: P=0.675 R=0.810
[2025-11-30 17:42:36,419 INFO main.train_one_fold] EVAL CHUNK | Fold 1 | Epoch 036/100 | Loss: 0.5631 | Acc: 0.7299 | normal: P=0.804 R=0.712 | mdd: P=0.996 R=0.812 | anxious: P=0.375 R=0.629
[2025-11-30 17:42:36,420 INFO main.train_one_fold] EVAL SUBJECT | Fold 1 | Epoch 036/100 | Loss: 0.5631 | Acc: 0.7647 | normal: P=0.800 R=0.706 | mdd: P=1.000 R=0.909 | anxious: P=0.444 R=0.667
[2025-11-30 17:42:36,420 INFO main.train_one_fold] EVAL EC vs EO | Fold 1 | Epoch 036/100 | EO chunk acc: 0.7647 | EC chunk acc: 0.7647
[2025-11-30 17:44:51,390 INFO main.train_one_fold] TRAIN CHUNK | Fold 1 | Epoch 037/100 | Loss: 0.4462 | Acc: 0.8084 | normal: P=0.852 R=0.752 | mdd: P=0.844 R=0.897 | anxious: P=0.688 R=0.817
[2025-11-30 17:44:59,569 INFO main.train_one_fold] EVAL CHUNK | Fold 1 | Epoch 037/100 | Loss: 0.5088 | Acc: 0.7377 | normal: P=0.893 R=0.604 | mdd: P=0.990 R=0.864 | anxious: P=0.410 R=0.899
[2025-11-30 17:44:59,569 INFO main.train_one_fold] EVAL SUBJECT | Fold 1 | Epoch 037/100 | Loss: 0.5088 | Acc: 0.7647 | normal: P=1.000 R=0.588 | mdd: P=1.000 R=0.909 | anxious: P=0.429 R=1.000
[2025-11-30 17:44:59,569 INFO main.train_one_fold] EVAL EC vs EO | Fold 1 | Epoch 037/100 | EO chunk acc: 0.8235 | EC chunk acc: 0.7059
[2025-11-30 17:47:22,397 INFO main.train_one_fold] TRAIN CHUNK | Fold 1 | Epoch 038/100 | Loss: 0.4353 | Acc: 0.8162 | normal: P=0.865 R=0.755 | mdd: P=0.854 R=0.900 | anxious: P=0.689 R=0.843
[2025-11-30 17:47:34,109 INFO main.train_one_fold] EVAL CHUNK | Fold 1 | Epoch 038/100 | Loss: 0.4773 | Acc: 0.7638 | normal: P=0.877 R=0.651 | mdd: P=0.990 R=0.897 | anxious: P=0.439 R=0.848
[2025-11-30 17:47:34,110 INFO main.train_one_fold] EVAL SUBJECT | Fold 1 | Epoch 038/100 | Loss: 0.4773 | Acc: 0.7647 | normal: P=0.846 R=0.647 | mdd: P=1.000 R=0.909 | anxious: P=0.455 R=0.833
[2025-11-30 17:47:34,110 INFO main.train_one_fold] EVAL EC vs EO | Fold 1 | Epoch 038/100 | EO chunk acc: 0.8235 | EC chunk acc: 0.7059
[2025-11-30 17:47:34,160 INFO main.train_one_fold] ✓ Saved best model: experiments/both_fp1_ec+eo_005/fold_1_best.pth (combined=0.5841, chunk=0.7638, subject=0.7647)
[2025-11-30 17:47:34,161 INFO early_stopping.__call__] Validation improved from 0.7473 to 0.7638 (+0.0165) at epoch 38
[2025-11-30 17:50:05,320 INFO main.train_one_fold] TRAIN CHUNK | Fold 1 | Epoch 039/100 | Loss: 0.4266 | Acc: 0.8173 | normal: P=0.864 R=0.758 | mdd: P=0.852 R=0.902 | anxious: P=0.694 R=0.838
[2025-11-30 17:50:14,040 INFO main.train_one_fold] EVAL CHUNK | Fold 1 | Epoch 039/100 | Loss: 0.6067 | Acc: 0.7231 | normal: P=0.802 R=0.726 | mdd: P=1.000 R=0.745 | anxious: P=0.385 R=0.674
[2025-11-30 17:50:14,040 INFO main.train_one_fold] EVAL SUBJECT | Fold 1 | Epoch 039/100 | Loss: 0.6067 | Acc: 0.7941 | normal: P=0.867 R=0.765 | mdd: P=1.000 R=0.818 | anxious: P=0.500 R=0.833
[2025-11-30 17:50:14,040 INFO main.train_one_fold] EVAL EC vs EO | Fold 1 | Epoch 039/100 | EO chunk acc: 0.7647 | EC chunk acc: 0.8235
[2025-11-30 17:52:55,657 INFO main.train_one_fold] TRAIN CHUNK | Fold 1 | Epoch 040/100 | Loss: 0.4313 | Acc: 0.8182 | normal: P=0.860 R=0.763 | mdd: P=0.854 R=0.904 | anxious: P=0.699 R=0.827
[2025-11-30 17:53:06,198 INFO main.train_one_fold] EVAL CHUNK | Fold 1 | Epoch 040/100 | Loss: 0.5006 | Acc: 0.7483 | normal: P=0.890 R=0.619 | mdd: P=0.997 R=0.882 | anxious: P=0.418 R=0.882
[2025-11-30 17:53:06,198 INFO main.train_one_fold] EVAL SUBJECT | Fold 1 | Epoch 040/100 | Loss: 0.5006 | Acc: 0.7647 | normal: P=1.000 R=0.588 | mdd: P=1.000 R=0.909 | anxious: P=0.429 R=1.000
[2025-11-30 17:53:06,198 INFO main.train_one_fold] EVAL EC vs EO | Fold 1 | Epoch 040/100 | EO chunk acc: 0.8235 | EC chunk acc: 0.7059
[2025-11-30 17:53:06,226 INFO main.train_one_fold] Saved checkpoint: experiments/both_fp1_ec+eo_005/fold_1_epoch_040.pth
[2025-11-30 17:55:33,147 INFO main.train_one_fold] TRAIN CHUNK | Fold 1 | Epoch 041/100 | Loss: 0.4294 | Acc: 0.8167 | normal: P=0.860 R=0.762 | mdd: P=0.852 R=0.903 | anxious: P=0.696 R=0.826
[2025-11-30 17:55:43,674 INFO main.train_one_fold] EVAL CHUNK | Fold 1 | Epoch 041/100 | Loss: 0.4877 | Acc: 0.7570 | normal: P=0.903 R=0.619 | mdd: P=0.997 R=0.894 | anxious: P=0.430 R=0.910
[2025-11-30 17:55:43,675 INFO main.train_one_fold] EVAL SUBJECT | Fold 1 | Epoch 041/100 | Loss: 0.4877 | Acc: 0.7941 | normal: P=0.917 R=0.647 | mdd: P=1.000 R=0.909 | anxious: P=0.500 R=1.000
[2025-11-30 17:55:43,675 INFO main.train_one_fold] EVAL EC vs EO | Fold 1 | Epoch 041/100 | EO chunk acc: 0.8235 | EC chunk acc: 0.7647
[2025-11-30 17:55:43,725 INFO main.train_one_fold] ✓ Saved best model: experiments/both_fp1_ec+eo_005/fold_1_best.pth (combined=0.6012, chunk=0.7570, subject=0.7941)
[2025-11-30 17:57:58,739 INFO main.train_one_fold] TRAIN CHUNK | Fold 1 | Epoch 042/100 | Loss: 0.4204 | Acc: 0.8282 | normal: P=0.868 R=0.779 | mdd: P=0.854 R=0.903 | anxious: P=0.722 R=0.838
[2025-11-30 17:58:04,991 INFO main.train_one_fold] EVAL CHUNK | Fold 1 | Epoch 042/100 | Loss: 0.4655 | Acc: 0.7725 | normal: P=0.909 R=0.650 | mdd: P=0.997 R=0.894 | anxious: P=0.448 R=0.910
[2025-11-30 17:58:04,991 INFO main.train_one_fold] EVAL SUBJECT | Fold 1 | Epoch 042/100 | Loss: 0.4655 | Acc: 0.8235 | normal: P=0.923 R=0.706 | mdd: P=1.000 R=0.909 | anxious: P=0.545 R=1.000
[2025-11-30 17:58:04,991 INFO main.train_one_fold] EVAL EC vs EO | Fold 1 | Epoch 042/100 | EO chunk acc: 0.8824 | EC chunk acc: 0.7647
[2025-11-30 17:58:05,040 INFO main.train_one_fold] ✓ Saved best model: experiments/both_fp1_ec+eo_005/fold_1_best.pth (combined=0.6362, chunk=0.7725, subject=0.8235)
[2025-11-30 17:58:05,040 INFO early_stopping.__call__] Validation improved from 0.7638 to 0.7725 (+0.0087) at epoch 42
[2025-11-30 18:02:21,583 INFO main.train_one_fold] TRAIN CHUNK | Fold 1 | Epoch 043/100 | Loss: 0.4141 | Acc: 0.8269 | normal: P=0.873 R=0.766 | mdd: P=0.860 R=0.906 | anxious: P=0.708 R=0.860
[2025-11-30 18:02:29,136 INFO main.train_one_fold] EVAL CHUNK | Fold 1 | Epoch 043/100 | Loss: 0.4474 | Acc: 0.8015 | normal: P=0.908 R=0.712 | mdd: P=0.997 R=0.900 | anxious: P=0.486 R=0.882
[2025-11-30 18:02:29,136 INFO main.train_one_fold] EVAL SUBJECT | Fold 1 | Epoch 043/100 | Loss: 0.4474 | Acc: 0.8235 | normal: P=0.923 R=0.706 | mdd: P=1.000 R=0.909 | anxious: P=0.545 R=1.000
[2025-11-30 18:02:29,136 INFO main.train_one_fold] EVAL EC vs EO | Fold 1 | Epoch 043/100 | EO chunk acc: 0.8824 | EC chunk acc: 0.7647
[2025-11-30 18:02:29,246 INFO main.train_one_fold] ✓ Saved best model: experiments/both_fp1_ec+eo_005/fold_1_best.pth (combined=0.6601, chunk=0.8015, subject=0.8235)
[2025-11-30 18:02:29,246 INFO early_stopping.__call__] Validation improved from 0.7725 to 0.8015 (+0.0290) at epoch 43
[2025-11-30 18:05:31,125 INFO main.train_one_fold] TRAIN CHUNK | Fold 1 | Epoch 044/100 | Loss: 0.3997 | Acc: 0.8297 | normal: P=0.868 R=0.779 | mdd: P=0.857 R=0.901 | anxious: P=0.726 R=0.848
[2025-11-30 18:05:39,811 INFO main.train_one_fold] EVAL CHUNK | Fold 1 | Epoch 044/100 | Loss: 0.4917 | Acc: 0.7686 | normal: P=0.903 R=0.655 | mdd: P=0.997 R=0.870 | anxious: P=0.448 R=0.916
[2025-11-30 18:05:39,811 INFO main.train_one_fold] EVAL SUBJECT | Fold 1 | Epoch 044/100 | Loss: 0.4917 | Acc: 0.8235 | normal: P=1.000 R=0.706 | mdd: P=1.000 R=0.909 | anxious: P=0.500 R=1.000
[2025-11-30 18:05:39,811 INFO main.train_one_fold] EVAL EC vs EO | Fold 1 | Epoch 044/100 | EO chunk acc: 0.8824 | EC chunk acc: 0.7647
[2025-11-30 18:08:24,771 INFO main.train_one_fold] TRAIN CHUNK | Fold 1 | Epoch 045/100 | Loss: 0.4115 | Acc: 0.8273 | normal: P=0.858 R=0.784 | mdd: P=0.864 R=0.902 | anxious: P=0.722 R=0.823
[2025-11-30 18:08:30,593 INFO main.train_one_fold] EVAL CHUNK | Fold 1 | Epoch 045/100 | Loss: 0.4378 | Acc: 0.7986 | normal: P=0.905 R=0.691 | mdd: P=0.984 R=0.924 | anxious: P=0.488 R=0.882
[2025-11-30 18:08:30,601 INFO main.train_one_fold] EVAL SUBJECT | Fold 1 | Epoch 045/100 | Loss: 0.4378 | Acc: 0.8235 | normal: P=0.923 R=0.706 | mdd: P=1.000 R=0.909 | anxious: P=0.545 R=1.000
[2025-11-30 18:08:30,601 INFO main.train_one_fold] EVAL EC vs EO | Fold 1 | Epoch 045/100 | EO chunk acc: 0.8824 | EC chunk acc: 0.7647
[2025-11-30 18:10:55,727 INFO main.train_one_fold] TRAIN CHUNK | Fold 1 | Epoch 046/100 | Loss: 0.3994 | Acc: 0.8315 | normal: P=0.876 R=0.773 | mdd: P=0.855 R=0.903 | anxious: P=0.725 R=0.867
[2025-11-30 18:11:08,660 INFO main.train_one_fold] EVAL CHUNK | Fold 1 | Epoch 046/100 | Loss: 0.5062 | Acc: 0.7735 | normal: P=0.885 R=0.672 | mdd: P=0.997 R=0.879 | anxious: P=0.455 R=0.876
[2025-11-30 18:11:08,664 INFO main.train_one_fold] EVAL SUBJECT | Fold 1 | Epoch 046/100 | Loss: 0.5062 | Acc: 0.8235 | normal: P=0.923 R=0.706 | mdd: P=1.000 R=0.909 | anxious: P=0.545 R=1.000
[2025-11-30 18:11:08,664 INFO main.train_one_fold] EVAL EC vs EO | Fold 1 | Epoch 046/100 | EO chunk acc: 0.8824 | EC chunk acc: 0.7647
[2025-11-30 18:14:06,172 INFO main.train_one_fold] TRAIN CHUNK | Fold 1 | Epoch 047/100 | Loss: 0.4057 | Acc: 0.8276 | normal: P=0.862 R=0.784 | mdd: P=0.864 R=0.897 | anxious: P=0.718 R=0.832
[2025-11-30 18:14:13,293 INFO main.train_one_fold] EVAL CHUNK | Fold 1 | Epoch 047/100 | Loss: 0.4858 | Acc: 0.7715 | normal: P=0.854 R=0.693 | mdd: P=0.997 R=0.873 | anxious: P=0.456 R=0.815
[2025-11-30 18:14:13,293 INFO main.train_one_fold] EVAL SUBJECT | Fold 1 | Epoch 047/100 | Loss: 0.4858 | Acc: 0.8235 | normal: P=0.923 R=0.706 | mdd: P=1.000 R=0.909 | anxious: P=0.545 R=1.000
[2025-11-30 18:14:13,293 INFO main.train_one_fold] EVAL EC vs EO | Fold 1 | Epoch 047/100 | EO chunk acc: 0.8824 | EC chunk acc: 0.7647
[2025-11-30 18:17:07,365 INFO main.train_one_fold] TRAIN CHUNK | Fold 1 | Epoch 048/100 | Loss: 0.3933 | Acc: 0.8348 | normal: P=0.874 R=0.781 | mdd: P=0.855 R=0.900 | anxious: P=0.738 R=0.870
[2025-11-30 18:17:12,849 INFO main.train_one_fold] EVAL CHUNK | Fold 1 | Epoch 048/100 | Loss: 0.4942 | Acc: 0.7686 | normal: P=0.884 R=0.655 | mdd: P=0.997 R=0.876 | anxious: P=0.455 R=0.904
[2025-11-30 18:17:12,850 INFO main.train_one_fold] EVAL SUBJECT | Fold 1 | Epoch 048/100 | Loss: 0.4942 | Acc: 0.8235 | normal: P=0.923 R=0.706 | mdd: P=1.000 R=0.909 | anxious: P=0.545 R=1.000
[2025-11-30 18:17:12,850 INFO main.train_one_fold] EVAL EC vs EO | Fold 1 | Epoch 048/100 | EO chunk acc: 0.8824 | EC chunk acc: 0.7647
[2025-11-30 18:19:36,529 INFO main.train_one_fold] TRAIN CHUNK | Fold 1 | Epoch 049/100 | Loss: 0.3912 | Acc: 0.8374 | normal: P=0.880 R=0.784 | mdd: P=0.861 R=0.908 | anxious: P=0.732 R=0.864
[2025-11-30 18:19:51,351 INFO main.train_one_fold] EVAL CHUNK | Fold 1 | Epoch 049/100 | Loss: 0.4802 | Acc: 0.7657 | normal: P=0.890 R=0.648 | mdd: P=0.997 R=0.876 | anxious: P=0.449 R=0.910
[2025-11-30 18:19:51,351 INFO main.train_one_fold] EVAL SUBJECT | Fold 1 | Epoch 049/100 | Loss: 0.4802 | Acc: 0.8235 | normal: P=0.923 R=0.706 | mdd: P=1.000 R=0.909 | anxious: P=0.545 R=1.000
[2025-11-30 18:19:51,351 INFO main.train_one_fold] EVAL EC vs EO | Fold 1 | Epoch 049/100 | EO chunk acc: 0.8824 | EC chunk acc: 0.7647
[2025-11-30 18:23:12,037 INFO main.train_one_fold] TRAIN CHUNK | Fold 1 | Epoch 050/100 | Loss: 0.3847 | Acc: 0.8398 | normal: P=0.879 R=0.787 | mdd: P=0.863 R=0.904 | anxious: P=0.740 R=0.873
[2025-11-30 18:23:19,149 INFO main.train_one_fold] EVAL CHUNK | Fold 1 | Epoch 050/100 | Loss: 0.4262 | Acc: 0.8122 | normal: P=0.887 R=0.750 | mdd: P=0.997 R=0.897 | anxious: P=0.510 R=0.837
[2025-11-30 18:23:19,149 INFO main.train_one_fold] EVAL SUBJECT | Fold 1 | Epoch 050/100 | Loss: 0.4262 | Acc: 0.7941 | normal: P=0.857 R=0.706 | mdd: P=1.000 R=0.909 | anxious: P=0.500 R=0.833
[2025-11-30 18:23:19,149 INFO main.train_one_fold] EVAL EC vs EO | Fold 1 | Epoch 050/100 | EO chunk acc: 0.8235 | EC chunk acc: 0.7647
[2025-11-30 18:23:19,150 INFO early_stopping.__call__] Validation improved from 0.8015 to 0.8122 (+0.0106) at epoch 50
[2025-11-30 18:23:19,174 INFO main.train_one_fold] Saved checkpoint: experiments/both_fp1_ec+eo_005/fold_1_epoch_050.pth
[2025-11-30 18:25:40,722 INFO main.train_one_fold] TRAIN CHUNK | Fold 1 | Epoch 051/100 | Loss: 0.3986 | Acc: 0.8354 | normal: P=0.872 R=0.790 | mdd: P=0.860 R=0.896 | anxious: P=0.737 R=0.857
[2025-11-30 18:25:44,296 INFO main.train_one_fold] EVAL CHUNK | Fold 1 | Epoch 051/100 | Loss: 0.5049 | Acc: 0.7706 | normal: P=0.845 R=0.726 | mdd: P=0.996 R=0.815 | anxious: P=0.468 R=0.820
[2025-11-30 18:25:44,298 INFO main.train_one_fold] EVAL SUBJECT | Fold 1 | Epoch 051/100 | Loss: 0.5049 | Acc: 0.7941 | normal: P=0.857 R=0.706 | mdd: P=1.000 R=0.909 | anxious: P=0.500 R=0.833
[2025-11-30 18:25:44,298 INFO main.train_one_fold] EVAL EC vs EO | Fold 1 | Epoch 051/100 | EO chunk acc: 0.8235 | EC chunk acc: 0.7647
[2025-11-30 18:27:37,204 INFO main.train_one_fold] TRAIN CHUNK | Fold 1 | Epoch 052/100 | Loss: 0.3880 | Acc: 0.8393 | normal: P=0.875 R=0.794 | mdd: P=0.862 R=0.897 | anxious: P=0.745 R=0.864
[2025-11-30 18:27:44,118 INFO main.train_one_fold] EVAL CHUNK | Fold 1 | Epoch 052/100 | Loss: 0.4369 | Acc: 0.8006 | normal: P=0.874 R=0.714 | mdd: P=0.987 R=0.891 | anxious: P=0.516 R=0.888
[2025-11-30 18:27:44,120 INFO main.train_one_fold] EVAL SUBJECT | Fold 1 | Epoch 052/100 | Loss: 0.4369 | Acc: 0.8235 | normal: P=0.923 R=0.706 | mdd: P=1.000 R=0.909 | anxious: P=0.545 R=1.000
[2025-11-30 18:27:44,120 INFO main.train_one_fold] EVAL EC vs EO | Fold 1 | Epoch 052/100 | EO chunk acc: 0.8824 | EC chunk acc: 0.7647
[2025-11-30 18:29:40,029 INFO main.train_one_fold] TRAIN CHUNK | Fold 1 | Epoch 053/100 | Loss: 0.3829 | Acc: 0.8428 | normal: P=0.877 R=0.799 | mdd: P=0.868 R=0.895 | anxious: P=0.748 R=0.871
[2025-11-30 18:29:47,436 INFO main.train_one_fold] EVAL CHUNK | Fold 1 | Epoch 053/100 | Loss: 0.4714 | Acc: 0.7706 | normal: P=0.890 R=0.648 | mdd: P=0.997 R=0.891 | anxious: P=0.455 R=0.910
[2025-11-30 18:29:47,440 INFO main.train_one_fold] EVAL SUBJECT | Fold 1 | Epoch 053/100 | Loss: 0.4714 | Acc: 0.8235 | normal: P=0.923 R=0.706 | mdd: P=1.000 R=0.909 | anxious: P=0.545 R=1.000
[2025-11-30 18:29:47,440 INFO main.train_one_fold] EVAL EC vs EO | Fold 1 | Epoch 053/100 | EO chunk acc: 0.8824 | EC chunk acc: 0.7647
[2025-11-30 18:31:43,647 INFO main.train_one_fold] TRAIN CHUNK | Fold 1 | Epoch 054/100 | Loss: 0.3836 | Acc: 0.8395 | normal: P=0.876 R=0.791 | mdd: P=0.863 R=0.900 | anxious: P=0.743 R=0.869
[2025-11-30 18:31:51,962 INFO main.train_one_fold] EVAL CHUNK | Fold 1 | Epoch 054/100 | Loss: 0.4259 | Acc: 0.8035 | normal: P=0.872 R=0.726 | mdd: P=0.997 R=0.891 | anxious: P=0.515 R=0.871
[2025-11-30 18:31:51,965 INFO main.train_one_fold] EVAL SUBJECT | Fold 1 | Epoch 054/100 | Loss: 0.4259 | Acc: 0.8235 | normal: P=0.923 R=0.706 | mdd: P=1.000 R=0.909 | anxious: P=0.545 R=1.000
[2025-11-30 18:31:51,965 INFO main.train_one_fold] EVAL EC vs EO | Fold 1 | Epoch 054/100 | EO chunk acc: 0.8824 | EC chunk acc: 0.7647
[2025-11-30 18:31:52,030 INFO main.train_one_fold] ✓ Saved best model: experiments/both_fp1_ec+eo_005/fold_1_best.pth (combined=0.6617, chunk=0.8035, subject=0.8235)
[2025-11-30 18:34:05,925 INFO main.train_one_fold] TRAIN CHUNK | Fold 1 | Epoch 055/100 | Loss: 0.3758 | Acc: 0.8454 | normal: P=0.881 R=0.798 | mdd: P=0.869 R=0.905 | anxious: P=0.750 R=0.873
[2025-11-30 18:34:15,853 INFO main.train_one_fold] EVAL CHUNK | Fold 1 | Epoch 055/100 | Loss: 0.4387 | Acc: 0.7938 | normal: P=0.867 R=0.707 | mdd: P=0.987 R=0.900 | anxious: P=0.500 R=0.854
[2025-11-30 18:34:15,856 INFO main.train_one_fold] EVAL SUBJECT | Fold 1 | Epoch 055/100 | Loss: 0.4387 | Acc: 0.8235 | normal: P=0.923 R=0.706 | mdd: P=1.000 R=0.909 | anxious: P=0.545 R=1.000
[2025-11-30 18:34:15,857 INFO main.train_one_fold] EVAL EC vs EO | Fold 1 | Epoch 055/100 | EO chunk acc: 0.8824 | EC chunk acc: 0.7647
[2025-11-30 18:37:03,295 INFO main.train_one_fold] TRAIN CHUNK | Fold 1 | Epoch 056/100 | Loss: 0.3838 | Acc: 0.8406 | normal: P=0.875 R=0.794 | mdd: P=0.866 R=0.900 | anxious: P=0.746 R=0.867
[2025-11-30 18:37:12,195 INFO main.train_one_fold] EVAL CHUNK | Fold 1 | Epoch 056/100 | Loss: 0.4574 | Acc: 0.7880 | normal: P=0.883 R=0.678 | mdd: P=0.983 R=0.885 | anxious: P=0.498 R=0.933
[2025-11-30 18:37:12,196 INFO main.train_one_fold] EVAL SUBJECT | Fold 1 | Epoch 056/100 | Loss: 0.4574 | Acc: 0.8235 | normal: P=0.923 R=0.706 | mdd: P=1.000 R=0.909 | anxious: P=0.545 R=1.000
[2025-11-30 18:37:12,196 INFO main.train_one_fold] EVAL EC vs EO | Fold 1 | Epoch 056/100 | EO chunk acc: 0.8824 | EC chunk acc: 0.7647
[2025-11-30 18:40:48,732 INFO main.train_one_fold] TRAIN CHUNK | Fold 1 | Epoch 057/100 | Loss: 0.3764 | Acc: 0.8448 | normal: P=0.875 R=0.803 | mdd: P=0.864 R=0.897 | anxious: P=0.763 R=0.870
[2025-11-30 18:41:11,797 INFO main.train_one_fold] EVAL CHUNK | Fold 1 | Epoch 057/100 | Loss: 0.4720 | Acc: 0.7832 | normal: P=0.874 R=0.674 | mdd: P=0.993 R=0.894 | anxious: P=0.483 R=0.899
[2025-11-30 18:41:11,798 INFO main.train_one_fold] EVAL SUBJECT | Fold 1 | Epoch 057/100 | Loss: 0.4720 | Acc: 0.8235 | normal: P=0.923 R=0.706 | mdd: P=1.000 R=0.909 | anxious: P=0.545 R=1.000
[2025-11-30 18:41:11,801 INFO main.train_one_fold] EVAL EC vs EO | Fold 1 | Epoch 057/100 | EO chunk acc: 0.8824 | EC chunk acc: 0.7647
[2025-11-30 18:44:40,920 INFO main.train_one_fold] TRAIN CHUNK | Fold 1 | Epoch 058/100 | Loss: 0.3711 | Acc: 0.8491 | normal: P=0.886 R=0.802 | mdd: P=0.862 R=0.903 | anxious: P=0.764 R=0.885
[2025-11-30 18:44:52,237 INFO main.train_one_fold] EVAL CHUNK | Fold 1 | Epoch 058/100 | Loss: 0.4630 | Acc: 0.7909 | normal: P=0.891 R=0.672 | mdd: P=0.997 R=0.906 | anxious: P=0.490 R=0.927
[2025-11-30 18:44:52,243 INFO main.train_one_fold] EVAL SUBJECT | Fold 1 | Epoch 058/100 | Loss: 0.4630 | Acc: 0.8235 | normal: P=0.923 R=0.706 | mdd: P=1.000 R=0.909 | anxious: P=0.545 R=1.000
[2025-11-30 18:44:52,243 INFO main.train_one_fold] EVAL EC vs EO | Fold 1 | Epoch 058/100 | EO chunk acc: 0.8824 | EC chunk acc: 0.7647
[2025-11-30 18:47:05,113 INFO main.train_one_fold] TRAIN CHUNK | Fold 1 | Epoch 059/100 | Loss: 0.3714 | Acc: 0.8478 | normal: P=0.881 R=0.804 | mdd: P=0.866 R=0.905 | anxious: P=0.762 R=0.871
[2025-11-30 18:47:12,631 INFO main.train_one_fold] EVAL CHUNK | Fold 1 | Epoch 059/100 | Loss: 0.4411 | Acc: 0.8015 | normal: P=0.851 R=0.749 | mdd: P=0.997 R=0.870 | anxious: P=0.523 R=0.831
[2025-11-30 18:47:12,638 INFO main.train_one_fold] EVAL SUBJECT | Fold 1 | Epoch 059/100 | Loss: 0.4411 | Acc: 0.8235 | normal: P=0.867 R=0.765 | mdd: P=1.000 R=0.909 | anxious: P=0.556 R=0.833
[2025-11-30 18:47:12,638 INFO main.train_one_fold] EVAL EC vs EO | Fold 1 | Epoch 059/100 | EO chunk acc: 0.8824 | EC chunk acc: 0.7647
[2025-11-30 18:50:06,119 INFO main.train_one_fold] TRAIN CHUNK | Fold 1 | Epoch 060/100 | Loss: 0.3698 | Acc: 0.8446 | normal: P=0.876 R=0.804 | mdd: P=0.863 R=0.895 | anxious: P=0.762 R=0.869
[2025-11-30 18:50:15,319 INFO main.train_one_fold] EVAL CHUNK | Fold 1 | Epoch 060/100 | Loss: 0.5122 | Acc: 0.7754 | normal: P=0.851 R=0.697 | mdd: P=0.996 R=0.848 | anxious: P=0.481 R=0.871
[2025-11-30 18:50:15,321 INFO main.train_one_fold] EVAL SUBJECT | Fold 1 | Epoch 060/100 | Loss: 0.5122 | Acc: 0.7941 | normal: P=0.857 R=0.706 | mdd: P=1.000 R=0.909 | anxious: P=0.500 R=0.833
[2025-11-30 18:50:15,321 INFO main.train_one_fold] EVAL EC vs EO | Fold 1 | Epoch 060/100 | EO chunk acc: 0.8235 | EC chunk acc: 0.7647
[2025-11-30 18:50:15,351 INFO main.train_one_fold] Saved checkpoint: experiments/both_fp1_ec+eo_005/fold_1_epoch_060.pth
[2025-11-30 18:52:52,756 INFO main.train_one_fold] TRAIN CHUNK | Fold 1 | Epoch 061/100 | Loss: 0.3560 | Acc: 0.8526 | normal: P=0.886 R=0.807 | mdd: P=0.872 R=0.902 | anxious: P=0.767 R=0.890
[2025-11-30 18:53:06,939 INFO main.train_one_fold] EVAL CHUNK | Fold 1 | Epoch 061/100 | Loss: 0.4581 | Acc: 0.8025 | normal: P=0.881 R=0.707 | mdd: P=0.993 R=0.921 | anxious: P=0.503 R=0.865
[2025-11-30 18:53:06,957 INFO main.train_one_fold] EVAL SUBJECT | Fold 1 | Epoch 061/100 | Loss: 0.4581 | Acc: 0.8235 | normal: P=0.923 R=0.706 | mdd: P=1.000 R=0.909 | anxious: P=0.545 R=1.000
[2025-11-30 18:53:06,958 INFO main.train_one_fold] EVAL EC vs EO | Fold 1 | Epoch 061/100 | EO chunk acc: 0.8824 | EC chunk acc: 0.7647
[2025-11-30 18:55:36,388 INFO main.train_one_fold] TRAIN CHUNK | Fold 1 | Epoch 062/100 | Loss: 0.3692 | Acc: 0.8509 | normal: P=0.881 R=0.813 | mdd: P=0.866 R=0.898 | anxious: P=0.774 R=0.873
[2025-11-30 18:55:45,104 INFO main.train_one_fold] EVAL CHUNK | Fold 1 | Epoch 062/100 | Loss: 0.5733 | Acc: 0.7628 | normal: P=0.805 R=0.745 | mdd: P=1.000 R=0.764 | anxious: P=0.492 R=0.815
[2025-11-30 18:55:45,105 INFO main.train_one_fold] EVAL SUBJECT | Fold 1 | Epoch 062/100 | Loss: 0.5733 | Acc: 0.7941 | normal: P=0.857 R=0.706 | mdd: P=1.000 R=0.909 | anxious: P=0.500 R=0.833
[2025-11-30 18:55:45,105 INFO main.train_one_fold] EVAL EC vs EO | Fold 1 | Epoch 062/100 | EO chunk acc: 0.8235 | EC chunk acc: 0.7647
[2025-11-30 18:57:34,313 INFO main.train_one_fold] TRAIN CHUNK | Fold 1 | Epoch 063/100 | Loss: 0.3618 | Acc: 0.8476 | normal: P=0.878 R=0.807 | mdd: P=0.874 R=0.892 | anxious: P=0.759 R=0.882
[2025-11-30 18:57:41,033 INFO main.train_one_fold] EVAL CHUNK | Fold 1 | Epoch 063/100 | Loss: 0.4679 | Acc: 0.7803 | normal: P=0.890 R=0.650 | mdd: P=0.993 R=0.921 | anxious: P=0.468 R=0.904
[2025-11-30 18:57:41,037 INFO main.train_one_fold] EVAL SUBJECT | Fold 1 | Epoch 063/100 | Loss: 0.4679 | Acc: 0.8235 | normal: P=0.923 R=0.706 | mdd: P=1.000 R=0.909 | anxious: P=0.545 R=1.000
[2025-11-30 18:57:41,037 INFO main.train_one_fold] EVAL EC vs EO | Fold 1 | Epoch 063/100 | EO chunk acc: 0.8824 | EC chunk acc: 0.7647
[2025-11-30 18:59:24,979 INFO main.train_one_fold] TRAIN CHUNK | Fold 1 | Epoch 064/100 | Loss: 0.3518 | Acc: 0.8533 | normal: P=0.882 R=0.817 | mdd: P=0.871 R=0.901 | anxious: P=0.775 R=0.871
[2025-11-30 18:59:29,050 INFO main.train_one_fold] EVAL CHUNK | Fold 1 | Epoch 064/100 | Loss: 0.4686 | Acc: 0.7986 | normal: P=0.857 R=0.728 | mdd: P=0.997 R=0.897 | anxious: P=0.507 R=0.826
[2025-11-30 18:59:29,060 INFO main.train_one_fold] EVAL SUBJECT | Fold 1 | Epoch 064/100 | Loss: 0.4686 | Acc: 0.7941 | normal: P=0.857 R=0.706 | mdd: P=1.000 R=0.909 | anxious: P=0.500 R=0.833
[2025-11-30 18:59:29,060 INFO main.train_one_fold] EVAL EC vs EO | Fold 1 | Epoch 064/100 | EO chunk acc: 0.8235 | EC chunk acc: 0.7647
[2025-11-30 19:01:14,839 INFO main.train_one_fold] TRAIN CHUNK | Fold 1 | Epoch 065/100 | Loss: 0.3582 | Acc: 0.8509 | normal: P=0.882 R=0.808 | mdd: P=0.872 R=0.903 | anxious: P=0.766 R=0.879
[2025-11-30 19:01:19,514 INFO main.train_one_fold] EVAL CHUNK | Fold 1 | Epoch 065/100 | Loss: 0.4523 | Acc: 0.8015 | normal: P=0.896 R=0.691 | mdd: P=0.984 R=0.927 | anxious: P=0.502 R=0.893
[2025-11-30 19:01:19,515 INFO main.train_one_fold] EVAL SUBJECT | Fold 1 | Epoch 065/100 | Loss: 0.4523 | Acc: 0.8235 | normal: P=0.923 R=0.706 | mdd: P=1.000 R=0.909 | anxious: P=0.545 R=1.000
[2025-11-30 19:01:19,515 INFO main.train_one_fold] EVAL EC vs EO | Fold 1 | Epoch 065/100 | EO chunk acc: 0.8824 | EC chunk acc: 0.7647
[2025-11-30 19:03:02,784 INFO main.train_one_fold] TRAIN CHUNK | Fold 1 | Epoch 066/100 | Loss: 0.3513 | Acc: 0.8579 | normal: P=0.882 R=0.825 | mdd: P=0.870 R=0.904 | anxious: P=0.793 R=0.870
[2025-11-30 19:03:07,174 INFO main.train_one_fold] EVAL CHUNK | Fold 1 | Epoch 066/100 | Loss: 0.4861 | Acc: 0.7938 | normal: P=0.841 R=0.745 | mdd: P=0.996 R=0.858 | anxious: P=0.514 R=0.820
[2025-11-30 19:03:07,178 INFO main.train_one_fold] EVAL SUBJECT | Fold 1 | Epoch 066/100 | Loss: 0.4861 | Acc: 0.7941 | normal: P=0.857 R=0.706 | mdd: P=1.000 R=0.909 | anxious: P=0.500 R=0.833
[2025-11-30 19:03:07,181 INFO main.train_one_fold] EVAL EC vs EO | Fold 1 | Epoch 066/100 | EO chunk acc: 0.8235 | EC chunk acc: 0.7647
[2025-11-30 19:05:28,270 INFO main.train_one_fold] TRAIN CHUNK | Fold 1 | Epoch 067/100 | Loss: 0.3454 | Acc: 0.8568 | normal: P=0.888 R=0.816 | mdd: P=0.871 R=0.905 | anxious: P=0.779 R=0.885
[2025-11-30 19:05:34,874 INFO main.train_one_fold] EVAL CHUNK | Fold 1 | Epoch 067/100 | Loss: 0.5145 | Acc: 0.7832 | normal: P=0.832 R=0.728 | mdd: P=0.996 R=0.852 | anxious: P=0.500 R=0.820
[2025-11-30 19:05:34,874 INFO main.train_one_fold] EVAL SUBJECT | Fold 1 | Epoch 067/100 | Loss: 0.5145 | Acc: 0.7941 | normal: P=0.857 R=0.706 | mdd: P=1.000 R=0.909 | anxious: P=0.500 R=0.833
[2025-11-30 19:05:34,875 INFO main.train_one_fold] EVAL EC vs EO | Fold 1 | Epoch 067/100 | EO chunk acc: 0.8235 | EC chunk acc: 0.7647
[2025-11-30 19:07:17,160 INFO main.train_one_fold] TRAIN CHUNK | Fold 1 | Epoch 068/100 | Loss: 0.3532 | Acc: 0.8574 | normal: P=0.881 R=0.826 | mdd: P=0.880 R=0.900 | anxious: P=0.782 R=0.872
[2025-11-30 19:07:21,671 INFO main.train_one_fold] EVAL CHUNK | Fold 1 | Epoch 068/100 | Loss: 0.4815 | Acc: 0.7899 | normal: P=0.839 R=0.733 | mdd: P=0.996 R=0.852 | anxious: P=0.514 R=0.843
[2025-11-30 19:07:21,671 INFO main.train_one_fold] EVAL SUBJECT | Fold 1 | Epoch 068/100 | Loss: 0.4815 | Acc: 0.7941 | normal: P=0.857 R=0.706 | mdd: P=1.000 R=0.909 | anxious: P=0.500 R=0.833
[2025-11-30 19:07:21,671 INFO main.train_one_fold] EVAL EC vs EO | Fold 1 | Epoch 068/100 | EO chunk acc: 0.8235 | EC chunk acc: 0.7647
[2025-11-30 19:08:56,988 INFO main.train_one_fold] TRAIN CHUNK | Fold 1 | Epoch 069/100 | Loss: 0.3433 | Acc: 0.8600 | normal: P=0.887 R=0.823 | mdd: P=0.874 R=0.903 | anxious: P=0.790 R=0.887
[2025-11-30 19:09:00,622 INFO main.train_one_fold] EVAL CHUNK | Fold 1 | Epoch 069/100 | Loss: 0.5303 | Acc: 0.7754 | normal: P=0.821 R=0.716 | mdd: P=0.996 R=0.833 | anxious: P=0.502 R=0.843
[2025-11-30 19:09:00,622 INFO main.train_one_fold] EVAL SUBJECT | Fold 1 | Epoch 069/100 | Loss: 0.5303 | Acc: 0.7941 | normal: P=0.857 R=0.706 | mdd: P=1.000 R=0.909 | anxious: P=0.500 R=0.833
[2025-11-30 19:09:00,622 INFO main.train_one_fold] EVAL EC vs EO | Fold 1 | Epoch 069/100 | EO chunk acc: 0.8235 | EC chunk acc: 0.7647
[2025-11-30 19:10:24,977 INFO main.train_one_fold] TRAIN CHUNK | Fold 1 | Epoch 070/100 | Loss: 0.3399 | Acc: 0.8646 | normal: P=0.890 R=0.831 | mdd: P=0.883 R=0.899 | anxious: P=0.792 R=0.896
[2025-11-30 19:10:29,490 INFO main.train_one_fold] EVAL CHUNK | Fold 1 | Epoch 070/100 | Loss: 0.5020 | Acc: 0.7986 | normal: P=0.844 R=0.745 | mdd: P=0.996 R=0.861 | anxious: P=0.526 R=0.843
[2025-11-30 19:10:29,490 INFO main.train_one_fold] EVAL SUBJECT | Fold 1 | Epoch 070/100 | Loss: 0.5020 | Acc: 0.8235 | normal: P=0.867 R=0.765 | mdd: P=1.000 R=0.909 | anxious: P=0.556 R=0.833
[2025-11-30 19:10:29,490 INFO main.train_one_fold] EVAL EC vs EO | Fold 1 | Epoch 070/100 | EO chunk acc: 0.8235 | EC chunk acc: 0.8235
[2025-11-30 19:10:29,491 INFO early_stopping.__call__] Early stopping triggered after 20 epochs without improvement. Best score: 0.8122 at epoch 50
[2025-11-30 19:10:29,491 INFO main.train_one_fold] Early stopping triggered at epoch 70
[2025-11-30 19:10:29,492 INFO main.train_one_fold] 
Fold 1 training completed. Best Combined Val Acc: 0.6617 at epoch 54
[2025-11-30 19:10:29,492 INFO main.train_cross_validation] ================================================================================
[2025-11-30 19:10:29,492 INFO main.train_cross_validation] FOLD 2/6
[2025-11-30 19:10:29,492 INFO main.train_cross_validation] ================================================================================
[2025-11-30 19:10:29,499 INFO main.get_datasets_for_fold] Train subjects (154): ['mdd:H S1 EC', 'mdd:H S1 EO', 'mdd:H S15 EC', 'mdd:H S14 EO', 'mdd:H S14 EC', 'mdd:H S23 EC', 'mdd:H S23 EO', 'mdd:H S29 EC', 'mdd:H S29 EO', 'cane:H S1054 EC', 'cane:H S1054 EO', 'cane:H S1095 EC', 'cane:H S1095 EO', 'cane:H S1033 EO', 'cane:H S1033 EC', 'cane:H S0079 EC', 'cane:H S0079 EO', 'mdd:MDD S6 EO', 'mdd:MDD S6 EC', 'mdd:MDD S4 EO', 'mdd:MDD S15 EC', 'mdd:MDD S15 EO', 'mdd:MDD S28 EO', 'mdd:MDD S28 EC', 'mdd:MDD S10 EO', 'mdd:MDD S10 EC', 'mdd:MDD S32 EO', 'mdd:MDD S32 EC', 'cane:AX S1009 EO', 'cane:AX S1009 EC', 'cane:AX S1084 EO', 'cane:AX S1084 EC', 'cane:AX S0057 EO', 'cane:AX S0057 EC', 'mdd:H S13 EC', 'mdd:H S13 EO', 'mdd:H S16 EO', 'mdd:H S16 EC', 'mdd:H S11 EO', 'mdd:H S11 EC', 'mdd:H S19 EC', 'mdd:H S19 EO', 'mdd:H S27 EC', 'mdd:H S27 EO', 'cane:H S1008 EO', 'cane:H S1008 EC', 'cane:H S1028 EC', 'cane:H S1096 EO', 'cane:H S1096 EC', 'mdd:MDD S23 EC', 'mdd:MDD S23 EO', 'mdd:MDD S25 EO', 'mdd:MDD S25 EC', 'mdd:MDD S9 EO', 'mdd:MDD S9 EC', 'mdd:MDD S1 EC', 'mdd:MDD S33 EC', 'mdd:MDD S33 EO', 'cane:AX S1087 EC', 'cane:AX S1087 EO', 'cane:AX S1027 EO', 'cane:AX S1027 EC', 'cane:AX S1007 EC', 'cane:AX S1007 EO', 'mdd:H S9 EC', 'mdd:H S9 EO', 'mdd:H S28 EO', 'mdd:H S28 EC', 'mdd:H S6 EO', 'mdd:H S6 EC', 'mdd:H S25 EC', 'mdd:H S2 EC', 'mdd:H S2 EO', 'cane:H S1022 EC', 'cane:H S1022 EO', 'cane:H S0012 EO', 'cane:H S0012 EC', 'cane:H S1085 EC', 'cane:H S1085 EO', 'mdd:MDD S5 EC', 'mdd:MDD S5 EO', 'mdd:MDD S20 EC', 'mdd:MDD S20 EO', 'mdd:MDD S34 EO', 'mdd:MDD S34 EC', 'mdd:MDD S27 EO', 'mdd:MDD S27 EC', 'mdd:MDD S11 EO', 'cane:AX S0074 EO', 'cane:AX S0074 EC', 'cane:AX S0056 EO', 'cane:AX S0056 EC', 'cane:AX S1050 EC', 'cane:AX S1050 EO', 'mdd:H S12 EO', 'mdd:H S7 EO', 'mdd:H S7 EC', 'mdd:H S3 EO', 'mdd:H S3 EC', 'mdd:H S21 EC']...
[2025-11-30 19:10:29,499 INFO main.get_datasets_for_fold] Val subjects (32): ['mdd:H S4 EO', 'mdd:H S4 EC', 'mdd:H S18 EO', 'mdd:H S8 EC', 'mdd:H S8 EO', 'mdd:H S26 EO', 'mdd:H S26 EC', 'mdd:H S22 EC', 'mdd:H S22 EO', 'cane:H S1002 EC', 'cane:H S1002 EO', 'cane:H S1060 EO', 'cane:H S1060 EC', 'cane:H S1101 EO', 'cane:H S1101 EC', 'mdd:MDD S21 EO', 'mdd:MDD S21 EC', 'mdd:MDD S22 EC', 'mdd:MDD S22 EO', 'mdd:MDD S16 EO', 'mdd:MDD S13 EC', 'mdd:MDD S13 EO', 'mdd:MDD S30 EC', 'mdd:MDD S30 EO', 'mdd:MDD S31 EC', 'mdd:MDD S31 EO', 'cane:AX S1006 EC', 'cane:AX S1006 EO', 'cane:AX S1065 EC', 'cane:AX S1065 EO', 'cane:AX S0041 EC', 'cane:AX S0041 EO']
[2025-11-30 19:10:29,510 INFO main.get_datasets_for_fold] Training chunks: MDD=2789, CANE=1889, Total=4678
[2025-11-30 19:10:29,510 INFO main.get_datasets_for_fold] Validation chunks: MDD=596, CANE=346, Total=942
[2025-11-30 19:10:29,681 INFO model.__init__] Initialized LSTM with input_size=1728, hidden_size=100, batch_first=True
[2025-11-30 19:10:29,702 INFO main.train_one_fold] Starting training for fold 2
[2025-11-30 19:11:09,224 INFO main.train_one_fold] TRAIN CHUNK | Fold 2 | Epoch 001/100 | Loss: 1.0614 | Acc: 0.5030 | normal: P=0.503 R=1.000 | mdd: P=0.000 R=0.000 | anxious: P=0.000 R=0.000
[2025-11-30 19:11:11,427 INFO main.train_one_fold] EVAL CHUNK | Fold 2 | Epoch 001/100 | Loss: 1.0388 | Acc: 0.4682 | normal: P=0.468 R=1.000 | mdd: P=0.000 R=0.000 | anxious: P=0.000 R=0.000
[2025-11-30 19:11:11,427 INFO main.train_one_fold] EVAL SUBJECT | Fold 2 | Epoch 001/100 | Loss: 1.0388 | Acc: 0.4688 | normal: P=0.469 R=1.000 | mdd: P=0.000 R=0.000 | anxious: P=0.000 R=0.000
[2025-11-30 19:11:11,427 INFO main.train_one_fold] EVAL EC vs EO | Fold 2 | Epoch 001/100 | EO chunk acc: 0.4706 | EC chunk acc: 0.4667
[2025-11-30 19:11:11,451 INFO main.train_one_fold] ✓ Saved best model: experiments/both_fp1_ec+eo_005/fold_2_best.pth (combined=0.2194, chunk=0.4682, subject=0.4688)
[2025-11-30 19:11:11,452 INFO early_stopping.__call__] Early stopping initialized: best score 0.4682 at epoch 1
[2025-11-30 19:11:43,624 INFO main.train_one_fold] TRAIN CHUNK | Fold 2 | Epoch 002/100 | Loss: 1.0262 | Acc: 0.5030 | normal: P=0.503 R=1.000 | mdd: P=0.000 R=0.000 | anxious: P=0.000 R=0.000
[2025-11-30 19:11:46,784 INFO main.train_one_fold] EVAL CHUNK | Fold 2 | Epoch 002/100 | Loss: 1.0251 | Acc: 0.4682 | normal: P=0.468 R=1.000 | mdd: P=0.000 R=0.000 | anxious: P=0.000 R=0.000
[2025-11-30 19:11:46,784 INFO main.train_one_fold] EVAL SUBJECT | Fold 2 | Epoch 002/100 | Loss: 1.0251 | Acc: 0.4688 | normal: P=0.469 R=1.000 | mdd: P=0.000 R=0.000 | anxious: P=0.000 R=0.000
[2025-11-30 19:11:46,784 INFO main.train_one_fold] EVAL EC vs EO | Fold 2 | Epoch 002/100 | EO chunk acc: 0.4706 | EC chunk acc: 0.4667
[2025-11-30 19:12:48,530 INFO main.train_one_fold] TRAIN CHUNK | Fold 2 | Epoch 003/100 | Loss: 0.9985 | Acc: 0.5032 | normal: P=0.503 R=0.999 | mdd: P=0.333 R=0.001 | anxious: P=0.400 R=0.002
[2025-11-30 19:12:51,348 INFO main.train_one_fold] EVAL CHUNK | Fold 2 | Epoch 003/100 | Loss: 1.0220 | Acc: 0.4682 | normal: P=0.468 R=1.000 | mdd: P=0.000 R=0.000 | anxious: P=0.000 R=0.000
[2025-11-30 19:12:51,349 INFO main.train_one_fold] EVAL SUBJECT | Fold 2 | Epoch 003/100 | Loss: 1.0220 | Acc: 0.4688 | normal: P=0.469 R=1.000 | mdd: P=0.000 R=0.000 | anxious: P=0.000 R=0.000
[2025-11-30 19:12:51,349 INFO main.train_one_fold] EVAL EC vs EO | Fold 2 | Epoch 003/100 | EO chunk acc: 0.4706 | EC chunk acc: 0.4667
[2025-11-30 19:13:33,276 INFO main.train_one_fold] TRAIN CHUNK | Fold 2 | Epoch 004/100 | Loss: 0.9732 | Acc: 0.5015 | normal: P=0.506 R=0.978 | mdd: P=0.273 R=0.004 | anxious: P=0.345 R=0.040
[2025-11-30 19:13:37,608 INFO main.train_one_fold] EVAL CHUNK | Fold 2 | Epoch 004/100 | Loss: 0.9836 | Acc: 0.4735 | normal: P=0.479 R=1.000 | mdd: P=0.000 R=0.000 | anxious: P=0.238 R=0.028
[2025-11-30 19:13:37,608 INFO main.train_one_fold] EVAL SUBJECT | Fold 2 | Epoch 004/100 | Loss: 0.9836 | Acc: 0.4688 | normal: P=0.469 R=1.000 | mdd: P=0.000 R=0.000 | anxious: P=0.000 R=0.000
[2025-11-30 19:13:37,609 INFO main.train_one_fold] EVAL EC vs EO | Fold 2 | Epoch 004/100 | EO chunk acc: 0.4706 | EC chunk acc: 0.4667
[2025-11-30 19:13:37,648 INFO main.train_one_fold] ✓ Saved best model: experiments/both_fp1_ec+eo_005/fold_2_best.pth (combined=0.2219, chunk=0.4735, subject=0.4688)
[2025-11-30 19:13:37,648 INFO early_stopping.__call__] Validation improved from 0.4682 to 0.4735 (+0.0053) at epoch 4
[2025-11-30 19:14:18,789 INFO main.train_one_fold] TRAIN CHUNK | Fold 2 | Epoch 005/100 | Loss: 0.9408 | Acc: 0.5073 | normal: P=0.524 R=0.935 | mdd: P=0.491 R=0.019 | anxious: P=0.347 R=0.153
[2025-11-30 19:14:23,349 INFO main.train_one_fold] EVAL CHUNK | Fold 2 | Epoch 005/100 | Loss: 0.9076 | Acc: 0.5425 | normal: P=0.582 R=0.946 | mdd: P=0.755 R=0.123 | anxious: P=0.314 R=0.307
[2025-11-30 19:14:23,349 INFO main.train_one_fold] EVAL SUBJECT | Fold 2 | Epoch 005/100 | Loss: 0.9076 | Acc: 0.5625 | normal: P=0.600 R=1.000 | mdd: P=1.000 R=0.091 | anxious: P=0.333 R=0.333
[2025-11-30 19:14:23,349 INFO main.train_one_fold] EVAL EC vs EO | Fold 2 | Epoch 005/100 | EO chunk acc: 0.5294 | EC chunk acc: 0.6000
[2025-11-30 19:14:23,388 INFO main.train_one_fold] ✓ Saved best model: experiments/both_fp1_ec+eo_005/fold_2_best.pth (combined=0.3051, chunk=0.5425, subject=0.5625)
[2025-11-30 19:14:23,388 INFO early_stopping.__call__] Validation improved from 0.4735 to 0.5425 (+0.0690) at epoch 5
[2025-11-30 19:15:02,095 INFO main.train_one_fold] TRAIN CHUNK | Fold 2 | Epoch 006/100 | Loss: 0.9090 | Acc: 0.5261 | normal: P=0.560 R=0.845 | mdd: P=0.458 R=0.141 | anxious: P=0.395 R=0.291
[2025-11-30 19:15:05,587 INFO main.train_one_fold] EVAL CHUNK | Fold 2 | Epoch 006/100 | Loss: 0.9066 | Acc: 0.5913 | normal: P=0.598 R=0.839 | mdd: P=0.627 R=0.455 | anxious: P=0.448 R=0.222
[2025-11-30 19:15:05,587 INFO main.train_one_fold] EVAL SUBJECT | Fold 2 | Epoch 006/100 | Loss: 0.9066 | Acc: 0.5938 | normal: P=0.591 R=0.867 | mdd: P=0.714 R=0.455 | anxious: P=0.333 R=0.167
[2025-11-30 19:15:05,587 INFO main.train_one_fold] EVAL EC vs EO | Fold 2 | Epoch 006/100 | EO chunk acc: 0.4706 | EC chunk acc: 0.7333
[2025-11-30 19:15:05,627 INFO main.train_one_fold] ✓ Saved best model: experiments/both_fp1_ec+eo_005/fold_2_best.pth (combined=0.3511, chunk=0.5913, subject=0.5938)
[2025-11-30 19:15:05,627 INFO early_stopping.__call__] Validation improved from 0.5425 to 0.5913 (+0.0488) at epoch 6
[2025-11-30 19:15:52,823 INFO main.train_one_fold] TRAIN CHUNK | Fold 2 | Epoch 007/100 | Loss: 0.8704 | Acc: 0.5504 | normal: P=0.595 R=0.790 | mdd: P=0.499 R=0.334 | anxious: P=0.407 R=0.270
[2025-11-30 19:15:55,920 INFO main.train_one_fold] EVAL CHUNK | Fold 2 | Epoch 007/100 | Loss: 0.7994 | Acc: 0.6444 | normal: P=0.853 R=0.605 | mdd: P=0.507 R=0.886 | anxious: P=0.852 R=0.295
[2025-11-30 19:15:55,921 INFO main.train_one_fold] EVAL SUBJECT | Fold 2 | Epoch 007/100 | Loss: 0.7994 | Acc: 0.6562 | normal: P=0.818 R=0.600 | mdd: P=0.526 R=0.909 | anxious: P=1.000 R=0.333
[2025-11-30 19:15:55,921 INFO main.train_one_fold] EVAL EC vs EO | Fold 2 | Epoch 007/100 | EO chunk acc: 0.6471 | EC chunk acc: 0.6667
[2025-11-30 19:15:55,970 INFO main.train_one_fold] ✓ Saved best model: experiments/both_fp1_ec+eo_005/fold_2_best.pth (combined=0.4229, chunk=0.6444, subject=0.6562)
[2025-11-30 19:15:55,970 INFO early_stopping.__call__] Validation improved from 0.5913 to 0.6444 (+0.0531) at epoch 7
[2025-11-30 19:16:39,086 INFO main.train_one_fold] TRAIN CHUNK | Fold 2 | Epoch 008/100 | Loss: 0.8361 | Acc: 0.5977 | normal: P=0.675 R=0.704 | mdd: P=0.539 R=0.604 | anxious: P=0.454 R=0.331
[2025-11-30 19:16:40,965 INFO main.train_one_fold] EVAL CHUNK | Fold 2 | Epoch 008/100 | Loss: 0.7648 | Acc: 0.6561 | normal: P=0.884 R=0.590 | mdd: P=0.525 R=0.951 | anxious: P=0.831 R=0.278
[2025-11-30 19:16:40,965 INFO main.train_one_fold] EVAL SUBJECT | Fold 2 | Epoch 008/100 | Loss: 0.7648 | Acc: 0.6562 | normal: P=0.889 R=0.533 | mdd: P=0.524 R=1.000 | anxious: P=1.000 R=0.333
[2025-11-30 19:16:40,965 INFO main.train_one_fold] EVAL EC vs EO | Fold 2 | Epoch 008/100 | EO chunk acc: 0.6471 | EC chunk acc: 0.6667
[2025-11-30 19:16:40,991 INFO main.train_one_fold] ✓ Saved best model: experiments/both_fp1_ec+eo_005/fold_2_best.pth (combined=0.4305, chunk=0.6561, subject=0.6562)
[2025-11-30 19:16:40,991 INFO early_stopping.__call__] Validation improved from 0.6444 to 0.6561 (+0.0117) at epoch 8
[2025-11-30 19:17:13,010 INFO main.train_one_fold] TRAIN CHUNK | Fold 2 | Epoch 009/100 | Loss: 0.7988 | Acc: 0.6171 | normal: P=0.705 R=0.690 | mdd: P=0.559 R=0.685 | anxious: P=0.469 R=0.344
[2025-11-30 19:17:15,240 INFO main.train_one_fold] EVAL CHUNK | Fold 2 | Epoch 009/100 | Loss: 0.6932 | Acc: 0.7038 | normal: P=0.837 R=0.687 | mdd: P=0.598 R=0.988 | anxious: P=0.907 R=0.222
[2025-11-30 19:17:15,240 INFO main.train_one_fold] EVAL SUBJECT | Fold 2 | Epoch 009/100 | Loss: 0.6932 | Acc: 0.6875 | normal: P=0.833 R=0.667 | mdd: P=0.579 R=1.000 | anxious: P=1.000 R=0.167
[2025-11-30 19:17:15,240 INFO main.train_one_fold] EVAL EC vs EO | Fold 2 | Epoch 009/100 | EO chunk acc: 0.6471 | EC chunk acc: 0.7333
[2025-11-30 19:17:15,266 INFO main.train_one_fold] ✓ Saved best model: experiments/both_fp1_ec+eo_005/fold_2_best.pth (combined=0.4839, chunk=0.7038, subject=0.6875)
[2025-11-30 19:17:15,266 INFO early_stopping.__call__] Validation improved from 0.6561 to 0.7038 (+0.0478) at epoch 9
[2025-11-30 19:18:01,016 INFO main.train_one_fold] TRAIN CHUNK | Fold 2 | Epoch 010/100 | Loss: 0.7554 | Acc: 0.6486 | normal: P=0.727 R=0.688 | mdd: P=0.618 R=0.782 | anxious: P=0.482 R=0.365
[2025-11-30 19:18:04,435 INFO main.train_one_fold] EVAL CHUNK | Fold 2 | Epoch 010/100 | Loss: 0.6615 | Acc: 0.7049 | normal: P=0.825 R=0.694 | mdd: P=0.620 R=0.985 | anxious: P=0.691 R=0.216
[2025-11-30 19:18:04,435 INFO main.train_one_fold] EVAL SUBJECT | Fold 2 | Epoch 010/100 | Loss: 0.6615 | Acc: 0.6875 | normal: P=0.769 R=0.667 | mdd: P=0.611 R=1.000 | anxious: P=1.000 R=0.167
[2025-11-30 19:18:04,435 INFO main.train_one_fold] EVAL EC vs EO | Fold 2 | Epoch 010/100 | EO chunk acc: 0.6471 | EC chunk acc: 0.7333
[2025-11-30 19:18:04,493 INFO main.train_one_fold] ✓ Saved best model: experiments/both_fp1_ec+eo_005/fold_2_best.pth (combined=0.4846, chunk=0.7049, subject=0.6875)
[2025-11-30 19:18:04,494 INFO early_stopping.__call__] Validation improved from 0.7038 to 0.7049 (+0.0011) at epoch 10
[2025-11-30 19:18:04,530 INFO main.train_one_fold] Saved checkpoint: experiments/both_fp1_ec+eo_005/fold_2_epoch_010.pth
[2025-11-30 19:18:51,743 INFO main.train_one_fold] TRAIN CHUNK | Fold 2 | Epoch 011/100 | Loss: 0.7331 | Acc: 0.6620 | normal: P=0.731 R=0.681 | mdd: P=0.656 R=0.804 | anxious: P=0.490 R=0.416
[2025-11-30 19:18:55,593 INFO main.train_one_fold] EVAL CHUNK | Fold 2 | Epoch 011/100 | Loss: 0.6001 | Acc: 0.7442 | normal: P=0.745 R=0.814 | mdd: P=0.795 R=0.920 | anxious: P=0.512 R=0.244
[2025-11-30 19:18:55,597 INFO main.train_one_fold] EVAL SUBJECT | Fold 2 | Epoch 011/100 | Loss: 0.6001 | Acc: 0.7812 | normal: P=0.765 R=0.867 | mdd: P=0.786 R=1.000 | anxious: P=1.000 R=0.167
[2025-11-30 19:18:55,597 INFO main.train_one_fold] EVAL EC vs EO | Fold 2 | Epoch 011/100 | EO chunk acc: 0.7647 | EC chunk acc: 0.8000
[2025-11-30 19:18:55,652 INFO main.train_one_fold] ✓ Saved best model: experiments/both_fp1_ec+eo_005/fold_2_best.pth (combined=0.5814, chunk=0.7442, subject=0.7812)
[2025-11-30 19:18:55,653 INFO early_stopping.__call__] Validation improved from 0.7049 to 0.7442 (+0.0393) at epoch 11
[2025-11-30 19:19:47,523 INFO main.train_one_fold] TRAIN CHUNK | Fold 2 | Epoch 012/100 | Loss: 0.6960 | Acc: 0.6757 | normal: P=0.729 R=0.686 | mdd: P=0.688 R=0.814 | anxious: P=0.513 R=0.455
[2025-11-30 19:19:50,472 INFO main.train_one_fold] EVAL CHUNK | Fold 2 | Epoch 012/100 | Loss: 0.5549 | Acc: 0.7654 | normal: P=0.865 R=0.698 | mdd: P=0.766 R=0.988 | anxious: P=0.551 R=0.523
[2025-11-30 19:19:50,472 INFO main.train_one_fold] EVAL SUBJECT | Fold 2 | Epoch 012/100 | Loss: 0.5549 | Acc: 0.7812 | normal: P=0.909 R=0.667 | mdd: P=0.786 R=1.000 | anxious: P=0.571 R=0.667
[2025-11-30 19:19:50,472 INFO main.train_one_fold] EVAL EC vs EO | Fold 2 | Epoch 012/100 | EO chunk acc: 0.7647 | EC chunk acc: 0.8000
[2025-11-30 19:19:50,519 INFO main.train_one_fold] ✓ Saved best model: experiments/both_fp1_ec+eo_005/fold_2_best.pth (combined=0.5980, chunk=0.7654, subject=0.7812)
[2025-11-30 19:19:50,520 INFO early_stopping.__call__] Validation improved from 0.7442 to 0.7654 (+0.0212) at epoch 12
[2025-11-30 19:20:41,614 INFO main.train_one_fold] TRAIN CHUNK | Fold 2 | Epoch 013/100 | Loss: 0.6634 | Acc: 0.6879 | normal: P=0.742 R=0.671 | mdd: P=0.727 R=0.846 | anxious: P=0.505 R=0.507
[2025-11-30 19:20:44,393 INFO main.train_one_fold] EVAL CHUNK | Fold 2 | Epoch 013/100 | Loss: 0.5263 | Acc: 0.7686 | normal: P=0.833 R=0.712 | mdd: P=0.818 R=0.982 | anxious: P=0.520 R=0.517
[2025-11-30 19:20:44,393 INFO main.train_one_fold] EVAL SUBJECT | Fold 2 | Epoch 013/100 | Loss: 0.5263 | Acc: 0.7500 | normal: P=0.833 R=0.667 | mdd: P=0.846 R=1.000 | anxious: P=0.429 R=0.500
[2025-11-30 19:20:44,393 INFO main.train_one_fold] EVAL EC vs EO | Fold 2 | Epoch 013/100 | EO chunk acc: 0.7647 | EC chunk acc: 0.7333
[2025-11-30 19:20:44,394 INFO early_stopping.__call__] Validation improved from 0.7654 to 0.7686 (+0.0032) at epoch 13
[2025-11-30 19:21:23,051 INFO main.train_one_fold] TRAIN CHUNK | Fold 2 | Epoch 014/100 | Loss: 0.6479 | Acc: 0.6937 | normal: P=0.752 R=0.664 | mdd: P=0.731 R=0.849 | anxious: P=0.518 R=0.548
[2025-11-30 19:21:25,632 INFO main.train_one_fold] EVAL CHUNK | Fold 2 | Epoch 014/100 | Loss: 0.5184 | Acc: 0.7718 | normal: P=0.832 R=0.728 | mdd: P=0.821 R=0.988 | anxious: P=0.515 R=0.483
[2025-11-30 19:21:25,632 INFO main.train_one_fold] EVAL SUBJECT | Fold 2 | Epoch 014/100 | Loss: 0.5184 | Acc: 0.7500 | normal: P=0.833 R=0.667 | mdd: P=0.846 R=1.000 | anxious: P=0.429 R=0.500
[2025-11-30 19:21:25,633 INFO main.train_one_fold] EVAL EC vs EO | Fold 2 | Epoch 014/100 | EO chunk acc: 0.7647 | EC chunk acc: 0.7333
[2025-11-30 19:21:25,633 INFO early_stopping.__call__] Validation improved from 0.7686 to 0.7718 (+0.0032) at epoch 14
[2025-11-30 19:22:01,446 INFO main.train_one_fold] TRAIN CHUNK | Fold 2 | Epoch 015/100 | Loss: 0.6248 | Acc: 0.7065 | normal: P=0.756 R=0.677 | mdd: P=0.751 R=0.863 | anxious: P=0.533 R=0.558
[2025-11-30 19:22:04,372 INFO main.train_one_fold] EVAL CHUNK | Fold 2 | Epoch 015/100 | Loss: 0.5199 | Acc: 0.7601 | normal: P=0.822 R=0.712 | mdd: P=0.824 R=0.991 | anxious: P=0.473 R=0.455
[2025-11-30 19:22:04,382 INFO main.train_one_fold] EVAL SUBJECT | Fold 2 | Epoch 015/100 | Loss: 0.5199 | Acc: 0.7500 | normal: P=0.833 R=0.667 | mdd: P=0.846 R=1.000 | anxious: P=0.429 R=0.500
[2025-11-30 19:22:04,391 INFO main.train_one_fold] EVAL EC vs EO | Fold 2 | Epoch 015/100 | EO chunk acc: 0.7647 | EC chunk acc: 0.7333
[2025-11-30 19:22:43,251 INFO main.train_one_fold] TRAIN CHUNK | Fold 2 | Epoch 016/100 | Loss: 0.6093 | Acc: 0.7099 | normal: P=0.760 R=0.669 | mdd: P=0.773 R=0.870 | anxious: P=0.524 R=0.584
[2025-11-30 19:22:46,877 INFO main.train_one_fold] EVAL CHUNK | Fold 2 | Epoch 016/100 | Loss: 0.5096 | Acc: 0.7548 | normal: P=0.864 R=0.646 | mdd: P=0.826 R=0.991 | anxious: P=0.468 R=0.591
[2025-11-30 19:22:46,878 INFO main.train_one_fold] EVAL SUBJECT | Fold 2 | Epoch 016/100 | Loss: 0.5096 | Acc: 0.7500 | normal: P=0.900 R=0.600 | mdd: P=0.846 R=1.000 | anxious: P=0.444 R=0.667
[2025-11-30 19:22:46,878 INFO main.train_one_fold] EVAL EC vs EO | Fold 2 | Epoch 016/100 | EO chunk acc: 0.7647 | EC chunk acc: 0.7333
[2025-11-30 19:23:34,567 INFO main.train_one_fold] TRAIN CHUNK | Fold 2 | Epoch 017/100 | Loss: 0.5911 | Acc: 0.7123 | normal: P=0.757 R=0.676 | mdd: P=0.774 R=0.882 | anxious: P=0.528 R=0.562
[2025-11-30 19:23:37,141 INFO main.train_one_fold] EVAL CHUNK | Fold 2 | Epoch 017/100 | Loss: 0.4909 | Acc: 0.7420 | normal: P=0.788 R=0.667 | mdd: P=0.874 R=0.978 | anxious: P=0.424 R=0.494
[2025-11-30 19:23:37,141 INFO main.train_one_fold] EVAL SUBJECT | Fold 2 | Epoch 017/100 | Loss: 0.4909 | Acc: 0.7188 | normal: P=0.750 R=0.600 | mdd: P=0.917 R=1.000 | anxious: P=0.375 R=0.500
[2025-11-30 19:23:37,142 INFO main.train_one_fold] EVAL EC vs EO | Fold 2 | Epoch 017/100 | EO chunk acc: 0.7647 | EC chunk acc: 0.6667
[2025-11-30 19:24:47,251 INFO main.train_one_fold] TRAIN CHUNK | Fold 2 | Epoch 018/100 | Loss: 0.5903 | Acc: 0.7080 | normal: P=0.751 R=0.666 | mdd: P=0.789 R=0.874 | anxious: P=0.512 R=0.575
[2025-11-30 19:24:50,364 INFO main.train_one_fold] EVAL CHUNK | Fold 2 | Epoch 018/100 | Loss: 0.4994 | Acc: 0.7718 | normal: P=0.749 R=0.834 | mdd: P=0.866 R=0.978 | anxious: P=0.488 R=0.233
[2025-11-30 19:24:50,367 INFO main.train_one_fold] EVAL SUBJECT | Fold 2 | Epoch 018/100 | Loss: 0.4994 | Acc: 0.7812 | normal: P=0.765 R=0.867 | mdd: P=0.846 R=1.000 | anxious: P=0.500 R=0.167
[2025-11-30 19:24:50,372 INFO main.train_one_fold] EVAL EC vs EO | Fold 2 | Epoch 018/100 | EO chunk acc: 0.7059 | EC chunk acc: 0.8667
[2025-11-30 19:24:50,421 INFO main.train_one_fold] ✓ Saved best model: experiments/both_fp1_ec+eo_005/fold_2_best.pth (combined=0.6029, chunk=0.7718, subject=0.7812)
[2025-11-30 19:25:51,528 INFO main.train_one_fold] TRAIN CHUNK | Fold 2 | Epoch 019/100 | Loss: 0.5725 | Acc: 0.7183 | normal: P=0.759 R=0.677 | mdd: P=0.796 R=0.887 | anxious: P=0.527 R=0.579
[2025-11-30 19:25:54,591 INFO main.train_one_fold] EVAL CHUNK | Fold 2 | Epoch 019/100 | Loss: 0.5221 | Acc: 0.7580 | normal: P=0.843 R=0.671 | mdd: P=0.808 R=0.997 | anxious: P=0.495 R=0.534
[2025-11-30 19:25:54,591 INFO main.train_one_fold] EVAL SUBJECT | Fold 2 | Epoch 019/100 | Loss: 0.5221 | Acc: 0.7500 | normal: P=0.833 R=0.667 | mdd: P=0.846 R=1.000 | anxious: P=0.429 R=0.500
[2025-11-30 19:25:54,591 INFO main.train_one_fold] EVAL EC vs EO | Fold 2 | Epoch 019/100 | EO chunk acc: 0.7647 | EC chunk acc: 0.7333
[2025-11-30 19:27:46,258 INFO main.train_one_fold] TRAIN CHUNK | Fold 2 | Epoch 020/100 | Loss: 0.5665 | Acc: 0.7240 | normal: P=0.760 R=0.687 | mdd: P=0.795 R=0.879 | anxious: P=0.549 R=0.596
[2025-11-30 19:27:54,778 INFO main.train_one_fold] EVAL CHUNK | Fold 2 | Epoch 020/100 | Loss: 0.4939 | Acc: 0.7505 | normal: P=0.824 R=0.669 | mdd: P=0.847 R=0.988 | anxious: P=0.444 R=0.517
[2025-11-30 19:27:54,786 INFO main.train_one_fold] EVAL SUBJECT | Fold 2 | Epoch 020/100 | Loss: 0.4939 | Acc: 0.7500 | normal: P=0.833 R=0.667 | mdd: P=0.846 R=1.000 | anxious: P=0.429 R=0.500
[2025-11-30 19:27:54,786 INFO main.train_one_fold] EVAL EC vs EO | Fold 2 | Epoch 020/100 | EO chunk acc: 0.7647 | EC chunk acc: 0.7333
[2025-11-30 19:27:54,825 INFO main.train_one_fold] Saved checkpoint: experiments/both_fp1_ec+eo_005/fold_2_epoch_020.pth
[2025-11-30 19:30:08,174 INFO main.train_one_fold] TRAIN CHUNK | Fold 2 | Epoch 021/100 | Loss: 0.5563 | Acc: 0.7317 | normal: P=0.767 R=0.694 | mdd: P=0.801 R=0.889 | anxious: P=0.558 R=0.601
[2025-11-30 19:30:16,136 INFO main.train_one_fold] EVAL CHUNK | Fold 2 | Epoch 021/100 | Loss: 0.4931 | Acc: 0.7548 | normal: P=0.847 R=0.651 | mdd: P=0.849 R=0.988 | anxious: P=0.458 R=0.585
[2025-11-30 19:30:16,136 INFO main.train_one_fold] EVAL SUBJECT | Fold 2 | Epoch 021/100 | Loss: 0.4931 | Acc: 0.7500 | normal: P=0.900 R=0.600 | mdd: P=0.846 R=1.000 | anxious: P=0.444 R=0.667
[2025-11-30 19:30:16,136 INFO main.train_one_fold] EVAL EC vs EO | Fold 2 | Epoch 021/100 | EO chunk acc: 0.7647 | EC chunk acc: 0.7333
[2025-11-30 19:31:01,289 INFO main.train_one_fold] TRAIN CHUNK | Fold 2 | Epoch 022/100 | Loss: 0.5470 | Acc: 0.7304 | normal: P=0.782 R=0.671 | mdd: P=0.806 R=0.890 | anxious: P=0.543 R=0.651
[2025-11-30 19:31:03,862 INFO main.train_one_fold] EVAL CHUNK | Fold 2 | Epoch 022/100 | Loss: 0.4984 | Acc: 0.7219 | normal: P=0.743 R=0.683 | mdd: P=0.865 R=0.988 | anxious: P=0.349 R=0.330
[2025-11-30 19:31:03,862 INFO main.train_one_fold] EVAL SUBJECT | Fold 2 | Epoch 022/100 | Loss: 0.4984 | Acc: 0.7188 | normal: P=0.769 R=0.667 | mdd: P=0.846 R=1.000 | anxious: P=0.333 R=0.333
[2025-11-30 19:31:03,862 INFO main.train_one_fold] EVAL EC vs EO | Fold 2 | Epoch 022/100 | EO chunk acc: 0.7059 | EC chunk acc: 0.7333
[2025-11-30 19:31:33,293 INFO main.train_one_fold] TRAIN CHUNK | Fold 2 | Epoch 023/100 | Loss: 0.5443 | Acc: 0.7315 | normal: P=0.770 R=0.690 | mdd: P=0.809 R=0.885 | anxious: P=0.550 R=0.617
[2025-11-30 19:31:35,122 INFO main.train_one_fold] EVAL CHUNK | Fold 2 | Epoch 023/100 | Loss: 0.5034 | Acc: 0.7505 | normal: P=0.779 R=0.687 | mdd: P=0.901 R=0.985 | anxious: P=0.424 R=0.477
[2025-11-30 19:31:35,130 INFO main.train_one_fold] EVAL SUBJECT | Fold 2 | Epoch 023/100 | Loss: 0.5034 | Acc: 0.7500 | normal: P=0.769 R=0.667 | mdd: P=0.917 R=1.000 | anxious: P=0.429 R=0.500
[2025-11-30 19:31:35,130 INFO main.train_one_fold] EVAL EC vs EO | Fold 2 | Epoch 023/100 | EO chunk acc: 0.7647 | EC chunk acc: 0.7333
[2025-11-30 19:32:00,317 INFO main.train_one_fold] TRAIN CHUNK | Fold 2 | Epoch 024/100 | Loss: 0.5481 | Acc: 0.7369 | normal: P=0.781 R=0.689 | mdd: P=0.815 R=0.882 | anxious: P=0.554 R=0.649
[2025-11-30 19:32:02,155 INFO main.train_one_fold] EVAL CHUNK | Fold 2 | Epoch 024/100 | Loss: 0.4923 | Acc: 0.7622 | normal: P=0.848 R=0.660 | mdd: P=0.842 R=0.997 | anxious: P=0.481 R=0.585
[2025-11-30 19:32:02,159 INFO main.train_one_fold] EVAL SUBJECT | Fold 2 | Epoch 024/100 | Loss: 0.4923 | Acc: 0.7500 | normal: P=0.900 R=0.600 | mdd: P=0.846 R=1.000 | anxious: P=0.444 R=0.667
[2025-11-30 19:32:02,159 INFO main.train_one_fold] EVAL EC vs EO | Fold 2 | Epoch 024/100 | EO chunk acc: 0.7647 | EC chunk acc: 0.7333
[2025-11-30 19:32:48,895 INFO main.train_one_fold] TRAIN CHUNK | Fold 2 | Epoch 025/100 | Loss: 0.5300 | Acc: 0.7409 | normal: P=0.795 R=0.673 | mdd: P=0.810 R=0.899 | anxious: P=0.561 R=0.684
[2025-11-30 19:32:51,847 INFO main.train_one_fold] EVAL CHUNK | Fold 2 | Epoch 025/100 | Loss: 0.4799 | Acc: 0.7261 | normal: P=0.747 R=0.683 | mdd: P=0.866 R=0.991 | anxious: P=0.365 R=0.347
[2025-11-30 19:32:51,848 INFO main.train_one_fold] EVAL SUBJECT | Fold 2 | Epoch 025/100 | Loss: 0.4799 | Acc: 0.7188 | normal: P=0.714 R=0.667 | mdd: P=0.917 R=1.000 | anxious: P=0.333 R=0.333
[2025-11-30 19:32:51,848 INFO main.train_one_fold] EVAL EC vs EO | Fold 2 | Epoch 025/100 | EO chunk acc: 0.7059 | EC chunk acc: 0.7333
[2025-11-30 19:33:52,168 INFO main.train_one_fold] TRAIN CHUNK | Fold 2 | Epoch 026/100 | Loss: 0.5218 | Acc: 0.7525 | normal: P=0.796 R=0.698 | mdd: P=0.816 R=0.902 | anxious: P=0.585 R=0.674
[2025-11-30 19:33:55,785 INFO main.train_one_fold] EVAL CHUNK | Fold 2 | Epoch 026/100 | Loss: 0.5195 | Acc: 0.7452 | normal: P=0.789 R=0.678 | mdd: P=0.871 R=0.997 | anxious: P=0.414 R=0.449
[2025-11-30 19:33:55,789 INFO main.train_one_fold] EVAL SUBJECT | Fold 2 | Epoch 026/100 | Loss: 0.5195 | Acc: 0.7188 | normal: P=0.769 R=0.667 | mdd: P=0.846 R=1.000 | anxious: P=0.333 R=0.333
[2025-11-30 19:33:55,789 INFO main.train_one_fold] EVAL EC vs EO | Fold 2 | Epoch 026/100 | EO chunk acc: 0.7059 | EC chunk acc: 0.7333
[2025-11-30 19:34:38,315 INFO main.train_one_fold] TRAIN CHUNK | Fold 2 | Epoch 027/100 | Loss: 0.5201 | Acc: 0.7495 | normal: P=0.797 R=0.691 | mdd: P=0.821 R=0.899 | anxious: P=0.572 R=0.681
[2025-11-30 19:34:39,745 INFO main.train_one_fold] EVAL CHUNK | Fold 2 | Epoch 027/100 | Loss: 0.4683 | Acc: 0.7410 | normal: P=0.749 R=0.710 | mdd: P=0.902 R=0.991 | anxious: P=0.377 R=0.358
[2025-11-30 19:34:39,745 INFO main.train_one_fold] EVAL SUBJECT | Fold 2 | Epoch 027/100 | Loss: 0.4683 | Acc: 0.7500 | normal: P=0.733 R=0.733 | mdd: P=0.917 R=1.000 | anxious: P=0.400 R=0.333
[2025-11-30 19:34:39,745 INFO main.train_one_fold] EVAL EC vs EO | Fold 2 | Epoch 027/100 | EO chunk acc: 0.7647 | EC chunk acc: 0.7333
[2025-11-30 19:35:01,035 INFO main.train_one_fold] TRAIN CHUNK | Fold 2 | Epoch 028/100 | Loss: 0.5226 | Acc: 0.7516 | normal: P=0.797 R=0.703 | mdd: P=0.820 R=0.888 | anxious: P=0.580 R=0.679
[2025-11-30 19:35:02,688 INFO main.train_one_fold] EVAL CHUNK | Fold 2 | Epoch 028/100 | Loss: 0.4927 | Acc: 0.7282 | normal: P=0.732 R=0.726 | mdd: P=0.871 R=0.997 | anxious: P=0.316 R=0.239
[2025-11-30 19:35:02,688 INFO main.train_one_fold] EVAL SUBJECT | Fold 2 | Epoch 028/100 | Loss: 0.4927 | Acc: 0.7188 | normal: P=0.733 R=0.733 | mdd: P=0.846 R=1.000 | anxious: P=0.250 R=0.167
[2025-11-30 19:35:02,689 INFO main.train_one_fold] EVAL EC vs EO | Fold 2 | Epoch 028/100 | EO chunk acc: 0.7647 | EC chunk acc: 0.6667
[2025-11-30 19:35:23,337 INFO main.train_one_fold] TRAIN CHUNK | Fold 2 | Epoch 029/100 | Loss: 0.5125 | Acc: 0.7550 | normal: P=0.802 R=0.695 | mdd: P=0.824 R=0.896 | anxious: P=0.584 R=0.703
[2025-11-30 19:35:25,089 INFO main.train_one_fold] EVAL CHUNK | Fold 2 | Epoch 029/100 | Loss: 0.4825 | Acc: 0.7070 | normal: P=0.708 R=0.705 | mdd: P=0.870 R=0.991 | anxious: P=0.248 R=0.188
[2025-11-30 19:35:25,090 INFO main.train_one_fold] EVAL SUBJECT | Fold 2 | Epoch 029/100 | Loss: 0.4825 | Acc: 0.7188 | normal: P=0.733 R=0.733 | mdd: P=0.846 R=1.000 | anxious: P=0.250 R=0.167
[2025-11-30 19:35:25,090 INFO main.train_one_fold] EVAL EC vs EO | Fold 2 | Epoch 029/100 | EO chunk acc: 0.7647 | EC chunk acc: 0.6667
[2025-11-30 19:35:44,721 INFO main.train_one_fold] TRAIN CHUNK | Fold 2 | Epoch 030/100 | Loss: 0.5109 | Acc: 0.7540 | normal: P=0.807 R=0.686 | mdd: P=0.819 R=0.895 | anxious: P=0.583 R=0.721
[2025-11-30 19:35:46,157 INFO main.train_one_fold] EVAL CHUNK | Fold 2 | Epoch 030/100 | Loss: 0.4426 | Acc: 0.7187 | normal: P=0.719 R=0.696 | mdd: P=0.883 R=0.997 | anxious: P=0.311 R=0.261
[2025-11-30 19:35:46,158 INFO main.train_one_fold] EVAL SUBJECT | Fold 2 | Epoch 030/100 | Loss: 0.4426 | Acc: 0.7188 | normal: P=0.688 R=0.733 | mdd: P=0.917 R=1.000 | anxious: P=0.250 R=0.167
[2025-11-30 19:35:46,158 INFO main.train_one_fold] EVAL EC vs EO | Fold 2 | Epoch 030/100 | EO chunk acc: 0.7647 | EC chunk acc: 0.6667
[2025-11-30 19:35:46,177 INFO main.train_one_fold] Saved checkpoint: experiments/both_fp1_ec+eo_005/fold_2_epoch_030.pth
[2025-11-30 19:36:08,122 INFO main.train_one_fold] TRAIN CHUNK | Fold 2 | Epoch 031/100 | Loss: 0.4949 | Acc: 0.7619 | normal: P=0.820 R=0.685 | mdd: P=0.828 R=0.901 | anxious: P=0.591 R=0.753
[2025-11-30 19:36:09,657 INFO main.train_one_fold] EVAL CHUNK | Fold 2 | Epoch 031/100 | Loss: 0.4798 | Acc: 0.7399 | normal: P=0.717 R=0.769 | mdd: P=0.898 R=0.997 | anxious: P=0.315 R=0.193
[2025-11-30 19:36:09,657 INFO main.train_one_fold] EVAL SUBJECT | Fold 2 | Epoch 031/100 | Loss: 0.4798 | Acc: 0.7188 | normal: P=0.688 R=0.733 | mdd: P=0.917 R=1.000 | anxious: P=0.250 R=0.167
[2025-11-30 19:36:09,657 INFO main.train_one_fold] EVAL EC vs EO | Fold 2 | Epoch 031/100 | EO chunk acc: 0.7647 | EC chunk acc: 0.6667
[2025-11-30 19:36:34,108 INFO main.train_one_fold] TRAIN CHUNK | Fold 2 | Epoch 032/100 | Loss: 0.4925 | Acc: 0.7751 | normal: P=0.824 R=0.714 | mdd: P=0.826 R=0.904 | anxious: P=0.622 R=0.743
[2025-11-30 19:36:35,553 INFO main.train_one_fold] EVAL CHUNK | Fold 2 | Epoch 032/100 | Loss: 0.4781 | Acc: 0.7325 | normal: P=0.707 R=0.773 | mdd: P=0.890 R=0.997 | anxious: P=0.260 R=0.142
[2025-11-30 19:36:35,554 INFO main.train_one_fold] EVAL SUBJECT | Fold 2 | Epoch 032/100 | Loss: 0.4781 | Acc: 0.7500 | normal: P=0.706 R=0.800 | mdd: P=0.917 R=1.000 | anxious: P=0.333 R=0.167
[2025-11-30 19:36:35,554 INFO main.train_one_fold] EVAL EC vs EO | Fold 2 | Epoch 032/100 | EO chunk acc: 0.7647 | EC chunk acc: 0.7333
[2025-11-30 19:36:55,661 INFO main.train_one_fold] TRAIN CHUNK | Fold 2 | Epoch 033/100 | Loss: 0.4911 | Acc: 0.7672 | normal: P=0.818 R=0.704 | mdd: P=0.825 R=0.899 | anxious: P=0.606 R=0.736
[2025-11-30 19:36:57,195 INFO main.train_one_fold] EVAL CHUNK | Fold 2 | Epoch 033/100 | Loss: 0.4697 | Acc: 0.7389 | normal: P=0.729 R=0.746 | mdd: P=0.887 R=0.991 | anxious: P=0.352 R=0.256
[2025-11-30 19:36:57,195 INFO main.train_one_fold] EVAL SUBJECT | Fold 2 | Epoch 033/100 | Loss: 0.4697 | Acc: 0.7188 | normal: P=0.688 R=0.733 | mdd: P=0.917 R=1.000 | anxious: P=0.250 R=0.167
[2025-11-30 19:36:57,195 INFO main.train_one_fold] EVAL EC vs EO | Fold 2 | Epoch 033/100 | EO chunk acc: 0.7647 | EC chunk acc: 0.6667
[2025-11-30 19:37:14,913 INFO main.train_one_fold] TRAIN CHUNK | Fold 2 | Epoch 034/100 | Loss: 0.4889 | Acc: 0.7751 | normal: P=0.817 R=0.722 | mdd: P=0.832 R=0.899 | anxious: P=0.624 R=0.730
[2025-11-30 19:37:15,937 INFO main.train_one_fold] EVAL CHUNK | Fold 2 | Epoch 034/100 | Loss: 0.4435 | Acc: 0.7473 | normal: P=0.729 R=0.755 | mdd: P=0.931 R=0.991 | anxious: P=0.353 R=0.278
[2025-11-30 19:37:15,937 INFO main.train_one_fold] EVAL SUBJECT | Fold 2 | Epoch 034/100 | Loss: 0.4435 | Acc: 0.7188 | normal: P=0.688 R=0.733 | mdd: P=0.917 R=1.000 | anxious: P=0.250 R=0.167
[2025-11-30 19:37:15,937 INFO main.train_one_fold] EVAL EC vs EO | Fold 2 | Epoch 034/100 | EO chunk acc: 0.7647 | EC chunk acc: 0.6667
[2025-11-30 19:37:15,937 INFO early_stopping.__call__] Early stopping triggered after 20 epochs without improvement. Best score: 0.7718 at epoch 14
[2025-11-30 19:37:15,937 INFO main.train_one_fold] Early stopping triggered at epoch 34
[2025-11-30 19:37:15,937 INFO main.train_one_fold] 
Fold 2 training completed. Best Combined Val Acc: 0.6029 at epoch 18
[2025-11-30 19:37:15,938 INFO main.train_cross_validation] ================================================================================
[2025-11-30 19:37:15,938 INFO main.train_cross_validation] FOLD 3/6
[2025-11-30 19:37:15,938 INFO main.train_cross_validation] ================================================================================
[2025-11-30 19:37:15,938 INFO main.get_datasets_for_fold] Train subjects (156): ['mdd:H S1 EC', 'mdd:H S1 EO', 'mdd:H S15 EC', 'mdd:H S14 EO', 'mdd:H S14 EC', 'mdd:H S23 EC', 'mdd:H S23 EO', 'mdd:H S29 EC', 'mdd:H S29 EO', 'cane:H S1054 EC', 'cane:H S1054 EO', 'cane:H S1095 EC', 'cane:H S1095 EO', 'cane:H S1033 EO', 'cane:H S1033 EC', 'cane:H S0079 EC', 'cane:H S0079 EO', 'mdd:MDD S6 EO', 'mdd:MDD S6 EC', 'mdd:MDD S4 EO', 'mdd:MDD S15 EC', 'mdd:MDD S15 EO', 'mdd:MDD S28 EO', 'mdd:MDD S28 EC', 'mdd:MDD S10 EO', 'mdd:MDD S10 EC', 'mdd:MDD S32 EO', 'mdd:MDD S32 EC', 'cane:AX S1009 EO', 'cane:AX S1009 EC', 'cane:AX S1084 EO', 'cane:AX S1084 EC', 'cane:AX S0057 EO', 'cane:AX S0057 EC', 'mdd:H S4 EO', 'mdd:H S4 EC', 'mdd:H S18 EO', 'mdd:H S8 EC', 'mdd:H S8 EO', 'mdd:H S26 EO', 'mdd:H S26 EC', 'mdd:H S22 EC', 'mdd:H S22 EO', 'cane:H S1002 EC', 'cane:H S1002 EO', 'cane:H S1060 EO', 'cane:H S1060 EC', 'cane:H S1101 EO', 'cane:H S1101 EC', 'mdd:MDD S21 EO', 'mdd:MDD S21 EC', 'mdd:MDD S22 EC', 'mdd:MDD S22 EO', 'mdd:MDD S16 EO', 'mdd:MDD S13 EC', 'mdd:MDD S13 EO', 'mdd:MDD S30 EC', 'mdd:MDD S30 EO', 'mdd:MDD S31 EC', 'mdd:MDD S31 EO', 'cane:AX S1006 EC', 'cane:AX S1006 EO', 'cane:AX S1065 EC', 'cane:AX S1065 EO', 'cane:AX S0041 EC', 'cane:AX S0041 EO', 'mdd:H S9 EC', 'mdd:H S9 EO', 'mdd:H S28 EO', 'mdd:H S28 EC', 'mdd:H S6 EO', 'mdd:H S6 EC', 'mdd:H S25 EC', 'mdd:H S2 EC', 'mdd:H S2 EO', 'cane:H S1022 EC', 'cane:H S1022 EO', 'cane:H S0012 EO', 'cane:H S0012 EC', 'cane:H S1085 EC', 'cane:H S1085 EO', 'mdd:MDD S5 EC', 'mdd:MDD S5 EO', 'mdd:MDD S20 EC', 'mdd:MDD S20 EO', 'mdd:MDD S34 EO', 'mdd:MDD S34 EC', 'mdd:MDD S27 EO', 'mdd:MDD S27 EC', 'mdd:MDD S11 EO', 'cane:AX S0074 EO', 'cane:AX S0074 EC', 'cane:AX S0056 EO', 'cane:AX S0056 EC', 'cane:AX S1050 EC', 'cane:AX S1050 EO', 'mdd:H S12 EO', 'mdd:H S7 EO', 'mdd:H S7 EC', 'mdd:H S3 EO']...
[2025-11-30 19:37:15,939 INFO main.get_datasets_for_fold] Val subjects (30): ['mdd:H S13 EC', 'mdd:H S13 EO', 'mdd:H S16 EO', 'mdd:H S16 EC', 'mdd:H S11 EO', 'mdd:H S11 EC', 'mdd:H S19 EC', 'mdd:H S19 EO', 'mdd:H S27 EC', 'mdd:H S27 EO', 'cane:H S1008 EO', 'cane:H S1008 EC', 'cane:H S1028 EC', 'cane:H S1096 EO', 'cane:H S1096 EC', 'mdd:MDD S23 EC', 'mdd:MDD S23 EO', 'mdd:MDD S25 EO', 'mdd:MDD S25 EC', 'mdd:MDD S9 EO', 'mdd:MDD S9 EC', 'mdd:MDD S1 EC', 'mdd:MDD S33 EC', 'mdd:MDD S33 EO', 'cane:AX S1087 EC', 'cane:AX S1087 EO', 'cane:AX S1027 EO', 'cane:AX S1027 EC', 'cane:AX S1007 EC', 'cane:AX S1007 EO']
[2025-11-30 19:37:15,944 INFO main.get_datasets_for_fold] Training chunks: MDD=2812, CANE=1893, Total=4705
[2025-11-30 19:37:15,944 INFO main.get_datasets_for_fold] Validation chunks: MDD=573, CANE=342, Total=915
[2025-11-30 19:37:15,957 INFO model.__init__] Initialized LSTM with input_size=1728, hidden_size=100, batch_first=True
[2025-11-30 19:37:15,959 INFO main.train_one_fold] Starting training for fold 3
[2025-11-30 19:37:35,170 INFO main.train_one_fold] TRAIN CHUNK | Fold 3 | Epoch 001/100 | Loss: 1.0549 | Acc: 0.4903 | normal: P=0.499 R=0.971 | mdd: P=0.000 R=0.000 | anxious: P=0.176 R=0.023
[2025-11-30 19:37:36,264 INFO main.train_one_fold] EVAL CHUNK | Fold 3 | Epoch 001/100 | Loss: 1.0473 | Acc: 0.4820 | normal: P=0.482 R=1.000 | mdd: P=0.000 R=0.000 | anxious: P=0.000 R=0.000
[2025-11-30 19:37:36,264 INFO main.train_one_fold] EVAL SUBJECT | Fold 3 | Epoch 001/100 | Loss: 1.0473 | Acc: 0.5000 | normal: P=0.500 R=1.000 | mdd: P=0.000 R=0.000 | anxious: P=0.000 R=0.000
[2025-11-30 19:37:36,264 INFO main.train_one_fold] EVAL EC vs EO | Fold 3 | Epoch 001/100 | EO chunk acc: 0.5000 | EC chunk acc: 0.5000
[2025-11-30 19:37:36,284 INFO main.train_one_fold] ✓ Saved best model: experiments/both_fp1_ec+eo_005/fold_3_best.pth (combined=0.2410, chunk=0.4820, subject=0.5000)
[2025-11-30 19:37:36,284 INFO early_stopping.__call__] Early stopping initialized: best score 0.4820 at epoch 1
[2025-11-30 19:37:52,839 INFO main.train_one_fold] TRAIN CHUNK | Fold 3 | Epoch 002/100 | Loss: 1.0261 | Acc: 0.5001 | normal: P=0.500 R=1.000 | mdd: P=0.000 R=0.000 | anxious: P=0.000 R=0.000
[2025-11-30 19:37:53,841 INFO main.train_one_fold] EVAL CHUNK | Fold 3 | Epoch 002/100 | Loss: 1.0315 | Acc: 0.4820 | normal: P=0.482 R=1.000 | mdd: P=0.000 R=0.000 | anxious: P=0.000 R=0.000
[2025-11-30 19:37:53,841 INFO main.train_one_fold] EVAL SUBJECT | Fold 3 | Epoch 002/100 | Loss: 1.0315 | Acc: 0.5000 | normal: P=0.500 R=1.000 | mdd: P=0.000 R=0.000 | anxious: P=0.000 R=0.000
[2025-11-30 19:37:53,842 INFO main.train_one_fold] EVAL EC vs EO | Fold 3 | Epoch 002/100 | EO chunk acc: 0.5000 | EC chunk acc: 0.5000
[2025-11-30 19:38:12,370 INFO main.train_one_fold] TRAIN CHUNK | Fold 3 | Epoch 003/100 | Loss: 1.0157 | Acc: 0.5001 | normal: P=0.500 R=1.000 | mdd: P=0.000 R=0.000 | anxious: P=0.000 R=0.000
[2025-11-30 19:38:13,773 INFO main.train_one_fold] EVAL CHUNK | Fold 3 | Epoch 003/100 | Loss: 0.9997 | Acc: 0.4820 | normal: P=0.482 R=1.000 | mdd: P=0.000 R=0.000 | anxious: P=0.000 R=0.000
[2025-11-30 19:38:13,773 INFO main.train_one_fold] EVAL SUBJECT | Fold 3 | Epoch 003/100 | Loss: 0.9997 | Acc: 0.5000 | normal: P=0.500 R=1.000 | mdd: P=0.000 R=0.000 | anxious: P=0.000 R=0.000
[2025-11-30 19:38:13,773 INFO main.train_one_fold] EVAL EC vs EO | Fold 3 | Epoch 003/100 | EO chunk acc: 0.5000 | EC chunk acc: 0.5000
[2025-11-30 19:38:40,189 INFO main.train_one_fold] TRAIN CHUNK | Fold 3 | Epoch 004/100 | Loss: 0.9851 | Acc: 0.5001 | normal: P=0.500 R=1.000 | mdd: P=0.000 R=0.000 | anxious: P=0.333 R=0.001
[2025-11-30 19:38:41,981 INFO main.train_one_fold] EVAL CHUNK | Fold 3 | Epoch 004/100 | Loss: 0.9392 | Acc: 0.4820 | normal: P=0.482 R=1.000 | mdd: P=0.000 R=0.000 | anxious: P=0.000 R=0.000
[2025-11-30 19:38:41,981 INFO main.train_one_fold] EVAL SUBJECT | Fold 3 | Epoch 004/100 | Loss: 0.9392 | Acc: 0.5000 | normal: P=0.500 R=1.000 | mdd: P=0.000 R=0.000 | anxious: P=0.000 R=0.000
[2025-11-30 19:38:41,981 INFO main.train_one_fold] EVAL EC vs EO | Fold 3 | Epoch 004/100 | EO chunk acc: 0.5000 | EC chunk acc: 0.5000
[2025-11-30 19:39:04,251 INFO main.train_one_fold] TRAIN CHUNK | Fold 3 | Epoch 005/100 | Loss: 0.9416 | Acc: 0.4993 | normal: P=0.502 R=0.992 | mdd: P=0.000 R=0.000 | anxious: P=0.264 R=0.015
[2025-11-30 19:39:05,952 INFO main.train_one_fold] EVAL CHUNK | Fold 3 | Epoch 005/100 | Loss: 0.8850 | Acc: 0.4820 | normal: P=0.484 R=1.000 | mdd: P=0.000 R=0.000 | anxious: P=0.000 R=0.000
[2025-11-30 19:39:05,953 INFO main.train_one_fold] EVAL SUBJECT | Fold 3 | Epoch 005/100 | Loss: 0.8850 | Acc: 0.5000 | normal: P=0.500 R=1.000 | mdd: P=0.000 R=0.000 | anxious: P=0.000 R=0.000
[2025-11-30 19:39:05,953 INFO main.train_one_fold] EVAL EC vs EO | Fold 3 | Epoch 005/100 | EO chunk acc: 0.5000 | EC chunk acc: 0.5000
[2025-11-30 19:39:26,942 INFO main.train_one_fold] TRAIN CHUNK | Fold 3 | Epoch 006/100 | Loss: 0.9003 | Acc: 0.5095 | normal: P=0.519 R=0.943 | mdd: P=0.463 R=0.081 | anxious: P=0.350 R=0.067
[2025-11-30 19:39:28,355 INFO main.train_one_fold] EVAL CHUNK | Fold 3 | Epoch 006/100 | Loss: 0.8752 | Acc: 0.5235 | normal: P=0.971 R=0.449 | mdd: P=0.397 R=0.960 | anxious: P=0.373 R=0.095
[2025-11-30 19:39:28,355 INFO main.train_one_fold] EVAL SUBJECT | Fold 3 | Epoch 006/100 | Loss: 0.8752 | Acc: 0.5000 | normal: P=1.000 R=0.400 | mdd: P=0.391 R=1.000 | anxious: P=0.000 R=0.000
[2025-11-30 19:39:28,355 INFO main.train_one_fold] EVAL EC vs EO | Fold 3 | Epoch 006/100 | EO chunk acc: 0.5000 | EC chunk acc: 0.5000
[2025-11-30 19:39:28,387 INFO main.train_one_fold] ✓ Saved best model: experiments/both_fp1_ec+eo_005/fold_3_best.pth (combined=0.2617, chunk=0.5235, subject=0.5000)
[2025-11-30 19:39:28,387 INFO early_stopping.__call__] Validation improved from 0.4820 to 0.5235 (+0.0415) at epoch 6
[2025-11-30 19:39:48,209 INFO main.train_one_fold] TRAIN CHUNK | Fold 3 | Epoch 007/100 | Loss: 0.8742 | Acc: 0.5569 | normal: P=0.618 R=0.765 | mdd: P=0.472 R=0.514 | anxious: P=0.369 R=0.100
[2025-11-30 19:39:49,577 INFO main.train_one_fold] EVAL CHUNK | Fold 3 | Epoch 007/100 | Loss: 0.8493 | Acc: 0.5923 | normal: P=0.995 R=0.410 | mdd: P=0.430 R=0.824 | anxious: P=0.648 R=0.677
[2025-11-30 19:39:49,577 INFO main.train_one_fold] EVAL SUBJECT | Fold 3 | Epoch 007/100 | Loss: 0.8493 | Acc: 0.6000 | normal: P=1.000 R=0.400 | mdd: P=0.444 R=0.889 | anxious: P=0.667 R=0.667
[2025-11-30 19:39:49,578 INFO main.train_one_fold] EVAL EC vs EO | Fold 3 | Epoch 007/100 | EO chunk acc: 0.5714 | EC chunk acc: 0.6250
[2025-11-30 19:39:49,608 INFO main.train_one_fold] ✓ Saved best model: experiments/both_fp1_ec+eo_005/fold_3_best.pth (combined=0.3554, chunk=0.5923, subject=0.6000)
[2025-11-30 19:39:49,609 INFO early_stopping.__call__] Validation improved from 0.5235 to 0.5923 (+0.0689) at epoch 7
[2025-11-30 19:40:10,022 INFO main.train_one_fold] TRAIN CHUNK | Fold 3 | Epoch 008/100 | Loss: 0.8474 | Acc: 0.5866 | normal: P=0.683 R=0.717 | mdd: P=0.486 R=0.681 | anxious: P=0.434 R=0.118
[2025-11-30 19:40:11,933 INFO main.train_one_fold] EVAL CHUNK | Fold 3 | Epoch 008/100 | Loss: 0.8172 | Acc: 0.6404 | normal: P=0.976 R=0.467 | mdd: P=0.454 R=0.901 | anxious: P=0.827 R=0.667
[2025-11-30 19:40:11,933 INFO main.train_one_fold] EVAL SUBJECT | Fold 3 | Epoch 008/100 | Loss: 0.8172 | Acc: 0.6333 | normal: P=1.000 R=0.467 | mdd: P=0.444 R=0.889 | anxious: P=0.800 R=0.667
[2025-11-30 19:40:11,933 INFO main.train_one_fold] EVAL EC vs EO | Fold 3 | Epoch 008/100 | EO chunk acc: 0.5714 | EC chunk acc: 0.6875
[2025-11-30 19:40:11,978 INFO main.train_one_fold] ✓ Saved best model: experiments/both_fp1_ec+eo_005/fold_3_best.pth (combined=0.4056, chunk=0.6404, subject=0.6333)
[2025-11-30 19:40:11,978 INFO early_stopping.__call__] Validation improved from 0.5923 to 0.6404 (+0.0481) at epoch 8
[2025-11-30 19:40:33,472 INFO main.train_one_fold] TRAIN CHUNK | Fold 3 | Epoch 009/100 | Loss: 0.8275 | Acc: 0.6085 | normal: P=0.705 R=0.711 | mdd: P=0.541 R=0.710 | anxious: P=0.390 R=0.199
[2025-11-30 19:40:34,882 INFO main.train_one_fold] EVAL CHUNK | Fold 3 | Epoch 009/100 | Loss: 0.7916 | Acc: 0.6426 | normal: P=0.855 R=0.522 | mdd: P=0.489 R=0.868 | anxious: P=0.752 R=0.602
[2025-11-30 19:40:34,882 INFO main.train_one_fold] EVAL SUBJECT | Fold 3 | Epoch 009/100 | Loss: 0.7916 | Acc: 0.6667 | normal: P=1.000 R=0.533 | mdd: P=0.471 R=0.889 | anxious: P=0.800 R=0.667
[2025-11-30 19:40:34,882 INFO main.train_one_fold] EVAL EC vs EO | Fold 3 | Epoch 009/100 | EO chunk acc: 0.6429 | EC chunk acc: 0.6875
[2025-11-30 19:40:34,913 INFO main.train_one_fold] ✓ Saved best model: experiments/both_fp1_ec+eo_005/fold_3_best.pth (combined=0.4284, chunk=0.6426, subject=0.6667)
[2025-11-30 19:40:34,913 INFO early_stopping.__call__] Validation improved from 0.6404 to 0.6426 (+0.0022) at epoch 9
[2025-11-30 19:40:53,895 INFO main.train_one_fold] TRAIN CHUNK | Fold 3 | Epoch 010/100 | Loss: 0.7858 | Acc: 0.6463 | normal: P=0.728 R=0.746 | mdd: P=0.583 R=0.795 | anxious: P=0.443 R=0.173
[2025-11-30 19:40:55,263 INFO main.train_one_fold] EVAL CHUNK | Fold 3 | Epoch 010/100 | Loss: 0.7615 | Acc: 0.6131 | normal: P=0.689 R=0.546 | mdd: P=0.532 R=0.952 | anxious: P=0.789 R=0.299
[2025-11-30 19:40:55,263 INFO main.train_one_fold] EVAL SUBJECT | Fold 3 | Epoch 010/100 | Loss: 0.7615 | Acc: 0.6333 | normal: P=0.727 R=0.533 | mdd: P=0.529 R=1.000 | anxious: P=1.000 R=0.333
[2025-11-30 19:40:55,263 INFO main.train_one_fold] EVAL EC vs EO | Fold 3 | Epoch 010/100 | EO chunk acc: 0.6429 | EC chunk acc: 0.6250
[2025-11-30 19:40:55,284 INFO main.train_one_fold] Saved checkpoint: experiments/both_fp1_ec+eo_005/fold_3_epoch_010.pth
[2025-11-30 19:41:14,862 INFO main.train_one_fold] TRAIN CHUNK | Fold 3 | Epoch 011/100 | Loss: 0.7478 | Acc: 0.6680 | normal: P=0.738 R=0.756 | mdd: P=0.620 R=0.812 | anxious: P=0.488 R=0.230
[2025-11-30 19:41:16,221 INFO main.train_one_fold] EVAL CHUNK | Fold 3 | Epoch 011/100 | Loss: 0.7712 | Acc: 0.5563 | normal: P=0.580 R=0.601 | mdd: P=0.585 R=0.835 | anxious: P=0.235 R=0.080
[2025-11-30 19:41:16,221 INFO main.train_one_fold] EVAL SUBJECT | Fold 3 | Epoch 011/100 | Loss: 0.7712 | Acc: 0.6000 | normal: P=0.600 R=0.600 | mdd: P=0.600 R=1.000 | anxious: P=0.000 R=0.000
[2025-11-30 19:41:16,221 INFO main.train_one_fold] EVAL EC vs EO | Fold 3 | Epoch 011/100 | EO chunk acc: 0.6429 | EC chunk acc: 0.5625
[2025-11-30 19:41:37,130 INFO main.train_one_fold] TRAIN CHUNK | Fold 3 | Epoch 012/100 | Loss: 0.7252 | Acc: 0.6861 | normal: P=0.736 R=0.775 | mdd: P=0.674 R=0.805 | anxious: P=0.496 R=0.285
[2025-11-30 19:41:38,485 INFO main.train_one_fold] EVAL CHUNK | Fold 3 | Epoch 012/100 | Loss: 0.7442 | Acc: 0.6590 | normal: P=0.758 R=0.526 | mdd: P=0.603 R=0.886 | anxious: P=0.620 R=0.642
[2025-11-30 19:41:38,485 INFO main.train_one_fold] EVAL SUBJECT | Fold 3 | Epoch 012/100 | Loss: 0.7442 | Acc: 0.7000 | normal: P=0.800 R=0.533 | mdd: P=0.600 R=1.000 | anxious: P=0.800 R=0.667
[2025-11-30 19:41:38,485 INFO main.train_one_fold] EVAL EC vs EO | Fold 3 | Epoch 012/100 | EO chunk acc: 0.7857 | EC chunk acc: 0.6250
[2025-11-30 19:41:38,517 INFO main.train_one_fold] ✓ Saved best model: experiments/both_fp1_ec+eo_005/fold_3_best.pth (combined=0.4613, chunk=0.6590, subject=0.7000)
[2025-11-30 19:41:38,518 INFO early_stopping.__call__] Validation improved from 0.6426 to 0.6590 (+0.0164) at epoch 12
[2025-11-30 19:41:57,040 INFO main.train_one_fold] TRAIN CHUNK | Fold 3 | Epoch 013/100 | Loss: 0.6977 | Acc: 0.6867 | normal: P=0.735 R=0.753 | mdd: P=0.702 R=0.822 | anxious: P=0.468 R=0.319
[2025-11-30 19:41:58,017 INFO main.train_one_fold] EVAL CHUNK | Fold 3 | Epoch 013/100 | Loss: 0.7192 | Acc: 0.6787 | normal: P=0.753 R=0.540 | mdd: P=0.624 R=0.949 | anxious: P=0.674 R=0.617
[2025-11-30 19:41:58,017 INFO main.train_one_fold] EVAL SUBJECT | Fold 3 | Epoch 013/100 | Loss: 0.7192 | Acc: 0.7000 | normal: P=0.800 R=0.533 | mdd: P=0.600 R=1.000 | anxious: P=0.800 R=0.667
[2025-11-30 19:41:58,017 INFO main.train_one_fold] EVAL EC vs EO | Fold 3 | Epoch 013/100 | EO chunk acc: 0.7857 | EC chunk acc: 0.6250
[2025-11-30 19:41:58,038 INFO main.train_one_fold] ✓ Saved best model: experiments/both_fp1_ec+eo_005/fold_3_best.pth (combined=0.4751, chunk=0.6787, subject=0.7000)
[2025-11-30 19:41:58,038 INFO early_stopping.__call__] Validation improved from 0.6590 to 0.6787 (+0.0197) at epoch 13
[2025-11-30 19:42:12,207 INFO main.train_one_fold] TRAIN CHUNK | Fold 3 | Epoch 014/100 | Loss: 0.6641 | Acc: 0.6859 | normal: P=0.726 R=0.752 | mdd: P=0.726 R=0.837 | anxious: P=0.429 R=0.293
[2025-11-30 19:42:13,191 INFO main.train_one_fold] EVAL CHUNK | Fold 3 | Epoch 014/100 | Loss: 0.7107 | Acc: 0.6842 | normal: P=0.833 R=0.499 | mdd: P=0.648 R=0.908 | anxious: P=0.590 R=0.786
[2025-11-30 19:42:13,191 INFO main.train_one_fold] EVAL SUBJECT | Fold 3 | Epoch 014/100 | Loss: 0.7107 | Acc: 0.6667 | normal: P=0.778 R=0.467 | mdd: P=0.692 R=1.000 | anxious: P=0.500 R=0.667
[2025-11-30 19:42:13,191 INFO main.train_one_fold] EVAL EC vs EO | Fold 3 | Epoch 014/100 | EO chunk acc: 0.7143 | EC chunk acc: 0.6250
[2025-11-30 19:42:13,191 INFO early_stopping.__call__] Validation improved from 0.6787 to 0.6842 (+0.0055) at epoch 14
[2025-11-30 19:42:27,985 INFO main.train_one_fold] TRAIN CHUNK | Fold 3 | Epoch 015/100 | Loss: 0.6488 | Acc: 0.7084 | normal: P=0.751 R=0.742 | mdd: P=0.761 R=0.861 | anxious: P=0.474 R=0.395
[2025-11-30 19:42:28,987 INFO main.train_one_fold] EVAL CHUNK | Fold 3 | Epoch 015/100 | Loss: 0.6762 | Acc: 0.7071 | normal: P=0.847 R=0.501 | mdd: P=0.660 R=0.967 | anxious: P=0.638 R=0.806
[2025-11-30 19:42:28,987 INFO main.train_one_fold] EVAL SUBJECT | Fold 3 | Epoch 015/100 | Loss: 0.6762 | Acc: 0.6667 | normal: P=0.778 R=0.467 | mdd: P=0.692 R=1.000 | anxious: P=0.500 R=0.667
[2025-11-30 19:42:28,987 INFO main.train_one_fold] EVAL EC vs EO | Fold 3 | Epoch 015/100 | EO chunk acc: 0.7143 | EC chunk acc: 0.6250
[2025-11-30 19:42:28,987 INFO early_stopping.__call__] Validation improved from 0.6842 to 0.7071 (+0.0230) at epoch 15
[2025-11-30 19:42:43,639 INFO main.train_one_fold] TRAIN CHUNK | Fold 3 | Epoch 016/100 | Loss: 0.6209 | Acc: 0.7165 | normal: P=0.753 R=0.746 | mdd: P=0.774 R=0.858 | anxious: P=0.499 R=0.430
[2025-11-30 19:42:44,669 INFO main.train_one_fold] EVAL CHUNK | Fold 3 | Epoch 016/100 | Loss: 0.6569 | Acc: 0.7180 | normal: P=0.974 R=0.431 | mdd: P=0.678 R=0.989 | anxious: P=0.612 R=0.980
[2025-11-30 19:42:44,669 INFO main.train_one_fold] EVAL SUBJECT | Fold 3 | Epoch 016/100 | Loss: 0.6569 | Acc: 0.7000 | normal: P=1.000 R=0.400 | mdd: P=0.692 R=1.000 | anxious: P=0.545 R=1.000
[2025-11-30 19:42:44,669 INFO main.train_one_fold] EVAL EC vs EO | Fold 3 | Epoch 016/100 | EO chunk acc: 0.7143 | EC chunk acc: 0.6875
[2025-11-30 19:42:44,691 INFO main.train_one_fold] ✓ Saved best model: experiments/both_fp1_ec+eo_005/fold_3_best.pth (combined=0.5026, chunk=0.7180, subject=0.7000)
[2025-11-30 19:42:44,691 INFO early_stopping.__call__] Validation improved from 0.7071 to 0.7180 (+0.0109) at epoch 16
[2025-11-30 19:43:05,449 INFO main.train_one_fold] TRAIN CHUNK | Fold 3 | Epoch 017/100 | Loss: 0.6008 | Acc: 0.7211 | normal: P=0.763 R=0.734 | mdd: P=0.794 R=0.870 | anxious: P=0.489 R=0.465
[2025-11-30 19:43:06,891 INFO main.train_one_fold] EVAL CHUNK | Fold 3 | Epoch 017/100 | Loss: 0.6405 | Acc: 0.7202 | normal: P=0.842 R=0.519 | mdd: P=0.691 R=0.989 | anxious: P=0.635 R=0.796
[2025-11-30 19:43:06,891 INFO main.train_one_fold] EVAL SUBJECT | Fold 3 | Epoch 017/100 | Loss: 0.6405 | Acc: 0.7000 | normal: P=0.875 R=0.467 | mdd: P=0.692 R=1.000 | anxious: P=0.556 R=0.833
[2025-11-30 19:43:06,891 INFO main.train_one_fold] EVAL EC vs EO | Fold 3 | Epoch 017/100 | EO chunk acc: 0.7143 | EC chunk acc: 0.6875
[2025-11-30 19:43:06,929 INFO main.train_one_fold] ✓ Saved best model: experiments/both_fp1_ec+eo_005/fold_3_best.pth (combined=0.5042, chunk=0.7202, subject=0.7000)
[2025-11-30 19:43:06,929 INFO early_stopping.__call__] Validation improved from 0.7180 to 0.7202 (+0.0022) at epoch 17
[2025-11-30 19:43:27,205 INFO main.train_one_fold] TRAIN CHUNK | Fold 3 | Epoch 018/100 | Loss: 0.5712 | Acc: 0.7358 | normal: P=0.762 R=0.763 | mdd: P=0.819 R=0.877 | anxious: P=0.512 R=0.455
[2025-11-30 19:43:28,572 INFO main.train_one_fold] EVAL CHUNK | Fold 3 | Epoch 018/100 | Loss: 0.6565 | Acc: 0.7213 | normal: P=0.859 R=0.512 | mdd: P=0.688 R=0.985 | anxious: P=0.632 R=0.821
[2025-11-30 19:43:28,572 INFO main.train_one_fold] EVAL SUBJECT | Fold 3 | Epoch 018/100 | Loss: 0.6565 | Acc: 0.7000 | normal: P=0.875 R=0.467 | mdd: P=0.692 R=1.000 | anxious: P=0.556 R=0.833
[2025-11-30 19:43:28,572 INFO main.train_one_fold] EVAL EC vs EO | Fold 3 | Epoch 018/100 | EO chunk acc: 0.7143 | EC chunk acc: 0.6875
[2025-11-30 19:43:28,605 INFO main.train_one_fold] ✓ Saved best model: experiments/both_fp1_ec+eo_005/fold_3_best.pth (combined=0.5049, chunk=0.7213, subject=0.7000)
[2025-11-30 19:43:28,605 INFO early_stopping.__call__] Validation improved from 0.7202 to 0.7213 (+0.0011) at epoch 18
[2025-11-30 19:43:48,292 INFO main.train_one_fold] TRAIN CHUNK | Fold 3 | Epoch 019/100 | Loss: 0.5627 | Acc: 0.7371 | normal: P=0.749 R=0.775 | mdd: P=0.824 R=0.886 | anxious: P=0.523 R=0.418
[2025-11-30 19:43:49,642 INFO main.train_one_fold] EVAL CHUNK | Fold 3 | Epoch 019/100 | Loss: 0.6501 | Acc: 0.6153 | normal: P=0.597 R=0.637 | mdd: P=0.692 R=0.985 | anxious: P=0.236 R=0.065
[2025-11-30 19:43:49,642 INFO main.train_one_fold] EVAL SUBJECT | Fold 3 | Epoch 019/100 | Loss: 0.6501 | Acc: 0.6000 | normal: P=0.600 R=0.600 | mdd: P=0.692 R=1.000 | anxious: P=0.000 R=0.000
[2025-11-30 19:43:49,642 INFO main.train_one_fold] EVAL EC vs EO | Fold 3 | Epoch 019/100 | EO chunk acc: 0.6429 | EC chunk acc: 0.5625
[2025-11-30 19:44:09,345 INFO main.train_one_fold] TRAIN CHUNK | Fold 3 | Epoch 020/100 | Loss: 0.5582 | Acc: 0.7418 | normal: P=0.761 R=0.767 | mdd: P=0.831 R=0.890 | anxious: P=0.522 R=0.457
[2025-11-30 19:44:10,703 INFO main.train_one_fold] EVAL CHUNK | Fold 3 | Epoch 020/100 | Loss: 0.6523 | Acc: 0.7049 | normal: P=0.755 R=0.587 | mdd: P=0.689 R=0.982 | anxious: P=0.645 R=0.587
[2025-11-30 19:44:10,703 INFO main.train_one_fold] EVAL SUBJECT | Fold 3 | Epoch 020/100 | Loss: 0.6523 | Acc: 0.7000 | normal: P=0.750 R=0.600 | mdd: P=0.692 R=1.000 | anxious: P=0.600 R=0.500
[2025-11-30 19:44:10,703 INFO main.train_one_fold] EVAL EC vs EO | Fold 3 | Epoch 020/100 | EO chunk acc: 0.7143 | EC chunk acc: 0.6875
[2025-11-30 19:44:10,724 INFO main.train_one_fold] Saved checkpoint: experiments/both_fp1_ec+eo_005/fold_3_epoch_020.pth
[2025-11-30 19:44:31,233 INFO main.train_one_fold] TRAIN CHUNK | Fold 3 | Epoch 021/100 | Loss: 0.5418 | Acc: 0.7467 | normal: P=0.758 R=0.773 | mdd: P=0.848 R=0.892 | anxious: P=0.529 R=0.463
[2025-11-30 19:44:32,578 INFO main.train_one_fold] EVAL CHUNK | Fold 3 | Epoch 021/100 | Loss: 0.6406 | Acc: 0.7158 | normal: P=0.772 R=0.585 | mdd: P=0.690 R=0.993 | anxious: P=0.670 R=0.627
[2025-11-30 19:44:32,578 INFO main.train_one_fold] EVAL SUBJECT | Fold 3 | Epoch 021/100 | Loss: 0.6406 | Acc: 0.7333 | normal: P=0.818 R=0.600 | mdd: P=0.692 R=1.000 | anxious: P=0.667 R=0.667
[2025-11-30 19:44:32,578 INFO main.train_one_fold] EVAL EC vs EO | Fold 3 | Epoch 021/100 | EO chunk acc: 0.7857 | EC chunk acc: 0.6875
[2025-11-30 19:44:32,608 INFO main.train_one_fold] ✓ Saved best model: experiments/both_fp1_ec+eo_005/fold_3_best.pth (combined=0.5250, chunk=0.7158, subject=0.7333)
[2025-11-30 19:44:53,751 INFO main.train_one_fold] TRAIN CHUNK | Fold 3 | Epoch 022/100 | Loss: 0.5303 | Acc: 0.7507 | normal: P=0.773 R=0.753 | mdd: P=0.849 R=0.899 | anxious: P=0.534 R=0.522
[2025-11-30 19:44:55,099 INFO main.train_one_fold] EVAL CHUNK | Fold 3 | Epoch 022/100 | Loss: 0.6456 | Acc: 0.6077 | normal: P=0.595 R=0.612 | mdd: P=0.689 R=0.982 | anxious: P=0.250 R=0.090
[2025-11-30 19:44:55,099 INFO main.train_one_fold] EVAL SUBJECT | Fold 3 | Epoch 022/100 | Loss: 0.6456 | Acc: 0.6000 | normal: P=0.600 R=0.600 | mdd: P=0.692 R=1.000 | anxious: P=0.000 R=0.000
[2025-11-30 19:44:55,099 INFO main.train_one_fold] EVAL EC vs EO | Fold 3 | Epoch 022/100 | EO chunk acc: 0.6429 | EC chunk acc: 0.5625
[2025-11-30 19:45:14,832 INFO main.train_one_fold] TRAIN CHUNK | Fold 3 | Epoch 023/100 | Loss: 0.5286 | Acc: 0.7411 | normal: P=0.759 R=0.748 | mdd: P=0.850 R=0.897 | anxious: P=0.513 R=0.489
[2025-11-30 19:45:16,158 INFO main.train_one_fold] EVAL CHUNK | Fold 3 | Epoch 023/100 | Loss: 0.6382 | Acc: 0.6284 | normal: P=0.602 R=0.683 | mdd: P=0.691 R=0.993 | anxious: P=0.130 R=0.015
[2025-11-30 19:45:16,158 INFO main.train_one_fold] EVAL SUBJECT | Fold 3 | Epoch 023/100 | Loss: 0.6382 | Acc: 0.6667 | normal: P=0.647 R=0.733 | mdd: P=0.692 R=1.000 | anxious: P=0.000 R=0.000
[2025-11-30 19:45:16,159 INFO main.train_one_fold] EVAL EC vs EO | Fold 3 | Epoch 023/100 | EO chunk acc: 0.6429 | EC chunk acc: 0.6875
[2025-11-30 19:45:33,850 INFO main.train_one_fold] TRAIN CHUNK | Fold 3 | Epoch 024/100 | Loss: 0.5130 | Acc: 0.7511 | normal: P=0.753 R=0.778 | mdd: P=0.862 R=0.900 | anxious: P=0.540 R=0.461
[2025-11-30 19:45:34,869 INFO main.train_one_fold] EVAL CHUNK | Fold 3 | Epoch 024/100 | Loss: 0.6316 | Acc: 0.6492 | normal: P=0.649 R=0.594 | mdd: P=0.692 R=0.996 | anxious: P=0.508 R=0.299
[2025-11-30 19:45:34,869 INFO main.train_one_fold] EVAL SUBJECT | Fold 3 | Epoch 024/100 | Loss: 0.6316 | Acc: 0.6667 | normal: P=0.692 R=0.600 | mdd: P=0.692 R=1.000 | anxious: P=0.500 R=0.333
[2025-11-30 19:45:34,869 INFO main.train_one_fold] EVAL EC vs EO | Fold 3 | Epoch 024/100 | EO chunk acc: 0.7143 | EC chunk acc: 0.6250
[2025-11-30 19:45:50,032 INFO main.train_one_fold] TRAIN CHUNK | Fold 3 | Epoch 025/100 | Loss: 0.5117 | Acc: 0.7545 | normal: P=0.776 R=0.751 | mdd: P=0.859 R=0.904 | anxious: P=0.539 R=0.539
[2025-11-30 19:45:51,034 INFO main.train_one_fold] EVAL CHUNK | Fold 3 | Epoch 025/100 | Loss: 0.6292 | Acc: 0.6557 | normal: P=0.662 R=0.583 | mdd: P=0.694 R=0.996 | anxious: P=0.526 R=0.353
[2025-11-30 19:45:51,034 INFO main.train_one_fold] EVAL SUBJECT | Fold 3 | Epoch 025/100 | Loss: 0.6292 | Acc: 0.6667 | normal: P=0.692 R=0.600 | mdd: P=0.692 R=1.000 | anxious: P=0.500 R=0.333
[2025-11-30 19:45:51,034 INFO main.train_one_fold] EVAL EC vs EO | Fold 3 | Epoch 025/100 | EO chunk acc: 0.7143 | EC chunk acc: 0.6250
[2025-11-30 19:46:06,378 INFO main.train_one_fold] TRAIN CHUNK | Fold 3 | Epoch 026/100 | Loss: 0.5092 | Acc: 0.7526 | normal: P=0.764 R=0.762 | mdd: P=0.866 R=0.902 | anxious: P=0.534 R=0.505
[2025-11-30 19:46:07,655 INFO main.train_one_fold] EVAL CHUNK | Fold 3 | Epoch 026/100 | Loss: 0.6219 | Acc: 0.6317 | normal: P=0.621 R=0.612 | mdd: P=0.695 R=0.993 | anxious: P=0.411 R=0.184
[2025-11-30 19:46:07,655 INFO main.train_one_fold] EVAL SUBJECT | Fold 3 | Epoch 026/100 | Loss: 0.6219 | Acc: 0.6333 | normal: P=0.643 R=0.600 | mdd: P=0.692 R=1.000 | anxious: P=0.333 R=0.167
[2025-11-30 19:46:07,655 INFO main.train_one_fold] EVAL EC vs EO | Fold 3 | Epoch 026/100 | EO chunk acc: 0.6429 | EC chunk acc: 0.6250
[2025-11-30 19:46:23,257 INFO main.train_one_fold] TRAIN CHUNK | Fold 3 | Epoch 027/100 | Loss: 0.4990 | Acc: 0.7647 | normal: P=0.765 R=0.793 | mdd: P=0.870 R=0.907 | anxious: P=0.570 R=0.481
[2025-11-30 19:46:24,379 INFO main.train_one_fold] EVAL CHUNK | Fold 3 | Epoch 027/100 | Loss: 0.6185 | Acc: 0.6295 | normal: P=0.611 R=0.635 | mdd: P=0.697 R=0.996 | anxious: P=0.358 R=0.119
[2025-11-30 19:46:24,379 INFO main.train_one_fold] EVAL SUBJECT | Fold 3 | Epoch 027/100 | Loss: 0.6185 | Acc: 0.6000 | normal: P=0.600 R=0.600 | mdd: P=0.692 R=1.000 | anxious: P=0.000 R=0.000
[2025-11-30 19:46:24,379 INFO main.train_one_fold] EVAL EC vs EO | Fold 3 | Epoch 027/100 | EO chunk acc: 0.6429 | EC chunk acc: 0.5625
[2025-11-30 19:46:43,956 INFO main.train_one_fold] TRAIN CHUNK | Fold 3 | Epoch 028/100 | Loss: 0.4906 | Acc: 0.7677 | normal: P=0.781 R=0.767 | mdd: P=0.869 R=0.909 | anxious: P=0.571 R=0.559
[2025-11-30 19:46:45,324 INFO main.train_one_fold] EVAL CHUNK | Fold 3 | Epoch 028/100 | Loss: 0.6219 | Acc: 0.6459 | normal: P=0.638 R=0.617 | mdd: P=0.695 R=0.993 | anxious: P=0.485 R=0.239
[2025-11-30 19:46:45,324 INFO main.train_one_fold] EVAL SUBJECT | Fold 3 | Epoch 028/100 | Loss: 0.6219 | Acc: 0.6333 | normal: P=0.643 R=0.600 | mdd: P=0.692 R=1.000 | anxious: P=0.333 R=0.167
[2025-11-30 19:46:45,324 INFO main.train_one_fold] EVAL EC vs EO | Fold 3 | Epoch 028/100 | EO chunk acc: 0.6429 | EC chunk acc: 0.6250
[2025-11-30 19:47:05,856 INFO main.train_one_fold] TRAIN CHUNK | Fold 3 | Epoch 029/100 | Loss: 0.4966 | Acc: 0.7660 | normal: P=0.774 R=0.782 | mdd: P=0.864 R=0.904 | anxious: P=0.574 R=0.519
[2025-11-30 19:47:07,409 INFO main.train_one_fold] EVAL CHUNK | Fold 3 | Epoch 029/100 | Loss: 0.6041 | Acc: 0.7552 | normal: P=0.954 R=0.517 | mdd: P=0.696 R=0.996 | anxious: P=0.670 R=0.950
[2025-11-30 19:47:07,413 INFO main.train_one_fold] EVAL SUBJECT | Fold 3 | Epoch 029/100 | Loss: 0.6041 | Acc: 0.7667 | normal: P=1.000 R=0.533 | mdd: P=0.692 R=1.000 | anxious: P=0.667 R=1.000
[2025-11-30 19:47:07,417 INFO main.train_one_fold] EVAL EC vs EO | Fold 3 | Epoch 029/100 | EO chunk acc: 0.7857 | EC chunk acc: 0.7500
[2025-11-30 19:47:07,469 INFO main.train_one_fold] ✓ Saved best model: experiments/both_fp1_ec+eo_005/fold_3_best.pth (combined=0.5790, chunk=0.7552, subject=0.7667)
[2025-11-30 19:47:07,470 INFO early_stopping.__call__] Validation improved from 0.7213 to 0.7552 (+0.0339) at epoch 29
[2025-11-30 19:47:29,415 INFO main.train_one_fold] TRAIN CHUNK | Fold 3 | Epoch 030/100 | Loss: 0.4906 | Acc: 0.7702 | normal: P=0.801 R=0.747 | mdd: P=0.866 R=0.907 | anxious: P=0.569 R=0.622
[2025-11-30 19:47:30,776 INFO main.train_one_fold] EVAL CHUNK | Fold 3 | Epoch 030/100 | Loss: 0.5920 | Acc: 0.7661 | normal: P=0.867 R=0.608 | mdd: P=0.699 R=0.996 | anxious: P=0.742 R=0.801
[2025-11-30 19:47:30,776 INFO main.train_one_fold] EVAL SUBJECT | Fold 3 | Epoch 030/100 | Loss: 0.5920 | Acc: 0.8000 | normal: P=1.000 R=0.600 | mdd: P=0.692 R=1.000 | anxious: P=0.750 R=1.000
[2025-11-30 19:47:30,776 INFO main.train_one_fold] EVAL EC vs EO | Fold 3 | Epoch 030/100 | EO chunk acc: 0.8571 | EC chunk acc: 0.7500
[2025-11-30 19:47:30,808 INFO main.train_one_fold] ✓ Saved best model: experiments/both_fp1_ec+eo_005/fold_3_best.pth (combined=0.6129, chunk=0.7661, subject=0.8000)
[2025-11-30 19:47:30,808 INFO early_stopping.__call__] Validation improved from 0.7552 to 0.7661 (+0.0109) at epoch 30
[2025-11-30 19:47:30,830 INFO main.train_one_fold] Saved checkpoint: experiments/both_fp1_ec+eo_005/fold_3_epoch_030.pth
[2025-11-30 19:47:52,490 INFO main.train_one_fold] TRAIN CHUNK | Fold 3 | Epoch 031/100 | Loss: 0.4862 | Acc: 0.7745 | normal: P=0.788 R=0.777 | mdd: P=0.869 R=0.909 | anxious: P=0.587 R=0.566
[2025-11-30 19:47:53,831 INFO main.train_one_fold] EVAL CHUNK | Fold 3 | Epoch 031/100 | Loss: 0.5918 | Acc: 0.7607 | normal: P=0.878 R=0.585 | mdd: P=0.699 R=0.996 | anxious: P=0.716 R=0.826
[2025-11-30 19:47:53,831 INFO main.train_one_fold] EVAL SUBJECT | Fold 3 | Epoch 031/100 | Loss: 0.5918 | Acc: 0.8000 | normal: P=1.000 R=0.600 | mdd: P=0.692 R=1.000 | anxious: P=0.750 R=1.000
[2025-11-30 19:47:53,831 INFO main.train_one_fold] EVAL EC vs EO | Fold 3 | Epoch 031/100 | EO chunk acc: 0.8571 | EC chunk acc: 0.7500
[2025-11-30 19:48:15,259 INFO main.train_one_fold] TRAIN CHUNK | Fold 3 | Epoch 032/100 | Loss: 0.4759 | Acc: 0.7838 | normal: P=0.801 R=0.775 | mdd: P=0.881 R=0.911 | anxious: P=0.598 R=0.616
[2025-11-30 19:48:16,598 INFO main.train_one_fold] EVAL CHUNK | Fold 3 | Epoch 032/100 | Loss: 0.5828 | Acc: 0.7705 | normal: P=0.879 R=0.608 | mdd: P=0.708 R=0.996 | anxious: P=0.730 R=0.821
[2025-11-30 19:48:16,598 INFO main.train_one_fold] EVAL SUBJECT | Fold 3 | Epoch 032/100 | Loss: 0.5828 | Acc: 0.8000 | normal: P=1.000 R=0.600 | mdd: P=0.692 R=1.000 | anxious: P=0.750 R=1.000
[2025-11-30 19:48:16,598 INFO main.train_one_fold] EVAL EC vs EO | Fold 3 | Epoch 032/100 | EO chunk acc: 0.8571 | EC chunk acc: 0.7500
[2025-11-30 19:48:16,631 INFO main.train_one_fold] ✓ Saved best model: experiments/both_fp1_ec+eo_005/fold_3_best.pth (combined=0.6164, chunk=0.7705, subject=0.8000)
[2025-11-30 19:48:16,632 INFO early_stopping.__call__] Validation improved from 0.7661 to 0.7705 (+0.0044) at epoch 32
[2025-11-30 19:48:37,915 INFO main.train_one_fold] TRAIN CHUNK | Fold 3 | Epoch 033/100 | Loss: 0.4622 | Acc: 0.7930 | normal: P=0.817 R=0.773 | mdd: P=0.884 R=0.912 | anxious: P=0.611 R=0.664
[2025-11-30 19:48:39,250 INFO main.train_one_fold] EVAL CHUNK | Fold 3 | Epoch 033/100 | Loss: 0.5966 | Acc: 0.7082 | normal: P=0.740 R=0.608 | mdd: P=0.706 R=0.996 | anxious: P=0.643 R=0.537
[2025-11-30 19:48:39,250 INFO main.train_one_fold] EVAL SUBJECT | Fold 3 | Epoch 033/100 | Loss: 0.5966 | Acc: 0.6667 | normal: P=0.692 R=0.600 | mdd: P=0.692 R=1.000 | anxious: P=0.500 R=0.333
[2025-11-30 19:48:39,251 INFO main.train_one_fold] EVAL EC vs EO | Fold 3 | Epoch 033/100 | EO chunk acc: 0.7143 | EC chunk acc: 0.6250
[2025-11-30 19:49:00,312 INFO main.train_one_fold] TRAIN CHUNK | Fold 3 | Epoch 034/100 | Loss: 0.4668 | Acc: 0.7896 | normal: P=0.813 R=0.769 | mdd: P=0.885 R=0.909 | anxious: P=0.604 R=0.663
[2025-11-30 19:49:01,649 INFO main.train_one_fold] EVAL CHUNK | Fold 3 | Epoch 034/100 | Loss: 0.5812 | Acc: 0.7661 | normal: P=0.856 R=0.619 | mdd: P=0.721 R=0.996 | anxious: P=0.712 R=0.776
[2025-11-30 19:49:01,650 INFO main.train_one_fold] EVAL SUBJECT | Fold 3 | Epoch 034/100 | Loss: 0.5812 | Acc: 0.7667 | normal: P=0.900 R=0.600 | mdd: P=0.692 R=1.000 | anxious: P=0.714 R=0.833
[2025-11-30 19:49:01,650 INFO main.train_one_fold] EVAL EC vs EO | Fold 3 | Epoch 034/100 | EO chunk acc: 0.7857 | EC chunk acc: 0.7500
[2025-11-30 19:49:22,597 INFO main.train_one_fold] TRAIN CHUNK | Fold 3 | Epoch 035/100 | Loss: 0.4675 | Acc: 0.7843 | normal: P=0.806 R=0.767 | mdd: P=0.879 R=0.911 | anxious: P=0.597 R=0.638
[2025-11-30 19:49:24,254 INFO main.train_one_fold] EVAL CHUNK | Fold 3 | Epoch 035/100 | Loss: 0.5573 | Acc: 0.7716 | normal: P=0.835 R=0.655 | mdd: P=0.729 R=0.996 | anxious: P=0.740 R=0.721
[2025-11-30 19:49:24,254 INFO main.train_one_fold] EVAL SUBJECT | Fold 3 | Epoch 035/100 | Loss: 0.5573 | Acc: 0.8000 | normal: P=0.909 R=0.667 | mdd: P=0.750 R=1.000 | anxious: P=0.714 R=0.833
[2025-11-30 19:49:24,254 INFO main.train_one_fold] EVAL EC vs EO | Fold 3 | Epoch 035/100 | EO chunk acc: 0.7857 | EC chunk acc: 0.8125
[2025-11-30 19:49:24,285 INFO main.train_one_fold] ✓ Saved best model: experiments/both_fp1_ec+eo_005/fold_3_best.pth (combined=0.6173, chunk=0.7716, subject=0.8000)
[2025-11-30 19:49:24,285 INFO early_stopping.__call__] Validation improved from 0.7705 to 0.7716 (+0.0011) at epoch 35
[2025-11-30 19:49:42,760 INFO main.train_one_fold] TRAIN CHUNK | Fold 3 | Epoch 036/100 | Loss: 0.4552 | Acc: 0.7977 | normal: P=0.824 R=0.765 | mdd: P=0.892 R=0.914 | anxious: P=0.618 R=0.704
[2025-11-30 19:49:43,754 INFO main.train_one_fold] EVAL CHUNK | Fold 3 | Epoch 036/100 | Loss: 0.5599 | Acc: 0.7421 | normal: P=0.779 R=0.649 | mdd: P=0.721 R=0.996 | anxious: P=0.708 R=0.602
[2025-11-30 19:49:43,754 INFO main.train_one_fold] EVAL SUBJECT | Fold 3 | Epoch 036/100 | Loss: 0.5599 | Acc: 0.7333 | normal: P=0.769 R=0.667 | mdd: P=0.692 R=1.000 | anxious: P=0.750 R=0.500
[2025-11-30 19:49:43,754 INFO main.train_one_fold] EVAL EC vs EO | Fold 3 | Epoch 036/100 | EO chunk acc: 0.7143 | EC chunk acc: 0.7500
[2025-11-30 19:50:00,713 INFO main.train_one_fold] TRAIN CHUNK | Fold 3 | Epoch 037/100 | Loss: 0.4490 | Acc: 0.7957 | normal: P=0.823 R=0.770 | mdd: P=0.884 R=0.910 | anxious: P=0.617 R=0.689
[2025-11-30 19:50:01,703 INFO main.train_one_fold] EVAL CHUNK | Fold 3 | Epoch 037/100 | Loss: 0.5681 | Acc: 0.6820 | normal: P=0.668 R=0.676 | mdd: P=0.727 R=0.996 | anxious: P=0.568 R=0.269
[2025-11-30 19:50:01,703 INFO main.train_one_fold] EVAL SUBJECT | Fold 3 | Epoch 037/100 | Loss: 0.5681 | Acc: 0.7333 | normal: P=0.733 R=0.733 | mdd: P=0.750 R=1.000 | anxious: P=0.667 R=0.333
[2025-11-30 19:50:01,703 INFO main.train_one_fold] EVAL EC vs EO | Fold 3 | Epoch 037/100 | EO chunk acc: 0.7143 | EC chunk acc: 0.7500
[2025-11-30 19:50:21,988 INFO main.train_one_fold] TRAIN CHUNK | Fold 3 | Epoch 038/100 | Loss: 0.4491 | Acc: 0.8066 | normal: P=0.832 R=0.785 | mdd: P=0.884 R=0.915 | anxious: P=0.641 R=0.698
[2025-11-30 19:50:23,313 INFO main.train_one_fold] EVAL CHUNK | Fold 3 | Epoch 038/100 | Loss: 0.5402 | Acc: 0.7880 | normal: P=0.908 R=0.624 | mdd: P=0.716 R=0.996 | anxious: P=0.750 R=0.866
[2025-11-30 19:50:23,313 INFO main.train_one_fold] EVAL SUBJECT | Fold 3 | Epoch 038/100 | Loss: 0.5402 | Acc: 0.8333 | normal: P=1.000 R=0.667 | mdd: P=0.692 R=1.000 | anxious: P=0.857 R=1.000
[2025-11-30 19:50:23,313 INFO main.train_one_fold] EVAL EC vs EO | Fold 3 | Epoch 038/100 | EO chunk acc: 0.8571 | EC chunk acc: 0.8125
[2025-11-30 19:50:23,345 INFO main.train_one_fold] ✓ Saved best model: experiments/both_fp1_ec+eo_005/fold_3_best.pth (combined=0.6566, chunk=0.7880, subject=0.8333)
[2025-11-30 19:50:23,345 INFO early_stopping.__call__] Validation improved from 0.7716 to 0.7880 (+0.0164) at epoch 38
[2025-11-30 19:50:47,137 INFO main.train_one_fold] TRAIN CHUNK | Fold 3 | Epoch 039/100 | Loss: 0.4468 | Acc: 0.8043 | normal: P=0.846 R=0.756 | mdd: P=0.885 R=0.913 | anxious: P=0.626 R=0.761
[2025-11-30 19:50:48,456 INFO main.train_one_fold] EVAL CHUNK | Fold 3 | Epoch 039/100 | Loss: 0.5430 | Acc: 0.7858 | normal: P=0.877 R=0.646 | mdd: P=0.720 R=0.996 | anxious: P=0.764 R=0.806
[2025-11-30 19:50:48,457 INFO main.train_one_fold] EVAL SUBJECT | Fold 3 | Epoch 039/100 | Loss: 0.5430 | Acc: 0.8333 | normal: P=1.000 R=0.667 | mdd: P=0.692 R=1.000 | anxious: P=0.857 R=1.000
[2025-11-30 19:50:48,457 INFO main.train_one_fold] EVAL EC vs EO | Fold 3 | Epoch 039/100 | EO chunk acc: 0.8571 | EC chunk acc: 0.8125
[2025-11-30 19:51:12,163 INFO main.train_one_fold] TRAIN CHUNK | Fold 3 | Epoch 040/100 | Loss: 0.4440 | Acc: 0.8038 | normal: P=0.840 R=0.766 | mdd: P=0.883 R=0.912 | anxious: P=0.627 R=0.736
[2025-11-30 19:51:13,458 INFO main.train_one_fold] EVAL CHUNK | Fold 3 | Epoch 040/100 | Loss: 0.5415 | Acc: 0.8044 | normal: P=0.920 R=0.651 | mdd: P=0.723 R=0.996 | anxious: P=0.780 R=0.881
[2025-11-30 19:51:13,458 INFO main.train_one_fold] EVAL SUBJECT | Fold 3 | Epoch 040/100 | Loss: 0.5415 | Acc: 0.8667 | normal: P=1.000 R=0.733 | mdd: P=0.750 R=1.000 | anxious: P=0.857 R=1.000
[2025-11-30 19:51:13,458 INFO main.train_one_fold] EVAL EC vs EO | Fold 3 | Epoch 040/100 | EO chunk acc: 0.8571 | EC chunk acc: 0.8750
[2025-11-30 19:51:13,496 INFO main.train_one_fold] ✓ Saved best model: experiments/both_fp1_ec+eo_005/fold_3_best.pth (combined=0.6971, chunk=0.8044, subject=0.8667)
[2025-11-30 19:51:13,496 INFO early_stopping.__call__] Validation improved from 0.7880 to 0.8044 (+0.0164) at epoch 40
[2025-11-30 19:51:13,517 INFO main.train_one_fold] Saved checkpoint: experiments/both_fp1_ec+eo_005/fold_3_epoch_040.pth
[2025-11-30 19:51:36,970 INFO main.train_one_fold] TRAIN CHUNK | Fold 3 | Epoch 041/100 | Loss: 0.4413 | Acc: 0.8047 | normal: P=0.842 R=0.767 | mdd: P=0.882 R=0.911 | anxious: P=0.630 R=0.739
[2025-11-30 19:51:38,625 INFO main.train_one_fold] EVAL CHUNK | Fold 3 | Epoch 041/100 | Loss: 0.5349 | Acc: 0.7519 | normal: P=0.797 R=0.651 | mdd: P=0.723 R=0.996 | anxious: P=0.721 R=0.642
[2025-11-30 19:51:38,625 INFO main.train_one_fold] EVAL SUBJECT | Fold 3 | Epoch 041/100 | Loss: 0.5349 | Acc: 0.8000 | normal: P=0.846 R=0.733 | mdd: P=0.750 R=1.000 | anxious: P=0.800 R=0.667
[2025-11-30 19:51:38,625 INFO main.train_one_fold] EVAL EC vs EO | Fold 3 | Epoch 041/100 | EO chunk acc: 0.7857 | EC chunk acc: 0.8125
[2025-11-30 19:52:02,427 INFO main.train_one_fold] TRAIN CHUNK | Fold 3 | Epoch 042/100 | Loss: 0.4308 | Acc: 0.8123 | normal: P=0.844 R=0.780 | mdd: P=0.888 R=0.909 | anxious: P=0.649 R=0.748
[2025-11-30 19:52:03,697 INFO main.train_one_fold] EVAL CHUNK | Fold 3 | Epoch 042/100 | Loss: 0.5257 | Acc: 0.8131 | normal: P=0.975 R=0.628 | mdd: P=0.723 R=0.996 | anxious: P=0.765 R=0.970
[2025-11-30 19:52:03,697 INFO main.train_one_fold] EVAL SUBJECT | Fold 3 | Epoch 042/100 | Loss: 0.5257 | Acc: 0.8333 | normal: P=1.000 R=0.667 | mdd: P=0.750 R=1.000 | anxious: P=0.750 R=1.000
[2025-11-30 19:52:03,697 INFO main.train_one_fold] EVAL EC vs EO | Fold 3 | Epoch 042/100 | EO chunk acc: 0.8571 | EC chunk acc: 0.8125
[2025-11-30 19:52:03,697 INFO early_stopping.__call__] Validation improved from 0.8044 to 0.8131 (+0.0087) at epoch 42
[2025-11-30 19:52:32,108 INFO main.train_one_fold] TRAIN CHUNK | Fold 3 | Epoch 043/100 | Loss: 0.4238 | Acc: 0.8128 | normal: P=0.850 R=0.771 | mdd: P=0.891 R=0.912 | anxious: P=0.643 R=0.769
[2025-11-30 19:52:33,364 INFO main.train_one_fold] EVAL CHUNK | Fold 3 | Epoch 043/100 | Loss: 0.5134 | Acc: 0.8109 | normal: P=0.929 R=0.658 | mdd: P=0.731 R=0.996 | anxious: P=0.779 R=0.896
[2025-11-30 19:52:33,364 INFO main.train_one_fold] EVAL SUBJECT | Fold 3 | Epoch 043/100 | Loss: 0.5134 | Acc: 0.8667 | normal: P=1.000 R=0.733 | mdd: P=0.750 R=1.000 | anxious: P=0.857 R=1.000
[2025-11-30 19:52:33,364 INFO main.train_one_fold] EVAL EC vs EO | Fold 3 | Epoch 043/100 | EO chunk acc: 0.8571 | EC chunk acc: 0.8750
[2025-11-30 19:52:33,393 INFO main.train_one_fold] ✓ Saved best model: experiments/both_fp1_ec+eo_005/fold_3_best.pth (combined=0.7028, chunk=0.8109, subject=0.8667)
[2025-11-30 19:52:58,680 INFO main.train_one_fold] TRAIN CHUNK | Fold 3 | Epoch 044/100 | Loss: 0.4190 | Acc: 0.8204 | normal: P=0.857 R=0.779 | mdd: P=0.893 R=0.914 | anxious: P=0.657 R=0.782
[2025-11-30 19:52:59,638 INFO main.train_one_fold] EVAL CHUNK | Fold 3 | Epoch 044/100 | Loss: 0.5139 | Acc: 0.8164 | normal: P=0.972 R=0.637 | mdd: P=0.733 R=0.996 | anxious: P=0.761 R=0.965
[2025-11-30 19:52:59,638 INFO main.train_one_fold] EVAL SUBJECT | Fold 3 | Epoch 044/100 | Loss: 0.5139 | Acc: 0.8333 | normal: P=1.000 R=0.667 | mdd: P=0.750 R=1.000 | anxious: P=0.750 R=1.000
[2025-11-30 19:52:59,638 INFO main.train_one_fold] EVAL EC vs EO | Fold 3 | Epoch 044/100 | EO chunk acc: 0.8571 | EC chunk acc: 0.8125
[2025-11-30 19:52:59,638 INFO early_stopping.__call__] Validation improved from 0.8131 to 0.8164 (+0.0033) at epoch 44
[2025-11-30 19:53:24,817 INFO main.train_one_fold] TRAIN CHUNK | Fold 3 | Epoch 045/100 | Loss: 0.4095 | Acc: 0.8270 | normal: P=0.860 R=0.788 | mdd: P=0.896 R=0.912 | anxious: P=0.674 R=0.797
[2025-11-30 19:53:25,772 INFO main.train_one_fold] EVAL CHUNK | Fold 3 | Epoch 045/100 | Loss: 0.5316 | Acc: 0.8087 | normal: P=0.978 R=0.617 | mdd: P=0.731 R=0.996 | anxious: P=0.740 R=0.975
[2025-11-30 19:53:25,773 INFO main.train_one_fold] EVAL SUBJECT | Fold 3 | Epoch 045/100 | Loss: 0.5316 | Acc: 0.8333 | normal: P=1.000 R=0.667 | mdd: P=0.750 R=1.000 | anxious: P=0.750 R=1.000
[2025-11-30 19:53:25,773 INFO main.train_one_fold] EVAL EC vs EO | Fold 3 | Epoch 045/100 | EO chunk acc: 0.8571 | EC chunk acc: 0.8125
[2025-11-30 19:53:53,853 INFO main.train_one_fold] TRAIN CHUNK | Fold 3 | Epoch 046/100 | Loss: 0.4064 | Acc: 0.8276 | normal: P=0.865 R=0.783 | mdd: P=0.895 R=0.915 | anxious: P=0.672 R=0.807
[2025-11-30 19:53:55,103 INFO main.train_one_fold] EVAL CHUNK | Fold 3 | Epoch 046/100 | Loss: 0.5142 | Acc: 0.8164 | normal: P=0.950 R=0.653 | mdd: P=0.733 R=0.996 | anxious: P=0.776 R=0.930
[2025-11-30 19:53:55,104 INFO main.train_one_fold] EVAL SUBJECT | Fold 3 | Epoch 046/100 | Loss: 0.5142 | Acc: 0.8333 | normal: P=1.000 R=0.667 | mdd: P=0.750 R=1.000 | anxious: P=0.750 R=1.000
[2025-11-30 19:53:55,104 INFO main.train_one_fold] EVAL EC vs EO | Fold 3 | Epoch 046/100 | EO chunk acc: 0.8571 | EC chunk acc: 0.8125
[2025-11-30 19:54:26,922 INFO main.train_one_fold] TRAIN CHUNK | Fold 3 | Epoch 047/100 | Loss: 0.4029 | Acc: 0.8325 | normal: P=0.874 R=0.785 | mdd: P=0.895 R=0.913 | anxious: P=0.678 R=0.830
[2025-11-30 19:54:28,176 INFO main.train_one_fold] EVAL CHUNK | Fold 3 | Epoch 047/100 | Loss: 0.5116 | Acc: 0.8120 | normal: P=0.979 R=0.624 | mdd: P=0.733 R=0.996 | anxious: P=0.745 R=0.975
[2025-11-30 19:54:28,176 INFO main.train_one_fold] EVAL SUBJECT | Fold 3 | Epoch 047/100 | Loss: 0.5116 | Acc: 0.8333 | normal: P=1.000 R=0.667 | mdd: P=0.750 R=1.000 | anxious: P=0.750 R=1.000
[2025-11-30 19:54:28,176 INFO main.train_one_fold] EVAL EC vs EO | Fold 3 | Epoch 047/100 | EO chunk acc: 0.8571 | EC chunk acc: 0.8125
[2025-11-30 19:55:00,389 INFO main.train_one_fold] TRAIN CHUNK | Fold 3 | Epoch 048/100 | Loss: 0.3942 | Acc: 0.8359 | normal: P=0.877 R=0.788 | mdd: P=0.897 R=0.914 | anxious: P=0.685 R=0.838
[2025-11-30 19:55:01,642 INFO main.train_one_fold] EVAL CHUNK | Fold 3 | Epoch 048/100 | Loss: 0.5055 | Acc: 0.8044 | normal: P=0.925 R=0.646 | mdd: P=0.737 R=0.996 | anxious: P=0.752 R=0.891
[2025-11-30 19:55:01,642 INFO main.train_one_fold] EVAL SUBJECT | Fold 3 | Epoch 048/100 | Loss: 0.5055 | Acc: 0.8333 | normal: P=1.000 R=0.667 | mdd: P=0.750 R=1.000 | anxious: P=0.750 R=1.000
[2025-11-30 19:55:01,643 INFO main.train_one_fold] EVAL EC vs EO | Fold 3 | Epoch 048/100 | EO chunk acc: 0.8571 | EC chunk acc: 0.8125
[2025-11-30 19:55:34,245 INFO main.train_one_fold] TRAIN CHUNK | Fold 3 | Epoch 049/100 | Loss: 0.3991 | Acc: 0.8338 | normal: P=0.869 R=0.796 | mdd: P=0.898 R=0.907 | anxious: P=0.685 R=0.819
[2025-11-30 19:55:35,540 INFO main.train_one_fold] EVAL CHUNK | Fold 3 | Epoch 049/100 | Loss: 0.5090 | Acc: 0.8055 | normal: P=0.940 R=0.637 | mdd: P=0.735 R=0.996 | anxious: P=0.748 R=0.915
[2025-11-30 19:55:35,541 INFO main.train_one_fold] EVAL SUBJECT | Fold 3 | Epoch 049/100 | Loss: 0.5090 | Acc: 0.8333 | normal: P=1.000 R=0.667 | mdd: P=0.750 R=1.000 | anxious: P=0.750 R=1.000
[2025-11-30 19:55:35,541 INFO main.train_one_fold] EVAL EC vs EO | Fold 3 | Epoch 049/100 | EO chunk acc: 0.8571 | EC chunk acc: 0.8125
[2025-11-30 19:56:03,774 INFO main.train_one_fold] TRAIN CHUNK | Fold 3 | Epoch 050/100 | Loss: 0.4001 | Acc: 0.8298 | normal: P=0.869 R=0.786 | mdd: P=0.897 R=0.911 | anxious: P=0.672 R=0.816
[2025-11-30 19:56:04,728 INFO main.train_one_fold] EVAL CHUNK | Fold 3 | Epoch 050/100 | Loss: 0.5005 | Acc: 0.8120 | normal: P=0.982 R=0.621 | mdd: P=0.733 R=0.996 | anxious: P=0.743 R=0.980
[2025-11-30 19:56:04,729 INFO main.train_one_fold] EVAL SUBJECT | Fold 3 | Epoch 050/100 | Loss: 0.5005 | Acc: 0.8333 | normal: P=1.000 R=0.667 | mdd: P=0.750 R=1.000 | anxious: P=0.750 R=1.000
[2025-11-30 19:56:04,729 INFO main.train_one_fold] EVAL EC vs EO | Fold 3 | Epoch 050/100 | EO chunk acc: 0.8571 | EC chunk acc: 0.8125
[2025-11-30 19:56:04,743 INFO main.train_one_fold] Saved checkpoint: experiments/both_fp1_ec+eo_005/fold_3_epoch_050.pth
[2025-11-30 19:56:31,554 INFO main.train_one_fold] TRAIN CHUNK | Fold 3 | Epoch 051/100 | Loss: 0.3926 | Acc: 0.8400 | normal: P=0.877 R=0.797 | mdd: P=0.902 R=0.914 | anxious: P=0.692 R=0.837
[2025-11-30 19:56:32,780 INFO main.train_one_fold] EVAL CHUNK | Fold 3 | Epoch 051/100 | Loss: 0.5007 | Acc: 0.8142 | normal: P=0.975 R=0.630 | mdd: P=0.735 R=0.996 | anxious: P=0.750 R=0.970
[2025-11-30 19:56:32,780 INFO main.train_one_fold] EVAL SUBJECT | Fold 3 | Epoch 051/100 | Loss: 0.5007 | Acc: 0.8333 | normal: P=1.000 R=0.667 | mdd: P=0.750 R=1.000 | anxious: P=0.750 R=1.000
[2025-11-30 19:56:32,780 INFO main.train_one_fold] EVAL EC vs EO | Fold 3 | Epoch 051/100 | EO chunk acc: 0.8571 | EC chunk acc: 0.8125
[2025-11-30 19:57:06,507 INFO main.train_one_fold] TRAIN CHUNK | Fold 3 | Epoch 052/100 | Loss: 0.3884 | Acc: 0.8402 | normal: P=0.881 R=0.792 | mdd: P=0.902 R=0.915 | anxious: P=0.689 R=0.848
[2025-11-30 19:57:08,089 INFO main.train_one_fold] EVAL CHUNK | Fold 3 | Epoch 052/100 | Loss: 0.4863 | Acc: 0.8197 | normal: P=0.966 R=0.649 | mdd: P=0.733 R=0.996 | anxious: P=0.774 R=0.955
[2025-11-30 19:57:08,089 INFO main.train_one_fold] EVAL SUBJECT | Fold 3 | Epoch 052/100 | Loss: 0.4863 | Acc: 0.8333 | normal: P=1.000 R=0.667 | mdd: P=0.750 R=1.000 | anxious: P=0.750 R=1.000
[2025-11-30 19:57:08,089 INFO main.train_one_fold] EVAL EC vs EO | Fold 3 | Epoch 052/100 | EO chunk acc: 0.8571 | EC chunk acc: 0.8125
[2025-11-30 19:57:08,089 INFO early_stopping.__call__] Validation improved from 0.8164 to 0.8197 (+0.0033) at epoch 52
[2025-11-30 19:57:44,296 INFO main.train_one_fold] TRAIN CHUNK | Fold 3 | Epoch 053/100 | Loss: 0.3946 | Acc: 0.8363 | normal: P=0.871 R=0.798 | mdd: P=0.892 R=0.914 | anxious: P=0.696 R=0.815
[2025-11-30 19:57:45,563 INFO main.train_one_fold] EVAL CHUNK | Fold 3 | Epoch 053/100 | Loss: 0.4982 | Acc: 0.8120 | normal: P=0.979 R=0.624 | mdd: P=0.735 R=0.996 | anxious: P=0.742 R=0.975
[2025-11-30 19:57:45,563 INFO main.train_one_fold] EVAL SUBJECT | Fold 3 | Epoch 053/100 | Loss: 0.4982 | Acc: 0.8333 | normal: P=1.000 R=0.667 | mdd: P=0.750 R=1.000 | anxious: P=0.750 R=1.000
[2025-11-30 19:57:45,564 INFO main.train_one_fold] EVAL EC vs EO | Fold 3 | Epoch 053/100 | EO chunk acc: 0.8571 | EC chunk acc: 0.8125
[2025-11-30 19:58:23,203 INFO main.train_one_fold] TRAIN CHUNK | Fold 3 | Epoch 054/100 | Loss: 0.3808 | Acc: 0.8391 | normal: P=0.874 R=0.796 | mdd: P=0.903 R=0.918 | anxious: P=0.692 R=0.829
[2025-11-30 19:58:24,435 INFO main.train_one_fold] EVAL CHUNK | Fold 3 | Epoch 054/100 | Loss: 0.4959 | Acc: 0.8109 | normal: P=0.975 R=0.624 | mdd: P=0.731 R=0.996 | anxious: P=0.747 R=0.970
[2025-11-30 19:58:24,435 INFO main.train_one_fold] EVAL SUBJECT | Fold 3 | Epoch 054/100 | Loss: 0.4959 | Acc: 0.8333 | normal: P=1.000 R=0.667 | mdd: P=0.750 R=1.000 | anxious: P=0.750 R=1.000
[2025-11-30 19:58:24,435 INFO main.train_one_fold] EVAL EC vs EO | Fold 3 | Epoch 054/100 | EO chunk acc: 0.8571 | EC chunk acc: 0.8125
[2025-11-30 19:58:58,913 INFO main.train_one_fold] TRAIN CHUNK | Fold 3 | Epoch 055/100 | Loss: 0.3867 | Acc: 0.8391 | normal: P=0.879 R=0.796 | mdd: P=0.901 R=0.911 | anxious: P=0.688 R=0.839
[2025-11-30 19:58:59,862 INFO main.train_one_fold] EVAL CHUNK | Fold 3 | Epoch 055/100 | Loss: 0.5012 | Acc: 0.8120 | normal: P=0.941 R=0.651 | mdd: P=0.731 R=0.996 | anxious: P=0.773 R=0.915
[2025-11-30 19:58:59,862 INFO main.train_one_fold] EVAL SUBJECT | Fold 3 | Epoch 055/100 | Loss: 0.5012 | Acc: 0.8333 | normal: P=1.000 R=0.667 | mdd: P=0.750 R=1.000 | anxious: P=0.750 R=1.000
[2025-11-30 19:58:59,862 INFO main.train_one_fold] EVAL EC vs EO | Fold 3 | Epoch 055/100 | EO chunk acc: 0.8571 | EC chunk acc: 0.8125
[2025-11-30 19:59:31,633 INFO main.train_one_fold] TRAIN CHUNK | Fold 3 | Epoch 056/100 | Loss: 0.3807 | Acc: 0.8436 | normal: P=0.878 R=0.807 | mdd: P=0.901 R=0.914 | anxious: P=0.702 R=0.831
[2025-11-30 19:59:32,846 INFO main.train_one_fold] EVAL CHUNK | Fold 3 | Epoch 056/100 | Loss: 0.5004 | Acc: 0.8022 | normal: P=0.978 R=0.603 | mdd: P=0.729 R=0.996 | anxious: P=0.726 R=0.975
[2025-11-30 19:59:32,846 INFO main.train_one_fold] EVAL SUBJECT | Fold 3 | Epoch 056/100 | Loss: 0.5004 | Acc: 0.8000 | normal: P=1.000 R=0.600 | mdd: P=0.750 R=1.000 | anxious: P=0.667 R=1.000
[2025-11-30 19:59:32,846 INFO main.train_one_fold] EVAL EC vs EO | Fold 3 | Epoch 056/100 | EO chunk acc: 0.7857 | EC chunk acc: 0.8125
[2025-11-30 20:00:15,573 INFO main.train_one_fold] TRAIN CHUNK | Fold 3 | Epoch 057/100 | Loss: 0.3816 | Acc: 0.8419 | normal: P=0.882 R=0.797 | mdd: P=0.897 R=0.911 | anxious: P=0.698 R=0.850
[2025-11-30 20:00:16,823 INFO main.train_one_fold] EVAL CHUNK | Fold 3 | Epoch 057/100 | Loss: 0.5008 | Acc: 0.8109 | normal: P=0.982 R=0.619 | mdd: P=0.729 R=0.996 | anxious: P=0.746 R=0.980
[2025-11-30 20:00:16,824 INFO main.train_one_fold] EVAL SUBJECT | Fold 3 | Epoch 057/100 | Loss: 0.5008 | Acc: 0.8333 | normal: P=1.000 R=0.667 | mdd: P=0.750 R=1.000 | anxious: P=0.750 R=1.000
[2025-11-30 20:00:16,824 INFO main.train_one_fold] EVAL EC vs EO | Fold 3 | Epoch 057/100 | EO chunk acc: 0.8571 | EC chunk acc: 0.8125
[2025-11-30 20:01:01,092 INFO main.train_one_fold] TRAIN CHUNK | Fold 3 | Epoch 058/100 | Loss: 0.3793 | Acc: 0.8421 | normal: P=0.881 R=0.799 | mdd: P=0.895 R=0.911 | anxious: P=0.701 R=0.845
[2025-11-30 20:01:02,345 INFO main.train_one_fold] EVAL CHUNK | Fold 3 | Epoch 058/100 | Loss: 0.5130 | Acc: 0.8087 | normal: P=0.982 R=0.615 | mdd: P=0.731 R=0.996 | anxious: P=0.738 R=0.980
[2025-11-30 20:01:02,345 INFO main.train_one_fold] EVAL SUBJECT | Fold 3 | Epoch 058/100 | Loss: 0.5130 | Acc: 0.8333 | normal: P=1.000 R=0.667 | mdd: P=0.750 R=1.000 | anxious: P=0.750 R=1.000
[2025-11-30 20:01:02,345 INFO main.train_one_fold] EVAL EC vs EO | Fold 3 | Epoch 058/100 | EO chunk acc: 0.8571 | EC chunk acc: 0.8125
[2025-11-30 20:01:42,220 INFO main.train_one_fold] TRAIN CHUNK | Fold 3 | Epoch 059/100 | Loss: 0.3838 | Acc: 0.8434 | normal: P=0.882 R=0.801 | mdd: P=0.899 R=0.918 | anxious: P=0.699 R=0.838
[2025-11-30 20:01:43,174 INFO main.train_one_fold] EVAL CHUNK | Fold 3 | Epoch 059/100 | Loss: 0.4848 | Acc: 0.8153 | normal: P=0.979 R=0.630 | mdd: P=0.733 R=0.996 | anxious: P=0.754 R=0.975
[2025-11-30 20:01:43,174 INFO main.train_one_fold] EVAL SUBJECT | Fold 3 | Epoch 059/100 | Loss: 0.4848 | Acc: 0.8333 | normal: P=1.000 R=0.667 | mdd: P=0.750 R=1.000 | anxious: P=0.750 R=1.000
[2025-11-30 20:01:43,174 INFO main.train_one_fold] EVAL EC vs EO | Fold 3 | Epoch 059/100 | EO chunk acc: 0.8571 | EC chunk acc: 0.8125
[2025-11-30 20:02:21,294 INFO main.train_one_fold] TRAIN CHUNK | Fold 3 | Epoch 060/100 | Loss: 0.3809 | Acc: 0.8417 | normal: P=0.883 R=0.798 | mdd: P=0.898 R=0.911 | anxious: P=0.695 R=0.848
[2025-11-30 20:02:22,655 INFO main.train_one_fold] EVAL CHUNK | Fold 3 | Epoch 060/100 | Loss: 0.4621 | Acc: 0.8328 | normal: P=0.974 R=0.671 | mdd: P=0.741 R=0.996 | anxious: P=0.795 R=0.965
[2025-11-30 20:02:22,655 INFO main.train_one_fold] EVAL SUBJECT | Fold 3 | Epoch 060/100 | Loss: 0.4621 | Acc: 0.8333 | normal: P=1.000 R=0.667 | mdd: P=0.750 R=1.000 | anxious: P=0.750 R=1.000
[2025-11-30 20:02:22,655 INFO main.train_one_fold] EVAL EC vs EO | Fold 3 | Epoch 060/100 | EO chunk acc: 0.8571 | EC chunk acc: 0.8125
[2025-11-30 20:02:22,655 INFO early_stopping.__call__] Validation improved from 0.8197 to 0.8328 (+0.0131) at epoch 60
[2025-11-30 20:02:22,687 INFO main.train_one_fold] Saved checkpoint: experiments/both_fp1_ec+eo_005/fold_3_epoch_060.pth
[2025-11-30 20:03:10,609 INFO main.train_one_fold] TRAIN CHUNK | Fold 3 | Epoch 061/100 | Loss: 0.3693 | Acc: 0.8457 | normal: P=0.887 R=0.798 | mdd: P=0.897 R=0.917 | anxious: P=0.704 R=0.857
[2025-11-30 20:03:11,889 INFO main.train_one_fold] EVAL CHUNK | Fold 3 | Epoch 061/100 | Loss: 0.5040 | Acc: 0.8109 | normal: P=0.962 R=0.633 | mdd: P=0.725 R=0.996 | anxious: P=0.764 R=0.950
[2025-11-30 20:03:11,889 INFO main.train_one_fold] EVAL SUBJECT | Fold 3 | Epoch 061/100 | Loss: 0.5040 | Acc: 0.8333 | normal: P=1.000 R=0.667 | mdd: P=0.750 R=1.000 | anxious: P=0.750 R=1.000
[2025-11-30 20:03:11,889 INFO main.train_one_fold] EVAL EC vs EO | Fold 3 | Epoch 061/100 | EO chunk acc: 0.8571 | EC chunk acc: 0.8125
[2025-11-30 20:04:00,009 INFO main.train_one_fold] TRAIN CHUNK | Fold 3 | Epoch 062/100 | Loss: 0.3739 | Acc: 0.8461 | normal: P=0.884 R=0.802 | mdd: P=0.892 R=0.919 | anxious: P=0.713 R=0.847
[2025-11-30 20:04:01,326 INFO main.train_one_fold] EVAL CHUNK | Fold 3 | Epoch 062/100 | Loss: 0.4709 | Acc: 0.8208 | normal: P=0.976 R=0.644 | mdd: P=0.735 R=0.996 | anxious: P=0.768 R=0.970
[2025-11-30 20:04:01,327 INFO main.train_one_fold] EVAL SUBJECT | Fold 3 | Epoch 062/100 | Loss: 0.4709 | Acc: 0.8333 | normal: P=1.000 R=0.667 | mdd: P=0.750 R=1.000 | anxious: P=0.750 R=1.000
[2025-11-30 20:04:01,327 INFO main.train_one_fold] EVAL EC vs EO | Fold 3 | Epoch 062/100 | EO chunk acc: 0.8571 | EC chunk acc: 0.8125
[2025-11-30 20:04:39,945 INFO main.train_one_fold] TRAIN CHUNK | Fold 3 | Epoch 063/100 | Loss: 0.3643 | Acc: 0.8512 | normal: P=0.891 R=0.806 | mdd: P=0.903 R=0.918 | anxious: P=0.713 R=0.865
[2025-11-30 20:04:41,011 INFO main.train_one_fold] EVAL CHUNK | Fold 3 | Epoch 063/100 | Loss: 0.4856 | Acc: 0.8142 | normal: P=0.975 R=0.630 | mdd: P=0.735 R=0.996 | anxious: P=0.750 R=0.970
[2025-11-30 20:04:41,012 INFO main.train_one_fold] EVAL SUBJECT | Fold 3 | Epoch 063/100 | Loss: 0.4856 | Acc: 0.8333 | normal: P=1.000 R=0.667 | mdd: P=0.750 R=1.000 | anxious: P=0.750 R=1.000
[2025-11-30 20:04:41,012 INFO main.train_one_fold] EVAL EC vs EO | Fold 3 | Epoch 063/100 | EO chunk acc: 0.8571 | EC chunk acc: 0.8125
[2025-11-30 20:05:22,742 INFO main.train_one_fold] TRAIN CHUNK | Fold 3 | Epoch 064/100 | Loss: 0.3625 | Acc: 0.8531 | normal: P=0.896 R=0.804 | mdd: P=0.902 R=0.917 | anxious: P=0.714 R=0.881
[2025-11-30 20:05:24,294 INFO main.train_one_fold] EVAL CHUNK | Fold 3 | Epoch 064/100 | Loss: 0.4845 | Acc: 0.8109 | normal: P=0.975 R=0.624 | mdd: P=0.731 R=0.996 | anxious: P=0.747 R=0.970
[2025-11-30 20:05:24,295 INFO main.train_one_fold] EVAL SUBJECT | Fold 3 | Epoch 064/100 | Loss: 0.4845 | Acc: 0.8333 | normal: P=1.000 R=0.667 | mdd: P=0.750 R=1.000 | anxious: P=0.750 R=1.000
[2025-11-30 20:05:24,295 INFO main.train_one_fold] EVAL EC vs EO | Fold 3 | Epoch 064/100 | EO chunk acc: 0.8571 | EC chunk acc: 0.8125
[2025-11-30 20:06:13,290 INFO main.train_one_fold] TRAIN CHUNK | Fold 3 | Epoch 065/100 | Loss: 0.3736 | Acc: 0.8497 | normal: P=0.882 R=0.816 | mdd: P=0.898 R=0.915 | anxious: P=0.721 R=0.836
[2025-11-30 20:06:14,859 INFO main.train_one_fold] EVAL CHUNK | Fold 3 | Epoch 065/100 | Loss: 0.4766 | Acc: 0.8164 | normal: P=0.969 R=0.639 | mdd: P=0.737 R=0.996 | anxious: P=0.757 R=0.960
[2025-11-30 20:06:14,860 INFO main.train_one_fold] EVAL SUBJECT | Fold 3 | Epoch 065/100 | Loss: 0.4766 | Acc: 0.8333 | normal: P=1.000 R=0.667 | mdd: P=0.750 R=1.000 | anxious: P=0.750 R=1.000
[2025-11-30 20:06:14,860 INFO main.train_one_fold] EVAL EC vs EO | Fold 3 | Epoch 065/100 | EO chunk acc: 0.8571 | EC chunk acc: 0.8125
[2025-11-30 20:07:03,044 INFO main.train_one_fold] TRAIN CHUNK | Fold 3 | Epoch 066/100 | Loss: 0.3687 | Acc: 0.8495 | normal: P=0.887 R=0.808 | mdd: P=0.900 R=0.915 | anxious: P=0.714 R=0.854
[2025-11-30 20:07:04,329 INFO main.train_one_fold] EVAL CHUNK | Fold 3 | Epoch 066/100 | Loss: 0.4840 | Acc: 0.8131 | normal: P=0.982 R=0.624 | mdd: P=0.731 R=0.996 | anxious: P=0.749 R=0.980
[2025-11-30 20:07:04,329 INFO main.train_one_fold] EVAL SUBJECT | Fold 3 | Epoch 066/100 | Loss: 0.4840 | Acc: 0.8333 | normal: P=1.000 R=0.667 | mdd: P=0.750 R=1.000 | anxious: P=0.750 R=1.000
[2025-11-30 20:07:04,329 INFO main.train_one_fold] EVAL EC vs EO | Fold 3 | Epoch 066/100 | EO chunk acc: 0.8571 | EC chunk acc: 0.8125
[2025-11-30 20:07:43,661 INFO main.train_one_fold] TRAIN CHUNK | Fold 3 | Epoch 067/100 | Loss: 0.3564 | Acc: 0.8559 | normal: P=0.895 R=0.811 | mdd: P=0.900 R=0.919 | anxious: P=0.726 R=0.873
[2025-11-30 20:07:44,969 INFO main.train_one_fold] EVAL CHUNK | Fold 3 | Epoch 067/100 | Loss: 0.4860 | Acc: 0.8077 | normal: P=0.982 R=0.612 | mdd: P=0.727 R=0.996 | anxious: P=0.741 R=0.980
[2025-11-30 20:07:44,970 INFO main.train_one_fold] EVAL SUBJECT | Fold 3 | Epoch 067/100 | Loss: 0.4860 | Acc: 0.8333 | normal: P=1.000 R=0.667 | mdd: P=0.750 R=1.000 | anxious: P=0.750 R=1.000
[2025-11-30 20:07:44,970 INFO main.train_one_fold] EVAL EC vs EO | Fold 3 | Epoch 067/100 | EO chunk acc: 0.8571 | EC chunk acc: 0.8125
[2025-11-30 20:08:34,417 INFO main.train_one_fold] TRAIN CHUNK | Fold 3 | Epoch 068/100 | Loss: 0.3625 | Acc: 0.8531 | normal: P=0.892 R=0.811 | mdd: P=0.900 R=0.914 | anxious: P=0.720 R=0.867
[2025-11-30 20:08:36,269 INFO main.train_one_fold] EVAL CHUNK | Fold 3 | Epoch 068/100 | Loss: 0.4700 | Acc: 0.8164 | normal: P=0.979 R=0.633 | mdd: P=0.737 R=0.996 | anxious: P=0.751 R=0.975
[2025-11-30 20:08:36,270 INFO main.train_one_fold] EVAL SUBJECT | Fold 3 | Epoch 068/100 | Loss: 0.4700 | Acc: 0.8333 | normal: P=1.000 R=0.667 | mdd: P=0.750 R=1.000 | anxious: P=0.750 R=1.000
[2025-11-30 20:08:36,270 INFO main.train_one_fold] EVAL EC vs EO | Fold 3 | Epoch 068/100 | EO chunk acc: 0.8571 | EC chunk acc: 0.8125
[2025-11-30 20:09:26,241 INFO main.train_one_fold] TRAIN CHUNK | Fold 3 | Epoch 069/100 | Loss: 0.3580 | Acc: 0.8533 | normal: P=0.887 R=0.815 | mdd: P=0.901 R=0.916 | anxious: P=0.726 R=0.854
[2025-11-30 20:09:27,706 INFO main.train_one_fold] EVAL CHUNK | Fold 3 | Epoch 069/100 | Loss: 0.4707 | Acc: 0.8120 | normal: P=0.982 R=0.621 | mdd: P=0.735 R=0.996 | anxious: P=0.741 R=0.980
[2025-11-30 20:09:27,706 INFO main.train_one_fold] EVAL SUBJECT | Fold 3 | Epoch 069/100 | Loss: 0.4707 | Acc: 0.8333 | normal: P=1.000 R=0.667 | mdd: P=0.750 R=1.000 | anxious: P=0.750 R=1.000
[2025-11-30 20:09:27,706 INFO main.train_one_fold] EVAL EC vs EO | Fold 3 | Epoch 069/100 | EO chunk acc: 0.8571 | EC chunk acc: 0.8125
[2025-11-30 20:10:08,080 INFO main.train_one_fold] TRAIN CHUNK | Fold 3 | Epoch 070/100 | Loss: 0.3688 | Acc: 0.8459 | normal: P=0.882 R=0.807 | mdd: P=0.898 R=0.911 | anxious: P=0.710 R=0.846
[2025-11-30 20:10:09,704 INFO main.train_one_fold] EVAL CHUNK | Fold 3 | Epoch 070/100 | Loss: 0.4763 | Acc: 0.8142 | normal: P=0.979 R=0.628 | mdd: P=0.737 R=0.996 | anxious: P=0.745 R=0.975
[2025-11-30 20:10:09,704 INFO main.train_one_fold] EVAL SUBJECT | Fold 3 | Epoch 070/100 | Loss: 0.4763 | Acc: 0.8333 | normal: P=1.000 R=0.667 | mdd: P=0.750 R=1.000 | anxious: P=0.750 R=1.000
[2025-11-30 20:10:09,704 INFO main.train_one_fold] EVAL EC vs EO | Fold 3 | Epoch 070/100 | EO chunk acc: 0.8571 | EC chunk acc: 0.8125
[2025-11-30 20:10:09,717 INFO main.train_one_fold] Saved checkpoint: experiments/both_fp1_ec+eo_005/fold_3_epoch_070.pth
[2025-11-30 20:11:01,352 INFO main.train_one_fold] TRAIN CHUNK | Fold 3 | Epoch 071/100 | Loss: 0.3662 | Acc: 0.8546 | normal: P=0.887 R=0.817 | mdd: P=0.906 R=0.916 | anxious: P=0.725 R=0.856
[2025-11-30 20:11:03,636 INFO main.train_one_fold] EVAL CHUNK | Fold 3 | Epoch 071/100 | Loss: 0.4802 | Acc: 0.8219 | normal: P=0.966 R=0.653 | mdd: P=0.733 R=0.996 | anxious: P=0.780 R=0.955
[2025-11-30 20:11:03,636 INFO main.train_one_fold] EVAL SUBJECT | Fold 3 | Epoch 071/100 | Loss: 0.4802 | Acc: 0.8333 | normal: P=1.000 R=0.667 | mdd: P=0.750 R=1.000 | anxious: P=0.750 R=1.000
[2025-11-30 20:11:03,636 INFO main.train_one_fold] EVAL EC vs EO | Fold 3 | Epoch 071/100 | EO chunk acc: 0.8571 | EC chunk acc: 0.8125
[2025-11-30 20:11:53,781 INFO main.train_one_fold] TRAIN CHUNK | Fold 3 | Epoch 072/100 | Loss: 0.3534 | Acc: 0.8546 | normal: P=0.889 R=0.816 | mdd: P=0.899 R=0.916 | anxious: P=0.729 R=0.860
[2025-11-30 20:11:55,693 INFO main.train_one_fold] EVAL CHUNK | Fold 3 | Epoch 072/100 | Loss: 0.4747 | Acc: 0.8208 | normal: P=0.973 R=0.646 | mdd: P=0.725 R=0.996 | anxious: P=0.785 R=0.965
[2025-11-30 20:11:55,693 INFO main.train_one_fold] EVAL SUBJECT | Fold 3 | Epoch 072/100 | Loss: 0.4747 | Acc: 0.8667 | normal: P=1.000 R=0.733 | mdd: P=0.750 R=1.000 | anxious: P=0.857 R=1.000
[2025-11-30 20:11:55,693 INFO main.train_one_fold] EVAL EC vs EO | Fold 3 | Epoch 072/100 | EO chunk acc: 0.8571 | EC chunk acc: 0.8750
[2025-11-30 20:11:55,711 INFO main.train_one_fold] ✓ Saved best model: experiments/both_fp1_ec+eo_005/fold_3_best.pth (combined=0.7113, chunk=0.8208, subject=0.8667)
[2025-11-30 20:12:37,561 INFO main.train_one_fold] TRAIN CHUNK | Fold 3 | Epoch 073/100 | Loss: 0.3523 | Acc: 0.8570 | normal: P=0.893 R=0.816 | mdd: P=0.899 R=0.920 | anxious: P=0.732 R=0.865
[2025-11-30 20:12:40,510 INFO main.train_one_fold] EVAL CHUNK | Fold 3 | Epoch 073/100 | Loss: 0.4464 | Acc: 0.8328 | normal: P=0.980 R=0.667 | mdd: P=0.741 R=0.996 | anxious: P=0.790 R=0.975
[2025-11-30 20:12:40,510 INFO main.train_one_fold] EVAL SUBJECT | Fold 3 | Epoch 073/100 | Loss: 0.4464 | Acc: 0.8333 | normal: P=1.000 R=0.667 | mdd: P=0.750 R=1.000 | anxious: P=0.750 R=1.000
[2025-11-30 20:12:40,510 INFO main.train_one_fold] EVAL EC vs EO | Fold 3 | Epoch 073/100 | EO chunk acc: 0.8571 | EC chunk acc: 0.8125
[2025-11-30 20:13:33,426 INFO main.train_one_fold] TRAIN CHUNK | Fold 3 | Epoch 074/100 | Loss: 0.3542 | Acc: 0.8521 | normal: P=0.881 R=0.819 | mdd: P=0.902 R=0.914 | anxious: P=0.727 R=0.840
[2025-11-30 20:13:36,427 INFO main.train_one_fold] EVAL CHUNK | Fold 3 | Epoch 074/100 | Loss: 0.4847 | Acc: 0.8164 | normal: P=0.972 R=0.637 | mdd: P=0.729 R=0.996 | anxious: P=0.767 R=0.965
[2025-11-30 20:13:36,427 INFO main.train_one_fold] EVAL SUBJECT | Fold 3 | Epoch 074/100 | Loss: 0.4847 | Acc: 0.8333 | normal: P=1.000 R=0.667 | mdd: P=0.750 R=1.000 | anxious: P=0.750 R=1.000
[2025-11-30 20:13:36,427 INFO main.train_one_fold] EVAL EC vs EO | Fold 3 | Epoch 074/100 | EO chunk acc: 0.8571 | EC chunk acc: 0.8125
[2025-11-30 20:14:29,363 INFO main.train_one_fold] TRAIN CHUNK | Fold 3 | Epoch 075/100 | Loss: 0.3484 | Acc: 0.8578 | normal: P=0.890 R=0.821 | mdd: P=0.904 R=0.919 | anxious: P=0.734 R=0.859
[2025-11-30 20:14:32,087 INFO main.train_one_fold] EVAL CHUNK | Fold 3 | Epoch 075/100 | Loss: 0.4575 | Acc: 0.8230 | normal: P=0.979 R=0.646 | mdd: P=0.741 R=0.996 | anxious: P=0.763 R=0.975
[2025-11-30 20:14:32,087 INFO main.train_one_fold] EVAL SUBJECT | Fold 3 | Epoch 075/100 | Loss: 0.4575 | Acc: 0.8333 | normal: P=1.000 R=0.667 | mdd: P=0.750 R=1.000 | anxious: P=0.750 R=1.000
[2025-11-30 20:14:32,087 INFO main.train_one_fold] EVAL EC vs EO | Fold 3 | Epoch 075/100 | EO chunk acc: 0.8571 | EC chunk acc: 0.8125
[2025-11-30 20:15:15,710 INFO main.train_one_fold] TRAIN CHUNK | Fold 3 | Epoch 076/100 | Loss: 0.3442 | Acc: 0.8633 | normal: P=0.901 R=0.821 | mdd: P=0.906 R=0.922 | anxious: P=0.737 R=0.882
[2025-11-30 20:15:18,693 INFO main.train_one_fold] EVAL CHUNK | Fold 3 | Epoch 076/100 | Loss: 0.4392 | Acc: 0.8306 | normal: P=0.983 R=0.660 | mdd: P=0.743 R=0.996 | anxious: P=0.779 R=0.980
[2025-11-30 20:15:18,693 INFO main.train_one_fold] EVAL SUBJECT | Fold 3 | Epoch 076/100 | Loss: 0.4392 | Acc: 0.8333 | normal: P=1.000 R=0.667 | mdd: P=0.750 R=1.000 | anxious: P=0.750 R=1.000
[2025-11-30 20:15:18,693 INFO main.train_one_fold] EVAL EC vs EO | Fold 3 | Epoch 076/100 | EO chunk acc: 0.8571 | EC chunk acc: 0.8125
[2025-11-30 20:16:10,777 INFO main.train_one_fold] TRAIN CHUNK | Fold 3 | Epoch 077/100 | Loss: 0.3414 | Acc: 0.8616 | normal: P=0.899 R=0.822 | mdd: P=0.907 R=0.921 | anxious: P=0.732 R=0.871
[2025-11-30 20:16:14,917 INFO main.train_one_fold] EVAL CHUNK | Fold 3 | Epoch 077/100 | Loss: 0.4572 | Acc: 0.8240 | normal: P=0.979 R=0.649 | mdd: P=0.731 R=0.996 | anxious: P=0.781 R=0.975
[2025-11-30 20:16:14,917 INFO main.train_one_fold] EVAL SUBJECT | Fold 3 | Epoch 077/100 | Loss: 0.4572 | Acc: 0.8333 | normal: P=1.000 R=0.667 | mdd: P=0.750 R=1.000 | anxious: P=0.750 R=1.000
[2025-11-30 20:16:14,917 INFO main.train_one_fold] EVAL EC vs EO | Fold 3 | Epoch 077/100 | EO chunk acc: 0.8571 | EC chunk acc: 0.8125
[2025-11-30 20:17:10,770 INFO main.train_one_fold] TRAIN CHUNK | Fold 3 | Epoch 078/100 | Loss: 0.3520 | Acc: 0.8606 | normal: P=0.900 R=0.819 | mdd: P=0.901 R=0.917 | anxious: P=0.735 R=0.879
[2025-11-30 20:17:15,122 INFO main.train_one_fold] EVAL CHUNK | Fold 3 | Epoch 078/100 | Loss: 0.4423 | Acc: 0.8317 | normal: P=0.977 R=0.667 | mdd: P=0.743 R=0.996 | anxious: P=0.786 R=0.970
[2025-11-30 20:17:15,122 INFO main.train_one_fold] EVAL SUBJECT | Fold 3 | Epoch 078/100 | Loss: 0.4423 | Acc: 0.8333 | normal: P=1.000 R=0.667 | mdd: P=0.750 R=1.000 | anxious: P=0.750 R=1.000
[2025-11-30 20:17:15,122 INFO main.train_one_fold] EVAL EC vs EO | Fold 3 | Epoch 078/100 | EO chunk acc: 0.8571 | EC chunk acc: 0.8125
[2025-11-30 20:18:02,016 INFO main.train_one_fold] TRAIN CHUNK | Fold 3 | Epoch 079/100 | Loss: 0.3456 | Acc: 0.8604 | normal: P=0.895 R=0.822 | mdd: P=0.905 R=0.916 | anxious: P=0.736 R=0.873
[2025-11-30 20:18:05,433 INFO main.train_one_fold] EVAL CHUNK | Fold 3 | Epoch 079/100 | Loss: 0.4417 | Acc: 0.8328 | normal: P=0.980 R=0.667 | mdd: P=0.737 R=0.996 | anxious: P=0.797 R=0.975
[2025-11-30 20:18:05,433 INFO main.train_one_fold] EVAL SUBJECT | Fold 3 | Epoch 079/100 | Loss: 0.4417 | Acc: 0.8667 | normal: P=1.000 R=0.733 | mdd: P=0.750 R=1.000 | anxious: P=0.857 R=1.000
[2025-11-30 20:18:05,433 INFO main.train_one_fold] EVAL EC vs EO | Fold 3 | Epoch 079/100 | EO chunk acc: 0.8571 | EC chunk acc: 0.8750
[2025-11-30 20:18:05,457 INFO main.train_one_fold] ✓ Saved best model: experiments/both_fp1_ec+eo_005/fold_3_best.pth (combined=0.7217, chunk=0.8328, subject=0.8667)
[2025-11-30 20:18:57,059 INFO main.train_one_fold] TRAIN CHUNK | Fold 3 | Epoch 080/100 | Loss: 0.3412 | Acc: 0.8599 | normal: P=0.893 R=0.824 | mdd: P=0.905 R=0.916 | anxious: P=0.737 R=0.866
[2025-11-30 20:19:01,527 INFO main.train_one_fold] EVAL CHUNK | Fold 3 | Epoch 080/100 | Loss: 0.4498 | Acc: 0.8284 | normal: P=0.973 R=0.662 | mdd: P=0.739 R=0.996 | anxious: P=0.785 R=0.965
[2025-11-30 20:19:01,527 INFO main.train_one_fold] EVAL SUBJECT | Fold 3 | Epoch 080/100 | Loss: 0.4498 | Acc: 0.8667 | normal: P=1.000 R=0.733 | mdd: P=0.750 R=1.000 | anxious: P=0.857 R=1.000
[2025-11-30 20:19:01,527 INFO main.train_one_fold] EVAL EC vs EO | Fold 3 | Epoch 080/100 | EO chunk acc: 0.8571 | EC chunk acc: 0.8750
[2025-11-30 20:19:01,527 INFO early_stopping.__call__] Early stopping triggered after 20 epochs without improvement. Best score: 0.8328 at epoch 60
[2025-11-30 20:19:01,527 INFO main.train_one_fold] Early stopping triggered at epoch 80
[2025-11-30 20:19:01,527 INFO main.train_one_fold] 
Fold 3 training completed. Best Combined Val Acc: 0.7217 at epoch 79
[2025-11-30 20:19:01,527 INFO main.train_cross_validation] ================================================================================
[2025-11-30 20:19:01,527 INFO main.train_cross_validation] FOLD 4/6
[2025-11-30 20:19:01,527 INFO main.train_cross_validation] ================================================================================
[2025-11-30 20:19:01,528 INFO main.get_datasets_for_fold] Train subjects (156): ['mdd:H S1 EC', 'mdd:H S1 EO', 'mdd:H S15 EC', 'mdd:H S14 EO', 'mdd:H S14 EC', 'mdd:H S23 EC', 'mdd:H S23 EO', 'mdd:H S29 EC', 'mdd:H S29 EO', 'cane:H S1054 EC', 'cane:H S1054 EO', 'cane:H S1095 EC', 'cane:H S1095 EO', 'cane:H S1033 EO', 'cane:H S1033 EC', 'cane:H S0079 EC', 'cane:H S0079 EO', 'mdd:MDD S6 EO', 'mdd:MDD S6 EC', 'mdd:MDD S4 EO', 'mdd:MDD S15 EC', 'mdd:MDD S15 EO', 'mdd:MDD S28 EO', 'mdd:MDD S28 EC', 'mdd:MDD S10 EO', 'mdd:MDD S10 EC', 'mdd:MDD S32 EO', 'mdd:MDD S32 EC', 'cane:AX S1009 EO', 'cane:AX S1009 EC', 'cane:AX S1084 EO', 'cane:AX S1084 EC', 'cane:AX S0057 EO', 'cane:AX S0057 EC', 'mdd:H S4 EO', 'mdd:H S4 EC', 'mdd:H S18 EO', 'mdd:H S8 EC', 'mdd:H S8 EO', 'mdd:H S26 EO', 'mdd:H S26 EC', 'mdd:H S22 EC', 'mdd:H S22 EO', 'cane:H S1002 EC', 'cane:H S1002 EO', 'cane:H S1060 EO', 'cane:H S1060 EC', 'cane:H S1101 EO', 'cane:H S1101 EC', 'mdd:MDD S21 EO', 'mdd:MDD S21 EC', 'mdd:MDD S22 EC', 'mdd:MDD S22 EO', 'mdd:MDD S16 EO', 'mdd:MDD S13 EC', 'mdd:MDD S13 EO', 'mdd:MDD S30 EC', 'mdd:MDD S30 EO', 'mdd:MDD S31 EC', 'mdd:MDD S31 EO', 'cane:AX S1006 EC', 'cane:AX S1006 EO', 'cane:AX S1065 EC', 'cane:AX S1065 EO', 'cane:AX S0041 EC', 'cane:AX S0041 EO', 'mdd:H S13 EC', 'mdd:H S13 EO', 'mdd:H S16 EO', 'mdd:H S16 EC', 'mdd:H S11 EO', 'mdd:H S11 EC', 'mdd:H S19 EC', 'mdd:H S19 EO', 'mdd:H S27 EC', 'mdd:H S27 EO', 'cane:H S1008 EO', 'cane:H S1008 EC', 'cane:H S1028 EC', 'cane:H S1096 EO', 'cane:H S1096 EC', 'mdd:MDD S23 EC', 'mdd:MDD S23 EO', 'mdd:MDD S25 EO', 'mdd:MDD S25 EC', 'mdd:MDD S9 EO', 'mdd:MDD S9 EC', 'mdd:MDD S1 EC', 'mdd:MDD S33 EC', 'mdd:MDD S33 EO', 'cane:AX S1087 EC', 'cane:AX S1087 EO', 'cane:AX S1027 EO', 'cane:AX S1027 EC', 'cane:AX S1007 EC', 'cane:AX S1007 EO', 'mdd:H S12 EO', 'mdd:H S7 EO', 'mdd:H S7 EC', 'mdd:H S3 EO']...
[2025-11-30 20:19:01,528 INFO main.get_datasets_for_fold] Val subjects (30): ['mdd:H S9 EC', 'mdd:H S9 EO', 'mdd:H S28 EO', 'mdd:H S28 EC', 'mdd:H S6 EO', 'mdd:H S6 EC', 'mdd:H S25 EC', 'mdd:H S2 EC', 'mdd:H S2 EO', 'cane:H S1022 EC', 'cane:H S1022 EO', 'cane:H S0012 EO', 'cane:H S0012 EC', 'cane:H S1085 EC', 'cane:H S1085 EO', 'mdd:MDD S5 EC', 'mdd:MDD S5 EO', 'mdd:MDD S20 EC', 'mdd:MDD S20 EO', 'mdd:MDD S34 EO', 'mdd:MDD S34 EC', 'mdd:MDD S27 EO', 'mdd:MDD S27 EC', 'mdd:MDD S11 EO', 'cane:AX S0074 EO', 'cane:AX S0074 EC', 'cane:AX S0056 EO', 'cane:AX S0056 EC', 'cane:AX S1050 EC', 'cane:AX S1050 EO']
[2025-11-30 20:19:01,531 INFO main.get_datasets_for_fold] Training chunks: MDD=2844, CANE=1861, Total=4705
[2025-11-30 20:19:01,531 INFO main.get_datasets_for_fold] Validation chunks: MDD=541, CANE=374, Total=915
[2025-11-30 20:19:01,542 INFO model.__init__] Initialized LSTM with input_size=1728, hidden_size=100, batch_first=True
[2025-11-30 20:19:01,543 INFO main.train_one_fold] Starting training for fold 4
[2025-11-30 20:19:20,067 INFO main.train_one_fold] TRAIN CHUNK | Fold 4 | Epoch 001/100 | Loss: 1.0561 | Acc: 0.4493 | normal: P=0.491 R=0.773 | mdd: P=0.300 R=0.218 | anxious: P=0.000 R=0.000
[2025-11-30 20:19:21,371 INFO main.train_one_fold] EVAL CHUNK | Fold 4 | Epoch 001/100 | Loss: 1.0340 | Acc: 0.5005 | normal: P=0.501 R=1.000 | mdd: P=0.000 R=0.000 | anxious: P=0.000 R=0.000
[2025-11-30 20:19:21,371 INFO main.train_one_fold] EVAL SUBJECT | Fold 4 | Epoch 001/100 | Loss: 1.0340 | Acc: 0.5000 | normal: P=0.500 R=1.000 | mdd: P=0.000 R=0.000 | anxious: P=0.000 R=0.000
[2025-11-30 20:19:21,371 INFO main.train_one_fold] EVAL EC vs EO | Fold 4 | Epoch 001/100 | EO chunk acc: 0.4667 | EC chunk acc: 0.5333
[2025-11-30 20:19:21,391 INFO main.train_one_fold] ✓ Saved best model: experiments/both_fp1_ec+eo_005/fold_4_best.pth (combined=0.2503, chunk=0.5005, subject=0.5000)
[2025-11-30 20:19:21,391 INFO early_stopping.__call__] Early stopping initialized: best score 0.5005 at epoch 1
[2025-11-30 20:19:40,131 INFO main.train_one_fold] TRAIN CHUNK | Fold 4 | Epoch 002/100 | Loss: 1.0265 | Acc: 0.4965 | normal: P=0.496 R=1.000 | mdd: P=0.000 R=0.000 | anxious: P=0.000 R=0.000
[2025-11-30 20:19:41,428 INFO main.train_one_fold] EVAL CHUNK | Fold 4 | Epoch 002/100 | Loss: 1.0201 | Acc: 0.5005 | normal: P=0.501 R=1.000 | mdd: P=0.000 R=0.000 | anxious: P=0.000 R=0.000
[2025-11-30 20:19:41,428 INFO main.train_one_fold] EVAL SUBJECT | Fold 4 | Epoch 002/100 | Loss: 1.0201 | Acc: 0.5000 | normal: P=0.500 R=1.000 | mdd: P=0.000 R=0.000 | anxious: P=0.000 R=0.000
[2025-11-30 20:19:41,428 INFO main.train_one_fold] EVAL EC vs EO | Fold 4 | Epoch 002/100 | EO chunk acc: 0.4667 | EC chunk acc: 0.5333
[2025-11-30 20:19:56,787 INFO main.train_one_fold] TRAIN CHUNK | Fold 4 | Epoch 003/100 | Loss: 0.9895 | Acc: 0.4969 | normal: P=0.497 R=0.996 | mdd: P=0.440 R=0.008 | anxious: P=0.000 R=0.000
[2025-11-30 20:19:57,712 INFO main.train_one_fold] EVAL CHUNK | Fold 4 | Epoch 003/100 | Loss: 0.9892 | Acc: 0.5005 | normal: P=0.501 R=1.000 | mdd: P=0.000 R=0.000 | anxious: P=0.000 R=0.000
[2025-11-30 20:19:57,713 INFO main.train_one_fold] EVAL SUBJECT | Fold 4 | Epoch 003/100 | Loss: 0.9892 | Acc: 0.5000 | normal: P=0.500 R=1.000 | mdd: P=0.000 R=0.000 | anxious: P=0.000 R=0.000
[2025-11-30 20:19:57,713 INFO main.train_one_fold] EVAL EC vs EO | Fold 4 | Epoch 003/100 | EO chunk acc: 0.4667 | EC chunk acc: 0.5333
[2025-11-30 20:20:11,358 INFO main.train_one_fold] TRAIN CHUNK | Fold 4 | Epoch 004/100 | Loss: 0.9161 | Acc: 0.5284 | normal: P=0.530 R=0.946 | mdd: P=0.518 R=0.194 | anxious: P=0.000 R=0.000
[2025-11-30 20:20:12,293 INFO main.train_one_fold] EVAL CHUNK | Fold 4 | Epoch 004/100 | Loss: 1.0734 | Acc: 0.5257 | normal: P=0.564 R=0.690 | mdd: P=0.465 R=0.611 | anxious: P=0.000 R=0.000
[2025-11-30 20:20:12,293 INFO main.train_one_fold] EVAL SUBJECT | Fold 4 | Epoch 004/100 | Loss: 1.0734 | Acc: 0.5000 | normal: P=0.526 R=0.667 | mdd: P=0.455 R=0.556 | anxious: P=0.000 R=0.000
[2025-11-30 20:20:12,293 INFO main.train_one_fold] EVAL EC vs EO | Fold 4 | Epoch 004/100 | EO chunk acc: 0.6000 | EC chunk acc: 0.4000
[2025-11-30 20:20:12,314 INFO main.train_one_fold] ✓ Saved best model: experiments/both_fp1_ec+eo_005/fold_4_best.pth (combined=0.2628, chunk=0.5257, subject=0.5000)
[2025-11-30 20:20:12,314 INFO early_stopping.__call__] Validation improved from 0.5005 to 0.5257 (+0.0251) at epoch 4
[2025-11-30 20:20:25,921 INFO main.train_one_fold] TRAIN CHUNK | Fold 4 | Epoch 005/100 | Loss: 0.8634 | Acc: 0.5620 | normal: P=0.628 R=0.756 | mdd: P=0.464 R=0.620 | anxious: P=0.000 R=0.000
[2025-11-30 20:20:26,884 INFO main.train_one_fold] EVAL CHUNK | Fold 4 | Epoch 005/100 | Loss: 1.1149 | Acc: 0.5246 | normal: P=0.607 R=0.590 | mdd: P=0.447 R=0.778 | anxious: P=0.000 R=0.000
[2025-11-30 20:20:26,884 INFO main.train_one_fold] EVAL SUBJECT | Fold 4 | Epoch 005/100 | Loss: 1.1149 | Acc: 0.5333 | normal: P=0.600 R=0.600 | mdd: P=0.467 R=0.778 | anxious: P=0.000 R=0.000
[2025-11-30 20:20:26,884 INFO main.train_one_fold] EVAL EC vs EO | Fold 4 | Epoch 005/100 | EO chunk acc: 0.6000 | EC chunk acc: 0.4667
[2025-11-30 20:20:26,907 INFO main.train_one_fold] ✓ Saved best model: experiments/both_fp1_ec+eo_005/fold_4_best.pth (combined=0.2798, chunk=0.5246, subject=0.5333)
[2025-11-30 20:20:40,617 INFO main.train_one_fold] TRAIN CHUNK | Fold 4 | Epoch 006/100 | Loss: 0.8302 | Acc: 0.5962 | normal: P=0.673 R=0.735 | mdd: P=0.506 R=0.767 | anxious: P=0.500 R=0.003
[2025-11-30 20:20:41,585 INFO main.train_one_fold] EVAL CHUNK | Fold 4 | Epoch 006/100 | Loss: 1.1912 | Acc: 0.6022 | normal: P=0.626 R=0.749 | mdd: P=0.567 R=0.770 | anxious: P=0.000 R=0.000
[2025-11-30 20:20:41,585 INFO main.train_one_fold] EVAL SUBJECT | Fold 4 | Epoch 006/100 | Loss: 1.1912 | Acc: 0.6000 | normal: P=0.611 R=0.733 | mdd: P=0.583 R=0.778 | anxious: P=0.000 R=0.000
[2025-11-30 20:20:41,585 INFO main.train_one_fold] EVAL EC vs EO | Fold 4 | Epoch 006/100 | EO chunk acc: 0.6667 | EC chunk acc: 0.5333
[2025-11-30 20:20:41,608 INFO main.train_one_fold] ✓ Saved best model: experiments/both_fp1_ec+eo_005/fold_4_best.pth (combined=0.3613, chunk=0.6022, subject=0.6000)
[2025-11-30 20:20:41,608 INFO early_stopping.__call__] Validation improved from 0.5257 to 0.6022 (+0.0765) at epoch 6
[2025-11-30 20:20:56,926 INFO main.train_one_fold] TRAIN CHUNK | Fold 4 | Epoch 007/100 | Loss: 0.7928 | Acc: 0.6349 | normal: P=0.688 R=0.771 | mdd: P=0.569 R=0.804 | anxious: P=0.545 R=0.050
[2025-11-30 20:20:58,255 INFO main.train_one_fold] EVAL CHUNK | Fold 4 | Epoch 007/100 | Loss: 1.0757 | Acc: 0.6842 | normal: P=0.653 R=0.908 | mdd: P=0.756 R=0.770 | anxious: P=0.667 R=0.011
[2025-11-30 20:20:58,256 INFO main.train_one_fold] EVAL SUBJECT | Fold 4 | Epoch 007/100 | Loss: 1.0757 | Acc: 0.7000 | normal: P=0.667 R=0.933 | mdd: P=0.778 R=0.778 | anxious: P=0.000 R=0.000
[2025-11-30 20:20:58,256 INFO main.train_one_fold] EVAL EC vs EO | Fold 4 | Epoch 007/100 | EO chunk acc: 0.7333 | EC chunk acc: 0.6667
[2025-11-30 20:20:58,291 INFO main.train_one_fold] ✓ Saved best model: experiments/both_fp1_ec+eo_005/fold_4_best.pth (combined=0.4789, chunk=0.6842, subject=0.7000)
[2025-11-30 20:20:58,292 INFO early_stopping.__call__] Validation improved from 0.6022 to 0.6842 (+0.0820) at epoch 7
[2025-11-30 20:21:16,950 INFO main.train_one_fold] TRAIN CHUNK | Fold 4 | Epoch 008/100 | Loss: 0.7451 | Acc: 0.6578 | normal: P=0.717 R=0.746 | mdd: P=0.610 R=0.859 | anxious: P=0.482 R=0.144
[2025-11-30 20:21:18,264 INFO main.train_one_fold] EVAL CHUNK | Fold 4 | Epoch 008/100 | Loss: 1.0066 | Acc: 0.7290 | normal: P=0.678 R=0.906 | mdd: P=0.861 R=0.756 | anxious: P=0.727 R=0.257
[2025-11-30 20:21:18,264 INFO main.train_one_fold] EVAL SUBJECT | Fold 4 | Epoch 008/100 | Loss: 1.0066 | Acc: 0.7667 | normal: P=0.700 R=0.933 | mdd: P=0.875 R=0.778 | anxious: P=1.000 R=0.333
[2025-11-30 20:21:18,264 INFO main.train_one_fold] EVAL EC vs EO | Fold 4 | Epoch 008/100 | EO chunk acc: 0.8000 | EC chunk acc: 0.7333
[2025-11-30 20:21:18,297 INFO main.train_one_fold] ✓ Saved best model: experiments/both_fp1_ec+eo_005/fold_4_best.pth (combined=0.5589, chunk=0.7290, subject=0.7667)
[2025-11-30 20:21:18,298 INFO early_stopping.__call__] Validation improved from 0.6842 to 0.7290 (+0.0448) at epoch 8
[2025-11-30 20:21:37,403 INFO main.train_one_fold] TRAIN CHUNK | Fold 4 | Epoch 009/100 | Loss: 0.6967 | Acc: 0.6929 | normal: P=0.746 R=0.742 | mdd: P=0.671 R=0.865 | anxious: P=0.540 R=0.317
[2025-11-30 20:21:39,043 INFO main.train_one_fold] EVAL CHUNK | Fold 4 | Epoch 009/100 | Loss: 0.9793 | Acc: 0.7213 | normal: P=0.718 R=0.766 | mdd: P=0.856 R=0.748 | anxious: P=0.563 R=0.572
[2025-11-30 20:21:39,043 INFO main.train_one_fold] EVAL SUBJECT | Fold 4 | Epoch 009/100 | Loss: 0.9793 | Acc: 0.7333 | normal: P=0.733 R=0.733 | mdd: P=0.875 R=0.778 | anxious: P=0.571 R=0.667
[2025-11-30 20:21:39,044 INFO main.train_one_fold] EVAL EC vs EO | Fold 4 | Epoch 009/100 | EO chunk acc: 0.8000 | EC chunk acc: 0.6667
[2025-11-30 20:21:57,836 INFO main.train_one_fold] TRAIN CHUNK | Fold 4 | Epoch 010/100 | Loss: 0.6504 | Acc: 0.7143 | normal: P=0.758 R=0.746 | mdd: P=0.728 R=0.873 | anxious: P=0.539 R=0.400
[2025-11-30 20:21:59,152 INFO main.train_one_fold] EVAL CHUNK | Fold 4 | Epoch 010/100 | Loss: 1.0039 | Acc: 0.6984 | normal: P=0.686 R=0.797 | mdd: P=0.867 R=0.700 | anxious: P=0.515 R=0.455
[2025-11-30 20:21:59,153 INFO main.train_one_fold] EVAL SUBJECT | Fold 4 | Epoch 010/100 | Loss: 1.0039 | Acc: 0.7333 | normal: P=0.706 R=0.800 | mdd: P=0.875 R=0.778 | anxious: P=0.600 R=0.500
[2025-11-30 20:21:59,153 INFO main.train_one_fold] EVAL EC vs EO | Fold 4 | Epoch 010/100 | EO chunk acc: 0.7333 | EC chunk acc: 0.7333
[2025-11-30 20:21:59,176 INFO main.train_one_fold] Saved checkpoint: experiments/both_fp1_ec+eo_005/fold_4_epoch_010.pth
[2025-11-30 20:22:18,162 INFO main.train_one_fold] TRAIN CHUNK | Fold 4 | Epoch 011/100 | Loss: 0.6159 | Acc: 0.7182 | normal: P=0.759 R=0.732 | mdd: P=0.759 R=0.882 | anxious: P=0.522 R=0.441
[2025-11-30 20:22:19,486 INFO main.train_one_fold] EVAL CHUNK | Fold 4 | Epoch 011/100 | Loss: 0.9881 | Acc: 0.7104 | normal: P=0.712 R=0.749 | mdd: P=0.865 R=0.715 | anxious: P=0.543 R=0.610
[2025-11-30 20:22:19,486 INFO main.train_one_fold] EVAL SUBJECT | Fold 4 | Epoch 011/100 | Loss: 0.9881 | Acc: 0.7333 | normal: P=0.733 R=0.733 | mdd: P=0.875 R=0.778 | anxious: P=0.571 R=0.667
[2025-11-30 20:22:19,486 INFO main.train_one_fold] EVAL EC vs EO | Fold 4 | Epoch 011/100 | EO chunk acc: 0.8000 | EC chunk acc: 0.6667
[2025-11-30 20:22:37,824 INFO main.train_one_fold] TRAIN CHUNK | Fold 4 | Epoch 012/100 | Loss: 0.6220 | Acc: 0.7199 | normal: P=0.780 R=0.714 | mdd: P=0.754 R=0.878 | anxious: P=0.520 R=0.499
[2025-11-30 20:22:39,168 INFO main.train_one_fold] EVAL CHUNK | Fold 4 | Epoch 012/100 | Loss: 0.9805 | Acc: 0.7169 | normal: P=0.697 R=0.784 | mdd: P=0.867 R=0.748 | anxious: P=0.569 R=0.508
[2025-11-30 20:22:39,168 INFO main.train_one_fold] EVAL SUBJECT | Fold 4 | Epoch 012/100 | Loss: 0.9805 | Acc: 0.7333 | normal: P=0.706 R=0.800 | mdd: P=0.875 R=0.778 | anxious: P=0.600 R=0.500
[2025-11-30 20:22:39,168 INFO main.train_one_fold] EVAL EC vs EO | Fold 4 | Epoch 012/100 | EO chunk acc: 0.7333 | EC chunk acc: 0.7333
[2025-11-30 20:22:54,891 INFO main.train_one_fold] TRAIN CHUNK | Fold 4 | Epoch 013/100 | Loss: 0.5747 | Acc: 0.7373 | normal: P=0.775 R=0.721 | mdd: P=0.785 R=0.913 | anxious: P=0.556 R=0.516
[2025-11-30 20:22:55,889 INFO main.train_one_fold] EVAL CHUNK | Fold 4 | Epoch 013/100 | Loss: 0.9881 | Acc: 0.6874 | normal: P=0.704 R=0.675 | mdd: P=0.866 R=0.741 | anxious: P=0.490 R=0.642
[2025-11-30 20:22:55,889 INFO main.train_one_fold] EVAL SUBJECT | Fold 4 | Epoch 013/100 | Loss: 0.9881 | Acc: 0.7000 | normal: P=0.714 R=0.667 | mdd: P=0.875 R=0.778 | anxious: P=0.500 R=0.667
[2025-11-30 20:22:55,889 INFO main.train_one_fold] EVAL EC vs EO | Fold 4 | Epoch 013/100 | EO chunk acc: 0.8000 | EC chunk acc: 0.6000
[2025-11-30 20:23:10,069 INFO main.train_one_fold] TRAIN CHUNK | Fold 4 | Epoch 014/100 | Loss: 0.5663 | Acc: 0.7494 | normal: P=0.800 R=0.720 | mdd: P=0.798 R=0.917 | anxious: P=0.560 R=0.573
[2025-11-30 20:23:11,049 INFO main.train_one_fold] EVAL CHUNK | Fold 4 | Epoch 014/100 | Loss: 0.9862 | Acc: 0.6809 | normal: P=0.699 R=0.655 | mdd: P=0.868 R=0.756 | anxious: P=0.474 R=0.636
[2025-11-30 20:23:11,050 INFO main.train_one_fold] EVAL SUBJECT | Fold 4 | Epoch 014/100 | Loss: 0.9862 | Acc: 0.7000 | normal: P=0.714 R=0.667 | mdd: P=0.875 R=0.778 | anxious: P=0.500 R=0.667
[2025-11-30 20:23:11,050 INFO main.train_one_fold] EVAL EC vs EO | Fold 4 | Epoch 014/100 | EO chunk acc: 0.8000 | EC chunk acc: 0.6000
[2025-11-30 20:23:25,025 INFO main.train_one_fold] TRAIN CHUNK | Fold 4 | Epoch 015/100 | Loss: 0.5526 | Acc: 0.7443 | normal: P=0.799 R=0.698 | mdd: P=0.799 R=0.919 | anxious: P=0.551 R=0.600
[2025-11-30 20:23:26,010 INFO main.train_one_fold] EVAL CHUNK | Fold 4 | Epoch 015/100 | Loss: 1.0166 | Acc: 0.6557 | normal: P=0.688 R=0.631 | mdd: P=0.861 R=0.711 | anxious: P=0.438 R=0.636
[2025-11-30 20:23:26,010 INFO main.train_one_fold] EVAL SUBJECT | Fold 4 | Epoch 015/100 | Loss: 1.0166 | Acc: 0.6667 | normal: P=0.692 R=0.600 | mdd: P=0.875 R=0.778 | anxious: P=0.444 R=0.667
[2025-11-30 20:23:26,010 INFO main.train_one_fold] EVAL EC vs EO | Fold 4 | Epoch 015/100 | EO chunk acc: 0.7333 | EC chunk acc: 0.6000
[2025-11-30 20:23:43,175 INFO main.train_one_fold] TRAIN CHUNK | Fold 4 | Epoch 016/100 | Loss: 0.5364 | Acc: 0.7515 | normal: P=0.816 R=0.690 | mdd: P=0.804 R=0.925 | anxious: P=0.559 R=0.645
[2025-11-30 20:23:44,157 INFO main.train_one_fold] EVAL CHUNK | Fold 4 | Epoch 016/100 | Loss: 0.9808 | Acc: 0.6940 | normal: P=0.706 R=0.681 | mdd: P=0.868 R=0.756 | anxious: P=0.500 R=0.636
[2025-11-30 20:23:44,157 INFO main.train_one_fold] EVAL SUBJECT | Fold 4 | Epoch 016/100 | Loss: 0.9808 | Acc: 0.7000 | normal: P=0.714 R=0.667 | mdd: P=0.875 R=0.778 | anxious: P=0.500 R=0.667
[2025-11-30 20:23:44,157 INFO main.train_one_fold] EVAL EC vs EO | Fold 4 | Epoch 016/100 | EO chunk acc: 0.8000 | EC chunk acc: 0.6000
[2025-11-30 20:24:01,987 INFO main.train_one_fold] TRAIN CHUNK | Fold 4 | Epoch 017/100 | Loss: 0.5409 | Acc: 0.7532 | normal: P=0.829 R=0.677 | mdd: P=0.813 R=0.912 | anxious: P=0.555 R=0.704
[2025-11-30 20:24:03,314 INFO main.train_one_fold] EVAL CHUNK | Fold 4 | Epoch 017/100 | Loss: 0.9727 | Acc: 0.6699 | normal: P=0.693 R=0.627 | mdd: P=0.869 R=0.763 | anxious: P=0.455 R=0.642
[2025-11-30 20:24:03,314 INFO main.train_one_fold] EVAL SUBJECT | Fold 4 | Epoch 017/100 | Loss: 0.9727 | Acc: 0.6667 | normal: P=0.692 R=0.600 | mdd: P=0.875 R=0.778 | anxious: P=0.444 R=0.667
[2025-11-30 20:24:03,315 INFO main.train_one_fold] EVAL EC vs EO | Fold 4 | Epoch 017/100 | EO chunk acc: 0.7333 | EC chunk acc: 0.6000
[2025-11-30 20:24:22,195 INFO main.train_one_fold] TRAIN CHUNK | Fold 4 | Epoch 018/100 | Loss: 0.5175 | Acc: 0.7543 | normal: P=0.805 R=0.699 | mdd: P=0.821 R=0.928 | anxious: P=0.560 R=0.633
[2025-11-30 20:24:24,191 INFO main.train_one_fold] EVAL CHUNK | Fold 4 | Epoch 018/100 | Loss: 0.9740 | Acc: 0.6579 | normal: P=0.686 R=0.596 | mdd: P=0.870 R=0.767 | anxious: P=0.437 R=0.652
[2025-11-30 20:24:24,191 INFO main.train_one_fold] EVAL SUBJECT | Fold 4 | Epoch 018/100 | Loss: 0.9740 | Acc: 0.6667 | normal: P=0.692 R=0.600 | mdd: P=0.875 R=0.778 | anxious: P=0.444 R=0.667
[2025-11-30 20:24:24,191 INFO main.train_one_fold] EVAL EC vs EO | Fold 4 | Epoch 018/100 | EO chunk acc: 0.7333 | EC chunk acc: 0.6000
[2025-11-30 20:24:43,400 INFO main.train_one_fold] TRAIN CHUNK | Fold 4 | Epoch 019/100 | Loss: 0.5094 | Acc: 0.7607 | normal: P=0.827 R=0.684 | mdd: P=0.823 R=0.934 | anxious: P=0.566 R=0.693
[2025-11-30 20:24:44,729 INFO main.train_one_fold] EVAL CHUNK | Fold 4 | Epoch 019/100 | Loss: 0.9708 | Acc: 0.7169 | normal: P=0.704 R=0.760 | mdd: P=0.868 R=0.756 | anxious: P=0.559 R=0.556
[2025-11-30 20:24:44,730 INFO main.train_one_fold] EVAL SUBJECT | Fold 4 | Epoch 019/100 | Loss: 0.9708 | Acc: 0.7667 | normal: P=0.750 R=0.800 | mdd: P=0.875 R=0.778 | anxious: P=0.667 R=0.667
[2025-11-30 20:24:44,730 INFO main.train_one_fold] EVAL EC vs EO | Fold 4 | Epoch 019/100 | EO chunk acc: 0.8000 | EC chunk acc: 0.7333
[2025-11-30 20:25:04,300 INFO main.train_one_fold] TRAIN CHUNK | Fold 4 | Epoch 020/100 | Loss: 0.5048 | Acc: 0.7688 | normal: P=0.832 R=0.697 | mdd: P=0.836 R=0.931 | anxious: P=0.573 R=0.702
[2025-11-30 20:25:05,635 INFO main.train_one_fold] EVAL CHUNK | Fold 4 | Epoch 020/100 | Loss: 0.9765 | Acc: 0.7158 | normal: P=0.696 R=0.779 | mdd: P=0.869 R=0.759 | anxious: P=0.560 R=0.497
[2025-11-30 20:25:05,635 INFO main.train_one_fold] EVAL SUBJECT | Fold 4 | Epoch 020/100 | Loss: 0.9765 | Acc: 0.7333 | normal: P=0.706 R=0.800 | mdd: P=0.875 R=0.778 | anxious: P=0.600 R=0.500
[2025-11-30 20:25:05,635 INFO main.train_one_fold] EVAL EC vs EO | Fold 4 | Epoch 020/100 | EO chunk acc: 0.7333 | EC chunk acc: 0.7333
[2025-11-30 20:25:05,658 INFO main.train_one_fold] Saved checkpoint: experiments/both_fp1_ec+eo_005/fold_4_epoch_020.pth
[2025-11-30 20:25:25,153 INFO main.train_one_fold] TRAIN CHUNK | Fold 4 | Epoch 021/100 | Loss: 0.5015 | Acc: 0.7645 | normal: P=0.822 R=0.699 | mdd: P=0.827 R=0.934 | anxious: P=0.574 R=0.675
[2025-11-30 20:25:26,488 INFO main.train_one_fold] EVAL CHUNK | Fold 4 | Epoch 021/100 | Loss: 0.9916 | Acc: 0.7060 | normal: P=0.710 R=0.721 | mdd: P=0.867 R=0.748 | anxious: P=0.525 R=0.610
[2025-11-30 20:25:26,488 INFO main.train_one_fold] EVAL SUBJECT | Fold 4 | Epoch 021/100 | Loss: 0.9916 | Acc: 0.7333 | normal: P=0.733 R=0.733 | mdd: P=0.875 R=0.778 | anxious: P=0.571 R=0.667
[2025-11-30 20:25:26,488 INFO main.train_one_fold] EVAL EC vs EO | Fold 4 | Epoch 021/100 | EO chunk acc: 0.8000 | EC chunk acc: 0.6667
[2025-11-30 20:25:48,377 INFO main.train_one_fold] TRAIN CHUNK | Fold 4 | Epoch 022/100 | Loss: 0.5019 | Acc: 0.7717 | normal: P=0.841 R=0.695 | mdd: P=0.825 R=0.934 | anxious: P=0.585 R=0.719
[2025-11-30 20:25:49,344 INFO main.train_one_fold] EVAL CHUNK | Fold 4 | Epoch 022/100 | Loss: 0.9684 | Acc: 0.6984 | normal: P=0.702 R=0.703 | mdd: P=0.871 R=0.752 | anxious: P=0.511 R=0.610
[2025-11-30 20:25:49,344 INFO main.train_one_fold] EVAL SUBJECT | Fold 4 | Epoch 022/100 | Loss: 0.9684 | Acc: 0.7000 | normal: P=0.714 R=0.667 | mdd: P=0.875 R=0.778 | anxious: P=0.500 R=0.667
[2025-11-30 20:25:49,344 INFO main.train_one_fold] EVAL EC vs EO | Fold 4 | Epoch 022/100 | EO chunk acc: 0.8000 | EC chunk acc: 0.6000
[2025-11-30 20:26:04,378 INFO main.train_one_fold] TRAIN CHUNK | Fold 4 | Epoch 023/100 | Loss: 0.4853 | Acc: 0.7732 | normal: P=0.824 R=0.711 | mdd: P=0.839 R=0.930 | anxious: P=0.590 R=0.692
[2025-11-30 20:26:05,363 INFO main.train_one_fold] EVAL CHUNK | Fold 4 | Epoch 023/100 | Loss: 0.9757 | Acc: 0.7082 | normal: P=0.714 R=0.707 | mdd: P=0.869 R=0.759 | anxious: P=0.529 R=0.636
[2025-11-30 20:26:05,363 INFO main.train_one_fold] EVAL SUBJECT | Fold 4 | Epoch 023/100 | Loss: 0.9757 | Acc: 0.7000 | normal: P=0.714 R=0.667 | mdd: P=0.875 R=0.778 | anxious: P=0.500 R=0.667
[2025-11-30 20:26:05,363 INFO main.train_one_fold] EVAL EC vs EO | Fold 4 | Epoch 023/100 | EO chunk acc: 0.8000 | EC chunk acc: 0.6000
[2025-11-30 20:26:20,415 INFO main.train_one_fold] TRAIN CHUNK | Fold 4 | Epoch 024/100 | Loss: 0.4818 | Acc: 0.7785 | normal: P=0.858 R=0.683 | mdd: P=0.833 R=0.945 | anxious: P=0.589 R=0.765
[2025-11-30 20:26:21,401 INFO main.train_one_fold] EVAL CHUNK | Fold 4 | Epoch 024/100 | Loss: 0.9669 | Acc: 0.7224 | normal: P=0.704 R=0.779 | mdd: P=0.870 R=0.770 | anxious: P=0.568 R=0.513
[2025-11-30 20:26:21,401 INFO main.train_one_fold] EVAL SUBJECT | Fold 4 | Epoch 024/100 | Loss: 0.9669 | Acc: 0.7333 | normal: P=0.706 R=0.800 | mdd: P=0.875 R=0.778 | anxious: P=0.600 R=0.500
[2025-11-30 20:26:21,401 INFO main.train_one_fold] EVAL EC vs EO | Fold 4 | Epoch 024/100 | EO chunk acc: 0.7333 | EC chunk acc: 0.7333
[2025-11-30 20:26:36,743 INFO main.train_one_fold] TRAIN CHUNK | Fold 4 | Epoch 025/100 | Loss: 0.4751 | Acc: 0.7841 | normal: P=0.860 R=0.693 | mdd: P=0.839 R=0.941 | anxious: P=0.599 R=0.776
[2025-11-30 20:26:37,710 INFO main.train_one_fold] EVAL CHUNK | Fold 4 | Epoch 025/100 | Loss: 0.9667 | Acc: 0.7082 | normal: P=0.713 R=0.710 | mdd: P=0.870 R=0.770 | anxious: P=0.523 R=0.615
[2025-11-30 20:26:37,710 INFO main.train_one_fold] EVAL SUBJECT | Fold 4 | Epoch 025/100 | Loss: 0.9667 | Acc: 0.7667 | normal: P=0.750 R=0.800 | mdd: P=0.875 R=0.778 | anxious: P=0.667 R=0.667
[2025-11-30 20:26:37,710 INFO main.train_one_fold] EVAL EC vs EO | Fold 4 | Epoch 025/100 | EO chunk acc: 0.8000 | EC chunk acc: 0.7333
[2025-11-30 20:26:56,298 INFO main.train_one_fold] TRAIN CHUNK | Fold 4 | Epoch 026/100 | Loss: 0.4692 | Acc: 0.7834 | normal: P=0.844 R=0.708 | mdd: P=0.850 R=0.941 | anxious: P=0.594 R=0.734
[2025-11-30 20:26:57,606 INFO main.train_one_fold] EVAL CHUNK | Fold 4 | Epoch 026/100 | Loss: 0.9708 | Acc: 0.7202 | normal: P=0.719 R=0.736 | mdd: P=0.869 R=0.763 | anxious: P=0.555 R=0.620
[2025-11-30 20:26:57,606 INFO main.train_one_fold] EVAL SUBJECT | Fold 4 | Epoch 026/100 | Loss: 0.9708 | Acc: 0.7667 | normal: P=0.750 R=0.800 | mdd: P=0.875 R=0.778 | anxious: P=0.667 R=0.667
[2025-11-30 20:26:57,606 INFO main.train_one_fold] EVAL EC vs EO | Fold 4 | Epoch 026/100 | EO chunk acc: 0.8000 | EC chunk acc: 0.7333
[2025-11-30 20:27:18,493 INFO main.train_one_fold] TRAIN CHUNK | Fold 4 | Epoch 027/100 | Loss: 0.4620 | Acc: 0.7879 | normal: P=0.868 R=0.691 | mdd: P=0.848 R=0.940 | anxious: P=0.597 R=0.800
[2025-11-30 20:27:19,811 INFO main.train_one_fold] EVAL CHUNK | Fold 4 | Epoch 027/100 | Loss: 0.9638 | Acc: 0.7279 | normal: P=0.722 R=0.749 | mdd: P=0.872 R=0.759 | anxious: P=0.576 R=0.631
[2025-11-30 20:27:19,812 INFO main.train_one_fold] EVAL SUBJECT | Fold 4 | Epoch 027/100 | Loss: 0.9638 | Acc: 0.7667 | normal: P=0.750 R=0.800 | mdd: P=0.875 R=0.778 | anxious: P=0.667 R=0.667
[2025-11-30 20:27:19,812 INFO main.train_one_fold] EVAL EC vs EO | Fold 4 | Epoch 027/100 | EO chunk acc: 0.8000 | EC chunk acc: 0.7333
[2025-11-30 20:27:40,867 INFO main.train_one_fold] TRAIN CHUNK | Fold 4 | Epoch 028/100 | Loss: 0.4629 | Acc: 0.7892 | normal: P=0.870 R=0.696 | mdd: P=0.841 R=0.939 | anxious: P=0.604 R=0.794
[2025-11-30 20:27:42,187 INFO main.train_one_fold] EVAL CHUNK | Fold 4 | Epoch 028/100 | Loss: 0.9568 | Acc: 0.7093 | normal: P=0.722 R=0.692 | mdd: P=0.870 R=0.770 | anxious: P=0.523 R=0.663
[2025-11-30 20:27:42,188 INFO main.train_one_fold] EVAL SUBJECT | Fold 4 | Epoch 028/100 | Loss: 0.9568 | Acc: 0.7333 | normal: P=0.733 R=0.733 | mdd: P=0.875 R=0.778 | anxious: P=0.571 R=0.667
[2025-11-30 20:27:42,188 INFO main.train_one_fold] EVAL EC vs EO | Fold 4 | Epoch 028/100 | EO chunk acc: 0.8000 | EC chunk acc: 0.6667
[2025-11-30 20:27:42,188 INFO early_stopping.__call__] Early stopping triggered after 20 epochs without improvement. Best score: 0.7290 at epoch 8
[2025-11-30 20:27:42,188 INFO main.train_one_fold] Early stopping triggered at epoch 28
[2025-11-30 20:27:42,188 INFO main.train_one_fold] 
Fold 4 training completed. Best Combined Val Acc: 0.5589 at epoch 8
[2025-11-30 20:27:42,188 INFO main.train_cross_validation] ================================================================================
[2025-11-30 20:27:42,188 INFO main.train_cross_validation] FOLD 5/6
[2025-11-30 20:27:42,188 INFO main.train_cross_validation] ================================================================================
[2025-11-30 20:27:42,189 INFO main.get_datasets_for_fold] Train subjects (157): ['mdd:H S1 EC', 'mdd:H S1 EO', 'mdd:H S15 EC', 'mdd:H S14 EO', 'mdd:H S14 EC', 'mdd:H S23 EC', 'mdd:H S23 EO', 'mdd:H S29 EC', 'mdd:H S29 EO', 'cane:H S1054 EC', 'cane:H S1054 EO', 'cane:H S1095 EC', 'cane:H S1095 EO', 'cane:H S1033 EO', 'cane:H S1033 EC', 'cane:H S0079 EC', 'cane:H S0079 EO', 'mdd:MDD S6 EO', 'mdd:MDD S6 EC', 'mdd:MDD S4 EO', 'mdd:MDD S15 EC', 'mdd:MDD S15 EO', 'mdd:MDD S28 EO', 'mdd:MDD S28 EC', 'mdd:MDD S10 EO', 'mdd:MDD S10 EC', 'mdd:MDD S32 EO', 'mdd:MDD S32 EC', 'cane:AX S1009 EO', 'cane:AX S1009 EC', 'cane:AX S1084 EO', 'cane:AX S1084 EC', 'cane:AX S0057 EO', 'cane:AX S0057 EC', 'mdd:H S4 EO', 'mdd:H S4 EC', 'mdd:H S18 EO', 'mdd:H S8 EC', 'mdd:H S8 EO', 'mdd:H S26 EO', 'mdd:H S26 EC', 'mdd:H S22 EC', 'mdd:H S22 EO', 'cane:H S1002 EC', 'cane:H S1002 EO', 'cane:H S1060 EO', 'cane:H S1060 EC', 'cane:H S1101 EO', 'cane:H S1101 EC', 'mdd:MDD S21 EO', 'mdd:MDD S21 EC', 'mdd:MDD S22 EC', 'mdd:MDD S22 EO', 'mdd:MDD S16 EO', 'mdd:MDD S13 EC', 'mdd:MDD S13 EO', 'mdd:MDD S30 EC', 'mdd:MDD S30 EO', 'mdd:MDD S31 EC', 'mdd:MDD S31 EO', 'cane:AX S1006 EC', 'cane:AX S1006 EO', 'cane:AX S1065 EC', 'cane:AX S1065 EO', 'cane:AX S0041 EC', 'cane:AX S0041 EO', 'mdd:H S13 EC', 'mdd:H S13 EO', 'mdd:H S16 EO', 'mdd:H S16 EC', 'mdd:H S11 EO', 'mdd:H S11 EC', 'mdd:H S19 EC', 'mdd:H S19 EO', 'mdd:H S27 EC', 'mdd:H S27 EO', 'cane:H S1008 EO', 'cane:H S1008 EC', 'cane:H S1028 EC', 'cane:H S1096 EO', 'cane:H S1096 EC', 'mdd:MDD S23 EC', 'mdd:MDD S23 EO', 'mdd:MDD S25 EO', 'mdd:MDD S25 EC', 'mdd:MDD S9 EO', 'mdd:MDD S9 EC', 'mdd:MDD S1 EC', 'mdd:MDD S33 EC', 'mdd:MDD S33 EO', 'cane:AX S1087 EC', 'cane:AX S1087 EO', 'cane:AX S1027 EO', 'cane:AX S1027 EC', 'cane:AX S1007 EC', 'cane:AX S1007 EO', 'mdd:H S9 EC', 'mdd:H S9 EO', 'mdd:H S28 EO', 'mdd:H S28 EC']...
[2025-11-30 20:27:42,189 INFO main.get_datasets_for_fold] Val subjects (29): ['mdd:H S12 EO', 'mdd:H S7 EO', 'mdd:H S7 EC', 'mdd:H S3 EO', 'mdd:H S3 EC', 'mdd:H S21 EC', 'mdd:H S21 EO', 'mdd:H S30 EO', 'mdd:H S30 EC', 'cane:H S1003 EO', 'cane:H S1003 EC', 'cane:H S0015 EO', 'cane:H S0015 EC', 'cane:H S0078 EO', 'cane:H S0078 EC', 'mdd:MDD S2 EO', 'mdd:MDD S14 EO', 'mdd:MDD S14 EC', 'mdd:MDD S17 EO', 'mdd:MDD S17 EC', 'mdd:MDD S3 EC', 'mdd:MDD S3 EO', 'mdd:MDD S12 EO', 'cane:AX S1024 EC', 'cane:AX S1024 EO', 'cane:AX S1005 EO', 'cane:AX S1005 EC', 'cane:AX S0072 EO', 'cane:AX S0072 EC']
[2025-11-30 20:27:42,193 INFO main.get_datasets_for_fold] Training chunks: MDD=2889, CANE=1858, Total=4747
[2025-11-30 20:27:42,193 INFO main.get_datasets_for_fold] Validation chunks: MDD=496, CANE=377, Total=873
[2025-11-30 20:27:42,209 INFO model.__init__] Initialized LSTM with input_size=1728, hidden_size=100, batch_first=True
[2025-11-30 20:27:42,211 INFO main.train_one_fold] Starting training for fold 5
[2025-11-30 20:28:02,093 INFO main.train_one_fold] TRAIN CHUNK | Fold 5 | Epoch 001/100 | Loss: 1.0556 | Acc: 0.4529 | normal: P=0.490 R=0.813 | mdd: P=0.288 R=0.169 | anxious: P=0.000 R=0.000
[2025-11-30 20:28:03,363 INFO main.train_one_fold] EVAL CHUNK | Fold 5 | Epoch 001/100 | Loss: 1.0403 | Acc: 0.5212 | normal: P=0.521 R=1.000 | mdd: P=0.000 R=0.000 | anxious: P=0.000 R=0.000
[2025-11-30 20:28:03,363 INFO main.train_one_fold] EVAL SUBJECT | Fold 5 | Epoch 001/100 | Loss: 1.0403 | Acc: 0.5172 | normal: P=0.517 R=1.000 | mdd: P=0.000 R=0.000 | anxious: P=0.000 R=0.000
[2025-11-30 20:28:03,363 INFO main.train_one_fold] EVAL EC vs EO | Fold 5 | Epoch 001/100 | EO chunk acc: 0.5000 | EC chunk acc: 0.5385
[2025-11-30 20:28:03,384 INFO main.train_one_fold] ✓ Saved best model: experiments/both_fp1_ec+eo_005/fold_5_best.pth (combined=0.2696, chunk=0.5212, subject=0.5172)
[2025-11-30 20:28:03,384 INFO early_stopping.__call__] Early stopping initialized: best score 0.5212 at epoch 1
[2025-11-30 20:28:22,094 INFO main.train_one_fold] TRAIN CHUNK | Fold 5 | Epoch 002/100 | Loss: 1.0321 | Acc: 0.4927 | normal: P=0.493 R=1.000 | mdd: P=0.000 R=0.000 | anxious: P=0.000 R=0.000
[2025-11-30 20:28:23,456 INFO main.train_one_fold] EVAL CHUNK | Fold 5 | Epoch 002/100 | Loss: 1.0136 | Acc: 0.5212 | normal: P=0.521 R=1.000 | mdd: P=0.000 R=0.000 | anxious: P=0.000 R=0.000
[2025-11-30 20:28:23,457 INFO main.train_one_fold] EVAL SUBJECT | Fold 5 | Epoch 002/100 | Loss: 1.0136 | Acc: 0.5172 | normal: P=0.517 R=1.000 | mdd: P=0.000 R=0.000 | anxious: P=0.000 R=0.000
[2025-11-30 20:28:23,457 INFO main.train_one_fold] EVAL EC vs EO | Fold 5 | Epoch 002/100 | EO chunk acc: 0.5000 | EC chunk acc: 0.5385
[2025-11-30 20:28:41,957 INFO main.train_one_fold] TRAIN CHUNK | Fold 5 | Epoch 003/100 | Loss: 1.0176 | Acc: 0.4925 | normal: P=0.493 R=0.999 | mdd: P=0.250 R=0.001 | anxious: P=0.000 R=0.000
[2025-11-30 20:28:42,902 INFO main.train_one_fold] EVAL CHUNK | Fold 5 | Epoch 003/100 | Loss: 0.9525 | Acc: 0.5212 | normal: P=0.521 R=1.000 | mdd: P=0.000 R=0.000 | anxious: P=0.000 R=0.000
[2025-11-30 20:28:42,903 INFO main.train_one_fold] EVAL SUBJECT | Fold 5 | Epoch 003/100 | Loss: 0.9525 | Acc: 0.5172 | normal: P=0.517 R=1.000 | mdd: P=0.000 R=0.000 | anxious: P=0.000 R=0.000
[2025-11-30 20:28:42,903 INFO main.train_one_fold] EVAL EC vs EO | Fold 5 | Epoch 003/100 | EO chunk acc: 0.5000 | EC chunk acc: 0.5385
[2025-11-30 20:28:57,009 INFO main.train_one_fold] TRAIN CHUNK | Fold 5 | Epoch 004/100 | Loss: 0.9834 | Acc: 0.5005 | normal: P=0.501 R=0.979 | mdd: P=0.500 R=0.059 | anxious: P=0.000 R=0.000
[2025-11-30 20:28:57,936 INFO main.train_one_fold] EVAL CHUNK | Fold 5 | Epoch 004/100 | Loss: 0.8910 | Acc: 0.5922 | normal: P=0.561 R=1.000 | mdd: P=1.000 R=0.286 | anxious: P=0.000 R=0.000
[2025-11-30 20:28:57,936 INFO main.train_one_fold] EVAL SUBJECT | Fold 5 | Epoch 004/100 | Loss: 0.8910 | Acc: 0.5517 | normal: P=0.536 R=1.000 | mdd: P=1.000 R=0.125 | anxious: P=0.000 R=0.000
[2025-11-30 20:28:57,936 INFO main.train_one_fold] EVAL EC vs EO | Fold 5 | Epoch 004/100 | EO chunk acc: 0.5000 | EC chunk acc: 0.6154
[2025-11-30 20:28:57,957 INFO main.train_one_fold] ✓ Saved best model: experiments/both_fp1_ec+eo_005/fold_5_best.pth (combined=0.3267, chunk=0.5922, subject=0.5517)
[2025-11-30 20:28:57,957 INFO early_stopping.__call__] Validation improved from 0.5212 to 0.5922 (+0.0710) at epoch 4
[2025-11-30 20:29:11,927 INFO main.train_one_fold] TRAIN CHUNK | Fold 5 | Epoch 005/100 | Loss: 0.9250 | Acc: 0.5317 | normal: P=0.549 R=0.871 | mdd: P=0.470 R=0.331 | anxious: P=0.000 R=0.000
[2025-11-30 20:29:12,874 INFO main.train_one_fold] EVAL CHUNK | Fold 5 | Epoch 005/100 | Loss: 0.8788 | Acc: 0.4960 | normal: P=0.663 R=0.541 | mdd: P=0.373 R=0.862 | anxious: P=0.000 R=0.000
[2025-11-30 20:29:12,874 INFO main.train_one_fold] EVAL SUBJECT | Fold 5 | Epoch 005/100 | Loss: 0.8788 | Acc: 0.5172 | normal: P=0.727 R=0.533 | mdd: P=0.389 R=0.875 | anxious: P=0.000 R=0.000
[2025-11-30 20:29:12,874 INFO main.train_one_fold] EVAL EC vs EO | Fold 5 | Epoch 005/100 | EO chunk acc: 0.5625 | EC chunk acc: 0.4615
[2025-11-30 20:29:27,131 INFO main.train_one_fold] TRAIN CHUNK | Fold 5 | Epoch 006/100 | Loss: 0.8792 | Acc: 0.5637 | normal: P=0.644 R=0.728 | mdd: P=0.462 R=0.663 | anxious: P=0.000 R=0.000
[2025-11-30 20:29:28,059 INFO main.train_one_fold] EVAL CHUNK | Fold 5 | Epoch 006/100 | Loss: 0.8256 | Acc: 0.6254 | normal: P=0.649 R=0.767 | mdd: P=0.588 R=0.908 | anxious: P=0.000 R=0.000
[2025-11-30 20:29:28,059 INFO main.train_one_fold] EVAL SUBJECT | Fold 5 | Epoch 006/100 | Loss: 0.8256 | Acc: 0.6207 | normal: P=0.647 R=0.733 | mdd: P=0.583 R=0.875 | anxious: P=0.000 R=0.000
[2025-11-30 20:29:28,059 INFO main.train_one_fold] EVAL EC vs EO | Fold 5 | Epoch 006/100 | EO chunk acc: 0.6875 | EC chunk acc: 0.5385
[2025-11-30 20:29:28,081 INFO main.train_one_fold] ✓ Saved best model: experiments/both_fp1_ec+eo_005/fold_5_best.pth (combined=0.3882, chunk=0.6254, subject=0.6207)
[2025-11-30 20:29:28,081 INFO early_stopping.__call__] Validation improved from 0.5922 to 0.6254 (+0.0332) at epoch 6
[2025-11-30 20:29:42,527 INFO main.train_one_fold] TRAIN CHUNK | Fold 5 | Epoch 007/100 | Loss: 0.8477 | Acc: 0.6000 | normal: P=0.688 R=0.728 | mdd: P=0.504 R=0.780 | anxious: P=0.000 R=0.000
[2025-11-30 20:29:43,795 INFO main.train_one_fold] EVAL CHUNK | Fold 5 | Epoch 007/100 | Loss: 0.7813 | Acc: 0.6964 | normal: P=0.664 R=0.862 | mdd: P=0.763 R=0.995 | anxious: P=0.000 R=0.000
[2025-11-30 20:29:43,795 INFO main.train_one_fold] EVAL SUBJECT | Fold 5 | Epoch 007/100 | Loss: 0.7813 | Acc: 0.7241 | normal: P=0.684 R=0.867 | mdd: P=0.800 R=1.000 | anxious: P=0.000 R=0.000
[2025-11-30 20:29:43,795 INFO main.train_one_fold] EVAL EC vs EO | Fold 5 | Epoch 007/100 | EO chunk acc: 0.7500 | EC chunk acc: 0.6923
[2025-11-30 20:29:43,831 INFO main.train_one_fold] ✓ Saved best model: experiments/both_fp1_ec+eo_005/fold_5_best.pth (combined=0.5043, chunk=0.6964, subject=0.7241)
[2025-11-30 20:29:43,831 INFO early_stopping.__call__] Validation improved from 0.6254 to 0.6964 (+0.0710) at epoch 7
[2025-11-30 20:30:03,012 INFO main.train_one_fold] TRAIN CHUNK | Fold 5 | Epoch 008/100 | Loss: 0.8152 | Acc: 0.6267 | normal: P=0.692 R=0.757 | mdd: P=0.551 R=0.815 | anxious: P=0.500 R=0.009
[2025-11-30 20:30:04,307 INFO main.train_one_fold] EVAL CHUNK | Fold 5 | Epoch 008/100 | Loss: 0.7116 | Acc: 0.6747 | normal: P=0.640 R=0.866 | mdd: P=0.759 R=0.899 | anxious: P=0.000 R=0.000
[2025-11-30 20:30:04,307 INFO main.train_one_fold] EVAL SUBJECT | Fold 5 | Epoch 008/100 | Loss: 0.7116 | Acc: 0.6897 | normal: P=0.650 R=0.867 | mdd: P=0.778 R=0.875 | anxious: P=0.000 R=0.000
[2025-11-30 20:30:04,307 INFO main.train_one_fold] EVAL EC vs EO | Fold 5 | Epoch 008/100 | EO chunk acc: 0.6875 | EC chunk acc: 0.6923
[2025-11-30 20:30:23,541 INFO main.train_one_fold] TRAIN CHUNK | Fold 5 | Epoch 009/100 | Loss: 0.7880 | Acc: 0.6389 | normal: P=0.670 R=0.783 | mdd: P=0.601 R=0.801 | anxious: P=0.455 R=0.027
[2025-11-30 20:30:24,822 INFO main.train_one_fold] EVAL CHUNK | Fold 5 | Epoch 009/100 | Loss: 0.6674 | Acc: 0.6621 | normal: P=0.638 R=0.862 | mdd: P=0.743 R=0.853 | anxious: P=0.100 R=0.005
[2025-11-30 20:30:24,823 INFO main.train_one_fold] EVAL SUBJECT | Fold 5 | Epoch 009/100 | Loss: 0.6674 | Acc: 0.6897 | normal: P=0.650 R=0.867 | mdd: P=0.778 R=0.875 | anxious: P=0.000 R=0.000
[2025-11-30 20:30:24,823 INFO main.train_one_fold] EVAL EC vs EO | Fold 5 | Epoch 009/100 | EO chunk acc: 0.6875 | EC chunk acc: 0.6923
[2025-11-30 20:30:43,767 INFO main.train_one_fold] TRAIN CHUNK | Fold 5 | Epoch 010/100 | Loss: 0.7409 | Acc: 0.6606 | normal: P=0.692 R=0.767 | mdd: P=0.650 R=0.817 | anxious: P=0.460 R=0.151
[2025-11-30 20:30:45,057 INFO main.train_one_fold] EVAL CHUNK | Fold 5 | Epoch 010/100 | Loss: 0.6397 | Acc: 0.6609 | normal: P=0.727 R=0.684 | mdd: P=0.771 R=0.820 | anxious: P=0.411 R=0.438
[2025-11-30 20:30:45,057 INFO main.train_one_fold] EVAL SUBJECT | Fold 5 | Epoch 010/100 | Loss: 0.6397 | Acc: 0.6897 | normal: P=0.769 R=0.667 | mdd: P=0.778 R=0.875 | anxious: P=0.429 R=0.500
[2025-11-30 20:30:45,057 INFO main.train_one_fold] EVAL EC vs EO | Fold 5 | Epoch 010/100 | EO chunk acc: 0.6875 | EC chunk acc: 0.6923
[2025-11-30 20:30:45,085 INFO main.train_one_fold] Saved checkpoint: experiments/both_fp1_ec+eo_005/fold_5_epoch_010.pth
[2025-11-30 20:31:04,389 INFO main.train_one_fold] TRAIN CHUNK | Fold 5 | Epoch 011/100 | Loss: 0.7074 | Acc: 0.6728 | normal: P=0.717 R=0.717 | mdd: P=0.688 R=0.824 | anxious: P=0.472 R=0.327
[2025-11-30 20:31:05,669 INFO main.train_one_fold] EVAL CHUNK | Fold 5 | Epoch 011/100 | Loss: 0.5645 | Acc: 0.6919 | normal: P=0.818 R=0.552 | mdd: P=0.772 R=0.949 | anxious: P=0.492 R=0.731
[2025-11-30 20:31:05,670 INFO main.train_one_fold] EVAL SUBJECT | Fold 5 | Epoch 011/100 | Loss: 0.5645 | Acc: 0.7241 | normal: P=0.889 R=0.533 | mdd: P=0.800 R=1.000 | anxious: P=0.500 R=0.833
[2025-11-30 20:31:05,670 INFO main.train_one_fold] EVAL EC vs EO | Fold 5 | Epoch 011/100 | EO chunk acc: 0.7500 | EC chunk acc: 0.6923
[2025-11-30 20:31:24,078 INFO main.train_one_fold] TRAIN CHUNK | Fold 5 | Epoch 012/100 | Loss: 0.6711 | Acc: 0.6931 | normal: P=0.725 R=0.726 | mdd: P=0.731 R=0.848 | anxious: P=0.494 R=0.369
[2025-11-30 20:31:25,370 INFO main.train_one_fold] EVAL CHUNK | Fold 5 | Epoch 012/100 | Loss: 0.5846 | Acc: 0.6884 | normal: P=0.854 R=0.538 | mdd: P=0.775 R=0.903 | anxious: P=0.480 R=0.796
[2025-11-30 20:31:25,370 INFO main.train_one_fold] EVAL SUBJECT | Fold 5 | Epoch 012/100 | Loss: 0.5846 | Acc: 0.6897 | normal: P=0.889 R=0.533 | mdd: P=0.778 R=0.875 | anxious: P=0.455 R=0.833
[2025-11-30 20:31:25,371 INFO main.train_one_fold] EVAL EC vs EO | Fold 5 | Epoch 012/100 | EO chunk acc: 0.6875 | EC chunk acc: 0.6923
[2025-11-30 20:31:44,004 INFO main.train_one_fold] TRAIN CHUNK | Fold 5 | Epoch 013/100 | Loss: 0.6529 | Acc: 0.7049 | normal: P=0.767 R=0.693 | mdd: P=0.748 R=0.833 | anxious: P=0.503 R=0.534
[2025-11-30 20:31:45,299 INFO main.train_one_fold] EVAL CHUNK | Fold 5 | Epoch 013/100 | Loss: 0.5600 | Acc: 0.6827 | normal: P=0.837 R=0.521 | mdd: P=0.776 R=0.926 | anxious: P=0.477 R=0.786
[2025-11-30 20:31:45,299 INFO main.train_one_fold] EVAL SUBJECT | Fold 5 | Epoch 013/100 | Loss: 0.5600 | Acc: 0.7241 | normal: P=0.889 R=0.533 | mdd: P=0.800 R=1.000 | anxious: P=0.500 R=0.833
[2025-11-30 20:31:45,299 INFO main.train_one_fold] EVAL EC vs EO | Fold 5 | Epoch 013/100 | EO chunk acc: 0.7500 | EC chunk acc: 0.6923
[2025-11-30 20:32:01,163 INFO main.train_one_fold] TRAIN CHUNK | Fold 5 | Epoch 014/100 | Loss: 0.6241 | Acc: 0.7078 | normal: P=0.757 R=0.685 | mdd: P=0.776 R=0.858 | anxious: P=0.495 R=0.530
[2025-11-30 20:32:02,111 INFO main.train_one_fold] EVAL CHUNK | Fold 5 | Epoch 014/100 | Loss: 0.5667 | Acc: 0.6690 | normal: P=0.836 R=0.495 | mdd: P=0.779 R=0.926 | anxious: P=0.457 R=0.786
[2025-11-30 20:32:02,111 INFO main.train_one_fold] EVAL SUBJECT | Fold 5 | Epoch 014/100 | Loss: 0.5667 | Acc: 0.6897 | normal: P=0.875 R=0.467 | mdd: P=0.800 R=1.000 | anxious: P=0.455 R=0.833
[2025-11-30 20:32:02,111 INFO main.train_one_fold] EVAL EC vs EO | Fold 5 | Epoch 014/100 | EO chunk acc: 0.6875 | EC chunk acc: 0.6923
[2025-11-30 20:32:16,178 INFO main.train_one_fold] TRAIN CHUNK | Fold 5 | Epoch 015/100 | Loss: 0.6060 | Acc: 0.7183 | normal: P=0.767 R=0.691 | mdd: P=0.786 R=0.873 | anxious: P=0.506 R=0.545
[2025-11-30 20:32:17,133 INFO main.train_one_fold] EVAL CHUNK | Fold 5 | Epoch 015/100 | Loss: 0.5429 | Acc: 0.6816 | normal: P=0.778 R=0.554 | mdd: P=0.779 R=0.972 | anxious: P=0.475 R=0.657
[2025-11-30 20:32:17,133 INFO main.train_one_fold] EVAL SUBJECT | Fold 5 | Epoch 015/100 | Loss: 0.5429 | Acc: 0.6897 | normal: P=0.800 R=0.533 | mdd: P=0.800 R=1.000 | anxious: P=0.444 R=0.667
[2025-11-30 20:32:17,133 INFO main.train_one_fold] EVAL EC vs EO | Fold 5 | Epoch 015/100 | EO chunk acc: 0.7500 | EC chunk acc: 0.6154
[2025-11-30 20:32:31,242 INFO main.train_one_fold] TRAIN CHUNK | Fold 5 | Epoch 016/100 | Loss: 0.5923 | Acc: 0.7224 | normal: P=0.773 R=0.675 | mdd: P=0.800 R=0.886 | anxious: P=0.509 R=0.586
[2025-11-30 20:32:32,209 INFO main.train_one_fold] EVAL CHUNK | Fold 5 | Epoch 016/100 | Loss: 0.5588 | Acc: 0.6804 | normal: P=0.835 R=0.523 | mdd: P=0.788 R=0.926 | anxious: P=0.465 R=0.771
[2025-11-30 20:32:32,209 INFO main.train_one_fold] EVAL SUBJECT | Fold 5 | Epoch 016/100 | Loss: 0.5588 | Acc: 0.7241 | normal: P=0.889 R=0.533 | mdd: P=0.800 R=1.000 | anxious: P=0.500 R=0.833
[2025-11-30 20:32:32,210 INFO main.train_one_fold] EVAL EC vs EO | Fold 5 | Epoch 016/100 | EO chunk acc: 0.7500 | EC chunk acc: 0.6923
[2025-11-30 20:32:50,059 INFO main.train_one_fold] TRAIN CHUNK | Fold 5 | Epoch 017/100 | Loss: 0.5825 | Acc: 0.7211 | normal: P=0.762 R=0.692 | mdd: P=0.808 R=0.874 | anxious: P=0.504 R=0.554
[2025-11-30 20:32:51,356 INFO main.train_one_fold] EVAL CHUNK | Fold 5 | Epoch 017/100 | Loss: 0.5424 | Acc: 0.6896 | normal: P=0.803 R=0.536 | mdd: P=0.783 R=1.000 | anxious: P=0.483 R=0.701
[2025-11-30 20:32:51,356 INFO main.train_one_fold] EVAL SUBJECT | Fold 5 | Epoch 017/100 | Loss: 0.5424 | Acc: 0.7241 | normal: P=0.889 R=0.533 | mdd: P=0.800 R=1.000 | anxious: P=0.500 R=0.833
[2025-11-30 20:32:51,356 INFO main.train_one_fold] EVAL EC vs EO | Fold 5 | Epoch 017/100 | EO chunk acc: 0.7500 | EC chunk acc: 0.6923
[2025-11-30 20:33:11,058 INFO main.train_one_fold] TRAIN CHUNK | Fold 5 | Epoch 018/100 | Loss: 0.5663 | Acc: 0.7360 | normal: P=0.781 R=0.690 | mdd: P=0.817 R=0.892 | anxious: P=0.529 R=0.609
[2025-11-30 20:33:12,348 INFO main.train_one_fold] EVAL CHUNK | Fold 5 | Epoch 018/100 | Loss: 0.5888 | Acc: 0.6838 | normal: P=0.764 R=0.582 | mdd: P=0.784 R=0.972 | anxious: P=0.471 R=0.602
[2025-11-30 20:33:12,348 INFO main.train_one_fold] EVAL SUBJECT | Fold 5 | Epoch 018/100 | Loss: 0.5888 | Acc: 0.7241 | normal: P=0.818 R=0.600 | mdd: P=0.800 R=1.000 | anxious: P=0.500 R=0.667
[2025-11-30 20:33:12,349 INFO main.train_one_fold] EVAL EC vs EO | Fold 5 | Epoch 018/100 | EO chunk acc: 0.8125 | EC chunk acc: 0.6154
[2025-11-30 20:33:31,775 INFO main.train_one_fold] TRAIN CHUNK | Fold 5 | Epoch 019/100 | Loss: 0.5559 | Acc: 0.7470 | normal: P=0.794 R=0.703 | mdd: P=0.827 R=0.886 | anxious: P=0.545 R=0.638
[2025-11-30 20:33:33,119 INFO main.train_one_fold] EVAL CHUNK | Fold 5 | Epoch 019/100 | Loss: 0.5349 | Acc: 0.6793 | normal: P=0.826 R=0.490 | mdd: P=0.784 R=0.986 | anxious: P=0.473 R=0.776
[2025-11-30 20:33:33,119 INFO main.train_one_fold] EVAL SUBJECT | Fold 5 | Epoch 019/100 | Loss: 0.5349 | Acc: 0.6897 | normal: P=0.875 R=0.467 | mdd: P=0.800 R=1.000 | anxious: P=0.455 R=0.833
[2025-11-30 20:33:33,119 INFO main.train_one_fold] EVAL EC vs EO | Fold 5 | Epoch 019/100 | EO chunk acc: 0.6875 | EC chunk acc: 0.6923
[2025-11-30 20:33:53,739 INFO main.train_one_fold] TRAIN CHUNK | Fold 5 | Epoch 020/100 | Loss: 0.5405 | Acc: 0.7567 | normal: P=0.808 R=0.697 | mdd: P=0.825 R=0.896 | anxious: P=0.570 R=0.688
[2025-11-30 20:33:55,099 INFO main.train_one_fold] EVAL CHUNK | Fold 5 | Epoch 020/100 | Loss: 0.5768 | Acc: 0.6919 | normal: P=0.782 R=0.567 | mdd: P=0.783 R=1.000 | anxious: P=0.485 R=0.642
[2025-11-30 20:33:55,099 INFO main.train_one_fold] EVAL SUBJECT | Fold 5 | Epoch 020/100 | Loss: 0.5768 | Acc: 0.6897 | normal: P=0.800 R=0.533 | mdd: P=0.800 R=1.000 | anxious: P=0.444 R=0.667
[2025-11-30 20:33:55,099 INFO main.train_one_fold] EVAL EC vs EO | Fold 5 | Epoch 020/100 | EO chunk acc: 0.7500 | EC chunk acc: 0.6154
[2025-11-30 20:33:55,123 INFO main.train_one_fold] Saved checkpoint: experiments/both_fp1_ec+eo_005/fold_5_epoch_020.pth
[2025-11-30 20:34:15,129 INFO main.train_one_fold] TRAIN CHUNK | Fold 5 | Epoch 021/100 | Loss: 0.5457 | Acc: 0.7531 | normal: P=0.805 R=0.699 | mdd: P=0.830 R=0.894 | anxious: P=0.554 R=0.668
[2025-11-30 20:34:16,381 INFO main.train_one_fold] EVAL CHUNK | Fold 5 | Epoch 021/100 | Loss: 0.6274 | Acc: 0.6987 | normal: P=0.773 R=0.598 | mdd: P=0.783 R=1.000 | anxious: P=0.496 R=0.602
[2025-11-30 20:34:16,381 INFO main.train_one_fold] EVAL SUBJECT | Fold 5 | Epoch 021/100 | Loss: 0.6274 | Acc: 0.7241 | normal: P=0.818 R=0.600 | mdd: P=0.800 R=1.000 | anxious: P=0.500 R=0.667
[2025-11-30 20:34:16,382 INFO main.train_one_fold] EVAL EC vs EO | Fold 5 | Epoch 021/100 | EO chunk acc: 0.8125 | EC chunk acc: 0.6154
[2025-11-30 20:34:16,410 INFO main.train_one_fold] ✓ Saved best model: experiments/both_fp1_ec+eo_005/fold_5_best.pth (combined=0.5060, chunk=0.6987, subject=0.7241)
[2025-11-30 20:34:16,410 INFO early_stopping.__call__] Validation improved from 0.6964 to 0.6987 (+0.0023) at epoch 21
[2025-11-30 20:34:35,980 INFO main.train_one_fold] TRAIN CHUNK | Fold 5 | Epoch 022/100 | Loss: 0.5375 | Acc: 0.7556 | normal: P=0.808 R=0.694 | mdd: P=0.829 R=0.899 | anxious: P=0.562 R=0.685
[2025-11-30 20:34:37,458 INFO main.train_one_fold] EVAL CHUNK | Fold 5 | Epoch 022/100 | Loss: 0.6167 | Acc: 0.6964 | normal: P=0.758 R=0.613 | mdd: P=0.783 R=1.000 | anxious: P=0.491 R=0.557
[2025-11-30 20:34:37,459 INFO main.train_one_fold] EVAL SUBJECT | Fold 5 | Epoch 022/100 | Loss: 0.6167 | Acc: 0.7241 | normal: P=0.818 R=0.600 | mdd: P=0.800 R=1.000 | anxious: P=0.500 R=0.667
[2025-11-30 20:34:37,459 INFO main.train_one_fold] EVAL EC vs EO | Fold 5 | Epoch 022/100 | EO chunk acc: 0.8125 | EC chunk acc: 0.6154
[2025-11-30 20:35:02,194 INFO main.train_one_fold] TRAIN CHUNK | Fold 5 | Epoch 023/100 | Loss: 0.5270 | Acc: 0.7577 | normal: P=0.793 R=0.715 | mdd: P=0.838 R=0.911 | anxious: P=0.563 R=0.623
[2025-11-30 20:35:04,087 INFO main.train_one_fold] EVAL CHUNK | Fold 5 | Epoch 023/100 | Loss: 0.6049 | Acc: 0.6930 | normal: P=0.756 R=0.607 | mdd: P=0.783 R=1.000 | anxious: P=0.485 R=0.557
[2025-11-30 20:35:04,087 INFO main.train_one_fold] EVAL SUBJECT | Fold 5 | Epoch 023/100 | Loss: 0.6049 | Acc: 0.7241 | normal: P=0.818 R=0.600 | mdd: P=0.800 R=1.000 | anxious: P=0.500 R=0.667
[2025-11-30 20:35:04,087 INFO main.train_one_fold] EVAL EC vs EO | Fold 5 | Epoch 023/100 | EO chunk acc: 0.8125 | EC chunk acc: 0.6154
[2025-11-30 20:35:29,244 INFO main.train_one_fold] TRAIN CHUNK | Fold 5 | Epoch 024/100 | Loss: 0.5117 | Acc: 0.7723 | normal: P=0.821 R=0.709 | mdd: P=0.842 R=0.911 | anxious: P=0.588 R=0.713
[2025-11-30 20:35:30,535 INFO main.train_one_fold] EVAL CHUNK | Fold 5 | Epoch 024/100 | Loss: 0.6447 | Acc: 0.6964 | normal: P=0.750 R=0.640 | mdd: P=0.801 R=0.982 | anxious: P=0.475 R=0.517
[2025-11-30 20:35:30,539 INFO main.train_one_fold] EVAL SUBJECT | Fold 5 | Epoch 024/100 | Loss: 0.6447 | Acc: 0.7241 | normal: P=0.818 R=0.600 | mdd: P=0.800 R=1.000 | anxious: P=0.500 R=0.667
[2025-11-30 20:35:30,540 INFO main.train_one_fold] EVAL EC vs EO | Fold 5 | Epoch 024/100 | EO chunk acc: 0.8125 | EC chunk acc: 0.6154
[2025-11-30 20:35:55,395 INFO main.train_one_fold] TRAIN CHUNK | Fold 5 | Epoch 025/100 | Loss: 0.5169 | Acc: 0.7679 | normal: P=0.816 R=0.712 | mdd: P=0.834 R=0.905 | anxious: P=0.585 R=0.691
[2025-11-30 20:35:58,491 INFO main.train_one_fold] EVAL CHUNK | Fold 5 | Epoch 025/100 | Loss: 0.6312 | Acc: 0.6919 | normal: P=0.747 R=0.624 | mdd: P=0.793 R=0.991 | anxious: P=0.473 R=0.522
[2025-11-30 20:35:58,496 INFO main.train_one_fold] EVAL SUBJECT | Fold 5 | Epoch 025/100 | Loss: 0.6312 | Acc: 0.7241 | normal: P=0.818 R=0.600 | mdd: P=0.800 R=1.000 | anxious: P=0.500 R=0.667
[2025-11-30 20:35:58,496 INFO main.train_one_fold] EVAL EC vs EO | Fold 5 | Epoch 025/100 | EO chunk acc: 0.8125 | EC chunk acc: 0.6154
[2025-11-30 20:36:39,556 INFO main.train_one_fold] TRAIN CHUNK | Fold 5 | Epoch 026/100 | Loss: 0.5161 | Acc: 0.7725 | normal: P=0.807 R=0.734 | mdd: P=0.841 R=0.905 | anxious: P=0.598 R=0.662
[2025-11-30 20:36:41,294 INFO main.train_one_fold] EVAL CHUNK | Fold 5 | Epoch 026/100 | Loss: 0.6031 | Acc: 0.6999 | normal: P=0.757 R=0.629 | mdd: P=0.791 R=0.995 | anxious: P=0.491 R=0.542
[2025-11-30 20:36:41,294 INFO main.train_one_fold] EVAL SUBJECT | Fold 5 | Epoch 026/100 | Loss: 0.6031 | Acc: 0.7241 | normal: P=0.818 R=0.600 | mdd: P=0.800 R=1.000 | anxious: P=0.500 R=0.667
[2025-11-30 20:36:41,294 INFO main.train_one_fold] EVAL EC vs EO | Fold 5 | Epoch 026/100 | EO chunk acc: 0.8125 | EC chunk acc: 0.6154
[2025-11-30 20:36:41,324 INFO main.train_one_fold] ✓ Saved best model: experiments/both_fp1_ec+eo_005/fold_5_best.pth (combined=0.5068, chunk=0.6999, subject=0.7241)
[2025-11-30 20:36:41,325 INFO early_stopping.__call__] Validation improved from 0.6987 to 0.6999 (+0.0011) at epoch 26
[2025-11-30 20:37:12,284 INFO main.train_one_fold] TRAIN CHUNK | Fold 5 | Epoch 027/100 | Loss: 0.5056 | Acc: 0.7748 | normal: P=0.818 R=0.725 | mdd: P=0.841 R=0.907 | anxious: P=0.597 R=0.694
[2025-11-30 20:37:13,928 INFO main.train_one_fold] EVAL CHUNK | Fold 5 | Epoch 027/100 | Loss: 0.6042 | Acc: 0.6942 | normal: P=0.771 R=0.591 | mdd: P=0.793 R=0.991 | anxious: P=0.482 R=0.607
[2025-11-30 20:37:13,928 INFO main.train_one_fold] EVAL SUBJECT | Fold 5 | Epoch 027/100 | Loss: 0.6042 | Acc: 0.7241 | normal: P=0.818 R=0.600 | mdd: P=0.800 R=1.000 | anxious: P=0.500 R=0.667
[2025-11-30 20:37:13,928 INFO main.train_one_fold] EVAL EC vs EO | Fold 5 | Epoch 027/100 | EO chunk acc: 0.8125 | EC chunk acc: 0.6154
[2025-11-30 20:37:54,869 INFO main.train_one_fold] TRAIN CHUNK | Fold 5 | Epoch 028/100 | Loss: 0.4959 | Acc: 0.7805 | normal: P=0.825 R=0.723 | mdd: P=0.846 R=0.910 | anxious: P=0.606 R=0.720
[2025-11-30 20:37:58,055 INFO main.train_one_fold] EVAL CHUNK | Fold 5 | Epoch 028/100 | Loss: 0.5839 | Acc: 0.6953 | normal: P=0.791 R=0.574 | mdd: P=0.801 R=0.986 | anxious: P=0.478 R=0.657
[2025-11-30 20:37:58,056 INFO main.train_one_fold] EVAL SUBJECT | Fold 5 | Epoch 028/100 | Loss: 0.5839 | Acc: 0.6897 | normal: P=0.800 R=0.533 | mdd: P=0.800 R=1.000 | anxious: P=0.444 R=0.667
[2025-11-30 20:37:58,056 INFO main.train_one_fold] EVAL EC vs EO | Fold 5 | Epoch 028/100 | EO chunk acc: 0.7500 | EC chunk acc: 0.6154
[2025-11-30 20:38:43,304 INFO main.train_one_fold] TRAIN CHUNK | Fold 5 | Epoch 029/100 | Loss: 0.4956 | Acc: 0.7830 | normal: P=0.827 R=0.733 | mdd: P=0.842 R=0.911 | anxious: P=0.613 R=0.707
[2025-11-30 20:38:46,042 INFO main.train_one_fold] EVAL CHUNK | Fold 5 | Epoch 029/100 | Loss: 0.6127 | Acc: 0.7022 | normal: P=0.772 R=0.609 | mdd: P=0.797 R=0.995 | anxious: P=0.494 R=0.597
[2025-11-30 20:38:46,043 INFO main.train_one_fold] EVAL SUBJECT | Fold 5 | Epoch 029/100 | Loss: 0.6127 | Acc: 0.7241 | normal: P=0.818 R=0.600 | mdd: P=0.800 R=1.000 | anxious: P=0.500 R=0.667
[2025-11-30 20:38:46,043 INFO main.train_one_fold] EVAL EC vs EO | Fold 5 | Epoch 029/100 | EO chunk acc: 0.8125 | EC chunk acc: 0.6154
[2025-11-30 20:38:46,101 INFO main.train_one_fold] ✓ Saved best model: experiments/both_fp1_ec+eo_005/fold_5_best.pth (combined=0.5085, chunk=0.7022, subject=0.7241)
[2025-11-30 20:38:46,102 INFO early_stopping.__call__] Validation improved from 0.6999 to 0.7022 (+0.0023) at epoch 29
[2025-11-30 20:39:35,539 INFO main.train_one_fold] TRAIN CHUNK | Fold 5 | Epoch 030/100 | Loss: 0.4850 | Acc: 0.7936 | normal: P=0.844 R=0.736 | mdd: P=0.848 R=0.909 | anxious: P=0.626 R=0.756
[2025-11-30 20:39:39,541 INFO main.train_one_fold] EVAL CHUNK | Fold 5 | Epoch 030/100 | Loss: 0.6477 | Acc: 0.7045 | normal: P=0.753 R=0.644 | mdd: P=0.783 R=1.000 | anxious: P=0.507 R=0.522
[2025-11-30 20:39:39,543 INFO main.train_one_fold] EVAL SUBJECT | Fold 5 | Epoch 030/100 | Loss: 0.6477 | Acc: 0.7586 | normal: P=0.833 R=0.667 | mdd: P=0.800 R=1.000 | anxious: P=0.571 R=0.667
[2025-11-30 20:39:39,546 INFO main.train_one_fold] EVAL EC vs EO | Fold 5 | Epoch 030/100 | EO chunk acc: 0.8125 | EC chunk acc: 0.6923
[2025-11-30 20:39:39,623 INFO main.train_one_fold] ✓ Saved best model: experiments/both_fp1_ec+eo_005/fold_5_best.pth (combined=0.5344, chunk=0.7045, subject=0.7586)
[2025-11-30 20:39:39,624 INFO early_stopping.__call__] Validation improved from 0.7022 to 0.7045 (+0.0023) at epoch 30
[2025-11-30 20:39:39,667 INFO main.train_one_fold] Saved checkpoint: experiments/both_fp1_ec+eo_005/fold_5_epoch_030.pth
[2025-11-30 20:40:33,967 INFO main.train_one_fold] TRAIN CHUNK | Fold 5 | Epoch 031/100 | Loss: 0.4745 | Acc: 0.7896 | normal: P=0.832 R=0.733 | mdd: P=0.856 R=0.918 | anxious: P=0.617 R=0.731
[2025-11-30 20:40:37,141 INFO main.train_one_fold] EVAL CHUNK | Fold 5 | Epoch 031/100 | Loss: 0.6369 | Acc: 0.7090 | normal: P=0.753 R=0.657 | mdd: P=0.783 R=1.000 | anxious: P=0.518 R=0.512
[2025-11-30 20:40:37,142 INFO main.train_one_fold] EVAL SUBJECT | Fold 5 | Epoch 031/100 | Loss: 0.6369 | Acc: 0.7586 | normal: P=0.833 R=0.667 | mdd: P=0.800 R=1.000 | anxious: P=0.571 R=0.667
[2025-11-30 20:40:37,142 INFO main.train_one_fold] EVAL EC vs EO | Fold 5 | Epoch 031/100 | EO chunk acc: 0.8125 | EC chunk acc: 0.6923
[2025-11-30 20:40:37,205 INFO main.train_one_fold] ✓ Saved best model: experiments/both_fp1_ec+eo_005/fold_5_best.pth (combined=0.5379, chunk=0.7090, subject=0.7586)
[2025-11-30 20:40:37,206 INFO early_stopping.__call__] Validation improved from 0.7045 to 0.7090 (+0.0046) at epoch 31
[2025-11-30 20:41:25,530 INFO main.train_one_fold] TRAIN CHUNK | Fold 5 | Epoch 032/100 | Loss: 0.4771 | Acc: 0.7952 | normal: P=0.831 R=0.751 | mdd: P=0.853 R=0.914 | anxious: P=0.638 R=0.720
[2025-11-30 20:41:26,886 INFO main.train_one_fold] EVAL CHUNK | Fold 5 | Epoch 032/100 | Loss: 0.6193 | Acc: 0.6987 | normal: P=0.759 R=0.618 | mdd: P=0.783 R=1.000 | anxious: P=0.496 R=0.557
[2025-11-30 20:41:26,886 INFO main.train_one_fold] EVAL SUBJECT | Fold 5 | Epoch 032/100 | Loss: 0.6193 | Acc: 0.7241 | normal: P=0.818 R=0.600 | mdd: P=0.800 R=1.000 | anxious: P=0.500 R=0.667
[2025-11-30 20:41:26,886 INFO main.train_one_fold] EVAL EC vs EO | Fold 5 | Epoch 032/100 | EO chunk acc: 0.8125 | EC chunk acc: 0.6154
[2025-11-30 20:42:01,340 INFO main.train_one_fold] TRAIN CHUNK | Fold 5 | Epoch 033/100 | Loss: 0.4603 | Acc: 0.8047 | normal: P=0.843 R=0.753 | mdd: P=0.851 R=0.920 | anxious: P=0.660 R=0.753
[2025-11-30 20:42:03,632 INFO main.train_one_fold] EVAL CHUNK | Fold 5 | Epoch 033/100 | Loss: 0.6158 | Acc: 0.7033 | normal: P=0.762 R=0.626 | mdd: P=0.798 R=1.000 | anxious: P=0.493 R=0.557
[2025-11-30 20:42:03,632 INFO main.train_one_fold] EVAL SUBJECT | Fold 5 | Epoch 033/100 | Loss: 0.6158 | Acc: 0.7241 | normal: P=0.818 R=0.600 | mdd: P=0.800 R=1.000 | anxious: P=0.500 R=0.667
[2025-11-30 20:42:03,633 INFO main.train_one_fold] EVAL EC vs EO | Fold 5 | Epoch 033/100 | EO chunk acc: 0.8125 | EC chunk acc: 0.6154
[2025-11-30 20:42:46,462 INFO main.train_one_fold] TRAIN CHUNK | Fold 5 | Epoch 034/100 | Loss: 0.4661 | Acc: 0.8094 | normal: P=0.853 R=0.761 | mdd: P=0.849 R=0.913 | anxious: P=0.667 R=0.768
[2025-11-30 20:42:49,071 INFO main.train_one_fold] EVAL CHUNK | Fold 5 | Epoch 034/100 | Loss: 0.6130 | Acc: 0.7045 | normal: P=0.748 R=0.653 | mdd: P=0.783 R=1.000 | anxious: P=0.508 R=0.502
[2025-11-30 20:42:49,071 INFO main.train_one_fold] EVAL SUBJECT | Fold 5 | Epoch 034/100 | Loss: 0.6130 | Acc: 0.7241 | normal: P=0.769 R=0.667 | mdd: P=0.800 R=1.000 | anxious: P=0.500 R=0.500
[2025-11-30 20:42:49,071 INFO main.train_one_fold] EVAL EC vs EO | Fold 5 | Epoch 034/100 | EO chunk acc: 0.7500 | EC chunk acc: 0.6923
[2025-11-30 20:43:30,228 INFO main.train_one_fold] TRAIN CHUNK | Fold 5 | Epoch 035/100 | Loss: 0.4514 | Acc: 0.8146 | normal: P=0.850 R=0.771 | mdd: P=0.854 R=0.920 | anxious: P=0.683 R=0.760
[2025-11-30 20:43:33,349 INFO main.train_one_fold] EVAL CHUNK | Fold 5 | Epoch 035/100 | Loss: 0.5928 | Acc: 0.7056 | normal: P=0.783 R=0.602 | mdd: P=0.795 R=1.000 | anxious: P=0.500 R=0.622
[2025-11-30 20:43:33,349 INFO main.train_one_fold] EVAL SUBJECT | Fold 5 | Epoch 035/100 | Loss: 0.5928 | Acc: 0.7241 | normal: P=0.818 R=0.600 | mdd: P=0.800 R=1.000 | anxious: P=0.500 R=0.667
[2025-11-30 20:43:33,350 INFO main.train_one_fold] EVAL EC vs EO | Fold 5 | Epoch 035/100 | EO chunk acc: 0.8125 | EC chunk acc: 0.6154
[2025-11-30 20:44:13,059 INFO main.train_one_fold] TRAIN CHUNK | Fold 5 | Epoch 036/100 | Loss: 0.4405 | Acc: 0.8188 | normal: P=0.852 R=0.778 | mdd: P=0.861 R=0.915 | anxious: P=0.688 R=0.770
[2025-11-30 20:44:15,395 INFO main.train_one_fold] EVAL CHUNK | Fold 5 | Epoch 036/100 | Loss: 0.6114 | Acc: 0.7010 | normal: P=0.769 R=0.609 | mdd: P=0.792 R=1.000 | anxious: P=0.494 R=0.587
[2025-11-30 20:44:15,395 INFO main.train_one_fold] EVAL SUBJECT | Fold 5 | Epoch 036/100 | Loss: 0.6114 | Acc: 0.7241 | normal: P=0.818 R=0.600 | mdd: P=0.800 R=1.000 | anxious: P=0.500 R=0.667
[2025-11-30 20:44:15,396 INFO main.train_one_fold] EVAL EC vs EO | Fold 5 | Epoch 036/100 | EO chunk acc: 0.8125 | EC chunk acc: 0.6154
[2025-11-30 20:44:56,973 INFO main.train_one_fold] TRAIN CHUNK | Fold 5 | Epoch 037/100 | Loss: 0.4308 | Acc: 0.8273 | normal: P=0.859 R=0.792 | mdd: P=0.855 R=0.918 | anxious: P=0.716 R=0.773
[2025-11-30 20:44:58,670 INFO main.train_one_fold] EVAL CHUNK | Fold 5 | Epoch 037/100 | Loss: 0.6682 | Acc: 0.6919 | normal: P=0.769 R=0.585 | mdd: P=0.764 R=1.000 | anxious: P=0.498 R=0.602
[2025-11-30 20:44:58,670 INFO main.train_one_fold] EVAL SUBJECT | Fold 5 | Epoch 037/100 | Loss: 0.6682 | Acc: 0.7241 | normal: P=0.818 R=0.600 | mdd: P=0.800 R=1.000 | anxious: P=0.500 R=0.667
[2025-11-30 20:44:58,671 INFO main.train_one_fold] EVAL EC vs EO | Fold 5 | Epoch 037/100 | EO chunk acc: 0.8125 | EC chunk acc: 0.6154
[2025-11-30 20:45:40,233 INFO main.train_one_fold] TRAIN CHUNK | Fold 5 | Epoch 038/100 | Loss: 0.4298 | Acc: 0.8277 | normal: P=0.866 R=0.784 | mdd: P=0.858 R=0.915 | anxious: P=0.708 R=0.801
[2025-11-30 20:45:41,998 INFO main.train_one_fold] EVAL CHUNK | Fold 5 | Epoch 038/100 | Loss: 0.6515 | Acc: 0.6964 | normal: P=0.747 R=0.631 | mdd: P=0.801 R=1.000 | anxious: P=0.477 R=0.517
[2025-11-30 20:45:41,998 INFO main.train_one_fold] EVAL SUBJECT | Fold 5 | Epoch 038/100 | Loss: 0.6515 | Acc: 0.6897 | normal: P=0.750 R=0.600 | mdd: P=0.800 R=1.000 | anxious: P=0.429 R=0.500
[2025-11-30 20:45:41,999 INFO main.train_one_fold] EVAL EC vs EO | Fold 5 | Epoch 038/100 | EO chunk acc: 0.7500 | EC chunk acc: 0.6154
[2025-11-30 20:46:20,980 INFO main.train_one_fold] TRAIN CHUNK | Fold 5 | Epoch 039/100 | Loss: 0.4293 | Acc: 0.8243 | normal: P=0.858 R=0.785 | mdd: P=0.853 R=0.918 | anxious: P=0.711 R=0.776
[2025-11-30 20:46:23,027 INFO main.train_one_fold] EVAL CHUNK | Fold 5 | Epoch 039/100 | Loss: 0.6175 | Acc: 0.7010 | normal: P=0.772 R=0.609 | mdd: P=0.800 R=0.995 | anxious: P=0.488 R=0.592
[2025-11-30 20:46:23,027 INFO main.train_one_fold] EVAL SUBJECT | Fold 5 | Epoch 039/100 | Loss: 0.6175 | Acc: 0.7241 | normal: P=0.818 R=0.600 | mdd: P=0.800 R=1.000 | anxious: P=0.500 R=0.667
[2025-11-30 20:46:23,027 INFO main.train_one_fold] EVAL EC vs EO | Fold 5 | Epoch 039/100 | EO chunk acc: 0.8125 | EC chunk acc: 0.6154
[2025-11-30 20:47:10,280 INFO main.train_one_fold] TRAIN CHUNK | Fold 5 | Epoch 040/100 | Loss: 0.4193 | Acc: 0.8342 | normal: P=0.871 R=0.791 | mdd: P=0.855 R=0.917 | anxious: P=0.728 R=0.812
[2025-11-30 20:47:12,470 INFO main.train_one_fold] EVAL CHUNK | Fold 5 | Epoch 040/100 | Loss: 0.6389 | Acc: 0.7068 | normal: P=0.785 R=0.602 | mdd: P=0.798 R=1.000 | anxious: P=0.500 R=0.627
[2025-11-30 20:47:12,470 INFO main.train_one_fold] EVAL SUBJECT | Fold 5 | Epoch 040/100 | Loss: 0.6389 | Acc: 0.7241 | normal: P=0.818 R=0.600 | mdd: P=0.800 R=1.000 | anxious: P=0.500 R=0.667
[2025-11-30 20:47:12,470 INFO main.train_one_fold] EVAL EC vs EO | Fold 5 | Epoch 040/100 | EO chunk acc: 0.8125 | EC chunk acc: 0.6154
[2025-11-30 20:47:12,505 INFO main.train_one_fold] Saved checkpoint: experiments/both_fp1_ec+eo_005/fold_5_epoch_040.pth
[2025-11-30 20:47:56,366 INFO main.train_one_fold] TRAIN CHUNK | Fold 5 | Epoch 041/100 | Loss: 0.4048 | Acc: 0.8344 | normal: P=0.873 R=0.789 | mdd: P=0.858 R=0.922 | anxious: P=0.722 R=0.811
[2025-11-30 20:47:57,815 INFO main.train_one_fold] EVAL CHUNK | Fold 5 | Epoch 041/100 | Loss: 0.6518 | Acc: 0.7033 | normal: P=0.817 R=0.558 | mdd: P=0.809 R=0.995 | anxious: P=0.488 R=0.716
[2025-11-30 20:47:57,816 INFO main.train_one_fold] EVAL SUBJECT | Fold 5 | Epoch 041/100 | Loss: 0.6518 | Acc: 0.7241 | normal: P=0.889 R=0.533 | mdd: P=0.800 R=1.000 | anxious: P=0.500 R=0.833
[2025-11-30 20:47:57,816 INFO main.train_one_fold] EVAL EC vs EO | Fold 5 | Epoch 041/100 | EO chunk acc: 0.7500 | EC chunk acc: 0.6923
[2025-11-30 20:48:36,227 INFO main.train_one_fold] TRAIN CHUNK | Fold 5 | Epoch 042/100 | Loss: 0.4124 | Acc: 0.8365 | normal: P=0.877 R=0.791 | mdd: P=0.857 R=0.920 | anxious: P=0.726 R=0.820
[2025-11-30 20:48:38,301 INFO main.train_one_fold] EVAL CHUNK | Fold 5 | Epoch 042/100 | Loss: 0.6555 | Acc: 0.7056 | normal: P=0.798 R=0.582 | mdd: P=0.783 R=1.000 | anxious: P=0.508 R=0.667
[2025-11-30 20:48:38,302 INFO main.train_one_fold] EVAL SUBJECT | Fold 5 | Epoch 042/100 | Loss: 0.6555 | Acc: 0.7241 | normal: P=0.818 R=0.600 | mdd: P=0.800 R=1.000 | anxious: P=0.500 R=0.667
[2025-11-30 20:48:38,302 INFO main.train_one_fold] EVAL EC vs EO | Fold 5 | Epoch 042/100 | EO chunk acc: 0.8125 | EC chunk acc: 0.6154
[2025-11-30 20:49:39,058 INFO main.train_one_fold] TRAIN CHUNK | Fold 5 | Epoch 043/100 | Loss: 0.4026 | Acc: 0.8376 | normal: P=0.876 R=0.795 | mdd: P=0.855 R=0.919 | anxious: P=0.734 R=0.817
[2025-11-30 20:49:41,170 INFO main.train_one_fold] EVAL CHUNK | Fold 5 | Epoch 043/100 | Loss: 0.6021 | Acc: 0.7045 | normal: P=0.775 R=0.613 | mdd: P=0.806 R=0.995 | anxious: P=0.490 R=0.597
[2025-11-30 20:49:41,170 INFO main.train_one_fold] EVAL SUBJECT | Fold 5 | Epoch 043/100 | Loss: 0.6021 | Acc: 0.7241 | normal: P=0.818 R=0.600 | mdd: P=0.800 R=1.000 | anxious: P=0.500 R=0.667
[2025-11-30 20:49:41,171 INFO main.train_one_fold] EVAL EC vs EO | Fold 5 | Epoch 043/100 | EO chunk acc: 0.8125 | EC chunk acc: 0.6154
[2025-11-30 20:50:44,064 INFO main.train_one_fold] TRAIN CHUNK | Fold 5 | Epoch 044/100 | Loss: 0.3940 | Acc: 0.8481 | normal: P=0.888 R=0.803 | mdd: P=0.857 R=0.922 | anxious: P=0.755 R=0.845
[2025-11-30 20:50:46,889 INFO main.train_one_fold] EVAL CHUNK | Fold 5 | Epoch 044/100 | Loss: 0.6623 | Acc: 0.6987 | normal: P=0.799 R=0.567 | mdd: P=0.791 R=0.995 | anxious: P=0.491 R=0.677
[2025-11-30 20:50:46,890 INFO main.train_one_fold] EVAL SUBJECT | Fold 5 | Epoch 044/100 | Loss: 0.6623 | Acc: 0.7241 | normal: P=0.889 R=0.533 | mdd: P=0.800 R=1.000 | anxious: P=0.500 R=0.833
[2025-11-30 20:50:46,890 INFO main.train_one_fold] EVAL EC vs EO | Fold 5 | Epoch 044/100 | EO chunk acc: 0.7500 | EC chunk acc: 0.6923
[2025-11-30 20:51:48,393 INFO main.train_one_fold] TRAIN CHUNK | Fold 5 | Epoch 045/100 | Loss: 0.3894 | Acc: 0.8500 | normal: P=0.887 R=0.806 | mdd: P=0.856 R=0.918 | anxious: P=0.765 R=0.854
[2025-11-30 20:51:50,343 INFO main.train_one_fold] EVAL CHUNK | Fold 5 | Epoch 045/100 | Loss: 0.6818 | Acc: 0.7045 | normal: P=0.796 R=0.582 | mdd: P=0.783 R=1.000 | anxious: P=0.506 R=0.662
[2025-11-30 20:51:50,344 INFO main.train_one_fold] EVAL SUBJECT | Fold 5 | Epoch 045/100 | Loss: 0.6818 | Acc: 0.7241 | normal: P=0.818 R=0.600 | mdd: P=0.800 R=1.000 | anxious: P=0.500 R=0.667
[2025-11-30 20:51:50,344 INFO main.train_one_fold] EVAL EC vs EO | Fold 5 | Epoch 045/100 | EO chunk acc: 0.8125 | EC chunk acc: 0.6154
[2025-11-30 20:52:46,549 INFO main.train_one_fold] TRAIN CHUNK | Fold 5 | Epoch 046/100 | Loss: 0.3833 | Acc: 0.8534 | normal: P=0.892 R=0.810 | mdd: P=0.860 R=0.919 | anxious: P=0.766 R=0.859
[2025-11-30 20:52:48,734 INFO main.train_one_fold] EVAL CHUNK | Fold 5 | Epoch 046/100 | Loss: 0.6766 | Acc: 0.7079 | normal: P=0.791 R=0.598 | mdd: P=0.798 R=1.000 | anxious: P=0.502 R=0.642
[2025-11-30 20:52:48,735 INFO main.train_one_fold] EVAL SUBJECT | Fold 5 | Epoch 046/100 | Loss: 0.6766 | Acc: 0.7241 | normal: P=0.818 R=0.600 | mdd: P=0.800 R=1.000 | anxious: P=0.500 R=0.667
[2025-11-30 20:52:48,735 INFO main.train_one_fold] EVAL EC vs EO | Fold 5 | Epoch 046/100 | EO chunk acc: 0.8125 | EC chunk acc: 0.6154
[2025-11-30 20:53:50,154 INFO main.train_one_fold] TRAIN CHUNK | Fold 5 | Epoch 047/100 | Loss: 0.3752 | Acc: 0.8555 | normal: P=0.890 R=0.815 | mdd: P=0.860 R=0.924 | anxious: P=0.776 R=0.849
[2025-11-30 20:53:52,597 INFO main.train_one_fold] EVAL CHUNK | Fold 5 | Epoch 047/100 | Loss: 0.6838 | Acc: 0.6976 | normal: P=0.809 R=0.549 | mdd: P=0.783 R=1.000 | anxious: P=0.495 R=0.706
[2025-11-30 20:53:52,597 INFO main.train_one_fold] EVAL SUBJECT | Fold 5 | Epoch 047/100 | Loss: 0.6838 | Acc: 0.7241 | normal: P=0.889 R=0.533 | mdd: P=0.800 R=1.000 | anxious: P=0.500 R=0.833
[2025-11-30 20:53:52,598 INFO main.train_one_fold] EVAL EC vs EO | Fold 5 | Epoch 047/100 | EO chunk acc: 0.7500 | EC chunk acc: 0.6923
[2025-11-30 20:55:00,251 INFO main.train_one_fold] TRAIN CHUNK | Fold 5 | Epoch 048/100 | Loss: 0.3775 | Acc: 0.8555 | normal: P=0.893 R=0.815 | mdd: P=0.860 R=0.922 | anxious: P=0.772 R=0.853
[2025-11-30 20:55:01,902 INFO main.train_one_fold] EVAL CHUNK | Fold 5 | Epoch 048/100 | Loss: 0.7008 | Acc: 0.7022 | normal: P=0.804 R=0.567 | mdd: P=0.789 R=1.000 | anxious: P=0.498 R=0.687
[2025-11-30 20:55:01,902 INFO main.train_one_fold] EVAL SUBJECT | Fold 5 | Epoch 048/100 | Loss: 0.7008 | Acc: 0.7241 | normal: P=0.889 R=0.533 | mdd: P=0.800 R=1.000 | anxious: P=0.500 R=0.833
[2025-11-30 20:55:01,902 INFO main.train_one_fold] EVAL EC vs EO | Fold 5 | Epoch 048/100 | EO chunk acc: 0.7500 | EC chunk acc: 0.6923
[2025-11-30 20:55:42,554 INFO main.train_one_fold] TRAIN CHUNK | Fold 5 | Epoch 049/100 | Loss: 0.3850 | Acc: 0.8494 | normal: P=0.885 R=0.811 | mdd: P=0.854 R=0.919 | anxious: P=0.767 R=0.836
[2025-11-30 20:55:43,756 INFO main.train_one_fold] EVAL CHUNK | Fold 5 | Epoch 049/100 | Loss: 0.6675 | Acc: 0.7045 | normal: P=0.787 R=0.593 | mdd: P=0.789 R=1.000 | anxious: P=0.502 R=0.637
[2025-11-30 20:55:43,756 INFO main.train_one_fold] EVAL SUBJECT | Fold 5 | Epoch 049/100 | Loss: 0.6675 | Acc: 0.7241 | normal: P=0.818 R=0.600 | mdd: P=0.800 R=1.000 | anxious: P=0.500 R=0.667
[2025-11-30 20:55:43,756 INFO main.train_one_fold] EVAL EC vs EO | Fold 5 | Epoch 049/100 | EO chunk acc: 0.8125 | EC chunk acc: 0.6154
[2025-11-30 20:56:17,848 INFO main.train_one_fold] TRAIN CHUNK | Fold 5 | Epoch 050/100 | Loss: 0.3744 | Acc: 0.8521 | normal: P=0.892 R=0.808 | mdd: P=0.857 R=0.920 | anxious: P=0.765 R=0.856
[2025-11-30 20:56:18,781 INFO main.train_one_fold] EVAL CHUNK | Fold 5 | Epoch 050/100 | Loss: 0.6784 | Acc: 0.7068 | normal: P=0.812 R=0.569 | mdd: P=0.783 R=1.000 | anxious: P=0.509 R=0.701
[2025-11-30 20:56:18,781 INFO main.train_one_fold] EVAL SUBJECT | Fold 5 | Epoch 050/100 | Loss: 0.6784 | Acc: 0.7241 | normal: P=0.889 R=0.533 | mdd: P=0.800 R=1.000 | anxious: P=0.500 R=0.833
[2025-11-30 20:56:18,781 INFO main.train_one_fold] EVAL EC vs EO | Fold 5 | Epoch 050/100 | EO chunk acc: 0.7500 | EC chunk acc: 0.6923
[2025-11-30 20:56:18,797 INFO main.train_one_fold] Saved checkpoint: experiments/both_fp1_ec+eo_005/fold_5_epoch_050.pth
[2025-11-30 20:56:56,721 INFO main.train_one_fold] TRAIN CHUNK | Fold 5 | Epoch 051/100 | Loss: 0.3615 | Acc: 0.8622 | normal: P=0.897 R=0.823 | mdd: P=0.856 R=0.924 | anxious: P=0.798 R=0.864
[2025-11-30 20:56:58,023 INFO main.train_one_fold] EVAL CHUNK | Fold 5 | Epoch 051/100 | Loss: 0.7084 | Acc: 0.7045 | normal: P=0.813 R=0.563 | mdd: P=0.786 R=1.000 | anxious: P=0.504 R=0.706
[2025-11-30 20:56:58,023 INFO main.train_one_fold] EVAL SUBJECT | Fold 5 | Epoch 051/100 | Loss: 0.7084 | Acc: 0.7241 | normal: P=0.889 R=0.533 | mdd: P=0.800 R=1.000 | anxious: P=0.500 R=0.833
[2025-11-30 20:56:58,023 INFO main.train_one_fold] EVAL EC vs EO | Fold 5 | Epoch 051/100 | EO chunk acc: 0.7500 | EC chunk acc: 0.6923
[2025-11-30 20:56:58,023 INFO early_stopping.__call__] Early stopping triggered after 20 epochs without improvement. Best score: 0.7090 at epoch 31
[2025-11-30 20:56:58,023 INFO main.train_one_fold] Early stopping triggered at epoch 51
[2025-11-30 20:56:58,023 INFO main.train_one_fold] 
Fold 5 training completed. Best Combined Val Acc: 0.5379 at epoch 31
[2025-11-30 20:56:58,024 INFO main.train_cross_validation] ================================================================================
[2025-11-30 20:56:58,024 INFO main.train_cross_validation] FOLD 6/6
[2025-11-30 20:56:58,024 INFO main.train_cross_validation] ================================================================================
[2025-11-30 20:56:58,024 INFO main.get_datasets_for_fold] Train subjects (155): ['mdd:H S1 EC', 'mdd:H S1 EO', 'mdd:H S15 EC', 'mdd:H S14 EO', 'mdd:H S14 EC', 'mdd:H S23 EC', 'mdd:H S23 EO', 'mdd:H S29 EC', 'mdd:H S29 EO', 'cane:H S1054 EC', 'cane:H S1054 EO', 'cane:H S1095 EC', 'cane:H S1095 EO', 'cane:H S1033 EO', 'cane:H S1033 EC', 'cane:H S0079 EC', 'cane:H S0079 EO', 'mdd:MDD S6 EO', 'mdd:MDD S6 EC', 'mdd:MDD S4 EO', 'mdd:MDD S15 EC', 'mdd:MDD S15 EO', 'mdd:MDD S28 EO', 'mdd:MDD S28 EC', 'mdd:MDD S10 EO', 'mdd:MDD S10 EC', 'mdd:MDD S32 EO', 'mdd:MDD S32 EC', 'cane:AX S1009 EO', 'cane:AX S1009 EC', 'cane:AX S1084 EO', 'cane:AX S1084 EC', 'cane:AX S0057 EO', 'cane:AX S0057 EC', 'mdd:H S4 EO', 'mdd:H S4 EC', 'mdd:H S18 EO', 'mdd:H S8 EC', 'mdd:H S8 EO', 'mdd:H S26 EO', 'mdd:H S26 EC', 'mdd:H S22 EC', 'mdd:H S22 EO', 'cane:H S1002 EC', 'cane:H S1002 EO', 'cane:H S1060 EO', 'cane:H S1060 EC', 'cane:H S1101 EO', 'cane:H S1101 EC', 'mdd:MDD S21 EO', 'mdd:MDD S21 EC', 'mdd:MDD S22 EC', 'mdd:MDD S22 EO', 'mdd:MDD S16 EO', 'mdd:MDD S13 EC', 'mdd:MDD S13 EO', 'mdd:MDD S30 EC', 'mdd:MDD S30 EO', 'mdd:MDD S31 EC', 'mdd:MDD S31 EO', 'cane:AX S1006 EC', 'cane:AX S1006 EO', 'cane:AX S1065 EC', 'cane:AX S1065 EO', 'cane:AX S0041 EC', 'cane:AX S0041 EO', 'mdd:H S13 EC', 'mdd:H S13 EO', 'mdd:H S16 EO', 'mdd:H S16 EC', 'mdd:H S11 EO', 'mdd:H S11 EC', 'mdd:H S19 EC', 'mdd:H S19 EO', 'mdd:H S27 EC', 'mdd:H S27 EO', 'cane:H S1008 EO', 'cane:H S1008 EC', 'cane:H S1028 EC', 'cane:H S1096 EO', 'cane:H S1096 EC', 'mdd:MDD S23 EC', 'mdd:MDD S23 EO', 'mdd:MDD S25 EO', 'mdd:MDD S25 EC', 'mdd:MDD S9 EO', 'mdd:MDD S9 EC', 'mdd:MDD S1 EC', 'mdd:MDD S33 EC', 'mdd:MDD S33 EO', 'cane:AX S1087 EC', 'cane:AX S1087 EO', 'cane:AX S1027 EO', 'cane:AX S1027 EC', 'cane:AX S1007 EC', 'cane:AX S1007 EO', 'mdd:H S9 EC', 'mdd:H S9 EO', 'mdd:H S28 EO', 'mdd:H S28 EC']...
[2025-11-30 20:56:58,025 INFO main.get_datasets_for_fold] Val subjects (31): ['mdd:H S10 EO', 'mdd:H S10 EC', 'mdd:H S24 EO', 'mdd:H S24 EC', 'mdd:H S20 EO', 'mdd:H S20 EC', 'mdd:H S17 EO', 'mdd:H S17 EC', 'mdd:H S5 EC', 'mdd:H S5 EO', 'cane:H S1091 EO', 'cane:H S1091 EC', 'cane:H S1001 EC', 'cane:H S1001 EO', 'cane:H S1010 EC', 'cane:H S1010 EO', 'mdd:MDD S24 EO', 'mdd:MDD S19 EO', 'mdd:MDD S19 EC', 'mdd:MDD S29 EC', 'mdd:MDD S29 EO', 'mdd:MDD S26 EC', 'mdd:MDD S26 EO', 'mdd:MDD S18 EO', 'mdd:MDD S18 EC', 'cane:AX S1051 EO', 'cane:AX S1051 EC', 'cane:AX S1023 EO', 'cane:AX S1023 EC', 'cane:AX S0073 EO', 'cane:AX S0073 EC']
[2025-11-30 20:56:58,029 INFO main.get_datasets_for_fold] Training chunks: MDD=2801, CANE=1877, Total=4678
[2025-11-30 20:56:58,029 INFO main.get_datasets_for_fold] Validation chunks: MDD=584, CANE=358, Total=942
[2025-11-30 20:56:58,045 INFO model.__init__] Initialized LSTM with input_size=1728, hidden_size=100, batch_first=True
[2025-11-30 20:56:58,047 INFO main.train_one_fold] Starting training for fold 6
[2025-11-30 20:57:17,101 INFO main.train_one_fold] TRAIN CHUNK | Fold 6 | Epoch 001/100 | Loss: 1.0653 | Acc: 0.4288 | normal: P=0.495 R=0.711 | mdd: P=0.287 R=0.199 | anxious: P=0.205 R=0.078
[2025-11-30 20:57:18,494 INFO main.train_one_fold] EVAL CHUNK | Fold 6 | Epoch 001/100 | Loss: 1.0278 | Acc: 0.5032 | normal: P=0.503 R=1.000 | mdd: P=0.000 R=0.000 | anxious: P=0.000 R=0.000
[2025-11-30 20:57:18,494 INFO main.train_one_fold] EVAL SUBJECT | Fold 6 | Epoch 001/100 | Loss: 1.0278 | Acc: 0.5161 | normal: P=0.516 R=1.000 | mdd: P=0.000 R=0.000 | anxious: P=0.000 R=0.000
[2025-11-30 20:57:18,494 INFO main.train_one_fold] EVAL EC vs EO | Fold 6 | Epoch 001/100 | EO chunk acc: 0.5000 | EC chunk acc: 0.5333
[2025-11-30 20:57:18,521 INFO main.train_one_fold] ✓ Saved best model: experiments/both_fp1_ec+eo_005/fold_6_best.pth (combined=0.2597, chunk=0.5032, subject=0.5161)
[2025-11-30 20:57:18,521 INFO early_stopping.__call__] Early stopping initialized: best score 0.5032 at epoch 1
[2025-11-30 20:57:38,044 INFO main.train_one_fold] TRAIN CHUNK | Fold 6 | Epoch 002/100 | Loss: 1.0268 | Acc: 0.4959 | normal: P=0.496 R=1.000 | mdd: P=0.000 R=0.000 | anxious: P=0.000 R=0.000
[2025-11-30 20:57:39,468 INFO main.train_one_fold] EVAL CHUNK | Fold 6 | Epoch 002/100 | Loss: 1.0219 | Acc: 0.5032 | normal: P=0.503 R=1.000 | mdd: P=0.000 R=0.000 | anxious: P=0.000 R=0.000
[2025-11-30 20:57:39,469 INFO main.train_one_fold] EVAL SUBJECT | Fold 6 | Epoch 002/100 | Loss: 1.0219 | Acc: 0.5161 | normal: P=0.516 R=1.000 | mdd: P=0.000 R=0.000 | anxious: P=0.000 R=0.000
[2025-11-30 20:57:39,469 INFO main.train_one_fold] EVAL EC vs EO | Fold 6 | Epoch 002/100 | EO chunk acc: 0.5000 | EC chunk acc: 0.5333
[2025-11-30 20:57:58,419 INFO main.train_one_fold] TRAIN CHUNK | Fold 6 | Epoch 003/100 | Loss: 0.9990 | Acc: 0.4964 | normal: P=0.497 R=0.999 | mdd: P=0.294 R=0.004 | anxious: P=0.000 R=0.000
[2025-11-30 20:57:59,820 INFO main.train_one_fold] EVAL CHUNK | Fold 6 | Epoch 003/100 | Loss: 0.9914 | Acc: 0.5032 | normal: P=0.507 R=1.000 | mdd: P=0.000 R=0.000 | anxious: P=0.000 R=0.000
[2025-11-30 20:57:59,821 INFO main.train_one_fold] EVAL SUBJECT | Fold 6 | Epoch 003/100 | Loss: 0.9914 | Acc: 0.5161 | normal: P=0.516 R=1.000 | mdd: P=0.000 R=0.000 | anxious: P=0.000 R=0.000
[2025-11-30 20:57:59,821 INFO main.train_one_fold] EVAL EC vs EO | Fold 6 | Epoch 003/100 | EO chunk acc: 0.5000 | EC chunk acc: 0.5333
[2025-11-30 20:58:18,247 INFO main.train_one_fold] TRAIN CHUNK | Fold 6 | Epoch 004/100 | Loss: 0.9619 | Acc: 0.5009 | normal: P=0.506 R=0.984 | mdd: P=0.357 R=0.036 | anxious: P=0.370 R=0.011
[2025-11-30 20:58:19,648 INFO main.train_one_fold] EVAL CHUNK | Fold 6 | Epoch 004/100 | Loss: 0.9596 | Acc: 0.5085 | normal: P=0.532 R=0.878 | mdd: P=0.467 R=0.130 | anxious: P=0.329 R=0.141
[2025-11-30 20:58:19,648 INFO main.train_one_fold] EVAL SUBJECT | Fold 6 | Epoch 004/100 | Loss: 0.9596 | Acc: 0.5161 | normal: P=0.538 R=0.875 | mdd: P=0.500 R=0.111 | anxious: P=0.333 R=0.167
[2025-11-30 20:58:19,649 INFO main.train_one_fold] EVAL EC vs EO | Fold 6 | Epoch 004/100 | EO chunk acc: 0.5000 | EC chunk acc: 0.5333
[2025-11-30 20:58:19,688 INFO main.train_one_fold] ✓ Saved best model: experiments/both_fp1_ec+eo_005/fold_6_best.pth (combined=0.2624, chunk=0.5085, subject=0.5161)
[2025-11-30 20:58:19,688 INFO early_stopping.__call__] Validation improved from 0.5032 to 0.5085 (+0.0053) at epoch 4
[2025-11-30 20:58:38,122 INFO main.train_one_fold] TRAIN CHUNK | Fold 6 | Epoch 005/100 | Loss: 0.9250 | Acc: 0.5205 | normal: P=0.536 R=0.916 | mdd: P=0.438 R=0.178 | anxious: P=0.413 R=0.060
[2025-11-30 20:58:39,536 INFO main.train_one_fold] EVAL CHUNK | Fold 6 | Epoch 005/100 | Loss: 0.9186 | Acc: 0.4512 | normal: P=0.596 R=0.698 | mdd: P=0.326 R=0.348 | anxious: P=0.000 R=0.000
[2025-11-30 20:58:39,536 INFO main.train_one_fold] EVAL SUBJECT | Fold 6 | Epoch 005/100 | Loss: 0.9186 | Acc: 0.4839 | normal: P=0.611 R=0.688 | mdd: P=0.444 R=0.444 | anxious: P=0.000 R=0.000
[2025-11-30 20:58:39,537 INFO main.train_one_fold] EVAL EC vs EO | Fold 6 | Epoch 005/100 | EO chunk acc: 0.5000 | EC chunk acc: 0.4667
[2025-11-30 20:58:57,911 INFO main.train_one_fold] TRAIN CHUNK | Fold 6 | Epoch 006/100 | Loss: 0.8826 | Acc: 0.5312 | normal: P=0.580 R=0.828 | mdd: P=0.421 R=0.329 | anxious: P=0.378 R=0.104
[2025-11-30 20:58:59,352 INFO main.train_one_fold] EVAL CHUNK | Fold 6 | Epoch 006/100 | Loss: 0.9571 | Acc: 0.4926 | normal: P=0.579 R=0.679 | mdd: P=0.408 R=0.311 | anxious: P=0.322 R=0.293
[2025-11-30 20:58:59,352 INFO main.train_one_fold] EVAL SUBJECT | Fold 6 | Epoch 006/100 | Loss: 0.9571 | Acc: 0.4839 | normal: P=0.556 R=0.625 | mdd: P=0.500 R=0.333 | anxious: P=0.286 R=0.333
[2025-11-30 20:58:59,352 INFO main.train_one_fold] EVAL EC vs EO | Fold 6 | Epoch 006/100 | EO chunk acc: 0.4375 | EC chunk acc: 0.5333
[2025-11-30 20:59:17,806 INFO main.train_one_fold] TRAIN CHUNK | Fold 6 | Epoch 007/100 | Loss: 0.8678 | Acc: 0.5355 | normal: P=0.619 R=0.726 | mdd: P=0.421 R=0.510 | anxious: P=0.404 R=0.105
[2025-11-30 20:59:19,195 INFO main.train_one_fold] EVAL CHUNK | Fold 6 | Epoch 007/100 | Loss: 0.9637 | Acc: 0.4809 | normal: P=0.646 R=0.616 | mdd: P=0.391 R=0.567 | anxious: P=0.081 R=0.040
[2025-11-30 20:59:19,195 INFO main.train_one_fold] EVAL SUBJECT | Fold 6 | Epoch 007/100 | Loss: 0.9637 | Acc: 0.4516 | normal: P=0.643 R=0.562 | mdd: P=0.357 R=0.556 | anxious: P=0.000 R=0.000
[2025-11-30 20:59:19,196 INFO main.train_one_fold] EVAL EC vs EO | Fold 6 | Epoch 007/100 | EO chunk acc: 0.4375 | EC chunk acc: 0.4667
[2025-11-30 20:59:38,313 INFO main.train_one_fold] TRAIN CHUNK | Fold 6 | Epoch 008/100 | Loss: 0.8586 | Acc: 0.5460 | normal: P=0.667 R=0.658 | mdd: P=0.422 R=0.611 | anxious: P=0.478 R=0.173
[2025-11-30 20:59:39,702 INFO main.train_one_fold] EVAL CHUNK | Fold 6 | Epoch 008/100 | Loss: 0.9792 | Acc: 0.5690 | normal: P=0.733 R=0.601 | mdd: P=0.540 R=0.733 | anxious: P=0.285 R=0.268
[2025-11-30 20:59:39,703 INFO main.train_one_fold] EVAL SUBJECT | Fold 6 | Epoch 008/100 | Loss: 0.9792 | Acc: 0.5806 | normal: P=0.750 R=0.562 | mdd: P=0.583 R=0.778 | anxious: P=0.286 R=0.333
[2025-11-30 20:59:39,703 INFO main.train_one_fold] EVAL EC vs EO | Fold 6 | Epoch 008/100 | EO chunk acc: 0.5625 | EC chunk acc: 0.6000
[2025-11-30 20:59:39,741 INFO main.train_one_fold] ✓ Saved best model: experiments/both_fp1_ec+eo_005/fold_6_best.pth (combined=0.3304, chunk=0.5690, subject=0.5806)
[2025-11-30 20:59:39,742 INFO early_stopping.__call__] Validation improved from 0.5085 to 0.5690 (+0.0605) at epoch 8
[2025-11-30 20:59:58,209 INFO main.train_one_fold] TRAIN CHUNK | Fold 6 | Epoch 009/100 | Loss: 0.8376 | Acc: 0.5616 | normal: P=0.688 R=0.627 | mdd: P=0.446 R=0.639 | anxious: P=0.502 R=0.285
[2025-11-30 20:59:59,594 INFO main.train_one_fold] EVAL CHUNK | Fold 6 | Epoch 009/100 | Loss: 0.9730 | Acc: 0.5881 | normal: P=0.819 R=0.593 | mdd: P=0.539 R=0.789 | anxious: P=0.294 R=0.303
[2025-11-30 20:59:59,595 INFO main.train_one_fold] EVAL SUBJECT | Fold 6 | Epoch 009/100 | Loss: 0.9730 | Acc: 0.5806 | normal: P=0.750 R=0.562 | mdd: P=0.583 R=0.778 | anxious: P=0.286 R=0.333
[2025-11-30 20:59:59,595 INFO main.train_one_fold] EVAL EC vs EO | Fold 6 | Epoch 009/100 | EO chunk acc: 0.5625 | EC chunk acc: 0.6000
[2025-11-30 20:59:59,628 INFO main.train_one_fold] ✓ Saved best model: experiments/both_fp1_ec+eo_005/fold_6_best.pth (combined=0.3415, chunk=0.5881, subject=0.5806)
[2025-11-30 20:59:59,629 INFO early_stopping.__call__] Validation improved from 0.5690 to 0.5881 (+0.0191) at epoch 9
[2025-11-30 21:00:18,101 INFO main.train_one_fold] TRAIN CHUNK | Fold 6 | Epoch 010/100 | Loss: 0.8160 | Acc: 0.5898 | normal: P=0.743 R=0.593 | mdd: P=0.483 R=0.711 | anxious: P=0.507 R=0.401
[2025-11-30 21:00:19,621 INFO main.train_one_fold] EVAL CHUNK | Fold 6 | Epoch 010/100 | Loss: 1.0322 | Acc: 0.5329 | normal: P=0.844 R=0.536 | mdd: P=0.492 R=0.833 | anxious: P=0.125 R=0.116
[2025-11-30 21:00:19,622 INFO main.train_one_fold] EVAL SUBJECT | Fold 6 | Epoch 010/100 | Loss: 1.0322 | Acc: 0.5161 | normal: P=0.889 R=0.500 | mdd: P=0.500 R=0.889 | anxious: P=0.000 R=0.000
[2025-11-30 21:00:19,622 INFO main.train_one_fold] EVAL EC vs EO | Fold 6 | Epoch 010/100 | EO chunk acc: 0.5000 | EC chunk acc: 0.5333
[2025-11-30 21:00:19,645 INFO main.train_one_fold] Saved checkpoint: experiments/both_fp1_ec+eo_005/fold_6_epoch_010.pth
[2025-11-30 21:00:38,368 INFO main.train_one_fold] TRAIN CHUNK | Fold 6 | Epoch 011/100 | Loss: 0.7775 | Acc: 0.6293 | normal: P=0.787 R=0.588 | mdd: P=0.534 R=0.780 | anxious: P=0.542 R=0.506
[2025-11-30 21:00:39,779 INFO main.train_one_fold] EVAL CHUNK | Fold 6 | Epoch 011/100 | Loss: 1.0063 | Acc: 0.5669 | normal: P=0.737 R=0.538 | mdd: P=0.582 R=0.789 | anxious: P=0.287 R=0.333
[2025-11-30 21:00:39,779 INFO main.train_one_fold] EVAL SUBJECT | Fold 6 | Epoch 011/100 | Loss: 1.0063 | Acc: 0.5806 | normal: P=0.800 R=0.500 | mdd: P=0.615 R=0.889 | anxious: P=0.250 R=0.333
[2025-11-30 21:00:39,779 INFO main.train_one_fold] EVAL EC vs EO | Fold 6 | Epoch 011/100 | EO chunk acc: 0.5625 | EC chunk acc: 0.6000
[2025-11-30 21:00:56,659 INFO main.train_one_fold] TRAIN CHUNK | Fold 6 | Epoch 012/100 | Loss: 0.7247 | Acc: 0.6661 | normal: P=0.762 R=0.636 | mdd: P=0.620 R=0.807 | anxious: P=0.553 R=0.528
[2025-11-30 21:00:57,643 INFO main.train_one_fold] EVAL CHUNK | Fold 6 | Epoch 012/100 | Loss: 1.0027 | Acc: 0.5605 | normal: P=0.656 R=0.532 | mdd: P=0.648 R=0.744 | anxious: P=0.302 R=0.379
[2025-11-30 21:00:57,643 INFO main.train_one_fold] EVAL SUBJECT | Fold 6 | Epoch 012/100 | Loss: 1.0027 | Acc: 0.5806 | normal: P=0.667 R=0.500 | mdd: P=0.727 R=0.889 | anxious: P=0.250 R=0.333
[2025-11-30 21:00:57,644 INFO main.train_one_fold] EVAL EC vs EO | Fold 6 | Epoch 012/100 | EO chunk acc: 0.5625 | EC chunk acc: 0.6000
[2025-11-30 21:01:10,999 INFO main.train_one_fold] TRAIN CHUNK | Fold 6 | Epoch 013/100 | Loss: 0.6877 | Acc: 0.6862 | normal: P=0.765 R=0.648 | mdd: P=0.663 R=0.837 | anxious: P=0.563 R=0.552
[2025-11-30 21:01:12,039 INFO main.train_one_fold] EVAL CHUNK | Fold 6 | Epoch 013/100 | Loss: 0.9818 | Acc: 0.5658 | normal: P=0.655 R=0.534 | mdd: P=0.650 R=0.770 | anxious: P=0.305 R=0.364
[2025-11-30 21:01:12,039 INFO main.train_one_fold] EVAL SUBJECT | Fold 6 | Epoch 013/100 | Loss: 0.9818 | Acc: 0.5806 | normal: P=0.667 R=0.500 | mdd: P=0.727 R=0.889 | anxious: P=0.250 R=0.333
[2025-11-30 21:01:12,039 INFO main.train_one_fold] EVAL EC vs EO | Fold 6 | Epoch 013/100 | EO chunk acc: 0.5625 | EC chunk acc: 0.6000
[2025-11-30 21:01:25,912 INFO main.train_one_fold] TRAIN CHUNK | Fold 6 | Epoch 014/100 | Loss: 0.6597 | Acc: 0.7009 | normal: P=0.765 R=0.670 | mdd: P=0.696 R=0.849 | anxious: P=0.567 R=0.554
[2025-11-30 21:01:26,933 INFO main.train_one_fold] EVAL CHUNK | Fold 6 | Epoch 014/100 | Loss: 0.9779 | Acc: 0.5817 | normal: P=0.706 R=0.536 | mdd: P=0.636 R=0.822 | anxious: P=0.309 R=0.364
[2025-11-30 21:01:26,933 INFO main.train_one_fold] EVAL SUBJECT | Fold 6 | Epoch 014/100 | Loss: 0.9779 | Acc: 0.5806 | normal: P=0.727 R=0.500 | mdd: P=0.667 R=0.889 | anxious: P=0.250 R=0.333
[2025-11-30 21:01:26,933 INFO main.train_one_fold] EVAL EC vs EO | Fold 6 | Epoch 014/100 | EO chunk acc: 0.5625 | EC chunk acc: 0.6000
[2025-11-30 21:01:40,376 INFO main.train_one_fold] TRAIN CHUNK | Fold 6 | Epoch 015/100 | Loss: 0.6354 | Acc: 0.7035 | normal: P=0.757 R=0.665 | mdd: P=0.720 R=0.855 | anxious: P=0.560 R=0.572
[2025-11-30 21:01:41,648 INFO main.train_one_fold] EVAL CHUNK | Fold 6 | Epoch 015/100 | Loss: 0.9514 | Acc: 0.5467 | normal: P=0.576 R=0.544 | mdd: P=0.714 R=0.711 | anxious: P=0.289 R=0.328
[2025-11-30 21:01:41,649 INFO main.train_one_fold] EVAL SUBJECT | Fold 6 | Epoch 015/100 | Loss: 0.9514 | Acc: 0.5161 | normal: P=0.533 R=0.500 | mdd: P=0.750 R=0.667 | anxious: P=0.250 R=0.333
[2025-11-30 21:01:41,649 INFO main.train_one_fold] EVAL EC vs EO | Fold 6 | Epoch 015/100 | EO chunk acc: 0.5625 | EC chunk acc: 0.4667
[2025-11-30 21:02:00,603 INFO main.train_one_fold] TRAIN CHUNK | Fold 6 | Epoch 016/100 | Loss: 0.6099 | Acc: 0.7170 | normal: P=0.756 R=0.692 | mdd: P=0.746 R=0.876 | anxious: P=0.569 R=0.540
[2025-11-30 21:02:02,335 INFO main.train_one_fold] EVAL CHUNK | Fold 6 | Epoch 016/100 | Loss: 0.9171 | Acc: 0.5626 | normal: P=0.608 R=0.527 | mdd: P=0.703 R=0.756 | anxious: P=0.315 R=0.384
[2025-11-30 21:02:02,335 INFO main.train_one_fold] EVAL SUBJECT | Fold 6 | Epoch 016/100 | Loss: 0.9171 | Acc: 0.5484 | normal: P=0.571 R=0.500 | mdd: P=0.778 R=0.778 | anxious: P=0.250 R=0.333
[2025-11-30 21:02:02,335 INFO main.train_one_fold] EVAL EC vs EO | Fold 6 | Epoch 016/100 | EO chunk acc: 0.5625 | EC chunk acc: 0.5333
[2025-11-30 21:02:21,167 INFO main.train_one_fold] TRAIN CHUNK | Fold 6 | Epoch 017/100 | Loss: 0.5937 | Acc: 0.7375 | normal: P=0.774 R=0.729 | mdd: P=0.771 R=0.873 | anxious: P=0.588 R=0.555
[2025-11-30 21:02:22,645 INFO main.train_one_fold] EVAL CHUNK | Fold 6 | Epoch 017/100 | Loss: 0.9520 | Acc: 0.5202 | normal: P=0.545 R=0.513 | mdd: P=0.712 R=0.704 | anxious: P=0.249 R=0.288
[2025-11-30 21:02:22,645 INFO main.train_one_fold] EVAL SUBJECT | Fold 6 | Epoch 017/100 | Loss: 0.9520 | Acc: 0.5161 | normal: P=0.533 R=0.500 | mdd: P=0.750 R=0.667 | anxious: P=0.250 R=0.333
[2025-11-30 21:02:22,645 INFO main.train_one_fold] EVAL EC vs EO | Fold 6 | Epoch 017/100 | EO chunk acc: 0.5625 | EC chunk acc: 0.4667
[2025-11-30 21:02:41,521 INFO main.train_one_fold] TRAIN CHUNK | Fold 6 | Epoch 018/100 | Loss: 0.5738 | Acc: 0.7469 | normal: P=0.777 R=0.731 | mdd: P=0.785 R=0.886 | anxious: P=0.607 R=0.578
[2025-11-30 21:02:42,981 INFO main.train_one_fold] EVAL CHUNK | Fold 6 | Epoch 018/100 | Loss: 0.9478 | Acc: 0.5361 | normal: P=0.567 R=0.519 | mdd: P=0.711 R=0.730 | anxious: P=0.268 R=0.313
[2025-11-30 21:02:42,981 INFO main.train_one_fold] EVAL SUBJECT | Fold 6 | Epoch 018/100 | Loss: 0.9478 | Acc: 0.5161 | normal: P=0.533 R=0.500 | mdd: P=0.750 R=0.667 | anxious: P=0.250 R=0.333
[2025-11-30 21:02:42,982 INFO main.train_one_fold] EVAL EC vs EO | Fold 6 | Epoch 018/100 | EO chunk acc: 0.5625 | EC chunk acc: 0.4667
[2025-11-30 21:03:02,325 INFO main.train_one_fold] TRAIN CHUNK | Fold 6 | Epoch 019/100 | Loss: 0.5553 | Acc: 0.7516 | normal: P=0.773 R=0.747 | mdd: P=0.805 R=0.893 | anxious: P=0.600 R=0.550
[2025-11-30 21:03:03,775 INFO main.train_one_fold] EVAL CHUNK | Fold 6 | Epoch 019/100 | Loss: 0.9294 | Acc: 0.5446 | normal: P=0.573 R=0.538 | mdd: P=0.717 R=0.741 | anxious: P=0.266 R=0.293
[2025-11-30 21:03:03,775 INFO main.train_one_fold] EVAL SUBJECT | Fold 6 | Epoch 019/100 | Loss: 0.9294 | Acc: 0.5484 | normal: P=0.571 R=0.500 | mdd: P=0.778 R=0.778 | anxious: P=0.250 R=0.333
[2025-11-30 21:03:03,775 INFO main.train_one_fold] EVAL EC vs EO | Fold 6 | Epoch 019/100 | EO chunk acc: 0.5625 | EC chunk acc: 0.5333
[2025-11-30 21:03:23,468 INFO main.train_one_fold] TRAIN CHUNK | Fold 6 | Epoch 020/100 | Loss: 0.5647 | Acc: 0.7493 | normal: P=0.774 R=0.741 | mdd: P=0.793 R=0.895 | anxious: P=0.604 R=0.551
[2025-11-30 21:03:24,902 INFO main.train_one_fold] EVAL CHUNK | Fold 6 | Epoch 020/100 | Loss: 0.9388 | Acc: 0.5318 | normal: P=0.543 R=0.517 | mdd: P=0.749 R=0.719 | anxious: P=0.267 R=0.313
[2025-11-30 21:03:24,903 INFO main.train_one_fold] EVAL SUBJECT | Fold 6 | Epoch 020/100 | Loss: 0.9388 | Acc: 0.5161 | normal: P=0.533 R=0.500 | mdd: P=0.750 R=0.667 | anxious: P=0.250 R=0.333
[2025-11-30 21:03:24,903 INFO main.train_one_fold] EVAL EC vs EO | Fold 6 | Epoch 020/100 | EO chunk acc: 0.5625 | EC chunk acc: 0.4667
[2025-11-30 21:03:24,927 INFO main.train_one_fold] Saved checkpoint: experiments/both_fp1_ec+eo_005/fold_6_epoch_020.pth
[2025-11-30 21:03:45,039 INFO main.train_one_fold] TRAIN CHUNK | Fold 6 | Epoch 021/100 | Loss: 0.5269 | Acc: 0.7623 | normal: P=0.791 R=0.726 | mdd: P=0.820 R=0.927 | anxious: P=0.600 R=0.603
[2025-11-30 21:03:46,495 INFO main.train_one_fold] EVAL CHUNK | Fold 6 | Epoch 021/100 | Loss: 0.9567 | Acc: 0.5361 | normal: P=0.551 R=0.527 | mdd: P=0.740 R=0.719 | anxious: P=0.270 R=0.308
[2025-11-30 21:03:46,495 INFO main.train_one_fold] EVAL SUBJECT | Fold 6 | Epoch 021/100 | Loss: 0.9567 | Acc: 0.5484 | normal: P=0.571 R=0.500 | mdd: P=0.778 R=0.778 | anxious: P=0.250 R=0.333
[2025-11-30 21:03:46,495 INFO main.train_one_fold] EVAL EC vs EO | Fold 6 | Epoch 021/100 | EO chunk acc: 0.5625 | EC chunk acc: 0.5333
[2025-11-30 21:04:06,700 INFO main.train_one_fold] TRAIN CHUNK | Fold 6 | Epoch 022/100 | Loss: 0.5205 | Acc: 0.7661 | normal: P=0.775 R=0.764 | mdd: P=0.835 R=0.902 | anxious: P=0.619 R=0.567
[2025-11-30 21:04:08,126 INFO main.train_one_fold] EVAL CHUNK | Fold 6 | Epoch 022/100 | Loss: 0.9867 | Acc: 0.5372 | normal: P=0.544 R=0.538 | mdd: P=0.751 R=0.704 | anxious: P=0.277 R=0.308
[2025-11-30 21:04:08,126 INFO main.train_one_fold] EVAL SUBJECT | Fold 6 | Epoch 022/100 | Loss: 0.9867 | Acc: 0.5161 | normal: P=0.533 R=0.500 | mdd: P=0.750 R=0.667 | anxious: P=0.250 R=0.333
[2025-11-30 21:04:08,127 INFO main.train_one_fold] EVAL EC vs EO | Fold 6 | Epoch 022/100 | EO chunk acc: 0.5625 | EC chunk acc: 0.4667
[2025-11-30 21:04:28,235 INFO main.train_one_fold] TRAIN CHUNK | Fold 6 | Epoch 023/100 | Loss: 0.5122 | Acc: 0.7728 | normal: P=0.784 R=0.771 | mdd: P=0.837 R=0.910 | anxious: P=0.626 R=0.571
[2025-11-30 21:04:29,689 INFO main.train_one_fold] EVAL CHUNK | Fold 6 | Epoch 023/100 | Loss: 0.9700 | Acc: 0.5361 | normal: P=0.543 R=0.523 | mdd: P=0.759 R=0.711 | anxious: P=0.280 R=0.328
[2025-11-30 21:04:29,689 INFO main.train_one_fold] EVAL SUBJECT | Fold 6 | Epoch 023/100 | Loss: 0.9700 | Acc: 0.5161 | normal: P=0.533 R=0.500 | mdd: P=0.750 R=0.667 | anxious: P=0.250 R=0.333
[2025-11-30 21:04:29,689 INFO main.train_one_fold] EVAL EC vs EO | Fold 6 | Epoch 023/100 | EO chunk acc: 0.5625 | EC chunk acc: 0.4667
[2025-11-30 21:04:50,156 INFO main.train_one_fold] TRAIN CHUNK | Fold 6 | Epoch 024/100 | Loss: 0.5046 | Acc: 0.7755 | normal: P=0.794 R=0.759 | mdd: P=0.847 R=0.910 | anxious: P=0.616 R=0.614
[2025-11-30 21:04:51,589 INFO main.train_one_fold] EVAL CHUNK | Fold 6 | Epoch 024/100 | Loss: 0.9470 | Acc: 0.5446 | normal: P=0.558 R=0.527 | mdd: P=0.750 R=0.733 | anxious: P=0.283 R=0.328
[2025-11-30 21:04:51,589 INFO main.train_one_fold] EVAL SUBJECT | Fold 6 | Epoch 024/100 | Loss: 0.9470 | Acc: 0.5484 | normal: P=0.571 R=0.500 | mdd: P=0.778 R=0.778 | anxious: P=0.250 R=0.333
[2025-11-30 21:04:51,589 INFO main.train_one_fold] EVAL EC vs EO | Fold 6 | Epoch 024/100 | EO chunk acc: 0.5625 | EC chunk acc: 0.5333
[2025-11-30 21:05:12,573 INFO main.train_one_fold] TRAIN CHUNK | Fold 6 | Epoch 025/100 | Loss: 0.4923 | Acc: 0.7760 | normal: P=0.786 R=0.769 | mdd: P=0.844 R=0.905 | anxious: P=0.634 R=0.600
[2025-11-30 21:05:14,062 INFO main.train_one_fold] EVAL CHUNK | Fold 6 | Epoch 025/100 | Loss: 0.9703 | Acc: 0.5329 | normal: P=0.538 R=0.523 | mdd: P=0.762 R=0.711 | anxious: P=0.271 R=0.313
[2025-11-30 21:05:14,062 INFO main.train_one_fold] EVAL SUBJECT | Fold 6 | Epoch 025/100 | Loss: 0.9703 | Acc: 0.5484 | normal: P=0.571 R=0.500 | mdd: P=0.778 R=0.778 | anxious: P=0.250 R=0.333
[2025-11-30 21:05:14,062 INFO main.train_one_fold] EVAL EC vs EO | Fold 6 | Epoch 025/100 | EO chunk acc: 0.5625 | EC chunk acc: 0.5333
[2025-11-30 21:05:33,275 INFO main.train_one_fold] TRAIN CHUNK | Fold 6 | Epoch 026/100 | Loss: 0.4822 | Acc: 0.7820 | normal: P=0.797 R=0.770 | mdd: P=0.847 R=0.921 | anxious: P=0.633 R=0.602
[2025-11-30 21:05:34,362 INFO main.train_one_fold] EVAL CHUNK | Fold 6 | Epoch 026/100 | Loss: 0.9996 | Acc: 0.5308 | normal: P=0.535 R=0.542 | mdd: P=0.762 R=0.722 | anxious: P=0.233 R=0.242
[2025-11-30 21:05:34,362 INFO main.train_one_fold] EVAL SUBJECT | Fold 6 | Epoch 026/100 | Loss: 0.9996 | Acc: 0.5161 | normal: P=0.533 R=0.500 | mdd: P=0.750 R=0.667 | anxious: P=0.250 R=0.333
[2025-11-30 21:05:34,362 INFO main.train_one_fold] EVAL EC vs EO | Fold 6 | Epoch 026/100 | EO chunk acc: 0.5625 | EC chunk acc: 0.4667
[2025-11-30 21:05:50,735 INFO main.train_one_fold] TRAIN CHUNK | Fold 6 | Epoch 027/100 | Loss: 0.4722 | Acc: 0.7903 | normal: P=0.802 R=0.778 | mdd: P=0.856 R=0.914 | anxious: P=0.654 R=0.636
[2025-11-30 21:05:51,854 INFO main.train_one_fold] EVAL CHUNK | Fold 6 | Epoch 027/100 | Loss: 0.9693 | Acc: 0.5340 | normal: P=0.539 R=0.544 | mdd: P=0.768 R=0.748 | anxious: P=0.215 R=0.217
[2025-11-30 21:05:51,855 INFO main.train_one_fold] EVAL SUBJECT | Fold 6 | Epoch 027/100 | Loss: 0.9693 | Acc: 0.5161 | normal: P=0.533 R=0.500 | mdd: P=0.750 R=0.667 | anxious: P=0.250 R=0.333
[2025-11-30 21:05:51,855 INFO main.train_one_fold] EVAL EC vs EO | Fold 6 | Epoch 027/100 | EO chunk acc: 0.5625 | EC chunk acc: 0.4667
[2025-11-30 21:06:08,864 INFO main.train_one_fold] TRAIN CHUNK | Fold 6 | Epoch 028/100 | Loss: 0.4671 | Acc: 0.7907 | normal: P=0.802 R=0.776 | mdd: P=0.860 R=0.917 | anxious: P=0.649 R=0.637
[2025-11-30 21:06:09,989 INFO main.train_one_fold] EVAL CHUNK | Fold 6 | Epoch 028/100 | Loss: 0.9200 | Acc: 0.5329 | normal: P=0.542 R=0.521 | mdd: P=0.768 R=0.759 | anxious: P=0.228 R=0.253
[2025-11-30 21:06:09,990 INFO main.train_one_fold] EVAL SUBJECT | Fold 6 | Epoch 028/100 | Loss: 0.9200 | Acc: 0.5161 | normal: P=0.533 R=0.500 | mdd: P=0.750 R=0.667 | anxious: P=0.250 R=0.333
[2025-11-30 21:06:09,990 INFO main.train_one_fold] EVAL EC vs EO | Fold 6 | Epoch 028/100 | EO chunk acc: 0.5625 | EC chunk acc: 0.4667
[2025-11-30 21:06:32,497 INFO main.train_one_fold] TRAIN CHUNK | Fold 6 | Epoch 029/100 | Loss: 0.4633 | Acc: 0.7993 | normal: P=0.819 R=0.778 | mdd: P=0.858 R=0.914 | anxious: P=0.663 R=0.679
[2025-11-30 21:06:34,104 INFO main.train_one_fold] EVAL CHUNK | Fold 6 | Epoch 029/100 | Loss: 0.9398 | Acc: 0.5244 | normal: P=0.532 R=0.532 | mdd: P=0.768 R=0.759 | anxious: P=0.184 R=0.187
[2025-11-30 21:06:34,104 INFO main.train_one_fold] EVAL SUBJECT | Fold 6 | Epoch 029/100 | Loss: 0.9398 | Acc: 0.4516 | normal: P=0.471 R=0.500 | mdd: P=0.750 R=0.667 | anxious: P=0.000 R=0.000
[2025-11-30 21:06:34,104 INFO main.train_one_fold] EVAL EC vs EO | Fold 6 | Epoch 029/100 | EO chunk acc: 0.5000 | EC chunk acc: 0.4000
[2025-11-30 21:06:34,104 INFO early_stopping.__call__] Early stopping triggered after 20 epochs without improvement. Best score: 0.5881 at epoch 9
[2025-11-30 21:06:34,104 INFO main.train_one_fold] Early stopping triggered at epoch 29
[2025-11-30 21:06:34,104 INFO main.train_one_fold] 
Fold 6 training completed. Best Combined Val Acc: 0.3415 at epoch 9
[2025-11-30 21:06:34,105 INFO main.train_cross_validation] ================================================================================
[2025-11-30 21:06:34,105 INFO main.train_cross_validation] 6-FOLD CROSS-VALIDATION RESULTS
[2025-11-30 21:06:34,105 INFO main.train_cross_validation] ================================================================================
[2025-11-30 21:06:34,105 INFO main.train_cross_validation] 
Per-fold best validation accuracy:
[2025-11-30 21:06:34,105 INFO main.train_cross_validation]   Fold 1: 0.6617 (epoch 54)
[2025-11-30 21:06:34,105 INFO main.train_cross_validation]   Fold 2: 0.6029 (epoch 18)
[2025-11-30 21:06:34,105 INFO main.train_cross_validation]   Fold 3: 0.7217 (epoch 79)
[2025-11-30 21:06:34,105 INFO main.train_cross_validation]   Fold 4: 0.5589 (epoch 8)
[2025-11-30 21:06:34,106 INFO main.train_cross_validation]   Fold 5: 0.5379 (epoch 31)
[2025-11-30 21:06:34,106 INFO main.train_cross_validation]   Fold 6: 0.3415 (epoch 9)
[2025-11-30 21:06:34,107 INFO main.write_results] COMBINED Accuracy Mean: 0.5708 ± 0.1196, Min: 0.3415, Max: 0.7217

[2025-11-30 21:06:34,107 INFO main.write_results] CHUNK Accuracy Mean: 0.7390 ± 0.0794, Min: 0.5881, Max: 0.8328

[2025-11-30 21:06:34,107 INFO main.write_results] SUBJECT Accuracy Mean: 0.7629 ± 0.0895, Min: 0.5806, Max: 0.8667

[2025-11-30 21:06:34,107 INFO main.train_cross_validation] ================================================================================

[2025-11-30 21:06:34,177 INFO main.train] 
Results saved to experiments/both_fp1_ec+eo_005/cv_results.txt
[2025-11-30 21:06:34,177 INFO main.train] Training completed!
